代码,60日涨跌幅,20日涨跌幅,距60日高点
001389,-12.237959219980832,13.912764592687621,-24.94209734408548
603960,-6.202393906420022,8.427672955974842,-15.614292706803724
300795,45.40295119182747,-3.7565740045078844,-29.343629343629342
688411,-38.2440772446745,-18.38989739542226,-46.737637362637365
601688,-14.189514189514185,-8.088614116434833,-16.007532956685488
000818,-22.427983539094644,-8.863819500402903,-27.31362467866324
002557,-4.653567735263698,-1.8104366347177825,-11.388755406054774
603439,-0.22271714922049712,10.435497124075589,-12.562617916856421
603829,-11.917098445595853,-2.7954256670902122,-17.07317073170731
002995,-7.2910824453168654,-3.106682297772556,-19.640252795333
002926,-0.6760909649661917,-5.319896883056019,-6.632770972960477
301150,-26.566901408450693,6.675191815856785,-40.311963365769884
688255,-17.725118483412317,-0.19164430816405176,-17.725118483412317
000722,9.704641350210963,-0.1536098310291778,-14.529914529914533
002797,-8.380895163712832,-6.5849923430321695,-9.869976359338061
002803,-16.2453377538334,7.72921108742004,-25.943569072920482
002389,-1.7925040738729026,0.055340343110121815,-9.554777388694347
600159,17.74891774891776,2.6415094339622858,-4.561403508771922
688218,-24.66614296936371,-8.666666666666668,-30.203784570596802
600715,5.1948051948051965,0.0,-9.999999999999998
000736,16.161616161616156,-1.7094017094017144,-7.070707070707083
002039,-4.8828125,0.8803728638011377,-4.8828125
605008,16.52542372881356,7.421875,-6.4625850340136015
000676,19.512195121951216,-4.497751124437777,-18.85350318471337
001218,-2.6119402985074758,-3.690036900369009,-10.206422018348626
002156,-9.104938271604935,-7.6078431372549,-25.16833947401854
601108,-10.474090407938274,-7.51708428246014,-11.353711790393028
003029,8.91758917589176,3.567251461988308,-5.597014925373134
603878,-7.9999999999999964,-6.213592233009713,-18.41216216216216
603444,-3.4563006378210748,-11.131386861313874,-14.952797954999886
002384,-27.693034847247876,-13.976076065841935,-38.98477157360406
002100,21.2962962962963,5.36193029490617,-6.539833531510109
301369,-35.50758136094675,2.906247694917763,-43.01527652969529
600872,-6.699346405228757,-7.4554294975688995,-15.657311669128504
002660,16.51651651651651,1.8372703412073532,-7.398568019093088
688012,-21.559621939133166,-11.580381471389645,-31.190228800441055
000998,8.774193548387089,-8.864864864864863,-16.945812807881776
000809,5.900621118012417,-0.5830903790087438,-4.4817927170868295
002639,4.472140762463339,19.34673366834172,-3.5859269282814576
000657,-40.43624161073826,-20.23666866387058,-50.740055504162804
603948,-27.6846915460777,-5.710029791459792,-29.457652303120362
002111,1.857923497267766,-4.410256410256408,-7.722772277227719
300271,15.75757575757577,0.7029876977152849,-4.0201005025125465
300980,-31.09445277361319,-1.4579759862778707,-32.629727352682494
600860,-15.040183696900122,-11.904761904761907,-21.52704135737009
002079,-39.27556818181818,-8.55614973262031,-43.113772455089816
002614,83.18965517241381,45.05119453924913,0.0
300615,28.62706913339825,-11.043771043771034,-30.473684210526308
603586,3.7946428571428603,3.1804733727810675,-1.7605633802816878
603318,-7.112068965517249,-11.860940695296529,-26.2617621899059
002582,3.790412486064665,-13.0718954248366,-20.833333333333325
300607,-42.220543806646525,-11.611785095320615,-42.220543806646525
001339,-28.892307692307696,-10.229185549656872,-34.17392212527178
003004,-21.71405026782036,-18.58305956291959,-32.536394839625984
600743,5.504587155963292,-2.5423728813559365,-18.439716312056742
002405,-10.213414634146345,-7.824726134585291,-17.852161785216182
601279,13.418530351437695,3.801169590643272,0.0
600152,-19.05781584582441,-9.569377990430617,-35.98645215918713
600026,24.955856386109488,12.865497076023402,-7.373472949389182
600881,19.999999999999996,-6.5326633165829096,-18.06167400881057
600121,39.34426229508195,14.34977578475336,-10.526315789473696
002468,-10.42305334150827,3.9857651245551518,-14.46135831381733
600708,-6.25,-3.5369774919614128,-17.582417582417587
000797,14.473684210526327,3.984063745019917,-6.1151079136690605
002685,-16.825396825396822,-5.415162454873645,-23.72634643377002
603042,27.053504144687256,19.914651493598857,-11.403047819232803
000790,15.404699738903393,4.988123515439424,-5.5555555555555465
001236,4.41657579062158,-4.726368159203965,-8.263473053892213
002121,-22.368421052631582,-16.733870967741936,-28.54671280276817
600550,-12.705272255834055,-8.18181818181819,-22.60536398467433
600855,-14.354395604395599,1.547231270358318,-14.354395604395599
002269,-1.4492753623188248,-8.108108108108103,-11.111111111111105
003018,-18.45618107951248,0.15593673423925924,-30.40032199139292
002120,-0.5873715124816492,0.2962962962962834,-4.107648725212465
600345,-20.53768929726051,-8.521057786483832,-35.9308547125806
600955,-22.643896268184694,-5.486862442040175,-25.698663426488455
002307,-5.263157894736848,-5.573770491803276,-20.661157024793386
600199,3.4848484848484906,-5.662983425414369,-15.990159901599021
600281,9.569377990430628,-8.032128514056236,-9.306930693069305
002192,-38.759689922480625,-24.64060190783287,-42.53073770491803
688235,-3.3937668564579027,-5.079131394920877,-14.11921411921413
601388,6.506849315068486,-13.370473537604454,-14.794520547945211
603738,-36.42309848626424,-15.415216310293378,-48.50136239782016
601616,8.069164265129668,-4.092071611253201,-5.541561712846354
603918,5.122950819672134,-10.54925893635572,-15.41632316570487
600773,-28.151585460170146,-17.568766637089627,-36.97421981004071
600249,14.87068965517242,-1.1131725417439675,-6.161971830985912
300394,-1.9230769230769162,-6.948456743195974,-28.30995402231529
000948,8.992506244795994,-8.525506638714187,-17.046894803548795
002611,-18.186874304783085,-1.2751677852348986,-19.220208676551344
002951,15.317286652078765,-1.3724266999376233,-15.273311897106112
600135,-7.374999999999998,-1.0680907877169576,-16.08154020385051
601336,-9.04653433127237,-6.521739130434778,-12.189758089852344
603163,-39.60063897763578,-6.595849802371534,-49.22787699744864
000586,-4.144687264506397,-7.625272331154676,-16.753926701570677
002536,-10.5080831408776,-12.807050440652535,-26.225606853879103
688808,-4.185465489273598,-4.564647329203996,-19.44479160499999
002383,12.343966712898746,14.56859971711455,-4.929577464788737
688309,12.932990470428063,1.6889131026968096,-9.073194495189385
000908,-13.226744186046513,-8.435582822085886,-20.400000000000006
300586,-39.79094076655052,-9.52879581151832,-47.92043399638336
002412,46.11570247933885,-32.67326732673268,-36.947218259629096
600189,5.134788189987161,4.198473282442738,-9.999999999999998
603306,-22.133305254290825,-4.035816247080193,-36.315880124009645
600497,-19.3607305936073,-16.461684011352883,-31.015625000000004
600919,11.935513419437571,1.4950166112956964,-3.1695721077654393
600071,-4.604486422668252,0.3103662321539469,-10.964187327823682
002963,4.739336492891,15.404699738903416,-7.531380753138062
000973,-18.8953488372093,-17.45562130177515,-31.068560840024706
002466,-32.81622911694511,-21.337325349301405,-40.40526236201421
600905,-5.336551354250474,-5.107526881720437,-11.727931982995754
000670,4.35374149659864,9.728183118741063,-5.773955773955786
600325,13.559322033898313,8.064516129032274,-4.964539007092183
000807,13.157894736842103,-6.830701432243846,-12.60764726145367
600191,-3.59085963003265,-19.963866305329724,-23.8177128116939
601828,-0.46948356807510194,-4.072398190045245,-8.225108225108224
601139,5.762711864406778,-2.1943573667711602,-6.024096385542165
000960,-25.0494071146245,-16.34960022056797,-34.892703862660944
002880,1.948955916473305,-3.1732040546496365,-9.28984310487201
002187,10.429447852760742,-4.59363957597173,-9.999999999999998
603101,5.643994211287984,-4.823989569752285,-9.765142150803463
001298,-18.993020937188433,-8.70786516853933,-24.136321195144728
002955,-2.314939434724095,7.909604519774005,-10.350790513833985
603536,23.378212974296208,3.9175257731958846,-5.174035747883354
300331,-34.34007852612504,-8.770457406630294,-40.323908866318966
000839,9.689922480620151,0.7117437722419906,-9.87261146496815
600535,-1.4285714285714235,-7.320349227669576,-14.392059553349878
300981,81.34765625,16.0625,-1.2234042553191493
002328,7.468123861566478,7.050285121824773,-18.104302994249455
600255,-0.6006006006005982,-2.071005917159763,-27.7292576419214
002095,20.67124332570558,9.178743961352653,-4.5838359469239975
000720,-1.3966480446927498,-9.718670076726355,-15.34772182254197
000626,40.09661835748793,-5.331882480957562,-14.70588235294118
600779,-8.476009300359333,-4.485294117647054,-11.65068353397265
000697,-10.646766169154231,5.029239766081872,-19.02614968440035
301099,-16.203023694010476,11.422371276385878,-27.035965274906992
603920,-5.301363836339645,14.251592356687892,-23.028785982478105
601566,4.942528735632212,8.690476190476204,-16.00735970561177
603375,5.2187093980077925,28.544973544973562,-9.684014869888468
600029,-7.485604606525909,-4.7430830039525524,-13.62007168458781
002230,-10.04588263704419,-7.0144782825761425,-15.666742132669231
688835,,33.6381547154381,-5.60588158067481
002124,-11.894273127753308,-14.893617021276595,-21.259842519685044
601600,6.073567151411452,-11.608961303462328,-13.459621136590227
603212,-6.194690265486724,-1.1864406779661052,-13.372956909361077
000735,12.5,-3.242320819112632,-19.23076923076923
600868,3.018867924528301,-6.825938566552903,-12.5
300446,-30.683090705487114,-5.351681957186538,-30.683090705487114
600989,11.580516898608352,-6.730369754881604,-9.875551987153752
688106,-36.475,-8.531317494600433,-48.95540377661711
002771,-4.109589041095885,0.7575757575757791,-10.31692515171948
003026,-6.727322856355123,15.697674418604656,-25.827669370752027
002796,-28.850325379609554,-11.649831649831654,-35.65473271211379
001248,-47.729336966394186,-7.027463651050092,-51.94154488517746
300199,-10.328262610088078,-4.477611940298509,-15.535444947209653
000999,-2.2471910112359716,-3.690036900369009,-10.206422018348626
002054,-0.42735042735041473,-5.92193808882906,-9.220779220779217
605006,-21.06986899563319,-6.949806949806936,-42.020850040096235
002805,-42.12303075768943,-17.92553191489362,-48.23884602482388
600792,68.19571865443426,38.888888888888886,-4.347826086956519
603000,7.39448212286824,-0.6699147381242554,-6.9594980034227145
002278,-0.7547169811320864,-4.9397590361445864,-11.148648648648663
603757,-8.15134232855752,1.3040810064436803,-16.838790931989934
002575,-10.892857142857137,-6.026365348399231,-19.2556634304207
603938,-32.00617283950616,-5.0635638870932915,-41.88101833531196
002636,-25.853202431042543,8.362940694178732,-33.90014170209219
300037,-25.056205035971214,1.926310961626676,-28.73329770176376
002221,3.3271719038816983,-4.607508532423221,-9.693053311793221
002482,7.258064516129048,-0.7462686567164201,-5.673758865248213
002131,-7.079646017699104,-8.695652173913038,-25.92592592592592
002544,-16.89358457684348,-5.802469135802468,-20.735507999168913
603051,9.949794614331363,13.900709219858154,-6.155044799376707
601111,-5.573770491803276,-3.0303030303030387,-11.926605504587162
000068,7.692307692307687,-2.4242424242424176,-3.880597014925369
600116,8.218207580588043,-3.627760252365919,-10.014727540500735
000798,29.654255319148938,-3.6561264822134287,-23.046566692975535
600105,-29.800110031175496,-3.8190954773869246,-47.5328947368421
300502,-24.011406844106464,0.17543859649122862,-34.528002096676445
000965,8.910891089108919,0.3039513677811412,-8.839779005524873
000972,5.769230769230771,0.5221932114882533,-11.89931350114416
301217,-35.00614369785941,-12.142669813794916,-48.85496183206107
002579,-11.599386816555946,20.305980528511824,-24.056189640035118
002911,8.461538461538453,1.6216216216216273,-4.406779661016957
603271,-17.0901194353963,-9.611742424242431,-19.958071278826004
603069,-0.9992313604919256,-3.0120481927710774,-8.652482269503537
000893,-19.211932324131798,-25.635245901639337,-30.61185468451243
600418,-3.703703703703709,19.86692015209126,-17.769807629605484
300434,10.25416301489921,9.581881533101043,-2.1772939346811793
000712,7.734806629834257,-17.37288135593221,-27.77777777777778
301421,-31.285231116121757,-7.276876267748477,-39.50372208436724
000889,10.67073170731707,-9.701492537313428,-14.7887323943662
003042,10.530421216848662,-5.847176079734229,-8.63958736299162
603779,-1.575757575757586,-1.2165450121654708,-8.24858757062148
002933,-2.3381294964028854,2.2213855421686635,-5.729166666666674
002825,10.250297973778299,1.0928961748633892,-10.886319845857429
301345,-0.606034370806452,-2.3351765206295116,-15.562828669142792
600405,19.014084507042273,9.740259740259738,-1.934235976789156
600203,-24.492979719188767,-9.61718020541551,-27.761194029850756
300765,19.94007082538818,-0.8333333333333304,-14.96716879103901
688531,-29.666666666666675,-6.360946745562124,-34.943473792394656
688628,-1.3935041269160786,18.132785411583384,-19.61726668996855
600728,2.102803738317749,-7.805907172995785,-13.29365079365079
002208,-49.583766909469304,-10.36077705827938,-53.59195402298851
603863,-13.308823529411773,-9.167950693374427,-20.978552278820384
600739,-1.17647058823529,-10.240427426536069,-10.320284697508896
002279,11.359724612736667,-8.22695035460993,-11.004126547455295
688252,-8.27671402100062,3.0227948463825483,-15.26736224323444
600571,1.23407243904885,-7.261029411764719,-9.42549371633753
002612,42.53355704697985,13.19120586275815,-2.636103151862468
002746,19.659735349716456,0.9569377990430672,-5.943536404160477
603956,9.354838709677416,12.25165562913908,-15.143929912390487
002440,25.237191650853894,-4.967602591792664,-6.515580736543914
000558,4.761904761904767,-4.34782608695653,-14.146341463414625
603567,7.724425887265141,-11.340206185567014,-27.118644067796605
688337,-22.562256225622555,21.06003752345216,-31.173333333333343
002373,0.8333333333333304,-4.849279161205766,-10.920245398773009
600501,-10.900183710961409,1.3231197771587766,-12.296564195298366
002416,-3.190319031903177,-7.368421052631568,-17.525773195876283
002029,3.9418113561708212,1.7221584385763267,-4.833512352309355
002385,5.517241379310356,-9.734513274336287,-15.23545706371191
600879,-37.79495707672255,-3.081232492997199,-40.57535422928296
002077,-15.389016018306645,19.274193548387085,-26.527570789865873
002786,-6.871165644171784,-5.361596009975056,-6.871165644171784
600358,3.119266055045866,10.412573673870341,-1.748251748251739
603115,-33.214953271028044,-5.08699694514545,-45.33771896274765
300592,6.920684292379464,24.113475177304977,-8.28966174368746
301297,-10.725840216191528,15.031878371750839,-26.330171493184253
300320,-15.110178384050366,-3.9192399049881255,-15.64129301355579
603389,-26.487325400931194,-0.3971962616822311,-30.795454545454547
002155,-6.476897689768968,-21.61134163208852,-22.22984562607203
603007,-25.83333333333333,-17.132216014897573,-34.55882352941176
002738,-36.77248677248678,-23.95657870110425,-37.959993892197275
002044,-10.201588271227847,-6.369426751592355,-20.69771623808667
600293,45.55555555555555,30.13245033112584,0.0
600095,9.37098844672657,-10.785340314136139,-16.22418879056048
002742,10.81081081081079,-34.29487179487181,-34.29487179487181
002981,8.05775500698649,-2.1922428330522714,-12.485854394568097
002467,9.19037199124726,6.623931623931645,-4.588910133843216
002725,-13.279352226720642,-6.707317073170726,-20.901033973412098
605118,-12.074217668235942,6.579389056730456,-16.51327899027084
603220,-18.35655934646805,-8.310847274689703,-33.26787117046348
603387,22.044334975369463,7.9520697167756005,-1.7839444995044529
000002,20.064724919093855,17.405063291139243,-5.35714285714286
603313,6.655290102389078,1.9575856443719397,-27.24097788125728
600616,33.419023136246786,18.764302059496572,-3.531598513011147
002099,9.689213893967107,10.701107011070121,0.0
603348,2.609308885754591,1.8194541637508888,-2.9999999999999916
600665,8.038585209003223,-6.9252077562326875,-8.446866485013626
300818,-18.900873138161277,-17.760416666666668,-29.25627240143369
603703,-11.764705882352944,-4.692082111436957,-18.27326068734283
600336,-4.427480916030535,-0.6349206349206327,-9.011627906976749
600052,-3.6363636363636376,-6.075949367088618,-7.711442786069645
600115,-12.894736842105258,-7.02247191011236,-20.24096385542169
002356,-6.761565836298933,-8.391608391608385,-13.815789473684204
600032,4.795486600846255,8.467153284671536,-6.186868686868685
603332,10.138248847926267,0.8438818565400741,-2.289452166802952
301717,,-6.164980585858048,-33.96840148698885
605055,-20.856102003642995,-10.871794871794883,-24.761904761904773
002661,2.578018995929443,-5.735660847880297,-21.250000000000004
002434,-7.3463268365817065,7.291666666666674,-7.3463268365817065
603178,3.5714285714285587,0.061614294516321166,-9.019607843137267
002406,-3.609022556390984,-5.317577548005903,-7.636887608069165
301200,-31.959183673469393,-13.03472946787897,-39.77911957475357
003001,44.42825928623451,24.48210922787193,-7.76744186046513
600100,-4.565537555228271,-7.560627674750354,-10.373443983402487
300001,2.630023640661916,-0.5156115726152932,-13.94945490584738
600800,0.31746031746031633,-12.222222222222223,-15.508021390374338
600655,4.205607476635498,-4.700854700854695,-6.105263157894736
301696,-36.261381896089986,-7.0699708454810555,-36.261381896089986
002094,12.195121951219502,-12.60794473229707,-14.671163575042156
000656,-6.923076923076932,-6.2015503875969,-15.384615384615385
600329,-6.510762689343618,-3.4312379906670354,-10.687991876110692
600688,-6.849315068493144,-7.482993197278908,-12.25806451612903
000833,-21.489361702127663,-14.186046511627914,-26.200000000000003
000514,13.31592689295038,4.076738609112707,-1.8099547511312264
002679,43.74015270876257,11.152764761012168,-8.13323005422154
300747,-20.326278659611997,-3.83182543906333,-38.93207164582629
600935,-0.43478260869563856,-1.716738197424894,-5.371900826446274
600975,6.029106029106024,-2.298850574712641,-13.559322033898313
002137,-25.719769673704405,0.5194805194805197,-36.816326530612244
605228,-22.863485016648177,6.758832565284156,-25.198439391900983
000923,16.679596586501155,-9.940119760479039,-18.921832884097046
600777,-6.511627906976747,-1.9512195121951237,-26.37362637362638
002459,-20.677146311970983,-10.136986301369866,-27.513812154696137
603110,13.304924242424242,-0.4161464835622186,-13.889888449082399
601888,-3.551082415495632,-4.798500468603562,-12.551652892561982
000410,1.5873015873015817,-1.538461538461544,-11.111111111111105
688070,-9.027598658756775,1.5548517132162543,-10.208757637474541
002292,10.608020698576981,5.947955390334569,-6.352683461117192
688599,-23.054755043227672,-15.372424722662437,-27.1487039563438
003040,30.09259259259258,-24.054054054054053,-38.77995642701525
002233,-9.742895805142082,-7.745504840940532,-13.263979193758136
688123,-24.578431372549016,13.282285377705794,-29.13596168017686
600545,-36.421725239616606,-7.656612529002316,-50.559006211180126
600428,30.042143287176405,-5.841325196163904,-10.669975186104208
002623,9.504373177842584,16.212871287128717,-5.2950075642965055
600131,-2.7345102111457242,-5.957161981258363,-12.488321395203982
000802,4.986149584487531,-4.534005037783384,-39.45686900958466
603030,-2.8846153846153855,-5.164319248826288,-10.619469026548668
600354,79.20000000000003,9.135200974421442,-21.746724890829682
688036,-9.653548604103602,-5.155367231638419,-20.649926144756282
000608,17.4496644295302,-5.277401894451961,-10.941475826972013
002798,15.66901408450705,11.544991511035674,-5.194805194805186
000886,8.571428571428562,-6.172839506172856,-7.128309572301439
000977,1.0550113036925435,-13.41683884297521,-25.887034376036254
600839,-5.449189985272462,-7.890961262553797,-13.008130081300816
603458,-4.710144927536231,16.114790286975712,-32.39074550128536
600420,-7.440811724915431,-4.645760743321703,-10.566448801742911
002865,-38.735378877775894,-10.919398570372197,-42.68950206152871
600000,10.761789600967365,1.7777777777777892,-5.664263645726065
600807,6.938775510204076,-2.6022304832713727,-5.415162454873645
600827,2.815013404825728,-1.4138817480719879,-5.191594561186652
002965,-42.129277566539926,-0.8469055374592749,-43.95139016755662
002527,-24.946236559139777,-5.420054200542001,-26.00706713780918
000070,-10.227904391328513,1.508485229415446,-36.241610738255034
600246,-16.00520494469746,6.5181518151815165,-37.9028379028379
300054,-24.899866488651533,-6.896551724137934,-36.3027271869397
603917,6.287878787878798,7.345065034429976,-2.2980501392757646
600626,13.59516616314198,1.621621621621605,-3.3419023136246895
002319,-10.892857142857137,-7.076350093109863,-18.663406682966578
603912,17.402597402597397,1.5730337078651457,-3.931987247608937
002408,5.656565656565671,-6.939501779359425,-8.084358523725832
000566,-24.429967426710096,-7.936507936507942,-27.83825816485226
603108,3.157894736842115,-0.20366598778003286,-11.392405063291132
600513,-6.19077700568541,-10.703547805171375,-22.45430809399478
002517,-7.328605200945637,-5.5421686746988,-15.608180839612483
002425,9.386281588447654,-4.716981132075482,-20.68062827225131
600606,11.023622047244096,8.461538461538453,-11.875000000000014
603290,-35.97989949748743,-9.069946195234424,-45.85458349679613
002268,9.520295202952035,5.024769992922851,-5.17571884984026
688378,-12.011121408711778,10.85941148995797,-23.435483870967744
601872,23.283582089552233,8.79873551106427,-9.864687909209957
000890,-13.546798029556651,-18.37209302325582,-23.362445414847166
603123,11.771844660194187,-5.051546391752559,-24.99999999999999
002346,-8.897338403041832,-12.978208232445521,-31.673003802281375
603151,62.26086956521739,16.55215490318549,-3.565891472868221
600729,-2.5081555163377733,-6.70419651995905,-10.764109843849424
603488,-25.436893203883503,-6.796116504854377,-35.78595317725753
600207,8.548707753479112,22.42152466367713,-10.784313725490202
001287,-19.398811604334153,0.6108202443280808,-26.723863997457897
000607,16.09907120743035,1.3513513513513375,-24.6987951807229
300628,26.46153846153847,3.5264483627204024,-1.9093078758949833
000958,-11.879432624113473,-6.4030131826742,-15.476190476190476
002748,11.558259241927926,-2.931596091205202,-4.868316041500398
002361,-28.641801548205493,-3.61216730038022,-32.62458471760797
300497,-19.80742778541954,1.9230769230769162,-24.90339201373981
603776,-3.0430711610486827,2.6772434308378834,-5.000000000000004
600732,-17.58982035928144,-7.088607594936713,-20.56277056277056
603222,-1.8382352941176516,-2.3170731707316983,-20.849802371541493
688008,-21.700811518914165,-2.0657276995305174,-33.88356407525737
603958,6.635071090047395,-17.279411764705888,-24.52830188679246
300531,-0.34111430673533505,-11.309523809523814,-15.723981900452488
600992,8.61702127659576,3.34008097165992,-12.883959044368599
002606,-11.930972924724792,-8.81084411583487,-20.71782509709388
600235,12.713472485768506,0.6779661016949268,-1.3289036544850363
002568,15.12455516014235,9.599096555618281,-5.77669902912622
600833,8.393039918116685,-3.0219780219780223,-15.212169735788638
002696,21.082089552238802,1.5649452269170583,-16.365979381443296
002956,-12.71393643031784,3.960396039603964,-19.558359621451103
603230,82.43688254665204,82.83828382838286,-10.016242555495392
603477,-8.349769888231439,-8.289473684210524,-16.676628810520032
600076,-38.59649122807017,-35.58282208588957,-44.148936170212764
000952,13.715277777777768,-0.7575757575757569,-4.379562043795615
002166,2.286585365853666,-3.0346820809248554,-8.955223880597018
603219,-23.0631704410012,-7.122302158273386,-23.0631704410012
300857,-18.115242501914054,-3.107767449188592,-28.068892917714482
002254,-30.27577937649879,-8.927173061863735,-42.340109072880516
688205,7.4438202247191,8.603066439523,-22.151666870191722
002571,5.048543689320373,1.310861423220988,-8.46023688663282
001201,40.9965034965035,30.396119644300732,-1.0429447852760787
002826,-3.0939226519337115,1.9767441860465196,-4.153005464480886
600272,36.42503376857271,-25.332676195170034,-30.18433179723502
600111,-26.765493102738315,-12.432299359921217,-34.312096029547554
601377,-5.436573311367376,-3.204047217537931,-6.969205834683945
600400,-4.046242774566478,14.089347079037795,-7.777777777777784
002986,4.792649615098088,-8.333936717109546,-10.536357854568578
600310,11.056511056511042,4.872389791183296,-7.755102040816341
601958,-22.267370987403503,-17.365010799136073,-36.38177585633522
002519,-4.705882352941182,2.9038112522685955,-10.142630744849445
603978,-11.24005305039788,40.746582544689794,-20.113398985377493
002840,1.0101010101010166,-3.0303030303030276,-13.513513513513509
002915,-24.157303370786522,-14.149443561208274,-31.180968564146138
000901,-24.166211044286502,0.5072463768115876,-24.166211044286502
002584,-13.86934673366833,2.1454112038140627,-22.23230490018149
603138,11.111111111111116,20.78431372549019,-2.1601016518424387
600227,51.004016064256994,-17.903930131004376,-27.27272727272727
603665,-17.729729729729737,10.343160947317532,-17.966223499820345
603091,-11.268436578171103,-10.280373831775702,-13.810888252149
600161,1.5793848711554537,-0.16339869281045694,-4.754481683554168
000031,6.074766355140171,0.4424778761062065,-5.416666666666659
600644,4.604486422668219,-1.4460511679644128,-16.415094339622648
600233,5.562060889929765,7.321428571428568,-5.75013068478828
000008,4.444444444444451,-6.746031746031744,-9.615384615384615
600984,-16.66666666666665,-12.436548223350252,-30.16194331983806
002185,-12.916453100973879,0.4137115839243366,-33.83956386292836
603806,-13.07106598984772,-10.045961917268553,-21.71428571428572
301078,-0.5805515239477477,-7.181571815718158,-10.34031413612565
600710,8.860759493670889,4.29104477611939,-4.362703165098369
003010,13.228155339805813,-8.229508196721314,-13.101521266687365
603072,-25.767790262172273,-7.238689547581889,-29.566453447050467
600782,1.945525291828809,-9.6551724137931,-11.784511784511785
300390,-48.096885813148795,-25.140361821584534,-51.4317514924618
603327,-9.36794582392777,-16.78756476683939,-30.17391304347826
603045,-39.855072463768124,-26.58411064651013,-50.977233676975956
600629,29.045307443365687,-2.565668906536356,-13.173652694610782
603095,-3.2542372881355974,-15.959952885747942,-15.959952885747942
600593,34.74714518760196,19.335420178184435,-0.46194014862421806
601956,2.008032128514059,1.39720558882237,-1.1673151750972721
601339,3.116147308781869,-4.960835509138384,-11.757575757575756
600533,14.358974358974352,0.0,-3.463203463203468
000990,-2.7052681537731327,-7.93413173652694,-11.1271676300578
000882,11.111111111111093,-1.3157894736842146,-8.536585365853655
000049,-13.295955146175409,-7.989800254993639,-15.824261275272168
000710,28.019925280199253,13.842746400885941,-6.630336058128982
300801,-33.55683269476374,-10.533104041272578,-41.297602256699584
002291,9.387755102040817,3.076923076923088,-10.815307820299491
603221,143.1578947368421,-4.742268041237119,-17.377049180327862
000897,10.588235294117654,1.0752688172043001,-3.589743589743588
603209,11.036036036036023,3.4989503149055246,-1.66223404255319
603778,-30.292598967297756,-21.814671814671815,-44.09937888198758
002852,19.286958852700707,1.5865768747860054,-7.580477673935626
300861,-32.375504412221176,-8.627920910724995,-39.293817921261095
002596,4.885993485342022,-3.880597014925369,-11.294765840220379
600601,-14.880952380952383,4.379562043795615,-16.2109375
002237,-10.852148579752363,-21.58872517616912,-21.58872517616912
603681,-13.243494423791812,1.854882705946559,-24.504650222401935
600882,12.966252220248652,-6.562193927522053,-17.1515414676509
603039,-1.0483986787304223,-14.590306185694802,-29.729729729729726
600072,-1.3544018058690654,-1.7977528089887618,-7.218683651804669
002174,7.380373073803725,11.541701769165979,-9.128345916266301
603125,-26.913751298926215,-9.169177787343951,-35.55284056200366
002133,11.41732283464567,0.35460992907803135,-8.709677419354843
000012,-27.77012399134029,-3.16622691292876,-29.84133052953546
600748,4.545454545454541,0.2564102564102555,-3.6945812807881673
002204,-4.227941176470596,-0.7619047619047636,-11.54499151103565
603083,-5.690940366972475,2.679221725106662,-24.702426369601703
600327,14.457831325301207,-7.542579075425804,-10.377358490566046
002394,-2.0019065776930467,-0.29097963142581396,-6.375227686703111
600643,3.62694300518136,-2.676399026763998,-4.988123515439424
002561,13.219284603421478,4.0000000000000036,-6.185567010309267
002334,-12.396694214876025,-5.357142857142849,-22.058823529411764
600110,-30.920634920634914,-0.5484460694698212,-36.55976676384839
002470,-2.985074626865658,-9.722222222222232,-29.85611510791366
000592,30.229226361031515,29.6718972895863,0.0
600666,-17.57105943152455,-10.644257703081228,-33.9544513457557
600007,4.6194225721784665,5.44973544973546,-1.4829461196243288
300687,-3.3987386124737173,2.7198211624441138,-11.064516129032253
002682,11.31221719457014,-3.149606299212604,-9.225092250922506
000014,17.894736842105253,-2.183406113537123,-2.183406113537123
601700,34.87858719646799,-27.088305489260144,-27.261904761904766
600604,16.341463414634138,-2.254098360655743,-6.470588235294117
000601,-9.007633587786257,-3.5598705501618033,-16.5266106442577
002553,-0.11520737327188613,12.305699481865284,-5.090311986863705
600333,22.040072859744985,2.2900763358778775,-6.5550906555090656
301666,-39.20947016964015,-24.242424242424242,-52.78076127105547
600884,-14.384085692425408,-7.059800664451821,-23.30363262508568
000572,1.799485861182526,0.50761421319796,-9.174311926605515
000603,23.095823095823075,-22.104172065301896,-24.586051179126944
002197,6.867671691792299,-6.99708454810496,-16.81877444589309
603937,-9.530292716133426,13.106382978723396,-12.738017071569274
600638,10.28608866564753,-0.5905511811023723,-2.3210831721470093
600582,1.4830508474576343,-3.621730382293753,-3.621730382293753
002281,-24.630745870335435,-5.650596163815447,-40.669371196754554
002191,-9.819121447028422,-5.675675675675674,-16.9047619047619
600127,175.32467532467533,26.08326253186066,-11.40298507462687
688489,18.462206776715906,8.905750798722046,-5.705394190871371
002558,-15.835009296854253,-16.24815919646566,-24.77020655971238
603906,-42.491467576791806,-13.986727922409381,-44.55412964791049
603135,-41.208791208791204,-6.345733041575496,-41.208791208791204
001322,0.6339144215530945,-4.511278195488733,-8.63309352517987
002795,9.329446064139946,2.8806584362139898,-6.716417910447747
600176,-44.61212976022567,-9.097222222222223,-47.018348623853214
002136,-10.54657428791379,-8.575924468922125,-17.647058823529417
600055,-3.686635944700467,-5.685920577617331,-13.991769547325106
688690,14.626272659548034,19.21487603305785,-6.197927250558843
603619,10.17745302713986,-12.370278123702782,-15.220883534136542
000623,-5.421752996810736,-7.626208378088084,-8.070550507749875
002718,-27.750247770069368,-5.3693651168279395,-33.446759067142494
603175,22.010520163646994,12.417878298330653,-8.90207715133532
600048,19.87179487179489,8.092485549132956,-1.232394366197176
000938,3.89696169088507,-12.343271106157705,-29.93318485523385
001399,-46.01328903654485,-0.30674846625766694,-51.40965399401964
688766,-53.47722704319262,-5.386609501969197,-56.371264367816096
300233,-1.1261261261261257,-1.1261261261261257,-8.668515950069345
301526,-41.13641200255373,-8.410596026490058,-47.062200956937794
002378,-34.91773308957953,-17.17720046529663,-47.12871287128713
688655,43.36363636363636,48.249118683901294,-19.28342930262317
002925,-7.136859781696048,-4.655172413793096,-12.5
605020,-32.18623481781378,-11.583577712609983,-37.37017033651849
300787,24.733475479744115,18.421052631578938,-1.6806722689075682
002196,-26.66190135811294,-2.192564346997139,-26.66190135811294
600997,1.1627906976744207,-10.921501706484648,-11.073253833049412
002407,-39.70409404134577,-19.46399566865187,-46.15384615384615
000525,7.59803921568627,-9.297520661157034,-13.24110671936759
603100,0.7646095030038325,-3.149606299212604,-3.149606299212604
000426,-11.524269088844719,-25.036075036075033,-27.34265734265734
603103,5.6780227120908355,5.046480743691895,-5.495818399044195
002593,8.25471698113207,0.879120879120876,-2.754237288135586
600797,-0.7727975270479082,-6.413994169096215,-15.191545574636734
600481,-16.916488222698078,-11.617312072892938,-24.21875
600267,9.591642924976252,-5.40983606557377,-19.693806541405714
002245,-20.157325467059984,-8.092812676853445,-27.40277156906572
600588,-2.148227712137496,-11.121951219512205,-24.020016680567146
603392,-6.743535988819005,-12.117220941718799,-14.837268666241222
000037,-0.5549389567147456,-8.943089430894302,-13.094083414161005
002068,-35.77464788732394,13.291925465838483,-40.43109079033312
000561,-1.308900523560208,-3.209242618741981,-6.218905472636804
000796,-10.48593350383632,-18.981481481481488,-23.076923076923073
002724,37.254901960784316,1.0101010101010166,-10.71428571428571
002052,-3.83693045563549,-9.684684684684697,-17.743589743589748
000546,-13.238289205702658,-12.34567901234569,-23.92857142857143
605296,8.144329896907209,-3.996339231238566,-13.709898546750754
002335,-19.894598155467737,-0.7184846505551956,-30.30719853278313
001314,-14.208754208754204,0.8110781404550016,-18.75
002574,14.087759815242507,-5.9047619047619015,-6.6162570888468775
002436,-11.278844080224282,14.980435997764108,-23.145899495609935
601005,1.7094017094017033,-1.6528925619834767,-4.800000000000004
002238,37.00361010830324,15.70121951219512,-9.964412811387902
000859,-8.727655099894848,-4.088397790055264,-27.72689425478768
601908,-4.0000000000000036,-5.573770491803276,-11.384615384615394
300620,-18.248198558847072,-17.636240441389994,-37.12561576354679
002145,-0.6423982869379063,4.977375565610864,-7.200000000000006
000555,-4.868549172346636,-8.691588785046722,-15.264527320034693
300201,-31.845077998924154,-9.435310936383134,-39.867109634551504
600510,-12.412754892568767,-11.357340720221599,-18.022287690534135
002369,0.36429872495444826,-12.400635930047699,-14.70588235294118
603679,10.376896720509055,-6.509121061359869,-15.732436472346789
002289,-27.560401967072913,-10.86556169429096,-31.610819539765846
601233,2.464788732394374,-15.191256830601086,-15.835140997830798
000573,6.442577030812324,-1.041666666666663,-4.761904761904767
600234,-24.049174029965425,-7.9180251513740085,-34.838497033618985
002732,8.147578785549591,-0.07102272727272929,-4.739336492890988
001232,,9.563921838290067,-7.859862175316856
600446,-2.390057361376674,-8.018018018018003,-13.984835720303268
600409,-3.015873015873005,-17.8763440860215,-17.8763440860215
601929,0.0,-2.991452991452981,-14.661654135338352
000702,9.056603773584904,0.521739130434784,-9.968847352024913
603165,-5.460992907801421,-4.307250538406315,-7.4305555555555625
000009,6.2893081761006275,-6.8870523415977996,-18.554216867469886
002031,-10.61093247588425,7.129094412331383,-13.395638629283491
001229,6.009070294784569,-6.686626746506985,-25.483163976887823
600979,-3.980099502487555,-2.27848101265824,-12.669683257918551
688548,-31.88374596340151,-7.835712205068446,-42.472727272727276
002496,-6.278026905829604,-5.855855855855873,-8.733624454148481
600156,-13.235294117647056,-3.2786885245901565,-13.326337880377748
002952,-12.29357798165137,-12.253327214318489,-18.983050847457626
601615,-18.179471737073037,-10.283018867924532,-23.51001367328883
002572,-6.075949367088618,-8.168316831683164,-17.371937639198222
002036,-17.655172413793107,-11.946902654867264,-31.379310344827584
301086,-16.230116648992563,27.001607717041807,-28.18309923178326
000949,3.622047244094495,-10.840108401084002,-17.23270440251572
600271,-3.106508875739644,-5.346820809248554,-7.746478873239438
000691,-22.871883061049015,-11.538461538461542,-33.50630096367679
600416,-18.592964824120607,-6.896551724137923,-24.860853432282003
000620,-15.555555555555555,-10.059171597633132,-21.038961038961034
601138,-8.038083346339931,-7.995003123048106,-24.683625207720826
003023,27.22772277227723,-6.170135085797746,-8.214285714285719
000536,-14.824120603015068,-4.23728813559322,-16.502463054187178
603358,-2.270663033605813,-4.778761061946913,-15.723516741727039
301031,-15.016233766233755,0.24468085106383874,-23.885298869143778
002167,-39.29712460063898,-11.730545876887344,-41.65067178502879
603507,6.190532127334669,13.949579831932768,-5.607183878041145
603990,-12.448132780082998,-13.327247832040168,-23.210675293166204
600067,-11.643835616438347,-11.945392491467576,-25.0
000612,-5.209302325581399,-11.082024432809789,-15.993404781533393
002274,22.315789473684198,-0.1718213058419349,-18.39887640449439
603636,-10.624999999999996,2.7298850574712707,-22.786177105831527
002622,16.43835616438356,-3.041825095057038,-6.250000000000011
000868,21.15942028985507,16.75977653631284,0.0
603893,18.145724990214163,19.434708875070662,-7.1949398225423895
002583,5.750000000000011,0.23696682464455776,-3.9727582292849006
002772,-26.0806916426513,-13.563605728727879,-26.0806916426513
601088,21.981346105369305,1.5956330044089917,-0.7995079950799511
688678,33.761232349165596,57.71947527749748,-4.198590254367152
603061,-33.11192435428257,-6.300005926628338,-39.54110898661568
000042,7.227332457293034,-6.098964326812418,-17.575757575757578
000158,-5.352986811481775,-3.2513877874702612,-17.23202170963366
600621,3.9100160685591856,0.5181347150259086,-4.63483146067416
603268,42.72727272727273,13.160704751735164,-4.333107650643209
300919,-13.778307508939214,-11.152051093097516,-29.3968377903572
000519,-27.772227772227765,0.20790020790022457,-35.28753636160214
601965,5.528455284552836,-7.943262411347507,-12.885906040268457
000718,15.909090909090917,3.0303030303030276,-1.9230769230769273
300363,41.47928994082841,21.063291139240505,-5.306930693069312
605398,7.613967022308432,6.991321118611382,-20.72168631654161
603002,-21.492403932082215,-0.5659309564233217,-33.01563095691956
600231,0.0,-10.05586592178771,-11.049723756906072
300100,-28.77067791112552,2.0446096654275214,-28.77067791112552
300548,-3.4931134469010527,0.051667449506798135,-28.47212894560108
002692,8.717948717948731,-1.3953488372092981,-6.401766004415011
001256,-28.254288597376398,-6.815203145478388,-28.947368421052634
000665,5.066666666666664,0.0,-10.859728506787325
300408,-20.256746497342803,2.9401282965074937,-32.21870233485862
301190,45.67641735271795,18.13446969696968,0.0
688519,-25.81218684338129,-5.781731098186804,-32.845647403072434
600503,15.023474178403774,8.888888888888902,-16.666666666666664
603363,-3.125,-6.999999999999995,-14.939024390243894
600936,-6.153846153846154,-15.612648221343871,-30.90614886731392
603399,-36.6,-17.124183006535954,-44.23922603342129
002975,-18.300653594771244,-2.7993779160186527,-35.971315149186836
600489,5.371692988632915,-21.47676161919041,-23.1474688187821
600641,3.5781940644074917,41.40804597701151,-4.557796741660203
002912,40.05291005291005,37.0792335577421,-6.959578207381368
603929,-38.674009562841526,-11.887382690302395,-47.67801857585139
688216,-6.164717348927873,26.71931556433036,-24.931773879142305
688825,,-8.191126279863493,-12.944983818770229
002624,-19.3631669535284,-13.957759412304881,-26.162332545311273
600977,-6.715877840497897,5.310457516339873,-14.45447305548181
600186,1.6920473773265554,0.670016750418756,-22.948717948717945
300821,-24.820512820512818,-12.63408820023838,-51.66501813386086
600958,-8.22649572649572,-6.528835690968437,-10.146443514644353
600538,-21.53589315525877,-9.788867562380032,-22.442244224422435
600536,9.052483268756607,-8.320994965946117,-13.880389429763563
300671,-39.69263381028087,2.1360617483396016,-44.39014855355746
002552,-28.99969409605383,-12.727956382778716,-39.46270213875847
601798,1.621621621621605,-3.9591315453384457,-4.689480354879594
603215,5.890318212593093,7.123287671232892,0.0
603628,8.618899273104885,5.231388329979891,-3.5944700460829426
600999,-20.203735144312386,-8.752629024429693,-24.20713133846981
600151,-18.761061946902657,-7.738693467336677,-22.857142857142865
000922,-11.044327573253199,-2.791461412151064,-19.236016371077767
600996,-0.14858841010402246,-1.7543859649122862,-23.809523809523814
000679,1.2799999999999923,0.31695721077655836,-16.490765171503963
002224,7.267441860465107,-1.8617021276595702,-11.0843373493976
002057,-31.045490822027123,-5.159165751920957,-35.24209263978414
300724,-24.41288145127267,-7.661913760522243,-28.447816826411078
605555,-6.934306569343063,1.8370607028753927,-6.934306569343063
603980,25.429017160686417,13.239436619718315,-10.167597765363134
001313,-7.593307593307596,-12.332112332112333,-16.317016317016318
000725,-30.78758949880669,-2.0270270270270285,-36.26373626373627
605177,44.848824188129896,20.606060606060606,0.0
002386,-7.556270096463013,-4.485049833887034,-9.733124018838302
600725,3.4810126582278444,-4.105571847507338,-6.303724928366772
002022,23.77049180327868,5.043478260869572,-2.4232633279483107
300733,4.119547657512124,-4.8708487084870855,-12.669376693766932
600123,21.42857142857142,-4.781420765027333,-5.683355886332886
688041,-26.09096496619545,-2.032669355167216,-35.05266000540102
002042,4.558404558404572,-8.478802992518697,-13.033175355450233
603353,15.318559556786715,27.386780905752772,-15.881996362901596
002768,28.589743589743577,8.065260889641369,-11.149076183244755
002511,-1.4367816091953922,-3.9215686274509665,-8.533333333333326
002064,-8.80382775119617,-19.848612279226252,-20.781379883624275
300132,0.8264462809917328,-4.984423676012462,-10.688140556368964
603286,-22.92837078651686,2.5461340808222266,-22.92837078651686
601113,3.529411764705892,-0.8450704225352101,-4.607046070460708
002439,10.725308641975296,4.974396488661292,-2.3144996596324074
603185,-12.331406551059732,-15.740740740740733,-22.310756972111555
600570,-8.52567121997173,-11.606736458807454,-17.60712770470937
000803,-0.8645533141210415,-8.63213811420983,-12.801013941698347
600594,12.5,-13.669064748201432,-13.669064748201432
688510,-8.618699499807613,-2.862985685071573,-13.003663003663002
600525,-8.237547892720299,-9.962406015037594,-17.128027681660907
688290,-18.95056374674762,-14.108455882352944,-19.207492795389058
002681,-6.355932203389825,-5.5555555555555465,-14.506769825918763
605289,-29.9719887955182,-9.747292418772568,-40.43887147335423
002005,13.991769547325106,14.46280991735538,-1.0714285714285676
301248,-29.582366589327137,-4.325744308231172,-36.98235090552543
000955,-9.684684684684697,-6.526806526806528,-20.59405940594059
300475,-39.54604645528603,-7.2051133062173145,-47.839094876015785
603077,-7.296137339055786,-11.475409836065564,-15.625
688108,-24.89837398373984,-12.023809523809536,-25.240263024785026
688137,231.55578565881441,74.68630660120026,0.0
000539,-24.03697996918337,-6.981132075471697,-33.55795148247979
603803,-0.53715308863026,-1.3321492007104863,-13.675213675213671
002123,-5.283018867924527,-6.806930693069302,-20.569620253164555
002134,-16.5521978021978,10.104213864975087,-20.118343195266274
000711,-6.187624750498999,-24.8,-28.787878787878785
600810,0.7987220447284393,-5.255255255255264,-8.417997097242381
002092,6.172839506172845,-10.416666666666663,-13.654618473895596
002921,-33.92320534223706,-6.252960682141162,-33.92320534223706
002695,-0.283822138126788,-1.9534883720930263,-8.18815331010454
600866,-4.895104895104896,-7.482993197278908,-13.375796178343947
603330,7.54285714285714,-14.609800362976399,-19.914893617021278
000668,-20.975160993560248,-24.317180616740085,-28.595178719866997
300107,14.111498257839706,-5.890804597701149,-10.150891632373115
000936,-0.7490636704119868,-7.180385288966729,-23.959827833572454
301308,-49.51619688683214,-17.21502865633623,-56.85244087954639
600546,7.436001625355559,-5.503931379556826,-7.293127629733509
002021,-0.7751937984496138,-5.882352941176472,-8.24372759856631
603068,18.258859784283523,28.84722999440401,-5.071119356833642
688449,-28.7314826341342,-11.705737199259724,-33.66933147955046
601865,-10.696761530912656,-10.256410256410264,-22.5531914893617
603060,-0.5272407732864748,1.4336917562723928,-15.936432496658249
002104,-0.36108129208547446,-12.435677530017141,-27.330960854092524
000993,74.24849699398797,75.30241935483872,-16.83405069344811
300505,-23.926134082697715,-11.860465116279073,-28.328290468986395
002059,-3.4403669724770714,-10.04273504273504,-33.28050713153724
002148,-6.249999999999989,-2.5356576862123448,-12.017167381974247
002967,-4.985491954629373,5.537650161148555,-5.085638998682473
001223,-1.0058479532163767,7.383912712509533,-21.044776119402986
001337,6.042222761465665,-20.516551473263,-22.79151943462897
002531,-8.685446009389663,26.29870129870131,-16.163793103448263
603777,-17.33576642335767,-1.877256317689524,-22.030981067125644
002930,-8.248472505091653,-2.3835319609967542,-10.96837944664031
002520,-16.96891191709844,2.232854864433831,-17.820512820512814
605136,17.71043771043772,4.984984984984986,-1.465614430665152
600986,-1.900584795321636,-6.153846153846154,-18.56796116504854
600611,11.197916666666652,-5.3215077605321515,-18.666666666666675
605318,-31.39423076923078,-5.459122830263685,-46.83308494783904
603223,-33.21554770318021,-9.395973154362425,-34.375000000000014
000625,-1.0387422796181878,-0.7042253521126751,-10.419313850063538
603818,23.82445141065832,0.2538071065989911,-3.658536585365846
300558,-34.554183813443075,-5.61819980217606,-34.554183813443075
603682,3.790412486064665,-20.833333333333325,-29.255319148936167
600299,-3.703703703703687,-8.616780045351469,-14.799154334038056
000852,2.1568627450980538,-5.100182149362487,-14.026402640264024
002028,-27.481281820904456,-15.442100852074326,-39.61596009975062
002083,-9.794319294809007,-14.722222222222225,-24.009900990099
600873,-2.566158781074579,-7.604562737642584,-13.625592417061604
300515,17.22900215362526,1.302729528535962,-6.739006282124516
600876,2.4827586206896513,3.481894150417819,-22.361546499477537
001317,32.76894486888291,22.42955064737242,-2.5166767738022955
002008,-36.74791730947238,-6.41406071673134,-46.33507853403142
002838,-28.671328671328666,-1.8837675350701355,-29.309846953508522
002523,8.626198083067083,-3.409090909090917,-6.593406593406604
002475,-22.365126514362142,-11.802120141342753,-33.36092162699737
603626,8.538350217076696,16.640746500777603,-3.928266438941086
000980,11.442786069651767,31.764705882352963,-5.485232067510548
600273,-7.099697885196365,-9.158050221565716,-12.142857142857133
688621,27.404103479036568,13.169572107765436,-5.1155992559128505
688110,-34.70357941834452,1.5129119207025532,-42.68532155130092
002266,-14.52830188679245,-8.484848484848484,-21.21739130434782
000721,6.690140845070425,-12.80575539568346,-21.19635890767231
601225,20.00928505106778,-4.5068341337273665,-6.408399710354818
002032,-5.661274976213138,-1.5880893300248111,-12.411660777385169
600707,-30.892143808255657,12.337662337662337,-41.22310305775764
600685,4.993502877297207,7.406000759589837,-6.697459584295606
603993,-8.65671641791046,-13.31444759206799,-21.920668058455117
002452,-13.225058004640367,-2.4347826086956514,-18.872017353579174
000905,17.98597194388778,6.272563176895307,-3.9755351681957207
002714,13.03523035230354,0.07197696737044623,-5.139868091880828
002752,2.2071307300509213,-0.660066006600657,-7.098765432098775
000989,3.0084235860409203,-6.345733041575496,-14.314314314314313
000403,5.4897739504844,-7.459867799811137,-12.264995523724254
002105,14.779270633397324,-2.9220779220779147,-5.974842767295597
688232,-3.3701657458563683,-3.7953795379538025,-11.12804878048781
002631,19.065077910174153,28.613861386138616,-8.13295615275813
688668,-34.008611343431525,-17.633868161608348,-47.536139089319576
000523,20.000000000000018,-10.169491525423723,-28.69955156950672
300014,-21.91038897095028,-12.035496394897404,-32.028571428571425
601778,-19.518072289156642,-9.973045822102433,-30.008382229673103
003009,-27.655150351887404,-3.7249893571732695,-29.734348298897007
002818,7.203791469194321,5.209302325581411,-1.908065915004331
600595,-2.876480541455162,-9.463722397476337,-15.21418020679467
600877,-31.76119402985075,-6.234618539786707,-34.90888382687927
600969,20.02487562189057,-4.360753221010894,-13.2973944294699
003012,-0.8714596949891074,-5.0104384133611735,-6.185567010309279
000926,4.975124378109452,-8.260869565217387,-8.260869565217387
603657,35.65543071161048,50.4152823920266,-2.895442359249323
000055,14.243323442136502,6.648199445983383,0.0
605208,-15.352697095435698,0.21052631578946102,-26.04867944070429
002869,2.2031823745410017,3.2776747062461142,-13.784202374806409
300012,-1.6416845110635236,-8.499335989375833,-9.401709401709413
605028,0.4166666666666652,-1.552287581699341,-12.996389891696747
688819,-11.140350877192983,-7.4463225216994005,-15.618492294877129
603032,-36.92028985507246,-11.399491094147574,-41.47899159663866
603578,19.999999999999996,5.022831050228316,-3.563941299790352
002585,-5.253623188405787,5.9777102330293985,-28.84353741496598
000547,-27.488396080453835,-0.7062146892655385,-28.484231943031535
603177,30.78758949880669,-0.5444646098003547,-4.111986001749768
300533,-11.935483870967744,-4.411764705882348,-23.743016759776523
000800,-4.963384865744502,-6.109324758842439,-10.566615620214403
600981,3.0303030303030276,-5.179282868525892,-6.666666666666665
002298,14.3426294820717,6.823821339950364,-7.815845824411138
600918,-1.2939001848428888,-6.968641114982588,-7.931034482758625
002653,-20.059517539239447,-8.917694361928763,-22.823655039153866
300033,-19.485324010082117,-14.003473729917493,-23.473724884080372
603901,-19.707401032702233,-0.8501594048884176,-19.707401032702233
600399,-0.4716981132075526,-4.740406320541757,-12.083333333333336
605255,-25.811229298505445,-17.391304347826086,-36.8046794357151
002458,-8.897116571300357,-10.474090407938274,-21.71984960956329
688498,-4.028391718880975,3.5177415682830837,-15.574005305039783
600971,15.586206896551724,-7.0953436807095205,-8.813928182807384
603186,2.3051152557627796,11.43790849673203,-22.146118721461193
002461,4.936708860759476,-4.822043628013795,-9.891304347826091
600133,-0.05178663904713554,-11.46788990825689,-11.46788990825689
000685,-3.0551755585955243,-6.91768826619964,-7.080419580419573
002229,-1.1560693641618602,-16.51749389747762,-25.759768451519538
000036,-11.342592592592593,-7.038834951456307,-22.937625754527158
000417,-30.950938824954576,-1.5544041450777146,-36.205931729155004
000912,12.941176470588234,-11.926605504587162,-26.15384615384616
002444,-18.79518072289157,-11.344952318316338,-19.92871992871993
002532,6.1043886581181095,-10.782080485952928,-16.310541310541304
600906,-19.195849546044098,-7.014925373134329,-21.338383838383834
002354,-23.692636072572025,-8.917197452229287,-30.85106382978723
600549,-41.71244807718075,-19.69724940003692,-53.76275510204081
002578,29.96845425867509,-4.84988452655889,-4.84988452655889
300223,-49.044536908614575,-2.5350036845983803,-49.044536908614575
600962,-7.037037037037031,-0.07961783439490722,-17.731891183218618
688195,5.947752126366956,-4.197110366423129,-16.081997978923056
603716,11.807871914609747,-1.8735362997657878,-10.230316014997321
002366,-5.517241379310334,-12.877583465818754,-18.694362017804156
601899,7.372262773722649,-15.093795093795082,-16.014844419069362
600326,-1.0385756676557945,-13.935483870967747,-20.215311004784688
603258,13.01482701812191,7.6078431372549105,-7.109004739336489
000703,25.582072176949964,-7.572025275784499,-13.630904723779025
002779,-6.367866764633856,3.0319363967120427,-11.09302325581396
600702,-11.120401337792652,-9.864330130016963,-18.751592356687897
000813,0.31347962382446415,-7.78097982708934,-14.66666666666666
600522,-37.30984787830264,-10.616438356164382,-53.83254716981132
300373,-34.334929708017924,-9.975643333686335,-45.932710042612726
002693,-10.958904109589051,0.0,-16.97080291970804
600390,0.0,-6.090373280943018,-7.18446601941748
002310,2.702702702702675,-3.3898305084745783,-13.962264150943405
600960,-3.482587064676612,-4.668304668304679,-7.177033492822959
001309,-57.90046603394905,-13.46059716103769,-61.72371134020619
000506,18.096611391492434,-23.565095660289316,-26.678603401969568
600973,-13.897280966767367,-9.090909090909083,-22.972972972972972
600266,6.234413965087282,-0.23419203747072626,-7.391304347826089
002338,-22.98059964726632,2.415572232645413,-24.315424610051995
603610,-29.2972972972973,-10.349554489376288,-31.874999999999996
601061,-6.706061420001797,-13.238967527060785,-17.563291139240512
002903,-32.27818853974122,1.2435233160621673,-43.06526806526807
002492,12.765957446808528,9.844559585492242,-0.46948356807510194
002318,-24.192872117400434,-8.962739174219546,-26.949494949494955
601231,-22.621771820856484,-12.300852167469422,-36.8631635102694
603833,-8.044554455445551,-9.390243902439021,-16.068907088393104
002540,1.6563146997929712,-5.029013539651839,-9.07407407407408
600658,2.2727272727272707,-0.49140049140050657,-5.813953488372093
001365,-13.496932515337434,5.2540913006029255,-26.680000000000003
000829,14.24802110817942,-1.1415525114155223,-11.361310133060387
300700,-20.800000000000008,-14.698428788646744,-28.807106598984777
601606,6.251713737318343,-1.9607843137254943,-15.346805024576726
600303,16.602316602316613,-0.3300330033003229,-4.430379746835444
600892,14.124293785310726,0.4975124378109541,-25.87155963302753
000987,-12.300123001230023,-8.236808236808235,-13.48137361970635
600683,-22.9706390328152,-19.12964641885766,-31.172839506172846
600880,6.806282722513091,3.5532994923857864,-19.685039370078737
603390,-0.7407407407407418,7.63052208835342,-8.532423208191132
001212,-17.207428955023495,9.759715218036181,-26.25074745864062
000060,-19.999999999999996,-17.17171717171716,-34.4374643061108
002845,-11.583011583011583,2.921348314606753,-16.321559074299643
688388,-30.583142347848234,-4.8184357541899425,-42.36786469344608
600403,36.891385767790254,2.3809523809523725,-6.041131105398467
002146,7.079646017699126,1.680672268907557,-4.7244094488189
688030,17.450495049504955,11.581422692533794,-2.366255144032925
605117,-19.359187059311488,-15.742145178764899,-28.651376146788998
002463,-13.409678611008491,-3.697617091207883,-24.382218207626305
600821,-5.298013245033117,-4.187604690117253,-20.000000000000007
603690,-29.467564259485922,-7.873701039168656,-37.19346049046322
600229,19.166666666666664,9.578544061302674,-3.8655462184874034
000066,-17.24137931034483,-0.7012622720897643,-30.82559843673668
688511,-28.822776711452335,-0.7139669790272252,-31.748466257668717
002534,-6.17977528089888,11.185086551264977,-23.4647112740605
002190,-4.832713754646845,-11.35051943055021,-12.925170068027214
002829,5.709624796084833,-2.7999999999999914,-11.070448307410786
603986,-47.10447496938489,-9.654251297817652,-57.320238095238096
002432,-10.927152317880795,-12.791040377247276,-27.51102400783929
603026,-38.42901646639964,-12.973738009120927,-44.219332728555585
000933,14.00725294650953,-8.84378397970279,-13.005880318228991
002819,18.341232227488135,17.783018867924525,-6.3390847711928044
603876,-29.42404006677797,-27.95057520238602,-41.5081286751989
002827,178.73028710068746,17.447606065769317,-13.197330311043942
603882,21.5842414082146,5.798687089715537,-7.787666878575972
603516,-33.73240030351573,-13.66432337434096,-44.36973600396348
688107,-27.076081551466935,-5.509020618556704,-35.679824561403514
601011,6.31970260223047,-7.741935483870977,-10.625000000000007
002678,0.4629629629629539,-15.728155339805838,-17.333333333333336
002541,1.3262305088507897,-9.693372898120655,-17.747747747747734
688733,-30.144032921810705,-11.154726856395158,-41.21212121212121
600259,-27.606102092704877,-10.903839210494649,-37.61166357660542
688231,-18.918918918918926,4.331331014859319,-24.65753424657534
603721,3.9750141964792762,5.472350230414746,-14.797580269892974
603261,-3.48995905634627,-13.157894736842103,-19.98060135790495
001266,-23.33687566418703,4.098124098124112,-32.23746007890287
600346,-7.752808988764038,-16.480162767039662,-16.480162767039662
002961,-2.9392167024505866,-4.2296734604426955,-9.754250705582713
000966,-1.0025062656641603,-2.709359605911321,-11.830357142857151
002321,17.777777777777782,-1.3953488372092981,-7.826086956521728
603955,22.194637537239316,18.602409638554217,-4.390054390054388
600819,-3.040834057341435,-2.1052631578947434,-12.333071484681856
300859,-16.133720930232563,-16.948542641237864,-23.953871499176284
300184,-28.73490146217419,-8.564437194127239,-38.30489818381948
600376,-16.79790026246719,-6.764705882352939,-28.28054298642534
000860,-0.5899705014749346,-4.9812030075188085,-10.451727192205485
002697,5.251141552511429,-1.7057569296375252,-6.490872210953336
603618,-32.061224489795926,-7.321826280623611,-41.79052281867459
300221,-22.383545069570488,-6.007326007326008,-26.601830663615566
688268,-44.92702187125682,-13.91123439667128,-55.25680302757253
000925,-20.369420215495126,-17.27078891257997,-24.32959531935642
603533,11.630321910695729,4.673807205452785,-14.137380191693282
002460,-33.30149633874563,-23.818181818181817,-41.72461752433937
601015,16.61129568106312,-8.115183246073299,-13.970588235294123
001330,15.846994535519121,24.7058823529412,-8.225108225108213
002602,3.6621823617339233,-0.14398848092153083,-13.743781094527364
002182,-28.206806282722507,-9.786184210526317,-30.91939546599496
600460,-33.43226627093492,-8.106526192566587,-42.469769146207405
600322,-13.355048859934849,-3.6231884057970842,-13.915857605177983
301584,-13.24157570004746,-15.487748497457222,-25.08196721311474
002420,3.972366148531936,-0.660066006600657,-5.047318611987384
002414,-9.474522292993637,-10.82352941176471,-21.80192572214581
002973,12.029384756657468,-2.9435163086714455,-10.029498525073755
002857,2.55813953488373,-8.884297520661155,-11.31221719457014
605300,12.735326688815075,3.350253807106607,-9.751773049645385
603826,-15.829145728643212,-5.110837438423632,-31.275922044329473
002169,-11.607786589762071,0.5742411812961423,-22.355921469284358
000516,6.499999999999995,2.4038461538461453,-3.401360544217691
600006,9.79284369114879,7.9629629629629495,0.0
301282,33.12271366810775,18.152302243211338,-16.11483654652137
688177,10.605249062667355,10.842726784755774,-5.621572212065818
603139,-15.736284889316643,1.126191163730872,-19.6235942162038
002756,-37.16608594657376,-18.733905579399146,-41.021647718423914
002285,56.730769230769205,39.91416309012874,0.0
002218,-2.902374670184693,-8.910891089108908,-16.7420814479638
002515,-26.01880877742947,-15.209580838323344,-38.96551724137931
001331,-35.832414553472994,-5.825242718446589,-38.43131328396554
300159,-20.639534883720934,-10.784313725490202,-28.90625
601375,-3.9031620553359625,-8.037825059101667,-8.254716981132082
002663,14.76510067114094,-3.3898305084745783,-5.524861878453047
688522,-18.41385597082955,-3.7634408602150726,-20.409070698088037
002729,-24.382022471910116,-2.604920405209832,-34.14872798434442
600691,16.5217391304348,-8.843537414965974,-24.7191011235955
600714,-1.1111111111111072,-6.903765690376574,-29.477020602218694
000599,0.0,-7.547169811320742,-12.845849802371534
000629,-17.313432835820898,-10.932475884244363,-21.971830985915485
000301,5.418326693227082,-6.170212765957439,-10.183299389002032
600328,-9.708737864077666,-14.678899082568808,-17.88079470198676
603296,8.652729384436707,-4.296675191815858,-15.796579657965793
000686,-12.891986062717764,-7.862407862407872,-14.28571428571429
000858,-2.4379884471627755,-3.635855125157328,-12.283604887983712
000731,52.84090909090908,23.58346094946402,-2.53623188405796
688117,-40.42553191489361,-25.114918512327613,-41.628664495113995
688202,34.14012738853502,7.723785166240416,-10.061496412709259
605066,-5.179856115107917,-8.217270194986071,-14.526588845654997
601677,1.584283903675554,-6.147540983606536,-7.926479035037326
601963,14.31535269709543,0.09082652134422275,-4.6712802768166135
603225,-13.58585858585859,-17.700817700817694,-22.68413917758698
000850,30.357595739284804,16.027088036117387,0.0
603019,-13.659905049633158,-6.758331391284078,-25.56279069767442
603011,-23.879173290937995,-13.417721518987335,-35.54119547657512
603668,-5.279747832939319,14.367269267364403,-8.384146341463417
603324,-47.624974071769344,-5.039488529522373,-54.33996383363472
600198,-20.06615214994487,-6.692406692406683,-25.64102564102564
002165,8.681672025723476,-19.23536439665472,-25.795828759604834
002343,20.21505376344084,7.91505791505791,-9.693053311793221
603316,-25.839552238805975,14.63590483056958,-33.91521197007481
002546,0.0,-8.679245283018878,-19.153674832962142
603985,-29.81993851559068,-4.196642685851315,-36.48648648648648
002979,-24.96500771994632,-7.817762808012763,-28.78760904397365
000517,18.934911242603537,-9.865470852017943,-18.62348178137654
688778,-22.420257253273345,-14.604981905144854,-33.96288173873195
600288,-18.83673787618899,-7.957559681697612,-39.32152016787129
688525,-53.62421225490426,-13.99356198970959,-60.864707368687036
002878,3.8461538461538325,0.0,-6.405425772418982
601360,3.3487297921477976,-3.2432432432432545,-8.766564729867499
600798,8.280254777070063,2.4096385542168752,-5.555555555555558
603038,-2.264150943396237,-7.279236276849654,-13.377926421404695
002164,-4.647560030983733,13.876040703052727,-5.958747135217724
603726,-33.56840620592384,-2.3631840796019876,-33.56840620592384
603466,-0.9458297506448887,3.318385650224198,-16.034985422740533
002357,24.807903402854016,2.340234023402332,-12.471131639722877
002635,-36.98630136986301,-4.53955901426718,-36.98630136986301
300602,-24.28417653390743,-17.247058823529404,-31.308593750000004
600770,-3.1198686371100126,15.009746588693961,-15.714285714285714
000810,-30.131680867544542,-7.29701952723536,-32.63629574309187
002045,8.010012515644572,-5.164835164835157,-9.34873949579831
603124,-31.274981173608296,-4.322580645161289,-40.97512437810945
002370,-11.01398601398601,-8.288288288288292,-18.167202572347264
601101,13.070175438596499,-12.964213369345035,-14.181091877496666
002652,7.4698795180722755,8.252427184466015,-9.716599190283404
000825,-4.624277456647407,-8.333333333333337,-12.234042553191493
002173,-6.688417618270803,-7.592891760904685,-24.604569420035148
002765,-14.28571428571428,-4.23728813559322,-15.037593984962406
002549,-33.31562167906482,-12.604456824512521,-43.79758172861621
600386,7.317073170731714,1.1494252873563315,-3.825136612021862
601628,-3.3436727827138357,-3.9195192056441064,-11.885933381260472
605366,-15.00419111483654,22.316043425814257,-29.48539638386648
688297,-2.32126276694522,7.346938775510181,-6.426506559928846
600589,-23.4375,-7.079646017699126,-30.265654648956353
603066,-14.604651162790706,0.5476451259583737,-14.604651162790706
600844,27.16535433070866,-15.223097112860895,-21.411192214111928
600178,0.7093615745828785,4.024767801857587,-1.2635909491624964
600598,8.898678414096906,-7.898658718330854,-12.091038406827892
688192,14.438943894389444,-5.437191068689284,-17.928994082840234
600622,17.647058823529417,3.0042918454935563,-6.976744186046513
601515,-3.6809815950920144,-10.285714285714286,-14.905149051490508
000430,-9.31174089068827,-4.273504273504269,-17.54601226993866
600185,1.7467248908296984,-2.9166666666666563,-14.963503649635046
688797,-52.493982595815595,-15.764937623112285,-65.42887170228246
600790,11.782477341389729,7.871720116618075,-0.8042895442359144
603033,-24.321608040200992,-0.5284015852047519,-27.596153846153847
600023,0.0,5.06072874493928,-4.595588235294112
600793,4.12242348532168,11.80415828303154,-13.939081053175006
000635,19.124797406807126,11.702127659574458,-7.430730478589432
002474,9.044368600682585,0.7886435331230235,-9.232954545454552
600909,-29.065420560747658,-8.88355342136855,-37.272727272727266
000783,-20.64128256513027,-14.006514657980462,-24.85768500948766
002250,-8.478964401294487,-9.009009009009006,-19.384264538198394
300322,-31.03885135135136,-7.268597387847819,-43.51435489450019
603936,-14.35469710272168,7.611693325979063,-31.351161154116813
600758,13.375796178343947,-2.997275204359673,-10.77694235588973
002992,-21.07307598931779,-3.9870053160070973,-28.376294337959905
000819,-0.7550335570469802,-4.055150040551503,-9.348659003831417
002181,-6.528987845541579,3.206650831353919,-19.663492650457613
002491,-15.901060070671369,-3.6437246963562653,-44.36363636363636
002671,4.415584415584406,-1.2285012285012442,-2.898550724637683
300438,-38.78724516466282,-23.036477160696677,-44.81621112158341
002339,-1.1251758087201136,-5.637583892617448,-14.580801944106925
603880,14.285714285714302,-9.917355371900815,-14.760508308895403
688796,14.438646995322046,8.810195877170468,-14.26164318932399
002769,-3.221083455344065,-7.6815642458100575,-16.010165184243963
601519,-7.666290868094694,-7.977528089887653,-14.240837696335085
601500,-1.8041237113401998,-4.987531172069815,-6.845965770171148
603197,-2.6465661641541183,-1.7579445571331953,-5.863297700032399
002870,17.590238942552094,-3.6250000000000004,-12.716981132075478
600733,1.642710472279263,-3.696498054474695,-17.77408637873753
600703,-36.42347778387274,-11.661585365853655,-46.85923888124714
002162,12.534059945504094,1.4742014742014753,-10.02178649237473
688380,-30.42652391642203,-1.4673514306676516,-38.87118798361402
600505,-5.598543468365957,-2.354048964218458,-16.16814874696847
603097,-4.767005891805043,-5.975674246430451,-17.186772240335348
600556,1.3636363636363447,-3.0434782608695587,-19.494584837545126
000917,-0.4484304932735439,-5.531914893617018,-13.842173350582154
603933,-20.169133192389012,-0.892388451443582,-23.593686766491306
002672,5.459770114942519,-3.16622691292876,-11.13801452784503
600990,-8.729743857814942,-7.619047619047603,-13.735177865612636
603615,-2.067868504772008,-3.298429319371743,-7.650000000000001
605100,-14.347715088077617,2.0377128953771084,-19.21502528292801
603693,-5.118110236220463,7.397504456327986,-10.74074074074074
688227,-28.68271247378408,-0.06996921354603947,-34.24493554327809
002046,-14.599249895818867,17.19405261151352,-18.472351147062728
603289,31.411764705882362,24.66517857142856,0.0
300458,-14.289508632138103,4.0967741935483915,-22.632462239271156
300124,-27.525987525987528,-15.72925060435133,-27.525987525987528
603105,26.093088857545844,17.322834645669282,0.0
300660,-29.678582156803845,-2.9838375466224587,-29.678582156803845
603116,19.407894736842103,12.558139534883717,0.0
301377,-32.247021507040074,-13.584784646504511,-46.80989978742788
600058,-19.441860465116278,-14.84759095378564,-27.104377104377107
688052,-4.221789883268478,-2.8764204545454475,-17.95
002110,-3.071672354948818,-8.090614886731395,-13.677811550151986
002638,21.446384039900266,4.5064377682403345,-1.2170385395537497
002841,16.543340380549676,-4.813295920569816,-15.110683349374398
600037,9.636650868878371,-2.8011204481792618,-4.143646408839774
002125,-10.384615384615381,-10.59094397544128,-36.856368563685635
600309,1.506508702647369,-10.138547196685222,-11.094030233153983
603117,9.944751381215466,-1.2406947890818976,-5.910165484633579
002295,9.783845278725845,-2.030456852791873,-21.672077922077925
300259,-32.71186440677967,-9.977324263038545,-40.12066365007541
603887,-11.075612353567632,-12.289915966386555,-33.14651721377102
000504,54.88721804511276,47.14285714285713,-9.978150036416611
002067,-5.952380952380953,-6.839622641509435,-16.490486257928126
000688,-33.230941077911204,-24.09523809523809,-37.847673511827395
000415,-7.936507936507953,-9.576837416481077,-13.247863247863256
600251,12.076749435665924,-15.63296516567545,-17.593360995850627
603663,-29.125753590275615,0.06920415224913601,-41.44089418053699
300777,-33.61983471074381,-11.813790074659646,-33.61983471074381
600865,23.426573426573416,14.239482200647258,-29.913964262078096
002935,-21.29310344827585,16.23169955442394,-21.29310344827585
300604,-17.766178851045545,-10.169246869474213,-33.44117647058823
000957,-0.9275303231067067,-4.89236790606653,-8.215297450424918
605358,-29.215747055176678,5.644228544991914,-42.690425398418874
600410,-6.084485208629376,7.464892830746495,-24.631971801783138
000100,-15.044247787610631,-3.2258064516129115,-21.568627450980394
600506,12.896551724137929,1.3622291021671895,-11.752021563342318
605069,-22.82680822826808,9.61357210179077,-29.429611650485434
002564,13.33333333333333,12.831858407079654,-7.10382513661203
600126,-2.148760330578514,-12.426035502958577,-19.783197831978317
601012,-13.86454183266932,-13.03298471440064,-18.599397590361434
600307,2.127659574468077,-4.0000000000000036,-7.692307692307699
603991,13.404101008769054,28.071481757259864,-7.312604408040091
000550,0.29241585267218984,-1.3463892288861579,-9.69187675070028
603191,-17.888748419721868,-13.630319148936165,-28.152654867256633
601727,-7.284768211920523,-3.157894736842104,-13.277673040667926
603162,35.202492211838,2.681388012618302,-16.10824742268041
000007,-9.834710743801644,-13.41269841269841,-19.955979457079977
600419,9.250000000000004,-2.0179372197309364,-6.423982869379008
000729,3.038936372269707,-6.060606060606066,-16.730621642363776
603331,7.423580786026207,-3.149606299212593,-11.319394376351832
688257,-50.638297872340424,-3.589743589743577,-51.234347048300535
002969,-23.751783166904428,-14.752791068580539,-29.252150893448047
002350,-1.3235294117647012,-8.019191226867717,-19.544364508393286
002331,-6.648199445983371,-3.299856527977041,-17.60391198044009
600183,-17.93133474312726,-9.406110538963276,-29.513888888888896
600711,-10.963105775129256,-14.986193623964528,-24.07144458560646
000029,-4.894179894179896,-9.102402022756007,-26.23119015047879
002900,31.256281407035182,-1.7306245297215805,-16.442738323736407
002875,-14.28571428571428,-3.4168564920273314,-26.47398843930636
603278,-10.982658959537572,18.072289156626486,-10.982658959537572
600383,9.589041095890405,3.8961038961038863,-4.3824701195219085
603680,-5.534351145038164,-4.162633107454017,-8.83977900552485
002413,-7.923771313941829,15.32663316582914,-9.018830525272548
600521,3.244646333549639,-3.3414337788578385,-12.774122807017541
002051,-19.106463878326995,-2.0713463751438455,-37.05621301775148
603335,-30.254041570438794,-10.252600297176828,-34.7027027027027
300579,15.655577299412915,2.249134948096887,-2.273666804464658
002161,12.002853575887285,-8.321167883211666,-21.890547263681583
000661,2.233178654292356,-7.1390937829294066,-18.77880184331797
002030,7.662835249042144,-0.1776198934280604,-5.862646566164154
603712,-13.569776407093293,-2.1815008726003504,-14.165390505359877
600212,2.893309222423146,-8.520900321543401,-12.996941896024461
600893,-1.6026456372424391,2.058047493403703,-7.264444977223694
600215,-1.9199999999999995,-3.0063291139240556,-10.901162790697672
600435,-5.069930069930074,1.3059701492537101,-9.800664451827245
002140,-3.1216361679224924,-3.0172413793103425,-9.547738693467334
605399,-12.26765799256505,5.640107430617736,-19.673247106875415
000552,3.3898305084745894,-10.62271062271063,-11.272727272727279
300496,-15.13556618819777,-5.856334041047417,-17.885802469135804
600815,48.58156028368796,-6.053811659192821,-9.892473118279565
688046,50.99052540913007,7.8769230769230925,-14.383394383394387
600057,6.725663716814156,-8.774583963691374,-10.134128166915046
002151,-12.326656394453018,-1.7610497237569134,-14.461815995189408
002787,-15.168918918918928,16.95388914764788,-25.71005917159763
301110,-10.678137651821872,0.8571428571428452,-12.472105132655598
600657,30.084745762711872,12.867647058823506,-12.285714285714288
601077,5.213270142180093,-1.9145802650957222,-5.397727272727271
002093,26.315789473684205,18.950437317784253,0.0
603132,6.543209876543221,-14.342431761786589,-16.578057032382787
001979,8.955902409455984,0.41899441340782495,-5.890052356020936
003022,-20.881971465629046,-8.909905425584864,-36.2369337979094
002058,-18.10598626104023,-1.9964768056371152,-21.753398968588833
600791,-16.399506781750915,-12.965340179717588,-37.10575139146567
002176,-20.550639134709925,-10.816777041942604,-28.24156305506217
600228,40.63800277392511,22.021660649819495,-16.129032258064512
600963,3.7735849056603765,-7.042253521126762,-8.07799442896936
002212,26.82926829268293,5.050505050505061,-6.306306306306297
002368,-8.63570391872278,-10.645848119233502,-27.560414269275025
603226,-44.46153846153847,-22.1143473570658,-46.725696365984135
000510,-22.333182024512034,-3.4968979131415723,-34.942965779467684
002876,-0.15827793605571738,6.8790240596407815,-10.550198525241061
600744,-5.039370078740147,-5.039370078740147,-24.05541561712846
002812,-30.103859866687333,-17.235682819383246,-37.418459403192216
600248,1.454545454545464,-5.423728813559325,-7.308970099667766
601211,-13.216313887454834,-6.194196428571441,-15.101010101010115
603052,-30.123522380130176,-9.651382448909496,-42.25027442371021
000695,-0.4739336492891044,-15.265635507733688,-19.12708600770219
688609,-12.599206349206348,-5.674518201284795,-23.524305555555546
601952,13.548387096774196,-6.382978723404253,-16.902738432483467
603730,-28.230769230769226,-13.770794824399257,-28.230769230769226
002205,10.476190476190483,7.906976744186034,-9.233176838810643
600661,22.015915119363385,4.308390022675734,-6.598984771573613
601588,6.060606060606055,-0.5681818181818232,-3.314917127071826
002551,17.07317073170731,-0.591715976331364,-1.7543859649122862
002388,43.27808471454881,19.692307692307697,-2.2613065326633097
002376,12.668918918918926,-1.1851851851851891,-4.850213980028528
002066,-6.562054208273905,-11.922904527117883,-13.321570357300406
603559,-10.393541876892021,-7.306889352818368,-18.681318681318672
600584,-27.96432896620059,-12.62019230769229,-38.61525471432592
300773,-6.62337662337662,-8.524173027989823,-18.757062146892643
002189,-11.588785046728955,-0.7345225603357708,-16.09756097560975
000503,17.721518987341778,6.4377682403433445,-3.626943005181338
003032,61.737523105360445,-16.187739463601524,-34.11144578313253
600138,2.0618556701030855,-4.545454545454541,-8.454425363276098
605598,-43.42199856218547,-12.813884785819784,-43.42199856218547
300005,-55.475687103594076,-7.712532865907107,-56.89725747032337
688433,-4.193168433451122,-16.31687242798354,-27.95394154118689
601162,-5.163043478260865,-8.638743455497377,-10.969387755102034
600775,-4.037267080745344,-4.037267080745344,-13.364485981308405
002076,-14.693877551020417,-2.336448598130858,-22.014925373134343
002645,-33.566978193146426,-10.913838120104435,-52.57158743397275
000975,11.542338709677423,-18.967411204686925,-24.367737525632272
000981,-9.121621621621623,-0.37037037037037646,-16.45962732919255
002741,-22.795440911817643,2.0618556701030855,-38.06544754571705
300763,-31.466421825813217,-16.466826538768984,-45.35661995398452
603043,-2.1021021021021102,-6.5232974910394255,-8.426966292134841
300867,-10.133333333333328,-4.043280182232333,-12.056367432150306
000898,4.232804232804233,-6.635071090047385,-6.635071090047385
605158,15.3618906942393,-5.447941888619856,-5.790108564535579
002387,-18.787878787878785,-8.469945355191255,-25.555555555555554
600586,-9.490740740740744,-9.69976905311778,-14.999999999999991
002374,-4.385964912280704,4.14012738853502,-7.887323943661961
001258,44.22535211267606,-23.00751879699249,-35.7187696170747
603127,12.031558185404334,-4.417332772402194,-15.695732838589983
000595,-12.82051282051282,-5.061082024432806,-18.44077961019489
003030,12.051282051282053,8.751555371215257,-4.862119013062404
002382,14.04494382022472,0.6611570247933907,-0.6525285481239762
002892,-14.05622489959839,-6.243154435925524,-14.656031904287126
000717,-3.1818181818181968,-8.974358974358976,-9.361702127659587
000524,-1.683501683501687,-14.033366045142293,-16.88804554079696
002246,30.86614173228346,23.660714285714278,-8.781558726673977
603727,13.022981732469074,3.5637149028077797,-0.1561686621551317
002234,10.155148095909738,-5.218446601941751,-8.761682242990664
000050,-30.828729281767963,-6.845238095238093,-41.604477611940304
002456,-29.697624190064797,-14.454664914586079,-31.61764705882353
002855,31.127197518097205,-13.387978142076506,-33.78590078328981
002403,-2.2408963585434205,13.311688311688318,-23.296703296703292
002489,2.8169014084507005,3.180212014134276,-6.709265175718848
600201,-7.311129163281882,-9.873617693522906,-18.32498210450967
002905,22.00557103064067,7.749077490774892,-5.80645161290324
600088,12.108819345661459,9.177489177489173,-22.1604938271605
600727,7.030129124820661,-4.846938775510202,-7.098381070983805
688400,-41.95664974903962,-13.929313929313935,-41.95664974903962
000692,0.4878048780487809,-5.287356321839065,-15.573770491803273
002792,-17.030567685589524,-1.713546718396386,-21.30468547760809
002097,-9.749228912431263,-8.060109289617479,-15.948545023104776
603801,7.381370826010536,-6.288343558282195,-15.491009681881051
600682,6.111111111111112,0.0,-4.0201005025125465
301638,-12.49466950959488,-8.840515326521558,-21.07692307692308
002567,3.418803418803429,-5.958549222797926,-12.318840579710145
002989,-19.921234000656384,1.3289036544850585,-36.90199120765452
000567,-5.519480519480513,-16.975748930099854,-17.912552891396327
688293,69.66674223532078,35.82577132486389,-11.952941176470588
605068,6.71211326691139,14.906832298136653,-13.404255319148927
000995,13.413413413413423,1.070472792149868,-4.949664429530198
002713,-19.162640901771343,4.583333333333339,-21.50117279124316
300209,21.91930207197381,0.029824038174752765,-14.656488549618318
000563,0.6993006993007089,-5.573770491803276,-8.280254777070073
600155,2.4691358024691246,-7.923930269413626,-8.069620253164567
600718,6.811989100817439,-5.655836341756926,-8.837209302325578
002657,-32.54189944134078,-11.10429447852761,-36.39157155399474
601678,-17.510853835021713,-16.05301914580265,-25.78125
601208,-20.188531029065203,-0.9360374414976724,-36.324893457006766
002902,-7.658959537572263,-6.476399560922063,-29.275041505257338
603333,11.557788944723635,-13.702623906705524,-13.870029097963144
600740,12.349397590361445,-5.808080808080806,-8.578431372549023
600018,14.103923647932138,3.262955854126681,-3.063063063063065
600619,-9.60219478737997,-9.540150995195606,-16.897856242118536
601106,-13.030303030303026,-6.818181818181812,-18.465909090909083
600256,32.89036544850499,3.9755351681957096,-8.35579514824798
301068,-9.731162438470275,-13.40355975299673,-22.040549378678875
002799,10.1123595505618,-1.0101010101010055,-3.1073446327683607
002923,-1.3761467889908285,-3.1531531531531543,-9.129332206255281
688005,-19.88575508746876,-14.967790829859794,-35.256780150028845
002158,-31.442869057547952,-11.928571428571432,-33.495145631067956
600241,19.287833827893163,7.199999999999984,0.0
603328,9.234608985024973,19.79927007299269,-13.618421052631568
605189,-13.70716510903427,-7.233757535164099,-19.00584795321638
002214,20.701513067400292,17.469879518072307,-6.748140276301806
000910,27.37430167597765,24.13793103448276,-9.999999999999998
688828,,-16.804722460249454,-26.261603375527432
603001,-1.221640488656195,37.88063337393422,-19.943422913719942
000537,-2.1505376344086002,-3.95778364116095,-16.9897377423033
002793,10.208816705336442,-6.126482213438733,-12.361623616236162
002916,-18.372645660975184,2.3675496688741804,-18.98231054815461
603528,5.930807248764403,0.9419152276294973,-2.427921092564489
301175,10.399999999999988,-1.2522361359570744,-3.832752613240431
603773,-27.06783369803063,5.4969402827600655,-43.825842696629216
000892,26.608187134502927,10.741687979539648,-26.109215017064848
002739,-16.34320735444331,-2.2673031026253176,-24.02597402597403
000011,52.63951734539969,10.601092896174858,0.0
002543,14.086687306501556,1.6551724137931156,-6.708860759493673
301179,-4.518664047151266,-5.905130687318483,-14.020344980097299
000151,-4.249291784702547,-0.9765625,-23.644578313253007
605218,-13.308457711442777,-7.620941020543404,-20.84043157296991
603169,-13.716814159292046,-11.363636363636365,-27.0573566084788
000932,-3.9548022598870136,-9.814323607427056,-14.572864321608037
002647,5.306495882891116,-3.032855939342871,-8.50556438791733
002157,0.6920415224913601,-3.6423841059602613,-11.280487804878037
688530,-29.144055254070047,-6.096763648251057,-42.37135118868491
002139,-6.6147859922178975,0.20876826722338038,-9.262759924385634
600343,-28.33690221270522,10.087719298245613,-31.83978275627971
002084,66.66666666666666,0.0,-20.000000000000007
688099,-8.338525441329182,-1.594202898550734,-14.640750410985405
001269,-6.490384615384626,-0.2564102564102555,-16.55941655941656
002324,-27.99003322259136,-10.155440414507776,-33.35895465026903
603386,-6.859592711682749,22.74011299435028,-16.36188642925891
600828,15.405405405405382,4.400977995110011,-16.274509803921568
600802,67.35632183908046,51.35135135135136,0.0
300073,-22.990455991516434,-11.546894031668685,-32.00374531835205
301071,-21.55510640827487,7.898609975470161,-35.916860916860905
002828,11.422637590861884,-15.177865612648223,-20.40059347181009
002810,-18.885572139303484,-4.908547965658827,-20.592246249756474
002709,-43.51130886169818,-17.75978407557355,-45.82147937411095
600988,21.90201729106629,-22.448563862293746,-22.981994740036416
000930,14.89841986455982,-0.9727626459143934,-21.6923076923077
600331,0.512820512820511,-10.909090909090901,-16.536550745209368
688578,-18.644458090267126,-6.286472148541112,-19.947129909365568
002919,-21.596009975062348,-9.290248124639344,-28.739800543970983
003007,-4.247104247104239,1.6914402870322753,-4.247104247104239
000737,-2.684563758389258,-15.094339622641495,-20.76502732240436
001338,4.745762711864399,0.6514657980455807,-6.458123107971748
002377,1.403508771929829,2.8469750889679846,-16.71469740634006
603638,-31.182795698924725,2.1820117083555024,-31.182795698924725
603232,7.042253521126773,3.434867141931308,-11.333333333333329
000716,15.348837209302335,-12.522045855379194,-16.074450084602375
600686,-9.68543046357616,-4.716157205240168,-11.300813008130085
002918,2.7210884353741527,-6.70785525154457,-9.735269000853975
600078,-23.996852871754527,-14.36170212765957,-36.82145192936559
002379,4.644990046449893,-14.756756756756761,-26.101218369259605
603683,-49.235372340425535,-9.91150442477876,-53.15950920245399
000590,3.121387283236987,-6.8893528183716075,-7.946336429308564
605007,-2.484889187374084,-3.8410596026490107,-13.416815742397137
600392,-29.738219895287955,-12.211077191452247,-41.105909888823874
301669,-34.60135487232934,-9.353557240881184,-47.012877348532825
603968,20.144628099173566,7.585568917668817,0.0
688059,-41.88764013589781,-5.340909090909096,-46.30033135209707
002448,-12.753858651502847,-11.822660098522164,-22.342733188720175
002646,7.191521574564708,1.724137931034475,-4.0650406504065035
688111,5.03903477643719,-7.998342312474104,-20.47286405158516
300389,-1.2383900928792602,-0.0783085356303781,-5.691056910569103
000931,6.103286384976525,-14.393939393939403,-20.70175438596492
600569,3.5502958579881616,-5.913978494623661,-9.32642487046632
605122,9.758281110116386,4.7863247863247915,-1.049233252623094
600841,-18.479880774962744,-5.689655172413799,-19.440353460972027
301183,24.64639321074964,22.130792550887833,-10.125250980017208
600831,6.050955414012726,-0.5970149253731294,-6.4606741573033695
301349,-33.41017365913631,0.7674418604651123,-42.68518518518518
600499,-28.118939883645776,-21.855235418130714,-33.77010125074449
000970,-33.67718446601942,-10.262725779967163,-33.95770392749245
000791,-8.516129032258068,-2.071823204419898,-15.895610913404512
000062,-29.955099422706866,-12.112676056338035,-36.02811950790862
300964,-13.812949640287787,24.3598615916955,-16.58349773703146
600252,12.435233160621761,-9.958506224066399,-9.958506224066399
603885,-6.2380038387716,-7.393364928909962,-12.845673505798406
600075,6.58823529411765,-7.551020408163267,-12.038834951456312
603709,18.981481481481467,6.198347107438007,0.0
600362,-4.123711340206182,-16.506835339726578,-24.585329893107254
001366,13.126079447322958,2.423768569194684,-20.02442002442002
002497,-29.40100594421583,-20.000000000000007,-37.36308316430021
002471,-19.201228878648237,-2.0484171322160183,-21.021021021021024
002114,0.8498583569405138,-8.365508365508356,-13.592233009708742
001255,2.976639035418227,1.2222222222222134,-2.77481323372466
002127,6.884057971014501,0.0,-8.668730650154789
603121,-4.977375565610864,-8.959537572254339,-9.677419354838712
002747,-36.45298190752737,-9.65385836773579,-41.93877551020408
300307,-6.317204301075274,-6.818181818181824,-14.373464373464383
603010,-28.3175355450237,-0.49342105263158187,-34.5945945945946
002628,-9.999999999999998,-11.31386861313869,-12.589928057553944
002213,-20.691626178908262,-8.50642927794263,-33.84982121573302
002677,9.769094138543522,-9.11764705882353,-22.26415094339623
000518,7.514450867052025,-4.123711340206182,-12.676056338028163
000630,-12.055641421947438,-15.828402366863891,-28.24716267339218
002554,-12.297734627831714,-9.364548494983282,-17.629179331306986
002396,40.98290598290599,-10.084491687108187,-18.260654112983143
605288,-28.777054002941792,1.6341829085457338,-28.777054002941792
600712,5.294117647058827,-4.278074866310167,-21.376281112737917
002909,48.31013916500992,36.380255941499094,-14.449541284403677
002824,-21.446384039900245,-3.559127439724452,-36.52392947103276
600395,8.18965517241379,-12.543554006968648,-15.488215488215495
688836,,-21.427350427350433,-45.603550295857985
601121,17.717820931431504,-8.776135304301514,-10.562736649693171
000723,2.0771513353115667,-12.911392405063292,-13.78446115288221
603159,29.54279015240331,1.3761467889908285,-19.37249179131704
002048,-31.88405797101449,-5.302226935312837,-31.88405797101449
002300,15.828402366863914,14.641288433382126,-10.206422018348626
603099,13.996911413730162,2.1126760563380476,-3.9735099337748325
600490,3.6624203821655987,-20.122699386503072,-20.122699386503072
600801,31.69519602429598,-0.5006257822277704,-4.980079681274896
002128,12.993890020366594,-4.706286499484714,-5.742439687393819
002648,11.532056619483754,-5.6025369978858315,-6.394129979035645
002047,-31.497797356828194,-11.142857142857142,-36.00823045267491
603969,-10.250000000000004,-6.874189364461736,-11.793611793611802
600961,-25.608536178726236,-20.378301213418993,-37.524502940352846
600118,-34.97357685889115,-6.840444960982895,-38.50824127652114
000028,-4.420432220039283,-2.6026026026025995,-9.572490706319691
600675,11.16367076631979,0.42735042735044804,-6.374501992031856
000408,-3.390322446892302,-10.388061997615472,-21.463321461074337
002326,-38.04726850058117,-16.238868517548454,-42.892857142857146
688151,5.129829005699826,3.5558328134747352,-6.846240179573504
301281,-16.79971616107858,-2.69709543568466,-19.20757967269595
002163,-15.570934256055358,-15.862068965517228,-19.648737650933036
002766,6.400000000000006,-5.000000000000004,-11.333333333333329
002313,6.280788177339924,2.251184834123232,-7.303974221267451
002526,-5.185185185185192,-6.227106227106227,-8.896797153024917
001300,5.867126833477143,6.695652173913036,-5.1044083526682105
600165,22.545454545454557,6.645569620253156,-1.1730205278592365
000701,12.391304347826093,0.19379844961240345,-5.311355311355315
000059,38.08353808353808,0.8976660682226134,-8.617886178861788
688409,-27.789576866525078,-14.40329218106996,-42.26938775510204
002016,12.713936430317862,-2.9473684210526208,-4.752066115702469
688331,-22.27762803234501,-3.666583145410507,-22.27762803234501
600746,26.111111111111086,-4.755244755244769,-8.59060402684565
002428,-16.46521366707909,-11.930563917318882,-32.53132446767623
605286,-10.88635527767562,-9.892153216809218,-28.923437958345566
688208,-5.001923816852627,-5.18433179723502,-15.819979543129891
603260,-32.17028746982664,-11.861990305104076,-38.93717898064006
600150,3.520456707897246,9.48821161587119,-7.167235494880552
603421,0.6514657980456029,3.5175879396984966,-22.9426433915212
603085,-13.636363636363647,-2.6130653266331683,-14.625550660792952
002225,-26.2582056892779,-9.408602150537638,-31.083844580777086
600162,75.95190380761521,-18.097014925373145,-20.18181818181819
603122,27.26480836236933,18.01292407108237,-2.1433355659745468
002314,10.194174757281548,2.2522522522522515,-2.991452991452981
600470,-10.690789473684214,-13.53503184713376,-21.98275862068966
601636,-36.57957244655582,-9.183673469387754,-47.80058651026393
601212,5.984555984555984,-28.04718217562254,-28.04718217562254
300179,-18.682525160109787,22.491730981256875,-28.3225806451613
600323,6.03416939294803,-3.5064505458154094,-7.631412286257111
605378,7.417774667599719,5.570839064649258,-15.193370165745868
000672,-30.072257083095643,3.329586962629949,-37.47343364787894
600596,-21.503759398496246,-6.199460916442057,-41.348314606741575
000032,-36.05150214592274,-7.644628099173545,-47.780373831775705
002560,-14.24802110817942,6.035889070146827,-24.59396751740138
600500,-31.793478260869577,-11.463844797178135,-43.72197309417041
002868,-15.56316590563166,1.2779552715654896,-16.23254058135144
002846,0.2785515320334442,0.3717472118959231,-15.294117647058814
603459,-14.126659856996948,-2.6291406069029577,-25.077978789769183
000985,16.615136443070313,3.842470672731646,-3.7074037074037003
300031,-23.57661444401987,-5.482041587901698,-36.28544122331952
002480,9.07335907335909,3.860294117647056,-1.7391304347825987
688385,-17.057469925140545,6.230180936392471,-23.040540540540533
600188,12.471395881006853,-14.596003475238916,-16.765453005927178
002813,20.200501253132842,14.190476190476197,0.0
600980,-5.364861428934653,-7.25143284325942,-14.417107381007133
002129,-12.054001928640313,-7.128309572301439,-24.126455906821963
600995,-4.105090311986858,-6.709265175718848,-10.703363914373087
002745,-5.602006688963224,-3.0901287553648182,-12.071651090342684
600257,19.693654266958415,-6.655290102389088,-10.032894736842113
002686,14.10256410256412,-7.014925373134329,-11.756373937677045
002365,21.13970588235292,-14.35997400909682,-20.554550934297765
002074,-3.2653061224489743,-4.295154185022021,-14.859568909209663
603900,2.6446280991735627,-20.891719745222925,-20.891719745222925
300748,-29.635036496350363,-10.839807621161668,-29.921488804885144
001268,-8.948082553738491,-1.2010848508330008,-14.458235491445814
603176,16.44144144144144,-4.612546125461259,-6.340579710144922
301531,-27.682276229994084,-4.799063597346864,-34.924656620882786
688635,-37.81108312342569,-15.989519531781681,-53.19088427119674
688826,,-16.07188446980208,-34.366319444444436
002362,1.9292604501607746,-0.1260239445494582,-9.686609686609692
002705,3.0981067125645634,6.111603188662551,-2.680747359870028
002426,-27.04918032786886,-1.8382352941176516,-38.19444444444445
002132,-27.61248185776487,-10.738255033557042,-33.85278514588859
600101,-4.779411764705888,-1.6455696202531733,-13.570634037819806
002848,3.131524008350728,8.017492711370267,-5.363984674329503
603489,0.5481329222336351,6.1099060014461415,-8.395755305867658
600719,1.2919896640826822,8.58725761772854,-20.72800808897878
000759,-1.904761904761909,-1.904761904761909,-28.883774453394707
300395,-22.27492314448837,-1.2608792680205427,-36.69790399885543
688002,16.26952607889858,8.970223325062033,-5.963597430406864
000881,-1.710730948678063,-4.96240601503759,-7.467057101024888
600269,-7.444168734491319,-3.3678756476683946,-11.190476190476195
603113,11.574074074074069,-12.681159420289845,-20.593080724876444
000509,0.287356321839094,-1.1331444759206666,-14.460784313725483
000155,-7.319148936170206,-9.925558312655081,-15.384615384615374
603256,-40.945378151260506,0.9915930157361696,-52.676767676767675
688265,50.08519760347385,35.8457711442786,0.0
000877,-4.255319148936165,-5.759162303664911,-8.629441624365475
002976,-15.576208178438655,-7.19248058847568,-17.895878524945765
600120,3.8548752834467015,-7.287449392712553,-12.4282982791587
300428,-1.7027863777089647,-2.954661232806921,-7.7928363988383325
688328,-9.745145631067963,-9.745145631067963,-37.09718345597564
003041,-12.686230248306995,0.02585983966898464,-16.0408074668982
002842,-31.760797342192692,-23.224520308995768,-41.303105353400646
600030,-10.397236614853188,-7.124955245255993,-11.97828299966066
688327,-22.123893805309734,-6.0194174757281615,-33.056708160442604
000428,24.437299035369776,-14.945054945054936,-26.98113207547169
002108,0.23640661938533203,-4.932735426008961,-10.169491525423723
688307,-39.89530238324838,-9.948400412796698,-45.82815992053638
600330,5.821917808219168,-3.904630269523157,-21.882022471910123
600649,12.994350282485879,0.0,-3.8461538461538547
002998,24.41679626749611,2.564102564102577,-6.976744186046513
688220,-17.533977110157362,-6.327442616290869,-26.615213239974544
601949,14.754098360655732,4.597701149425282,-22.5531914893617
600192,8.320726172465953,0.561797752808979,-17.51152073732718
003016,16.2037037037037,6.205923836389293,-2.207792207792203
600232,7.131782945736442,5.175038051750369,-2.2630834512022635
603093,3.9807558004190335,1.3615733736762392,-11.175924698395868
600487,-32.185193469022586,-11.732168850072789,-50.58992243008931
603669,-3.5947712418300637,7.468123861566478,-27.250308261405664
600408,19.84126984126984,-2.265372168284785,-8.761329305135956
300590,-21.31728045325779,-1.507092198581561,-32.17338217338217
600010,-8.444444444444443,-9.64912280701753,-18.253968253968257
600292,-11.538461538461553,-12.101910828025487,-25.40540540540541
601127,-27.086028460543332,-10.871713777426372,-30.949464012251138
002493,17.208904109589042,-5.910652920962212,-9.577278731836202
301536,5.540425531914894,6.464629120879128,-9.481751824817518
603630,0.6401137980085236,-0.7713884992987308,-9.929980903882885
601069,-7.487456580470864,-22.95081967213115,-29.665492957746476
002199,-6.677524429967418,-8.975377283558373,-19.52247191011236
002347,3.7156704361873905,4.56026058631922,0.0
002449,-13.848202396804265,-2.413273001508298,-19.42714819427148
600664,133.4394904458599,-18.555555555555557,-22.760800842992623
002488,-25.25987525987525,-11.887254901960787,-28.741328047571844
601996,33.95348837209302,8.679245283018865,-4.0000000000000036
600438,-6.271186440677967,-7.52508361204014,-18.01334321719792
000545,-12.195121951219502,-19.70260223048327,-23.674911660777386
603886,-4.881769641495037,-1.2668250197941378,-5.026656511805028
300112,60.06240249609984,0.0,-13.417721518987335
600760,4.107614700936835,-6.835769561478933,-11.388264158658746
601969,1.7321016166281789,-10.010214504596515,-11.189516129032251
000782,3.069053708439906,0.7500000000000062,-6.279069767441847
601118,21.995926680244395,-10.194902548725636,-26.50306748466258
000636,-20.134323866246373,-9.0712353471596,-37.10942859637525
600280,8.303249097472932,-3.8461538461538547,-14.04011461318052
601086,129.04624277456648,90.04796163069544,-12.720264317180618
600022,0.0,-7.299270072992703,-9.92907801418439
002931,-48.38623987249303,-15.337690631808275,-51.15021998742929
300953,-37.458305537024685,1.2419006479481798,-37.458305537024685
002791,10.211524434719177,-0.9829619921363109,-5.385097056981847
603800,-29.7423887587822,-12.380334252798963,-38.95546009495817
002506,-22.22222222222222,-17.204301075268813,-27.586206896551722
603992,-40.38165589412127,-7.8934854969091806,-40.436654366543664
601595,36.11061231818997,36.49459783913564,-7.711038961038974
603633,-13.604488078541365,-6.382978723404253,-21.62849872773537
603819,35.679611650485434,18.93617021276597,-3.2313906520484603
605588,-26.66122448979592,-4.384844614729666,-35.9292540293824
000678,11.053180396246098,20.20316027088038,0.0
601995,-15.089086859688205,-9.843334318652076,-19.968512201521904
300916,19.539730785931386,5.559815950920255,-2.2719204827831074
000048,-15.442561205273064,-18.989625620207494,-25.754443985117813
603997,10.885458976441909,19.213973799126638,-4.745289602233072
000402,6.0975609756097615,2.35294117647058,-6.1151079136690605
603666,-13.25619834710744,-2.0164301717699895,-13.627386438446354
002453,-0.43290043290044045,0.8771929824561431,-21.635434412265763
002329,19.191919191919183,-11.27819548872181,-23.376623376623375
605178,-46.27686156921539,-7.260963335729686,-46.27686156921539
688603,-31.349206349206348,-0.6625441696113121,-45.924501081990854
600653,8.387096774193537,-3.4482758620689724,-10.160427807486638
600756,7.869634340222587,-5.894590846047154,-18.596280743851235
600676,-1.0370370370370363,-1.3293943870014702,-9.607577807848443
600603,1.7429193899782147,-3.31262939958592,-7.524752475247521
002178,9.375,5.150214592274693,-12.343470483005358
002086,12.849162011173188,-7.339449541284415,-11.013215859030833
002723,-23.092998955067923,-3.6649214659685736,-23.092998955067923
000659,-10.749185667752437,-6.802721088435371,-20.11661807580175
603711,-0.2553191489361617,-3.539094650205754,-6.08974358974359
601933,-4.207119741100318,-6.0317460317460325,-11.904761904761907
002392,-14.07237219988512,-5.91194968553459,-17.027176927343312
002625,-30.087118855009344,-20.880281690140844,-30.808314087759825
002702,18.00433839479392,3.2258064516129226,-19.882179675994106
002806,-19.530823786142925,2.5730180806675884,-29.018286814244465
002072,-26.452282157676354,-23.84532760472611,-26.452282157676354
601567,0.0,-1.1486486486486536,-13.941176470588236
000681,-19.753086419753096,-5.591866376180111,-32.20338983050848
001388,7.560193488776545,-7.480130902290794,-25.93562874251497
603329,7.225130890052345,-1.9157088122605304,-3.5781544256120457
000876,0.5899705014749346,-4.881450488145045,-13.780025284450058
002479,32.11845102505695,-1.6949152542372947,-5.691056910569115
601003,-0.2881844380403509,-14.567901234567904,-17.422434367541772
603588,-16.225839267548324,7.2265625,-16.225839267548324
002990,-28.002822865208188,8.995726495726508,-35.43037974683545
600826,-15.894736842105262,3.363518758085382,-17.2020725388601
000090,16.56843483955468,-0.5586592178770999,-2.997275204359673
603988,-3.749999999999998,-16.797642436149307,-28.250741211351116
002885,-33.66986370519939,-6.5766086029150355,-43.93001920204821
002101,-6.6165080770081985,-4.199772985244055,-9.539121114683823
600706,14.002828854314009,-2.1844660194174748,-14.34643995749203
601992,2.985074626865658,-2.8169014084507116,-4.166666666666674
002465,-23.076923076923073,-0.990099009900991,-26.36229749631811
301500,-17.419131638124895,-0.0837170364169082,-20.23391812865497
000913,-0.56657223796035,-8.59375,-13.404605263157897
002782,-29.01606425702812,-6.419589675711446,-43.507790651218535
603608,-25.82755966127791,-2.1827411167512634,-32.50437828371279
000571,-7.309941520467833,1.2779552715654896,-14.092140921409213
002107,8.99892687413768,-1.6597510373444035,-3.5278154681139706
002348,-0.2851711026615855,-6.422836752899197,-16.67990468625893
600230,-0.6375027478566664,-11.60365058670143,-14.87758945386064
002355,4.783599088838275,-6.504065040650408,-9.090909090909093
300613,13.393227366966155,11.090047393364944,-5.5709023941068025
601633,-8.18908122503329,-9.986945169712802,-18.97767332549941
000006,-1.2145748987854255,-2.1390374331550777,-6.870229007633588
603629,-16.939973426173538,-17.657357232180082,-36.84338412548198
002038,-12.225705329153612,-10.828025477707016,-20.903954802259893
002613,-10.354223433242504,-6.2678062678062645,-34.199999999999996
605299,-9.292035398230091,-5.529953917050678,-15.113871635610765
600579,-13.02149178255373,-1.9943019943019946,-16.707021791767552
688795,-36.49057951880212,-23.413501161309657,-46.12911725955205
002548,-4.691358024691361,-11.059907834101379,-18.220338983050844
001323,8.392857142857135,-3.854276663146783,-9.177057356608476
002655,-15.163430818382883,-9.680795395081098,-32.485820457656956
002993,-50.63810391978121,-14.115781126090399,-54.629241726015906
002928,-12.769010043041607,-4.100946372239744,-23.037974683544306
002309,-0.3610108303249149,-9.80392156862746,-20.46109510086457
301563,-33.59151799885721,-14.472608340147186,-47.91614798585869
688213,-12.620898919021418,-5.940594059405935,-13.934809003455673
301583,,9.704,-38.17403065825068
002980,-5.154639175257736,-0.6046188918624185,-25.342465753424648
600736,-4.101326899879365,-7.826086956521738,-14.308811641067088
002545,-19.275700934579444,-23.856749311294756,-29.489795918367346
000089,3.1446540880503138,0.0,-3.9531478770131856
600808,-5.905511811023622,-9.811320754716979,-11.152416356877314
603722,-28.055555555555568,-5.285904255319151,-35.61581920903956
002913,44.88188976377954,40.1964104300711,-8.870790226722436
000156,8.860759493670889,-0.721500721500723,-5.753424657534245
603660,-16.71159029649597,-14.087117701575536,-30.923994038748138
002180,-1.832620647525962,-5.858230814294085,-18.38496698831895
603898,-23.549442478466986,1.417183348095663,-28.019111083170934
000863,2.0930232558139528,2.3310023310023187,-7.578947368421063
000713,11.090909090909108,-8.66965620328849,-15.491009681881051
300759,46.85052774940415,-1.4846962083142956,-15.679374389051803
688183,-13.776548132476208,-19.23780487804878,-23.328509406657016
603616,-4.623287671232868,-2.108963093145877,-15.733736762481087
002943,-34.94949494949494,-14.28571428571429,-44.72630173564753
002562,6.208425720620858,-4.391217564870253,-8.935361216730032
605180,14.331983805668003,8.866615265998457,-1.1204481792717047
601966,-3.8175046554934866,-7.685433422698829,-12.679628064243452
600927,-6.682206682206681,-8.599695585996958,-11.691176470588239
600397,-37.23196881091617,-16.10213652944241,-46.24373956594323
000776,-14.685615848406552,-7.5594960335977675,-18.678160919540232
605077,2.780269058295959,2.780269058295959,-16.835994194484748
688308,-53.42066957787481,-20.07992007992008,-60.095770151636074
600433,-5.341246290801194,-7.8034682080924895,-8.069164265129691
600776,-5.067698259187625,-5.1044083526682105,-21.270452358036586
600567,-7.801418439716301,-4.4117647058823595,-7.801418439716301
000762,-24.981384959046913,-14.36464088397791,-33.69529450477131
002640,29.41176470588236,16.129032258064502,0.0
600366,-36.48247177658942,-8.632478632478636,-36.48247177658942
601002,13.566739606126909,-1.7045454545454475,-7.486631016042777
002762,13.240418118466902,3.1746031746031855,-8.278457196613365
688779,-9.811320754716979,-11.152416356877326,-21.895424836601308
603356,-8.10210876803552,-2.7598355842630817,-14.28571428571429
002421,-6.567164179104479,-3.9877300613496924,-25.65320665083135
600172,-2.1352313167259718,14.424410540915389,-11.764705882352933
002240,-41.9477434679335,-25.14548238897396,-48.39527027027026
002712,12.962962962962955,3.1712473572938604,-9.293680297397767
603031,-30.386217341915934,-8.441235059760944,-36.40608785887236
001316,-17.01743836440167,4.1116559788759055,-23.65145228215767
600063,-29.882044560943644,-9.780775716694778,-39.548022598870055
600848,12.317880794701995,-1.965317919075149,-5.35714285714286
002115,-10.757717492984098,-10.25399811853247,-21.54605263157896
601168,15.571526351813848,-13.675869120654383,-21.59275597863942
688620,1.2033694344163681,7.407407407407418,-8.387799564270148
600158,1.9117647058823461,-3.4818941504178302,-7.845744680851063
603317,-10.32763532763532,-7.290132547864503,-16.952506596306073
601869,-16.968733216087283,-6.6625627426839635,-31.996446468462402
002272,-38.00515907136715,-12.340425531914889,-41.21483897268651
600843,-10.70615034168565,10.26722925457102,-12.402234636871501
603659,-26.031294452347087,-12.678421494542402,-32.68608414239481
000727,-14.342629482071711,-6.926406926406936,-22.38267148014441
000069,11.377245508982048,1.6393442622950838,-3.626943005181338
300666,-29.967789518046906,-2.9939121007422242,-41.003727842162654
603200,-13.479990638895389,-15.284142988084326,-21.92185850052799
601066,-18.173743116006392,-9.968725566849091,-23.424771404821275
600081,9.354143135845572,2.3054755043227626,-0.4672897196261627
603183,36.79999999999999,7.322175732217562,0.0
000792,-21.35328119687182,-18.498942917547566,-26.196553924696875
301165,7.8828116766782586,-14.262981574539369,-30.83108108108108
688758,43.32262505736577,15.32496307237814,-8.038869257950532
