代码,名称,最新价,涨跌幅,昨收,今开,最高,最低,成交量,成交额,换手率,市盈率-动态,市净率,总市值,流通市值
920000,XD安徽凤,14.33,0.561,14.25,14.21,14.68,14.21,830609,11981095,1.44218,19.903,1.923,1313774400.0,825320945.2499999
920001,纬达光电,11.2,0.358,11.16,11.3,11.48,11.12,1462334,16514144,1.62387,-86.154,2.451,1720836364.8,1008588156.8
920002,万达轴承,51.94,-0.726,52.32,51.56,55.9,50.33,1968031,103030092,4.41291,37.638,4.355,3308793810.7,2316376126.82
920003,中诚咨询,16.83,4.275,16.14,15.9,16.88,15.38,3490676,56631221,17.93178,8.812,2.554,1524798000.0,327619848.6
920005,鼎佳精密,24.08,-2.746,24.76,24.7,24.94,24.03,798875,19555946,2.0852,28.0,3.181,1998640000.0,922546289.8399999
920006,晟楠科技,16.75,-2.446,17.17,17.16,17.5,16.62,1344314,22745476,2.81254,186.111,4.883,1512310600.0,800601626.0
920007,酉立智能,32.15,1.101,31.8,32.09,32.4,31.83,113138,3637518,0.96648,13.122,2.202,1431718267.5,376355937.5
920008,成电光信,20.3,0.945,20.11,20.1,20.66,20.1,454407,9295063,1.3338,79.827,4.068,1294125000.0,691594467.9
920009,丹娜生物,34.93,2.045,34.23,34.75,35.86,34.2,425877,15054606,4.22497,17.465,3.89,2708681780.0,352094400.0
920010,凯添燃气,8.9,4.829,8.49,8.49,8.95,8.45,7008246,61207702,4.02255,74.167,2.977,2087050000.0,1550592291.7
920011,晨光电机,17.58,0.457,17.5,17.47,17.75,17.47,225541,3975219,1.21259,11.642,1.686,1453280005.8600001,326988017.58000004
920012,创达新材,47.7,-3.167,49.26,49.4,49.87,47.7,636845,30825404,3.30014,26.949,2.778,2352439026.0,920491227.0000001
920014,特瑞斯,8.56,0.588,8.51,8.58,8.67,8.54,538809,4645731,0.80363,122.286,1.342,1043093720.08,573924870.88
920015,锦华新材,43.5,0.928,43.1,43.68,45.86,43.12,2208853,98367529,5.52042,23.925,3.5,5897150014.5,1740541140.0
920016,中草香料,14.8,5.563,14.02,14.02,15.0,13.98,1914160,28061584,5.59087,59.2,2.902,1139332549.2,506710826.4
920017,星昊医药,15.99,2.83,15.55,15.51,16.17,15.51,1366936,21754218,1.11002,19.036,1.213,1990873597.83,1969089621.33
920018,宏远股份,14.96,2.116,14.65,14.76,15.13,14.69,1036864,15499197,1.58377,14.524,2.566,2476305357.68,979404466.48
920019,铜冠矿建,15.6,-2.01,15.92,15.93,16.07,15.42,2003890,31295939,1.1961,82.105,3.482,3280160520.0000005,2613556389.6
920020,泰凯英,14.76,0.0,14.76,14.71,14.82,14.7,222333,3278703,0.39987,15.644,2.806,3320188200.0,820669298.76
920021,流金科技,7.66,-2.42,7.85,7.86,7.99,7.56,16905660,130541392,6.82906,255.333,3.665,2366939869.78,1896268795.18
920022,世昌股份,16.92,0.118,16.9,16.78,16.99,16.76,680313,11478990,2.75152,11.432,2.428,1020631320.0,418347000.0
920023,*ST田野,1.4,0.719,1.39,1.38,1.4,1.37,2424277,3358116,0.90186,36.842,0.379,458225600.0,376331942.0
920025,凯达重工,12.49,-5.665,13.24,13.5,13.69,12.48,13997376,180966603,27.44584,29.047,3.663,2810250000.0,636990000.0
920026,卓兆点胶,16.85,0.477,16.77,16.81,17.16,16.7,627390,10622956,0.72428,26.746,3.058,1936202226.3999999,1459583008.4499998
920027,交大铁发,11.4,1.333,11.25,11.29,11.48,11.24,396461,4527797,0.55027,17.813,2.545,1173795870.0,821357745.0
920028,新恒泰,15.21,3.189,14.74,14.9,15.3,14.79,1219842,18413824,1.87785,16.9,2.151,2499915600.0,988035516.0000001
920029,开发科技,32.39,0.59,32.2,32.44,32.6,32.11,316502,10241318,0.15718,5.911,1.816,6702823297.87,6522206131.120001
920030,德众汽车,5.12,3.854,4.93,4.96,5.22,4.85,10758889,54656865,9.5996,-30.118,2.09,915659166.72,573831567.36
920033,康普化学,13.15,0.458,13.09,13.09,13.35,13.09,277227,3671414,0.33468,69.211,2.008,1566628537.5,1089244153.25
920035,精创电气,23.4,1.651,23.02,23.1,23.57,23.1,202068,4717630,1.28405,17.594,2.782,1624428000.0,368241120.0
920036,觅睿科技,30.86,-0.419,30.99,31.3,31.3,30.2,249784,7719329,1.9124,15.907,2.798,1679457581.22,403071008.22
920037,广信科技,37.84,0.745,37.56,37.51,38.18,37.51,342554,13001781,0.43756,15.258,5.322,4845339006.64,2962415271.2
920038,森合高科,38.25,2.906,37.17,36.94,38.86,36.8,2746557,104050923,5.16108,11.991,3.471,3997323938.25,2035538048.25
920039,国义招标,7.54,0.0,7.54,7.56,7.62,7.49,540538,4076532,0.35141,37.7,2.167,1159802800.0,1159802046.0
920045,蘅东光,513.0,1.223,506.8,520.0,535.0,510.11,865568,451544761,3.07173,97.343,26.173,48888985671.0,14455595637.0
920046,亿能电力,19.16,1.483,18.88,18.89,19.24,18.89,1259615,24058548,2.25225,127.733,7.633,1938034000.0,1071562028.92
920047,诺思兰德,15.72,3.082,15.25,15.33,16.13,15.25,4842419,76551015,2.68864,-78.6,17.275,4311555431.28,2831273032.44
920050,爱伦医疗,27.8,0.542,27.65,27.65,28.26,27.6,93950,2625181,0.51898,15.027,1.795,1881485485.2,503253697.8
920055,隆源股份,25.23,0.759,25.04,25.04,25.31,24.86,131370,3307750,0.85863,9.011,1.41,1715640000.0,386019000.0
920056,能之光,14.03,0.214,14.0,13.98,14.24,13.93,364778,5133649,0.76539,17.987,2.126,1146134551.0,668660624.3799999
920057,百甲科技,4.67,0.0,4.67,4.73,4.75,4.66,951344,4477133,0.81638,93.4,1.182,846499596.99,544206051.15
920058,华洋赛车,22.69,1.795,22.29,22.29,23.21,22.29,625759,14324875,2.2677,24.663,3.689,1271913135.9,626116663.72
920059,双英集团,12.19,0.911,12.08,12.17,12.39,12.1,1238195,15102568,3.83125,10.693,1.732,1923453688.0600002,393960393.94
920060,万源通,27.1,-4.946,28.51,28.78,28.78,27.0,4756799,131523595,5.01644,33.041,4.003,4120410367.2999997,2569737771.2000003
920061,西磁科技,17.98,1.125,17.78,17.82,18.27,17.8,898154,16191774,2.28164,299.667,4.587,1272804200.0,707771912.0
920062,科润智控,7.08,0.999,7.01,7.05,7.1,6.98,899207,6345374,0.67351,88.5,1.792,1336040441.16,945250835.4000001
920065,千岸科技,33.53,-2.868,34.52,34.53,34.92,33.4,1689467,57183087,10.72677,11.103,3.051,3026082500.0,528097500.0
920066,科拜尔,19.71,11.293,17.71,17.67,21.66,17.67,3230250,65544050,16.2542,43.8,2.982,1238839055.46,391703255.46
920068,天工股份,15.25,-0.196,15.28,15.23,15.43,15.23,458586,7015704,0.26404,68.694,7.781,9997900228.75,2648658719.75
920069,普昂医疗,31.81,0.252,31.73,31.76,32.16,31.76,178172,5675163,1.20742,15.005,2.119,1683379728.68,469402388.21
920071,金钛股份,25.25,-2.81,25.98,25.9,26.21,25.12,5925627,151845317,18.81151,27.005,3.327,6438750000.0,795375000.0
920072,XD科莱瑞,22.53,0.67,22.38,22.5,22.99,22.46,359152,8188546,2.4829,21.874,2.332,1725798000.0,325896450.0
920075,柏星龙,15.59,-1.204,15.78,15.92,16.01,15.59,1068822,16855452,3.04259,46.607,2.629,1010465850.0000001,547656448.59
920076,国亮新材,12.52,0.0,12.52,12.46,12.57,12.34,291086,3625436,0.79031,10.347,1.473,1465945353.24,461135826.2
920077,吉林碳谷,13.18,0.688,13.09,13.1,13.26,13.06,2689101,35384677,0.89069,43.27,2.89,7726641262.54,3979193649.08
920078,族兴新材,16.92,-1.742,17.22,17.23,17.36,16.92,1103776,18864995,2.83108,20.143,2.051,2030400000.0,659673576.0
920079,乔路铭,12.41,0.405,12.36,12.41,12.46,12.32,1493321,18530518,2.05689,10.607,2.507,5166412064.0,900979229.0600001
920080,奥美森,19.89,-0.351,19.96,20.14,20.14,19.82,172212,3436556,0.74954,17.447,2.951,1650870000.0,456986692.89
920081,欧伦电气,40.87,-0.39,41.03,41.38,41.65,40.63,814893,33506883,4.76546,9.527,2.093,2967162000.0,698877000.0
920082,方正阀门,7.75,0.259,7.73,7.75,7.81,7.68,383640,2967869,0.67041,19.375,2.958,1577101750.0,443488464.5
920083,金戈新材,38.29,-1.467,38.86,39.49,39.99,38.01,2606609,101657068,6.85531,44.523,5.224,3418128159.46,1455909170.38
920086,科马材料,19.98,1.679,19.65,19.68,20.08,19.5,355647,7061331,1.2993,13.972,1.942,1671926400.0000002,546894558.0
920087,秋乐种业,14.71,4.105,14.13,14.39,15.19,14.15,13759293,202877306,8.38745,183.875,4.611,2430092000.0,2413118498.75
920088,科力股份,38.38,-2.86,39.51,38.6,39.5,38.38,2826013,109579416,8.73563,59.754,4.75,3380184170.0,1241609656.92
920089,禾昌聚合,10.13,-0.978,10.23,10.21,10.3,10.1,610783,6225445,0.54748,9.209,1.51,1984146892.0,1130120790.8799999
920090,*ST同辉,3.16,-2.469,3.24,3.23,3.28,3.12,1593280,5076502,1.18097,-10.391,18.588,629894005.36,426324043.52
920091,大鹏工业,27.45,2.732,26.72,26.95,28.5,26.8,509227,14095200,3.51186,34.313,3.755,1687219739.9999998,398030490.0
920092,汉鑫科技,24.0,-0.249,24.06,24.07,24.42,24.0,443966,10736137,1.34712,-38.095,4.388,1489912800.0,790959816.0
920093,信胜科技,18.89,1.287,18.65,18.74,19.14,18.61,976768,18423926,3.87606,8.91,2.602,2663490000.0,476028000.0
920096,嘉晨智能,29.61,0.034,29.6,29.64,30.15,29.61,366388,10909864,2.26165,21.15,2.943,2043090000.0,479682000.0
920098,科隆新材,17.4,1.576,17.13,17.15,17.58,17.13,621139,10802776,1.12168,24.167,1.5,1414974420.6,963536553.6
920099,瑞华技术,16.34,1.807,16.05,16.17,16.67,16.05,828203,13489523,1.40532,12.015,1.742,1537267150.9799998,962972507.64
920100,三协电机,29.04,-0.377,29.15,29.47,30.3,28.83,1254864,37096366,4.5801,28.752,6.468,3000790900.7999997,795643524.72
920101,志高机械,15.93,0.695,15.82,15.85,16.01,15.82,146263,2327014,0.1432,10.277,1.837,1988182566.99,1627055408.8799999
920106,林泰新材,33.07,-0.601,33.27,33.56,33.89,33.07,336974,11273765,0.77178,13.071,3.126,1871547045.0,1443898305.46
920107,恒兴股份,19.03,0.528,18.93,18.84,19.19,18.84,503490,9577107,2.66778,10.751,1.611,1596236400.0000002,359153190.00000006
920108,宏海科技,8.48,0.593,8.43,8.58,8.6,8.4,254856,2160462,0.34927,77.091,3.061,1460256000.0,618765672.0
920110,雷特科技,25.62,0.787,25.42,25.42,25.7,25.38,50599,1293810,0.31159,22.086,2.749,999180000.0,416043180.0
920111,聚星科技,25.63,1.99,25.13,25.13,26.3,25.13,1347714,34811676,1.79008,33.286,3.61,3976609834.9999995,1929634643.75
920112,巴兰仕,14.73,1.797,14.47,14.47,14.75,14.47,454901,6664209,0.60538,7.048,1.841,1749776700.0000002,1106854917.0
920116,星图测控,42.42,-0.212,42.51,42.91,43.25,42.26,815508,34865490,0.36458,67.333,15.947,9488717700.0,9488717700.0
920117,龙鑫智能,27.16,-0.22,27.22,27.52,27.74,26.66,2565800,69719869,12.69318,15.52,2.469,2440054725.92,549012321.48
920118,太湖远大,20.5,0.0,20.5,20.37,20.75,20.15,351277,7207763,1.12089,40.562,1.746,1060075500.0,642451550.0
920119,美德乐,52.52,-2.596,53.92,53.68,54.75,52.52,288037,15401557,1.04474,10.874,2.625,5303079533.96,1447994099.24
920121,江天科技,27.15,-0.147,27.19,27.32,27.6,27.04,85569,2331876,0.71754,13.116,2.224,1793751168.45,323771189.1
920122,中纺标,23.05,-2.988,23.76,23.81,24.0,23.03,1403908,32973301,3.75626,98.715,6.18,2126180589.3999999,861496930.9
920123,芭薇股份,10.82,1.787,10.63,10.69,10.85,10.63,638724,6884185,0.98288,30.914,2.893,1206862800.0,703136574.72
920124,南特科技,12.15,0.33,12.11,12.19,12.31,12.13,393908,4806209,0.51437,13.966,1.692,1807109777.25,930464119.35
920125,鸿仕达,137.91,-1.718,140.32,142.8,145.98,137.05,888214,126229977,3.87891,84.091,10.971,7745025600.000001,3157934755.29
920126,永大股份,9.75,0.309,9.72,9.69,9.83,9.69,756207,7383432,1.69295,12.439,1.555,1814280000.0,435513000.0
920128,胜业电气,18.39,-0.541,18.49,18.45,18.93,18.23,879471,16243729,3.61922,80.201,2.942,1493084100.0,446877000.0
920130,立方控股,15.85,-1.979,16.17,16.7,16.73,15.85,1276389,20653488,2.22774,-28.818,3.183,1462055290.6,908127636.15
920132,泰鹏智能,8.9,0.793,8.83,8.83,9.03,8.63,638381,5688940,1.74611,40.455,3.603,958273680.0,325385717.7
920136,永励精密,20.66,0.145,20.63,20.69,20.77,20.55,541426,11197625,2.57822,11.352,1.373,1652800000.0,433860000.0
920138,杰理科技,33.37,-1.331,33.82,34.0,34.28,33.19,2314515,77670820,6.68669,22.396,2.862,14447708350.0,1155061071.0900002
920139,华岭股份,14.27,-2.66,14.66,14.8,14.84,14.2,3124660,45123988,1.20013,-67.952,3.716,3845870483.84,3715329622.63
920145,恒合股份,9.57,1.592,9.42,9.45,9.69,9.37,525466,5006171,1.07606,-68.357,2.681,675163500.0,467324632.5
920146,华阳变速,5.68,4.604,5.43,5.45,5.99,5.38,11235713,63722161,10.34661,-31.556,4.403,766745716.24,616809046.56
920149,旭杰科技,8.48,1.679,8.34,8.34,8.59,8.34,913043,7763583,1.44316,-16.0,4.902,648577366.4,536504185.44
920152,昆工科技,11.79,0.855,11.69,11.65,11.95,11.65,412664,4878093,0.50262,-6.004,8.733,1298122623.0,967981790.0699999
920156,海昌智能,34.97,0.086,34.94,35.0,35.4,34.86,251175,8827650,1.15706,18.214,2.924,3641076400.0,759128760.0
920158,长江能科,7.76,0.518,7.72,7.79,7.93,7.72,706395,5494041,1.32296,16.511,3.008,1548989120.0,414346441.6
920159,农大科技,28.26,2.132,27.67,27.9,28.53,27.7,655924,18483740,4.28149,11.924,1.956,2147760000.0,432943200.0
920160,北矿检测,18.67,0.0,18.67,18.72,18.89,18.61,92960,1743459,0.36472,21.216,3.826,2114937600.0,475860960.0
920161,龙辰科技,19.28,-1.733,19.62,19.72,19.8,19.25,1390624,27003400,1.88663,22.952,2.55,2621963182.48,1421120914.48
920163,方大新材,9.41,0.534,9.36,9.38,9.62,9.25,354777,3348638,0.58465,27.676,2.329,1210503905.6,571013244.35
920165,珈凯生物,32.6,-0.153,32.65,32.66,33.13,32.58,296632,9718061,3.08829,20.123,2.782,1573743777.3999999,313124336.59999996
920166,海圣医疗,19.42,2.264,18.99,19.32,19.86,18.9,285797,5563760,1.20261,14.493,2.277,1462211771.56,461510609.94
920167,同享科技,13.34,0.908,13.22,13.23,13.54,13.23,689553,9223717,1.05495,66.7,2.18,1467753510.0,871953252.0799999
920168,通宝光电,15.16,0.464,15.09,15.11,15.18,15.02,188099,2842977,0.66762,10.676,1.441,1139628744.0,427125632.23999995
920169,七丰精工,19.8,2.431,19.33,19.45,19.96,19.31,1000826,19717789,1.96852,55.0,4.449,1599841782.0,1006663402.8000001
920171,志晟信息,15.25,-0.196,15.28,15.38,15.6,15.21,616343,9478057,0.91132,305.0,6.963,1528556833.75,1031387695.0
920174,五新智能,30.35,1.133,30.01,30.01,30.87,30.01,593934,18170486,1.06239,19.708,2.327,6583063441.85,1696737388.0
920175,东方碳素,7.74,3.063,7.51,7.66,8.1,7.56,2435358,19061019,3.07137,-7.663,1.486,921060000.0,613722866.4
920176,维琪科技,59.47,0.236,59.33,59.64,62.48,59.35,917335,55593258,11.54316,32.676,4.635,3498620100.0,472608090.0
920177,恒道科技,22.48,0.582,22.35,22.47,22.72,22.41,121099,2730962,0.65358,11.129,1.732,1176153600.0,416520814.88000005
920178,锐翔智能,79.21,-2.81,81.5,82.7,82.7,79.03,781610,62792914,4.05921,31.684,5.225,5222954762.33,1525205500.94
920179,凯德石英,55.03,-1.96,56.13,56.9,58.4,54.69,2426170,137740510,4.06268,171.969,5.481,4097360895.74,3286307624.22
920180,爱得科技,11.6,0.87,11.5,11.63,11.66,11.48,159169,1840859,0.44251,13.182,1.779,1370227333.6000001,417245898.4
920181,赛英电子,63.95,-2.649,65.69,65.89,66.49,63.86,430377,27827796,4.29518,23.511,3.483,2762640000.0,640779000.0
920183,海菲曼,28.53,1.17,28.2,28.2,28.91,28.2,216827,6172011,1.87992,14.631,3.121,1396600560.0,329060084.31
920184,国源科技,11.08,0.727,11.0,11.05,11.19,11.01,716224,7952112,0.80143,65.176,2.338,1459539791.44,990195800.1600001
920185,贝特瑞,20.65,1.524,20.34,20.24,20.97,20.11,5915124,122309127,0.52839,26.474,1.844,23503631718.7,23116843156.050003
920186,XD中科仪,65.9,-1.627,66.99,67.36,67.53,65.41,2184852,144146513,1.86619,13.422,2.895,14750996690.0,7715291463.7
920187,通领科技,16.82,0.478,16.74,16.87,16.94,16.72,160170,2698568,0.48251,5.34,1.217,1521873599.9999998,558344357.3
920188,悦龙科技,21.31,1.476,21.0,21.1,21.49,20.87,227179,4832528,1.14772,14.399,2.22,1768585049.3799999,421807561.49
920189,康美特,19.54,-1.263,19.79,19.94,20.04,19.38,2962368,58190788,3.49058,27.521,3.715,2763151400.0,1658308996.0
920190,雷神科技,22.9,0.439,22.8,23.48,23.48,22.76,1720525,39453970,1.73016,100.044,2.678,2290000022.9,2277245867.9
920191,瑞尔竞达,8.63,0.349,8.6,8.72,8.72,8.59,241303,2083859,0.60454,12.394,1.473,1530922302.0,344466449.99999994
920193,吉和昌,28.51,-1.52,28.95,28.95,29.29,28.42,1426278,41052599,5.65983,36.551,4.09,3174041108.0000005,718452000.0
920195,三祥科技,12.63,0.557,12.56,12.55,12.74,12.55,345647,4366545,0.48848,11.079,1.481,1238118900.0,893685980.55
920198,微创光电,7.76,-1.896,7.91,7.95,8.02,7.76,1287497,10131780,1.82712,-110.857,2.885,1252183646.72,546816183.28
920199,倍益康,23.45,1.383,23.13,23.07,23.6,23.07,617313,14465637,1.62765,402.23,3.053,1597163085.0000002,889382404.75
920200,振宏股份,32.0,2.367,31.26,31.0,32.77,31.0,3367654,108149480,7.59011,17.297,2.719,3249920000.0,1419808000.0
920201,百瑞吉,42.08,-8.581,46.03,44.68,47.8,41.56,2701116,120725893,35.50145,33.134,6.765,2870943010.56,320164291.36
920202,安达股份,18.32,-29.969,26.16,20.0,23.58,18.32,15848366,318422436,66.58977,22.072,3.018,2051840000.0,436016000.0
920204,沪江材料,12.78,0.948,12.66,12.79,12.81,12.55,248822,3168443,0.49774,57.464,2.407,1204998045.66,638881695.54
920206,彩客科技,37.32,3.408,36.09,36.22,39.37,36.22,1672207,63703004,6.07521,16.226,3.024,2670105191.64,1027236843.9599999
920207,众诚科技,20.77,-1.611,21.11,21.3,21.42,20.75,1335693,27952096,2.37185,2077.0,6.573,1914890150.0000002,1169651500.3600001
920208,青矩技术,11.36,4.316,10.89,10.77,11.36,10.67,4954206,54727663,3.07224,7.985,2.021,2115713948.0,1831880667.3600001
920211,新睿电子,85.6,-1.711,87.09,87.69,88.99,85.3,238736,20678208,2.05866,40.188,6.843,2944640000.0,992675037.6
920212,智新电子,10.08,-1.466,10.23,9.98,10.4,9.98,1495432,15226703,2.898,100.8,2.52,1069367040.0,520150811.03999996
920218,新天力,14.85,1.992,14.56,14.68,15.05,14.6,694141,10276007,3.29348,13.75,1.612,1391017913.9999998,312982000.65000004
920220,朗信电气,39.0,-0.839,39.33,39.18,40.05,38.73,411464,16170944,1.98431,15.726,2.236,2582044218.0,808697643.0
920221,易实精密,11.98,0.672,11.9,12.05,12.1,11.85,434618,5218332,0.70178,23.96,3.195,1421427000.0,741932277.84
920222,XD益坤电,24.04,4.567,22.99,23.2,24.26,23.08,1160132,27353205,10.0335,29.679,4.363,2058956283.9999998,277964663.59999996
920223,荣亿精密,12.21,-0.082,12.22,12.34,12.52,12.18,1938554,23910591,2.37349,-93.923,8.306,1920449849.9999998,997254802.4999999
920225,利通科技,15.69,-0.064,15.7,15.87,15.94,15.55,1309647,20581539,1.58204,23.773,2.602,1991357446.86,1298851996.26
920227,美登科技,49.35,-2.47,50.6,50.1,50.96,49.02,688416,34123176,3.88536,44.459,4.805,1921763025.0,874394008.95
920229,世纪数码,46.11,-6.166,49.14,49.23,49.8,45.74,3753420,178223677,33.06978,28.64,4.362,2044517400.0,523348500.0
920230,欧康医药,11.27,0.535,11.21,11.2,11.6,11.2,1626257,18570380,3.44198,93.917,2.749,1132348775.81,532482119.96
920237,力佳科技,11.96,8.235,11.05,11.04,12.99,10.96,4842627,58016206,5.19417,24.408,2.19,1136583676.8,1115054696.08
920238,长鹰硬科,59.66,-0.699,60.08,60.08,60.57,59.1,939812,56196629,4.84266,36.827,3.999,5681914412.62,1157818100.06
920239,长虹能源,20.19,0.099,20.17,20.1,20.88,20.1,1098407,22408519,0.61063,14.737,3.315,3676078178.76,3631776796.2000003
920242,建邦科技,13.43,0.0,13.43,13.55,13.68,13.42,254844,3451838,0.48327,10.411,1.842,1265289991.0,708205062.95
920245,威博液压,13.4,0.98,13.27,13.29,13.47,13.26,322098,4310427,0.60551,51.538,2.612,925580880.0,712804249.8
920247,华密新材,14.47,0.907,14.34,14.45,14.87,14.33,2024437,29595514,1.47615,51.679,5.675,2735596895.5299997,1984465215.0500002
920249,利尔达,8.72,0.115,8.71,8.82,8.84,8.71,1539772,13495661,1.23508,87.2,4.518,3676613600.0,1087118702.72
920252,天宏锂电,14.73,0.0,14.73,14.54,15.26,14.54,3007286,44902238,4.40749,163.667,5.845,1512044295.4499998,1005046150.47
920258,聚仁新材,9.7,0.0,9.7,9.73,9.76,9.67,997705,9693419,0.75721,28.673,3.849,3880000000.0,1278077141.0
920260,中寰股份,8.05,0.0,8.05,8.11,8.16,8.04,314130,2546104,0.31743,19.634,1.894,833577500.0,796633707.4499999
920261,一诺威,13.34,0.603,13.26,13.26,13.38,13.03,551605,7326849,0.34422,20.844,2.382,3883710858.32,2137684267.98
920262,太湖雪,13.73,0.365,13.68,13.71,13.91,13.67,542922,7488297,1.40812,24.029,3.004,1138725312.06,529380731.27000004
920263,中航泰达,6.26,0.805,6.21,6.28,6.34,6.21,486443,3055171,0.47456,-208.667,1.72,884180528.9599999,641679090.22
920266,生物谷,7.28,1.111,7.2,7.22,7.36,7.18,1453788,10619661,1.22692,-17.333,1.03,902720050.9599999,862610526.96
920267,鑫汇科,15.65,0.192,15.62,15.74,15.88,15.6,703411,11070021,2.58825,-53.966,3.081,743108026.65,425320801.2
920268,百迈科,29.78,-2.616,30.58,29.82,31.48,29.59,3196515,97266916,22.12407,17.115,4.093,1614076000.0,430265490.08000004
920269,杰锋动力,33.27,-0.479,33.43,33.51,33.8,33.1,671827,22431999,7.54904,11.24,2.01,1996200000.0,296086365.0
920270,天铭科技,11.27,1.532,11.1,11.14,11.35,11.14,340414,3831979,0.41881,33.147,2.875,1179022320.0,916048895.09
920271,邦德股份,8.9,1.136,8.8,8.83,8.97,8.82,300263,2668984,0.51867,11.711,1.858,1164324700.0,515224835.90000004
920273,一致魔芋,17.1,0.293,17.05,17.21,17.38,17.03,1053404,18119408,1.53579,23.425,2.758,1761948158.3999999,1172892488.4
920274,宏裕包材,15.08,2.376,14.73,14.79,15.22,14.78,791158,11923648,0.97274,65.565,2.476,1226506676.72,1226506676.72
920275,驱动力,6.51,-1.064,6.58,6.6,6.68,6.5,388781,2550196,0.29472,217.0,4.521,1037548176.0,858763531.7099999
920278,鹿得医疗,6.19,0.162,6.18,6.24,6.29,6.18,751350,4682145,0.76167,55.516,2.788,1080155000.0,610614407.0
920284,灵鸽科技,17.27,0.116,17.25,16.99,18.2,16.99,6855234,119818152,10.22243,-209.587,5.776,1809648089.15,1158138306.27
920288,华大海天,17.44,0.0,17.44,17.55,17.61,17.27,1178470,20538437,6.591,13.732,1.618,1317801280.0,311827200.0
920289,华汇智能,26.39,-3.298,27.29,27.01,27.38,26.36,2403752,64393468,16.63494,16.703,4.029,1794522111.1999998,381335948.63
920298,腾信精密,73.5,-7.396,79.37,79.11,80.36,73.35,4055897,311508735,26.50913,23.594,4.153,5733000000.0,1124550000.0
920299,灿能电力,13.26,0.455,13.2,13.36,13.52,13.17,715685,9536112,1.57589,47.357,4.25,1194848999.76,602199783.9
920300,辰光医疗,9.53,0.21,9.51,9.49,9.66,9.49,790075,7575319,1.18752,-13.614,5.294,818123110.78,634046681.68
920304,迪尔化工,9.18,2.455,8.96,9.05,9.23,9.05,1129449,10361553,0.83397,25.5,2.942,1556358840.0,1243246004.64
920339,恒太照明,10.45,-0.286,10.48,10.52,10.6,10.39,270392,2836744,0.17959,58.056,3.943,2294705896.45,1573377247.2
920344,三元基因,24.35,15.787,21.03,21.11,26.46,20.88,13381057,319936959,11.76583,608.75,4.728,2966073500.0,2769280671.65
920346,威贸电子,15.03,-0.265,15.07,15.08,15.41,14.91,880284,13354650,1.96149,25.05,2.556,1212216138.09,674520368.0400001
920351,华光源海,12.12,-0.493,12.18,12.28,12.35,12.12,507469,6206342,1.27376,57.852,2.363,1066989520.68,482864920.8
920357,雅葆轩,14.7,-0.877,14.83,15.28,15.3,14.64,1196718,17794425,1.90088,17.927,3.612,1530328800.0,925451436.0
920363,莱赛激光,9.78,0.825,9.7,9.79,9.98,9.73,646728,6347981,0.91718,195.6,3.663,1212935160.0,689611281.78
920367,新赣江,26.06,2.196,25.5,25.25,26.91,25.25,4916975,129789227,11.70915,124.095,3.827,1846644175.0,1094326582.68
920368,连城数控,22.68,0.89,22.48,22.6,22.87,22.5,1677773,38093210,0.75133,63.0,1.258,5324820379.200001,5064592191.12
920370,新安洁,2.87,0.35,2.86,2.88,2.92,2.86,1441974,4165860,0.54956,-11.038,1.551,861813194.41,753048394.0
920371,欧福蛋业,7.17,2.137,7.02,7.06,7.29,7.02,3855189,27631614,1.97895,17.019,2.439,1473044493.1200001,1396784860.68
920374,云里物里,14.6,0.275,14.56,14.53,14.75,14.48,363460,5312443,1.04069,76.842,4.803,1249670940.0,509903364.79999995
920375,派诺科技,6.25,-0.16,6.26,6.26,6.36,6.18,1223803,7681299,1.24328,69.444,1.2,950721187.5,615209968.75
920378,泰德股份,7.23,0.837,7.17,7.16,7.43,7.02,1802568,13138967,1.64267,42.529,2.892,1124452980.0,793375402.9200001
920392,佳合科技,13.22,-0.9,13.34,13.36,13.5,13.2,518566,6899689,1.43887,48.963,3.011,1013560214.0,476447478.0
920394,民士达,45.62,-0.306,45.76,46.16,46.21,45.31,510080,23285258,0.35136,52.437,7.934,6671925000.0,6622783683.44
920395,朗鸿科技,6.68,0.906,6.62,6.64,6.74,6.58,307601,2055249,0.29271,24.741,4.575,1019272502.72,701988000.3199999
920396,常辅股份,17.75,1.313,17.52,17.66,17.92,17.61,366164,6497646,0.7365,31.294,3.55,1281925164.0,882475170.2499999
920402,硅烷科技,7.92,-1.124,8.01,8.03,8.13,7.91,3221238,25805020,1.18049,-29.333,2.276,3342715730.64,2161156353.84
920403,康农种业,19.38,3.47,18.73,18.82,19.65,18.8,2344293,45205622,3.60644,25.5,3.838,2118179503.44,1259756938.44
920405,海希通讯,17.1,0.588,17.0,16.89,17.28,16.72,552749,9408687,0.52004,30.536,2.799,2333641839.3,1817568216.9
920407,驰诚股份,10.61,1.921,10.41,10.39,10.77,10.39,575643,6085104,1.27385,48.227,3.275,1177701512.0,479457030.04
920414,欧普泰,7.88,0.382,7.85,7.85,7.96,7.81,602125,4750492,1.07374,-40.514,2.388,628415587.48,441891385.56
920415,恒拓开源,8.72,0.115,8.71,8.78,8.82,8.65,1025879,8946774,0.9572,48.444,2.191,1225260166.6399999,934566470.88
920418,苏轴股份,18.29,0.716,18.16,18.08,19.11,17.98,2944517,54705851,1.87646,19.667,3.226,2971934784.0,2870040316.08
920419,路斯股份,10.73,1.418,10.58,10.63,10.8,10.59,298413,3192527,0.30862,18.186,1.779,1108477672.0,1037497370.02
920422,润普食品,9.33,1.523,9.19,9.19,9.46,9.19,861122,8055147,1.30034,44.429,1.892,825543684.3000001,617857884.3
920425,乐创技术,13.86,-0.288,13.9,13.97,14.06,13.86,533032,7436819,0.64299,30.8,3.474,1395856774.62,1148974831.6200001
920427,华维设计,10.78,2.471,10.52,9.65,11.36,9.65,12248370,126045867,24.08629,-89.833,3.546,1111364100.0,548184980.42
920429,康比特,10.44,3.366,10.1,10.19,10.5,10.18,983293,10234013,0.86633,32.625,1.509,1299529440.0,1184944082.04
920433,大唐药业,4.69,1.078,4.64,4.68,4.74,4.66,859922,4037391,0.50788,-14.212,3.234,1200263303.8899999,794093897.2399999
920436,大地电气,10.54,0.381,10.5,10.74,10.74,10.47,471261,4980548,0.52723,-105.4,2.51,1003172325.6,942106738.14
920438,戈碧迦,110.4,0.364,110.0,109.57,116.54,109.57,3431464,388032370,2.4617,525.714,16.023,15946176000.0,15389103120.0
920445,龙竹科技,7.28,-1.087,7.36,7.36,7.51,7.28,2885238,21299414,2.67132,42.824,3.677,1078568582.0,786299193.6800001
920454,同心传动,11.36,0.088,11.35,11.35,11.47,11.26,307894,3498699,0.62541,43.81,3.665,1193936000.0,559258480.0
920455,汇隆活塞,6.48,1.408,6.39,6.49,6.57,6.37,415284,2696125,0.42676,43.2,3.375,1149876000.0,630578144.16
920469,富恒新材,5.65,-1.224,5.72,5.7,5.79,5.6,1588674,9018652,1.53572,-7.958,2.854,796344900.0,584482115.3
920471,美邦科技,11.36,1.248,11.22,11.27,11.4,11.22,469339,5306913,0.88503,-35.5,1.803,945152000.0,602427695.52
920475,三友科技,11.17,-0.089,11.18,11.15,11.34,11.11,225934,2528751,0.40204,-101.545,3.182,1128840200.0,627716133.7
920476,海能技术,22.48,0.898,22.28,22.22,22.77,22.18,498099,11194765,0.62007,43.231,3.993,2013887435.1999998,1805816893.84
920478,峆一药业,11.1,3.545,10.72,10.72,11.46,10.58,9930176,110588160,14.82023,17.344,2.424,1223133198.0,743746520.1
920489,佳先股份,12.07,0.333,12.03,12.12,12.23,11.97,1172581,14179790,1.3505,-783.766,3.458,1647062544.0,1047984135.0300001
920491,奥迪威,20.9,-0.524,21.01,21.11,21.26,20.86,775668,16316028,0.6697,31.194,2.779,2949892462.0,2420699571.4
920493,并行科技,106.77,-0.781,107.61,108.9,108.99,106.28,636357,68249270,1.42563,508.429,11.811,6468335335.35,4765885549.95
920496,许昌智能,6.32,0.317,6.3,6.3,6.4,6.29,842872,5353769,0.5813,95.181,1.853,1046434000.0,916390090.24
920504,博迅生物,18.38,1.998,18.02,18.03,18.55,18.0,305477,5601403,1.78726,54.059,3.894,796462378.0,314149213.9
920505,九菱科技,24.84,-0.201,24.89,25.33,25.35,24.62,395772,9855447,1.09903,95.538,4.768,1609270950.6,894511401.84
920508,殷图网联,14.48,0.0,14.48,14.59,14.85,14.3,341550,4987958,1.07049,362.0,4.539,868800000.0,461997794.0
920509,同惠电子,22.67,2.348,22.15,22.82,24.0,22.54,5126206,119206076,6.10368,52.721,10.258,3634130128.3199997,1903951557.04
920510,丰光精密,19.26,-3.07,19.87,20.0,20.51,19.11,5950090,117762916,6.33038,-224.476,8.958,3543938784.54,1810298978.28
920519,万德股份,10.73,0.562,10.67,10.63,10.8,10.48,1304433,13905862,1.64354,46.652,1.794,957739455.9200001,851611010.97
920522,纳科诺尔,19.61,3.867,18.88,18.45,20.49,18.3,15121592,293626905,8.30746,46.69,3.994,4303434266.88,3569494954.2
920523,德瑞锂电,15.25,3.883,14.68,14.6,15.42,14.52,2656920,40224003,3.30104,10.638,2.124,1544845877.25,1227433993.75
920526,凯华材料,21.75,2.257,21.27,21.6,21.82,20.88,3637967,77675052,6.947,127.941,7.852,1798725000.0,1138992820.5
920527,夜光明,14.77,0.34,14.72,14.8,15.1,14.73,500536,7440817,1.0751,49.233,2.252,886830679.0,687651276.6899999
920533,骏创科技,16.23,0.123,16.21,16.3,16.53,16.21,832221,13615573,1.13789,57.964,5.539,2122191433.44,1187015668.59
920541,铁大科技,9.45,0.212,9.43,9.46,9.5,9.33,259571,2447239,0.28822,18.293,2.731,1291815000.0,851054563.8000001
920547,无锡晶海,19.36,4.649,18.5,18.55,19.55,18.55,672997,12998733,1.78207,23.901,2.044,1504039680.0,731128464.0
920553,凯腾精工,6.63,-0.151,6.64,6.64,6.69,6.4,625489,4144226,0.66681,41.438,2.684,952667749.8000001,621916442.55
920556,雅达股份,6.44,0.468,6.41,6.47,6.54,6.44,683510,4431463,0.58731,42.933,1.988,1034528568.0799999,749486530.24
920564,天润科技,13.53,0.445,13.47,13.59,14.3,13.51,558786,7612652,1.136,193.286,5.144,1446686387.85,665524951.08
920566,梓橦宫,9.27,1.645,9.12,9.2,9.35,9.19,894990,8314083,0.79663,15.983,1.582,1339161627.6000001,1041452620.4699999
920570,坤博精工,24.8,0.081,24.78,24.7,24.97,24.52,242555,5998308,0.95154,112.727,3.498,1244211560.8,632169756.8000001
920571,国航远洋,8.66,0.464,8.62,8.69,8.85,8.62,10629141,92654608,3.5899,173.2,3.535,4809828542.98,2564089622.3199997
920575,*ST康乐,5.07,2.632,4.94,4.97,5.07,4.97,2867293,14439157,1.52647,-2.461,-11.791,1424365799.9999998,952342107.6
920576,天力复合,35.7,-0.723,35.96,36.0,36.71,35.7,962841,34831042,0.89259,191.524,8.881,3889515000.0,3850964497.8
920578,巨能股份,17.24,2.497,16.82,16.9,17.69,16.82,1438434,24892195,4.05181,-574.667,4.776,1318499632.28,612037567.5600001
920579,机科股份,13.79,-0.217,13.82,13.96,14.01,13.75,384979,5343393,0.86368,-47.552,3.94,1785529200.0000002,614681251.8000001
920580,科创新材,10.99,-1.523,11.16,11.06,11.44,10.95,2754988,30704119,5.03074,52.333,2.694,945140000.0,601846183.26
920592,华信永道,24.95,2.675,24.3,24.85,25.48,24.7,3237235,81108508,6.43768,-51.979,6.549,2015835250.0,1254628489.45
920593,鼎智科技,23.28,0.736,23.11,23.29,23.83,23.15,1555094,36495604,0.96225,145.5,6.031,4428923900.16,3762287248.56
920599,同力股份,17.38,-1.025,17.56,17.48,17.7,17.3,1808604,31542477,0.5159,9.427,2.189,8038684500.0,6092982133.48
920608,丰安股份,13.45,0.598,13.37,13.54,13.66,13.32,394584,5309752,0.81832,24.907,1.679,837128000.0,648544043.6
920627,力王股份,13.72,1.479,13.52,13.4,14.35,13.36,2800764,38844056,5.70449,49.0,2.806,1295854000.0,673617700.0
920634,新威凌,15.48,0.389,15.42,15.56,15.68,15.35,367763,5710302,0.90154,55.286,3.38,989152897.6800001,631469649.24
920639,晨光电缆,6.16,0.489,6.13,6.08,6.2,6.06,825302,5076505,0.69497,77.0,1.47,1241856000.0,731522385.44
920640,富士达,26.52,0.151,26.48,26.74,26.97,26.42,2304161,61508648,1.27571,64.058,5.3,4978546560.0,4789997475.12
920641,格利尔,13.04,1.242,12.88,12.97,13.23,12.9,611239,7974852,1.34877,108.667,2.786,978978000.0,590950801.52
920642,通易航天,9.57,-0.623,9.63,9.69,9.76,9.57,631859,6097040,0.62977,-29.0,4.472,992124560.46,960176072.46
920651,天罡股份,18.23,-7.79,19.77,19.93,20.1,18.02,1604344,30024912,3.86893,14.468,2.132,1112030000.0,755950209.79
920656,海昇药业,14.81,1.3,14.62,14.74,14.91,14.51,244178,3608970,0.29913,21.464,2.083,1481000000.0,1208919003.22
920662,方盛股份,18.01,0.558,17.91,18.17,18.35,17.8,561297,10158112,2.07841,78.304,3.497,1588121836.02,486379536.82
920663,明阳科技,12.16,0.997,12.04,12.08,12.29,12.07,337980,4110685,0.52746,19.0,4.013,1623998521.6000001,779170483.2
920665,科强股份,8.27,0.854,8.2,8.26,8.36,8.23,348036,2885346,0.54227,33.08,1.485,1075017300.0,530777771.43
920670,数字人,12.4,1.307,12.24,12.23,12.52,12.23,552284,6846958,0.82884,155.0,5.586,1316661760.0,826256739.2
920675,秉扬科技,7.2,0.418,7.17,7.2,7.29,7.18,421431,3051551,0.53334,25.983,2.057,1239580800.0,568928664.0
920679,前进科技,15.57,-0.064,15.58,15.53,15.67,15.38,140489,2184198,0.37862,44.486,1.757,869584500.0,577728742.5
920682,球冠电缆,5.72,0.175,5.71,5.7,5.76,5.66,795703,4544761,0.35238,19.067,1.979,2227230720.0,1291614815.92
920685,新芝生物,12.73,3.834,12.26,12.38,12.85,12.2,1904615,24161627,3.26614,31.825,2.073,1164997928.93,742336889.02
920689,克莱特,19.44,0.778,19.29,19.47,19.69,19.36,212246,4137462,0.55956,25.92,2.901,1426896000.0,737371194.48
920690,捷众科技,15.6,1.496,15.37,15.34,15.84,15.34,614428,9588596,1.09663,14.312,2.235,1344564000.0,874049342.4
920693,阿为特,23.45,0.687,23.29,23.4,23.6,23.13,214774,5009116,0.58665,469.0,4.815,1704815000.0,858504500.0
920694,中裕科技,16.29,-0.061,16.3,16.38,16.56,16.25,443556,7267099,0.71007,23.956,2.298,2142289461.7800002,1017583895.07
920699,海达尔,59.93,-3.026,61.8,61.46,63.23,59.6,533723,32476293,1.82623,43.115,7.969,3828053920.6,1751479420.6
920701,豪声电子,10.45,-1.878,10.65,10.72,10.8,10.38,710053,7504334,0.70858,20.49,1.796,1433740000.0,1047165658.0
920703,广厦环能,9.77,-0.711,9.84,9.82,9.95,9.66,594225,5845643,1.11664,16.283,1.292,1472573480.0,519915894.19000006
920706,铁拓机械,16.17,1.762,15.89,15.76,16.4,15.74,2793581,45129813,5.86002,31.096,2.492,1529766811.6499999,770854137.9000001
920717,瑞星股份,6.74,0.597,6.7,6.7,6.78,6.7,269381,1813880,0.60836,-56.167,1.44,772943200.0000001,298447200.0
920718,合肥高科,10.05,1.005,9.95,10.11,10.2,9.93,660874,6646282,1.42093,23.372,1.593,911200335.0,467426193.45
920719,宁新新材,7.39,4.972,7.04,7.49,8.39,7.29,7961499,61807633,10.70919,-1.371,10.408,687960226.0,549392272.18
920720,吉冈精密,7.71,1.048,7.63,7.62,7.74,7.62,717192,5514136,0.96895,32.085,3.855,2042312231.3999999,570672403.8299999
920725,惠丰钻石,79.78,-3.531,82.7,83.9,84.8,79.55,3432457,280290894,7.76913,-379.905,12.015,7281919500.0,3524735049.3
920726,朱老六,14.92,1.084,14.76,14.77,15.08,14.76,1133936,16887488,2.02802,76.239,3.236,1511545200.0,834228748.5999999
920729,永顺生物,6.65,1.372,6.56,6.63,6.69,6.56,466960,3089871,0.60247,44.333,2.782,1817445000.0,515421822.65000004
920735,德源药业,26.02,3.665,25.1,25.1,26.45,24.98,2582035,67014880,2.2623,12.881,2.418,3357818265.7799997,2969739463.08
920748,路桥信息,34.2,10.074,31.07,30.99,34.9,30.97,6123816,202318245,8.7023,-38.427,13.625,2624508000.0,2406657420.0
920751,惠同新材,15.42,0.325,15.37,15.35,15.59,15.13,539518,8261515,0.6495,28.556,3.239,1338147600.0,1280895067.5
920753,天纺标,14.87,-2.042,15.18,15.13,15.25,14.68,747510,11217797,2.28529,37.175,3.085,1210482952.16,486392495.5
920765,美之高,11.05,0.455,11.0,11.09,11.26,10.97,963610,10731090,1.82477,-122.778,3.24,960466850.85,583518499.2
920768,拾比佰,7.11,-0.281,7.13,7.13,7.16,7.08,612038,4354223,0.56992,14.51,1.522,1104595380.0,763539465.87
920770,艾能聚,9.98,1.423,9.84,9.91,10.21,9.84,2066306,20784165,2.52315,28.514,2.11,1298719106.5,817300124.0000001
920779,武汉蓝电,28.6,0.704,28.4,29.68,31.58,28.3,8101884,242030937,40.46895,36.667,5.0,2289759472.0,572572057.1999999
920781,瑞奇智造,5.55,0.181,5.54,5.54,5.62,5.5,538084,2992739,0.44704,-17.903,2.5,857847149.7,668032898.4
920786,骑士乳业,7.37,5.436,6.99,7.05,7.53,7.01,13036779,95548170,9.44342,31.429,1.981,1540720609.9999998,1017439223.3499999
920790,联迪信息,21.89,1.343,21.6,21.9,22.25,21.6,1487471,32561967,2.73659,218.9,5.822,1728588067.8000002,1189830030.6200001
920792,东和新材,9.25,0.543,9.2,9.25,9.31,9.16,281580,2593099,0.27707,20.109,1.441,1531245000.0,940043626.5
920799,艾融软件,30.35,-1.14,30.7,30.82,31.5,30.28,2133521,65440827,1.7769,97.903,16.23,6347562890.0,3644122102.35
920802,保丽洁,10.59,1.827,10.4,10.49,10.7,10.41,418383,4432819,1.15519,34.997,1.972,868467791.1,383544828.78000003
920806,云星宇,10.01,0.0,10.01,10.14,10.14,9.96,899966,9014823,0.29925,40.04,1.959,3010374036.67,3010374036.67
920807,奔朗新材,8.82,-0.113,8.83,8.91,8.91,8.76,1676666,14813215,1.35706,73.074,1.753,1604181600.0,1089719132.04
920808,曙光数创,56.93,-0.298,57.1,57.9,58.05,56.03,1065580,60886136,0.54712,316.278,16.744,11386000056.93,11087762061.46
920809,安达科技,6.98,1.013,6.91,6.85,7.05,6.83,9082699,63227024,1.97813,-16.233,2.458,4181369000.0,3204913403.04
920810,春光智能,8.42,0.0,8.42,8.42,8.59,8.31,458115,3859928,0.73407,842.0,3.553,807478000.0,525471528.9
920819,颖泰生物,3.06,0.328,3.05,3.07,3.08,3.04,2763923,8458307,0.22812,-14.571,0.789,3750948000.0,3707572500.0
920821,则成电子,19.38,-2.564,19.89,19.92,20.28,19.33,4003249,78552367,5.49494,175.862,5.127,2681453602.62,1411899318.3600001
920826,盖世食品,8.29,0.0,8.29,8.35,8.45,8.26,2266337,18938961,3.58858,24.382,3.026,1164876098.06,523547928.37
920832,齐鲁华信,6.41,0.0,6.41,6.41,6.49,6.35,793296,5077971,0.64045,-160.25,1.247,889476374.6500001,793978322.93
920833,美心翼申,9.44,0.319,9.41,9.43,9.53,9.38,344042,3257258,0.39708,26.971,1.866,1080917760.0,817909448.0
920834,三维装备,8.2,-7.135,8.83,8.75,8.75,8.06,2707638,22455726,4.31177,21.026,3.166,984000041.0,514930799.8
920837,华原股份,9.95,0.201,9.93,9.94,10.1,9.93,366676,3672284,0.26806,20.306,2.598,1519630535.65,1361038480.65
920839,万通液压,23.52,0.814,23.33,23.28,23.78,23.27,373138,8808566,0.57227,22.124,4.215,2780298517.92,1533565057.92
920855,浙江大农,12.91,0.781,12.81,13.05,13.12,12.72,767138,9881158,1.14435,28.065,1.672,964807329.03,865446521.01
920856,浩淼科技,10.97,1.857,10.77,10.89,11.3,10.83,1293872,14316600,2.43851,60.944,2.262,1043539109.16,582068605.89
920857,泓禧科技,15.96,-0.993,16.12,16.19,16.6,15.91,688605,11204018,0.93046,-55.034,3.703,1181154145.92,1181154145.92
920866,绿亨科技,6.28,1.618,6.18,6.2,6.37,6.2,1814597,11404302,1.63544,34.889,1.474,1111862011.48,696794197.2
920870,恒进感应,11.39,2.152,11.15,11.2,11.41,11.2,318999,3607118,0.48331,94.917,3.39,1526260000.0,751773031.0
920871,派特尔,11.05,0.546,10.99,10.97,11.13,10.88,551234,6084852,1.17196,92.083,3.623,937672513.05,519739059.45
920873,中设咨询,7.31,0.689,7.26,7.11,7.45,7.05,3309393,23913796,2.76228,-17.829,4.809,1121258984.62,875784747.45
920876,慧为智能,15.96,0.694,15.85,15.91,16.12,15.77,560922,8953096,1.42916,156.778,4.03,1024323317.64,626402054.04
920879,基康技术,12.34,-0.081,12.35,12.31,12.52,12.25,544769,6740072,0.36373,24.68,3.868,2478721164.7599998,1848208951.14
920885,星辰科技,11.74,0.085,11.73,11.8,11.92,11.72,776385,9170457,0.88265,58.995,4.851,2005425626.0,1032655401.24
920892,广咨国际,11.33,-2.913,11.67,11.12,11.55,11.0,2199971,24692091,1.45836,17.984,4.991,1930080829.49,1709159334.85
920895,花溪科技,20.68,-0.577,20.8,21.02,21.9,20.5,5002986,105823069,17.40962,-282.9,6.029,1168916320.0,594279092.0
920896,旺成科技,11.99,-0.745,12.08,12.0,12.28,11.86,529956,6400709,1.19355,19.656,2.744,1213678637.6,532377701.90000004
920906,舜宇精工,14.97,-0.133,14.99,15.01,15.2,14.87,216722,3251658,0.64973,33.267,1.719,972600900.0,499335173.31
920914,远航精密,16.97,3.413,16.41,16.57,17.35,16.33,1787366,30412178,1.79447,31.426,1.702,1691620510.0,1690284122.5
920924,广脉科技,14.1,-1.399,14.3,14.44,14.44,14.07,1012385,14357450,1.54865,88.125,4.653,1512880650.0,921747188.1
920925,锦好医疗,11.11,0.543,11.05,11.06,11.29,11.06,588014,6569926,1.05702,69.438,3.011,1095230943.73,618045455.94
920926,鸿智科技,10.12,-0.492,10.17,10.25,11.18,10.08,3986582,41765044,4.97189,32.645,3.514,894220778.4399999,811445675.48
920931,无锡鼎邦,9.85,0.305,9.82,9.82,9.96,9.74,326981,3216430,1.13631,87.946,2.362,925210500.0,283441630.0
920932,科达自控,10.12,-0.296,10.15,10.19,10.34,10.0,888936,9025465,1.02104,-12.048,1.874,1066145542.0,881067693.0
920942,恒立钻具,16.72,1.333,16.5,16.64,16.98,16.52,391906,6576015,0.94629,51.478,2.057,1022672112.0,692459034.0799999
920943,优机股份,13.82,0.218,13.79,13.86,14.14,13.75,390764,5439647,0.75426,19.194,2.163,1403025443.96,715984252.06
920946,森萱医药,10.78,0.748,10.7,10.7,11.18,10.68,8085771,88294966,1.89457,35.0,3.57,4602179705.2,4600764830.2
920950,迅安科技,13.13,-0.152,13.15,13.15,13.3,12.91,309248,4055418,0.86575,22.638,3.068,962691600.0,469004913.0
920953,国子软件,22.37,-0.622,22.51,23.03,23.2,22.32,1016460,23064248,1.69733,43.019,4.66,2865954696.3,1339644294.61
920957,汉维科技,9.59,1.054,9.49,9.48,9.77,9.46,626720,6027992,1.46757,191.8,2.62,1029019793.06,409538399.06
920961,创远信科,21.52,-1.87,21.93,22.1,22.33,21.35,3594658,78184820,3.20159,1076.0,4.091,3073927732.16,2416210207.52
920964,润农节水,4.81,-0.62,4.84,4.83,4.93,4.81,1180348,5733291,0.79917,-80.167,1.458,1256410480.0,710423709.97
920970,大禹生物,6.27,0.642,6.23,6.23,6.46,6.23,2529418,15939484,3.60978,-23.222,2.93,694721016.0,439347051.0
920971,天马新材,26.21,-2.746,26.95,27.0,27.44,26.21,3214428,86042568,3.75067,72.483,5.943,2725001332.42,2246270440.42
920974,凯大催化,6.19,0.162,6.18,6.2,6.21,6.14,555982,3426892,0.4431,38.688,1.54,1013922000.0,776685415.61
920976,视声智能,22.99,-2.003,23.46,23.26,23.62,22.5,1629253,37369466,3.69281,24.2,6.114,1631218666.0,1014309604.0
920978,开特股份,17.12,1.302,16.9,16.9,17.35,16.9,687502,11805182,0.68113,17.649,3.738,3082087372.16,1728006309.7599998
920981,晶赛科技,28.08,-2.77,28.88,29.23,29.7,28.0,1469646,41886766,3.82096,216.0,4.16,2147221440.0,1080032531.76
920982,锦波生物,141.88,10.275,128.66,127.51,149.9,127.51,3641036,513027529,6.56455,25.023,7.975,16325470439.2,7869389239.280001
920985,海泰新能,4.5,1.351,4.44,4.44,4.55,4.44,1900579,8562861,0.86659,-2.064,2.679,1392642900.0,986930365.5
920992,中科美菱,12.96,1.408,12.78,12.73,13.23,12.52,2016645,26169307,4.11415,65.62,2.0,1253632904.64,635263987.68
600000,浦发银行,9.48,3.268,9.18,9.22,9.49,9.16,147484820,1386209937,0.44282,6.237,0.419,315739347084.0,315739347084.0
600004,白云机场,7.76,1.971,7.61,7.65,7.78,7.61,9501751,73311820,0.40147,12.516,0.966,19999418080.48,18365733876.08
600006,东风股份,5.73,2.688,5.58,5.57,5.9,5.43,62217389,354416432,3.11087,-23.895,1.449,11460000000.0,11460000000.0
600007,中国国贸,20.5,0.737,20.35,20.15,20.51,19.76,2706800,54974106,0.26872,17.227,2.22,20649291947.0,20649291947.0
600008,首创环保,2.73,0.738,2.71,2.71,2.74,2.7,50270581,136913438,0.68483,11.309,0.956,20039812548.21,20039812548.21
600009,上海机场,22.58,0.894,22.38,22.39,22.61,22.3,5433017,122041851,0.21905,26.565,1.303,56186108443.200005,56003341407.2
600010,包钢股份,2.09,0.481,2.08,2.08,2.1,2.07,217642784,454171718,0.69494,251.807,1.804,94522408861.32,65455062843.83
600011,华能国际,7.04,1.295,6.95,6.95,7.06,6.94,82071903,576778234,0.74626,9.514,1.713,110514577247.36,77423877829.76
600012,皖通高速,15.58,0.711,15.47,15.44,15.68,15.43,2933581,45783155,0.25168,13.972,2.113,26619861630.620003,18160048000.0
600015,华夏银行,6.27,0.966,6.21,6.22,6.27,6.21,62225039,389075642,0.40439,3.87,0.311,99786601494.36,96477894373.41
600016,民生银行,3.51,1.153,3.47,3.47,3.53,3.46,210716372,737605811,0.5942,5.571,0.265,153676288942.02,124472052477.63
600017,日照港,2.83,0.712,2.81,2.81,2.85,2.79,26591616,75292495,0.86458,17.688,0.614,8704100503.04,8704100503.04
600018,上港集团,5.45,0.368,5.43,5.42,5.5,5.42,40657452,222100420,0.17466,9.337,0.865,126875784746.8,126866845515.1
600019,宝钢股份,5.93,1.368,5.85,5.86,5.95,5.86,97170698,575848528,0.45377,12.354,0.626,129167762561.56999,126985587791.56999
600020,中原高速,3.87,1.044,3.83,3.83,3.89,3.82,12188654,47097887,0.54235,16.87,0.73,8697328989.84,8697328989.84
600021,上海电力,13.25,3.678,12.78,12.81,13.44,12.75,33530473,441026369,1.18823,15.183,1.866,37389854416.25,37389854416.25
600022,山东钢铁,1.31,0.769,1.3,1.29,1.32,1.28,83642186,108664598,0.78179,131.0,0.738,14015492915.74,14015492915.74
600023,浙能电力,5.22,0.772,5.18,5.19,5.3,5.18,45786031,240345163,0.34146,9.321,0.95,69993584949.78,69993584949.78
600025,华能水电,9.89,1.125,9.78,9.8,9.97,9.76,28035426,277578516,0.15048,21.978,2.635,184261522201.73,184261522201.73
600026,中远海能,20.56,1.431,20.27,20.31,20.86,20.21,44668807,924775565,1.1669,24.885,2.338,112488163499.68,78703514615.36
600027,华电国际,4.95,1.852,4.86,4.87,5.01,4.85,94550747,469055722,1.02598,10.102,1.155,57478282210.799995,45617602768.65
600028,XD中国石,5.28,1.931,5.18,5.21,5.3,5.18,209968301,1103164916,0.22184,20.153,0.755,637372450028.16,499742592756.0
600029,南方航空,4.92,1.653,4.84,4.85,4.93,4.83,55053228,268654840,0.4085,98.4,2.96,89155174820.64,66306708065.28
600030,中信证券,25.86,0.155,25.82,25.9,25.96,25.76,55148158,1425637148,0.4529,13.194,1.367,404043679402.32,314885608187.64
600031,三一重工,17.49,2.521,17.06,17.06,17.58,16.98,61429971,1066148931,0.72489,17.785,1.746,160820627603.13,148217081747.13
600032,浙江新能,7.7,-5.753,8.17,8.09,8.2,7.67,125913068,987360105,5.23618,36.597,1.43,18515999994.8,18515999994.8
600033,福建高速,3.67,1.381,3.62,3.62,3.71,3.6,28940828,106070763,1.05454,10.622,0.806,10071948000.0,10071948000.0
600035,楚天高速,3.74,1.63,3.68,3.67,3.75,3.67,11858765,44130710,0.73652,11.0,0.663,6021833469.74,6021833469.74
600036,招商银行,41.26,1.851,40.51,40.59,41.38,40.52,69987064,2878465122,0.33927,7.239,0.909,1040570829497.2999,851150247140.54
600037,歌华有线,7.07,0.142,7.06,7.11,7.13,6.99,13266101,93767915,0.95318,286.235,0.766,9839869639.88,9839869639.88
600038,中直股份,27.06,1.729,26.6,26.73,27.14,26.63,3739639,100926450,0.55904,34.033,1.262,22186310343.780003,18101387080.260002
600039,四川路桥,8.73,0.46,8.69,8.78,8.8,8.64,14469886,126339623,0.1664,10.393,1.504,75912506330.85,75912506330.85
600048,保利发展,5.77,-1.199,5.84,5.63,5.88,5.32,523140238,2934776777,4.37027,64.111,0.355,69069458521.86,69069458521.86
600050,中国联通,4.23,1.439,4.17,4.17,4.25,4.16,139136966,585713905,0.44897,14.481,0.771,132248519133.20999,131089430712.96
600051,宁波联合,6.38,-0.156,6.39,6.39,6.45,6.3,4914088,31339416,1.5807,23.63,0.581,1983414400.0,1983414400.0
600052,东望时代,3.82,0.526,3.8,3.8,3.87,3.74,12595299,48084215,1.49199,-6.945,1.489,3224823910.62,3224823910.62
600053,*ST九鼎,7.77,1.04,7.69,7.73,7.87,7.61,1658300,12912901,0.3825,-9.418,1.553,3368612015.9999995,3368612015.9999995
600054,黄山旅游,10.5,-0.285,10.53,10.53,10.55,10.42,4242800,44397516,0.82657,26.25,1.567,7658484120.0,5389650000.0
600055,万东医疗,10.6,1.727,10.42,10.5,10.65,10.4,3386349,35755896,0.48166,-32.716,1.717,7452447214.799999,7452447214.799999
600056,中国医药,8.88,1.139,8.78,8.78,8.9,8.77,8119940,71850632,0.54301,28.066,1.109,13283412162.240002,13278721124.64
600057,厦门象屿,6.11,1.833,6.0,6.0,6.2,5.98,13087847,79771397,0.62546,20.367,1.139,17346384943.289997,12785237102.039999
600058,五矿发展,8.52,-0.467,8.56,8.56,8.64,8.51,8025476,68657041,0.74871,-170.4,1.898,9132679257.72,9132679257.72
600059,古越龙山,12.27,10.045,11.15,11.37,12.27,11.37,89971081,1093331572,9.8702,49.08,1.911,11184625407.51,11184625407.51
600060,海信视像,27.45,0.808,27.23,27.34,27.7,27.12,4841700,133077298,0.37102,14.539,1.62,35821488372.3,35821488372.3
600061,国投资本,6.19,0.65,6.15,6.15,6.22,6.14,20342618,125768157,0.31815,12.38,0.736,39579465214.87,39579465214.87
600062,华润双鹤,16.24,2.01,15.92,15.97,16.28,15.91,8632253,139793273,0.83144,10.182,1.377,16866416620.48,16860780301.119999
600063,皖维高新,5.34,-0.187,5.35,5.37,5.39,5.33,17192374,92032673,0.83091,25.429,1.289,11049028437.659998,11049028437.659998
600064,南京高科,8.04,3.742,7.75,7.75,8.18,7.69,44530051,354563538,2.57349,7.599,0.699,13911930737.76,13911930737.76
600066,宇通客车,26.72,1.443,26.34,26.1,26.88,26.1,19051622,507549049,0.86053,10.645,4.559,59156456038.56,59156456038.56
600067,冠城新材,2.66,1.527,2.62,2.63,2.66,2.55,33493745,87444137,2.40673,53.2,0.67,3701838845.7400002,3701838845.7400002
600071,凤凰光学,16.28,0.246,16.24,16.25,16.45,16.07,1650716,26792182,0.58625,135.667,8.83,4584022912.92,4584022912.92
600072,中船科技,9.7,9.977,8.82,8.85,9.7,8.82,44329809,424853142,4.09197,-4.314,1.999,14556302177.3,10508371965.2
600073,光明肉业,5.53,0.912,5.48,5.49,5.57,5.47,7142400,39402258,0.76167,-39.5,1.104,5185643980.16,5185643980.16
600075,新疆天业,4.59,1.549,4.52,4.54,4.63,4.52,11085339,50920424,0.6491,-153.0,0.879,7838789804.370001,7838789804.370001
600076,康欣新材,2.13,-0.467,2.14,2.15,2.16,2.1,26946064,57262757,2.00411,-7.345,0.824,2863877371.71,2863877371.71
600078,澄星股份,9.79,0.102,9.78,9.8,9.88,9.73,4846531,47513019,0.73147,770.866,3.697,6653899409.19,6486588309.19
600079,ST人福,19.17,1.806,18.83,18.92,19.19,18.9,12094020,231080866,0.78371,16.816,1.62,31289771749.05,29582737020.899998
600080,ST金花,4.61,-0.647,4.64,4.63,4.65,4.6,2428301,11210338,0.65055,104.299,1.08,1720776013.85,1720776013.85
600081,东风科技,11.89,9.991,10.81,10.77,11.89,10.75,16608224,195515214,3.00315,348.68,1.408,6575481161.3,6575481161.3
600082,ST海泰,3.32,-0.896,3.35,3.34,3.35,3.27,7502800,24789734,1.18278,-29.381,1.282,2145104542.32,2105993567.84
600084,*ST尼雅,4.45,1.598,4.38,4.35,4.46,4.35,1933764,8539689,0.17208,-191.81,3.921,5000584393.5,5000584393.5
600085,同仁堂,23.74,1.888,23.3,23.38,23.78,23.33,5497123,129721414,0.40082,27.382,2.39,32558704019.88,32558704019.88
600088,中视传媒,13.36,0.15,13.34,13.55,13.73,13.16,14540834,194729618,3.65617,-296.889,4.361,5313357504.0,5313357504.0
600089,特变电工,17.32,0.991,17.15,17.18,17.43,17.17,36827745,637476335,0.72886,14.918,1.235,87514367329.72,87514367329.72
600094,大名城,4.19,1.453,4.13,4.09,4.22,3.96,49120051,201266260,2.31019,69.833,0.947,9741540688.55,8908903490.5
600095,湘财股份,8.73,-1.467,8.86,8.93,8.98,8.66,39877395,349552444,1.39471,53.591,1.947,24960708996.390003,24960708996.390003
600096,云天化,27.86,1.977,27.32,27.32,27.92,27.32,13553810,376182247,0.74349,9.85,1.999,50788521765.66,50788521765.66
600097,开创国际,9.25,-0.431,9.29,9.34,9.36,9.2,2096100,19376973,0.86998,29.839,1.008,2228663170.75,2228663170.75
600098,广州发展,6.32,1.935,6.2,6.22,6.35,6.2,18122061,114005666,0.51691,9.538,0.815,22157066679.92,22157066679.92
600099,林海股份,9.4,-0.106,9.41,9.51,9.52,9.32,2528500,23820687,1.15393,83.929,3.71,2059728000.0,2059728000.0
600100,同方股份,6.52,0.154,6.51,6.54,6.59,6.5,13540040,88443867,0.40414,44.144,1.4,21843941088.760002,21843941088.760002
600101,明星电力,7.83,0.643,7.78,7.81,7.84,7.77,5895910,46097198,1.07617,23.297,1.384,4289763147.93,4289763147.93
600103,青山纸业,3.4,-0.293,3.41,3.46,3.53,3.38,130937430,450137911,5.91853,137.652,1.913,7618810939.8,7521918759.8
600104,上汽集团,10.88,1.587,10.71,10.71,10.95,10.67,40668374,441290499,0.35378,12.294,0.419,125068619243.51999,125068619243.51999
600105,永鼎股份,36.26,-2.0,37.0,37.47,37.5,36.12,67644860,2477025220,4.62689,226.909,14.568,53011931520.520004,53011931520.520004
600106,重庆路桥,4.51,1.348,4.45,4.45,4.54,4.4,10119838,45408612,0.76145,50.111,1.134,5993903029.62,5993903029.62
600107,*ST尔雅,5.62,-0.355,5.64,5.58,5.66,5.58,458412,2575612,0.12734,-22.48,5.199,2023200000.0,2023200000.0
600108,亚盛集团,3.97,2.584,3.87,3.9,4.04,3.89,141828392,561634426,7.28478,135.959,1.785,7729253030.37,7729253030.37
600109,国金证券,8.13,0.619,8.08,8.11,8.16,8.08,11068174,89947753,0.3005,13.155,0.825,29944927442.04,29944927442.04
600110,诺德股份,10.87,-2.773,11.18,11.26,11.28,10.82,70942736,779152179,4.08849,-62.687,3.14,18861416730.84,18861416730.84
600111,北方稀土,35.3,-0.311,35.41,35.5,35.59,35.05,21705357,764895163,0.60041,56.689,4.861,127611824222.59999,127611824222.59999
600113,浙江东日,27.99,0.467,27.86,27.89,28.38,27.86,2167430,60889248,0.5268,79.971,4.625,11515958168.4,11515958168.4
600114,东睦股份,25.43,0.236,25.37,25.43,26.87,25.31,11003803,285380273,1.78522,29.57,4.842,16974885215.95,15674631820.11
600115,中国东航,3.4,2.41,3.32,3.35,3.41,3.32,158602391,533860209,0.93159,-30.909,7.519,75098304678.0,57884880636.200005
600116,三峡水利,6.15,1.151,6.08,6.08,6.17,6.06,11036396,67836058,0.57717,26.739,1.019,11759678859.6,11759678859.6
600117,西宁特钢,2.17,0.463,2.16,2.17,2.18,2.14,6814600,14724483,0.20935,-7.75,2.042,7063599239.69,7063599239.69
600118,中国卫星,55.03,-0.434,55.27,55.65,55.9,54.77,11343337,626046784,0.95928,1834.333,10.16,65072377099.05,65072377099.05
600119,*ST长投,4.74,-0.837,4.78,4.83,4.83,4.71,1167910,5563059,0.31974,-36.462,25.334,1731381553.8000002,1731381553.8000002
600120,浙江东方,4.65,0.432,4.63,4.63,4.69,4.61,17171857,79938898,0.50278,16.607,0.948,15881523937.800001,15881523937.800001
600121,郑州煤电,5.34,0.188,5.33,5.33,5.64,5.3,193286378,1049655514,15.86379,-7.015,10.821,6506320282.919999,6506320282.919999
600123,兰花科创,6.86,0.734,6.81,6.82,6.93,6.77,11668800,80130925,0.79205,-18.718,0.662,10106426544.060001,10106426544.060001
600125,铁龙物流,5.27,0.958,5.22,5.23,5.29,5.22,7224065,37997630,0.55335,13.109,0.869,6880100275.9800005,6880100275.9800005
600126,杭钢股份,5.94,-0.835,5.99,6.08,6.08,5.93,20753293,123717072,0.61451,594.0,1.033,20060503153.02,20060503153.02
600127,金健米业,13.14,-1.647,13.36,12.8,13.63,12.68,225571404,2960624365,35.1476,2227.119,12.746,8433031484.5199995,8433031484.5199995
600128,苏豪弘业,8.66,0.231,8.64,8.67,8.71,8.58,2375400,20552782,0.96261,44.274,1.022,2179710742.0,2137006550.0
600129,太极集团,13.54,2.654,13.19,13.21,13.58,13.19,9200861,123975410,1.66858,61.545,2.078,7466202224.9,7466202224.9
600130,波导股份,4.56,-0.654,4.59,4.61,4.62,4.49,11707800,53201770,1.56104,456.0,3.768,3420000000.0,3420000000.0
600131,国网信通,15.39,10.007,13.99,14.05,15.39,14.0,26918113,401873347,2.25086,27.982,2.803,18421609445.91,18404980243.11
600132,重庆啤酒,38.03,2.067,37.26,37.4,38.18,37.3,2399566,90652802,0.49581,14.972,11.62,18405424659.94,18405424659.94
600133,东湖高新,7.87,1.027,7.79,7.76,7.94,7.74,7624137,59783273,0.71505,30.386,0.941,8391307816.249999,8391307816.249999
600135,乐凯胶片,7.44,-1.326,7.54,7.54,7.67,7.43,5395339,40490648,0.97511,-41.704,1.753,4116604816.5600004,4116604816.5600004
600136,ST明诚,1.49,1.361,1.47,1.46,1.5,1.46,5379800,7961500,0.27687,-149.0,13.351,3040830637.19,2895203346.06
600137,浪莎股份,18.03,-1.26,18.26,18.4,18.5,17.92,1147900,20771755,1.18075,54.307,3.218,1752833111.64,1752833111.64
600138,中青旅,7.0,0.865,6.94,6.94,7.04,6.93,5473300,38223728,0.75615,60.659,0.8,5066880000.0,5066880000.0
600141,兴发集团,26.87,1.396,26.5,26.6,27.08,26.52,12964619,348491672,1.08385,19.904,1.288,32140917463.59,32140917463.59
600143,金发科技,12.76,0.157,12.74,12.75,12.93,12.74,13254405,169712768,0.50305,28.616,1.737,34111287150.16,33620380117.28
600148,长春一东,15.8,-0.754,15.92,15.92,16.03,15.77,1113300,17677346,0.78669,195.545,4.624,2235959910.0,2235959910.0
600149,廊坊发展,5.18,0.778,5.14,5.14,5.2,5.1,7709700,39778125,2.02801,127.901,7.857,1969228800.0,1969228800.0
600150,中国船舶,39.1,0.385,38.95,39.13,39.93,39.01,83341909,3281209191,1.10744,31.532,1.931,294251792360.8,294251792360.8
600151,航天机电,9.13,-0.109,9.14,9.18,9.24,9.06,11421592,104653440,0.79634,-29.423,2.966,13094723380.31,13094723380.31
600152,维科技术,8.48,1.923,8.32,8.81,9.07,8.32,96526338,827742062,18.24421,-47.111,2.757,4486593100.0,4486593100.0
600153,建发股份,8.82,1.965,8.65,8.6,8.86,8.39,34742515,301753770,1.19821,-2.256,0.616,25573930019.820004,25573930019.820004
600155,华创云信,5.92,0.0,5.92,5.94,5.96,5.86,13487299,79842960,0.61778,74.0,0.64,12924477542.08,12924477542.08
600156,华升股份,7.35,-10.037,8.17,7.77,7.77,7.35,42364700,314199666,10.53558,-83.904,8.514,2955513659.7,2955513659.7
600157,永泰能源,1.45,0.0,1.45,1.45,1.46,1.44,214575021,311443926,0.98349,152.632,0.678,31635758010.25,31635758010.25
600158,中体产业,6.93,-0.716,6.98,6.99,7.02,6.89,15034087,104342994,1.56685,-31.104,2.772,6649425554.309999,6649425554.309999
600159,大龙地产,2.81,-0.707,2.83,2.8,2.83,2.62,28160400,77504791,3.39281,-9.189,1.621,2332309081.92,2332309081.92
600160,巨化股份,33.13,0.091,33.1,33.27,33.48,32.72,14979110,495072539,0.55483,23.664,4.055,89442587663.53,89442587663.53
600161,天坛生物,12.59,3.878,12.12,12.12,12.62,12.1,21523527,268422894,1.08849,22.891,2.085,24895106505.14,24895106505.14
600162,香江控股,4.26,-1.389,4.32,4.37,4.4,4.21,68831663,293819033,2.10595,-157.196,2.429,13923546399.72,13923546399.72
600163,中闽能源,5.6,0.901,5.55,5.55,5.64,5.5,55622761,309865678,2.9229,20.741,1.482,10656778400.8,10656778400.8
600165,宁科生物,3.35,3.077,3.25,3.32,3.38,3.24,18734903,61979809,2.55622,-59.821,5.033,5413210646.25,2455260714.1
600166,福田汽车,2.8,1.449,2.76,2.76,2.82,2.74,83343689,232514754,1.05266,16.279,1.4,22168721027.600002,22168721027.600002
600167,联美控股,5.65,2.355,5.52,5.55,5.66,5.5,6139600,34394521,0.27132,18.32,1.101,12785048615.949999,12785048615.949999
600168,武汉控股,4.41,0.685,4.38,4.41,4.42,4.35,3613340,15840185,0.36374,55.125,0.807,4380883279.29,4380883279.29
600169,ST太重,2.19,0.459,2.18,2.18,2.2,2.17,7769200,16996717,0.23309,30.802,1.392,7299579885.0,7299579885.0
600170,上海建工,2.24,1.357,2.21,2.21,2.26,2.18,156666088,348257295,1.76308,28.0,0.634,19904505026.56,19904505026.56
600171,上海贝岭,21.76,-1.716,22.14,22.27,22.42,21.74,7830290,171707981,1.10453,65.939,3.387,15426171073.28,15426171073.28
600172,黄河旋风,14.12,-5.235,14.9,14.93,15.14,14.08,162591669,2355195193,12.66016,-20.692,60.265,20363644801.12,18134013944.96
600173,卧龙新能,5.96,0.506,5.93,5.93,6.01,5.73,7816601,46087444,1.11599,-22.033,1.166,4175017214.24,4174480814.24
600176,中国巨石,39.41,-0.705,39.69,39.91,40.19,39.21,94954728,3761312051,2.39085,47.985,4.758,157763618450.47998,156520244773.48
600177,雅戈尔,8.38,0.6,8.33,8.3,8.44,8.29,17541708,147125112,0.38952,15.811,0.919,38744443138.759995,37738843398.54
600178,东安动力,9.89,-0.302,9.92,10.01,10.15,9.81,11301093,112360483,2.42265,370.412,1.81,4613449232.29,4613449232.29
600179,安通控股,4.35,0.0,4.35,4.36,4.39,4.32,17336894,75476639,0.44888,16.952,1.472,18407142358.649998,16800911453.25
600180,*ST瑞茂,1.49,-0.667,1.5,1.51,1.52,1.46,15782273,23471926,1.45241,-0.513,0.466,1619074921.36,1619074921.36
600182,S佳通,12.4,-0.958,12.52,12.42,12.52,12.21,1311400,16263548,0.77141,21.39,3.905,4216000000.0,2108000000.0
600183,生益科技,129.96,-2.271,132.98,133.9,134.33,129.13,35375754,4613023260,1.46681,93.496,17.062,315673316953.2,313430881455.72
600184,光电股份,17.85,-1.49,18.12,18.39,18.48,17.79,10269317,184793690,1.76228,188.49,3.045,10401685303.8,10401685303.8
600185,珠免集团,4.8,0.629,4.77,4.78,4.84,4.63,28643270,135902437,1.51953,-8.727,160.535,9048027816.0,9048027816.0
600186,莲花控股,11.46,-0.951,11.57,11.63,11.96,11.45,145893798,1702165614,8.15442,63.667,10.189,20545082785.86,20503524814.86
600187,*ST国中,1.24,0.0,1.24,1.25,1.26,1.22,14870981,18362234,0.9215,-9.309,0.681,2001088567.72,2001088567.72
600188,兖矿能源,19.44,0.935,19.26,19.14,19.7,19.13,23900122,465684355,0.40092,23.173,2.539,195116403268.80002,115888683268.8
600189,泉阳泉,8.95,-0.666,9.01,9.1,9.1,8.52,52495450,463018883,7.33999,447.5,5.06,6401020417.400001,6401020417.400001
600191,华资实业,8.85,1.259,8.74,8.72,8.85,8.72,4134560,36333935,0.85261,72.72,2.502,4291648200.0,4291648200.0
600192,长城电工,7.19,-0.828,7.25,7.28,7.3,7.09,7731566,55431637,1.75022,-9.124,4.697,3176168120.0,3176168120.0
600195,中牧股份,6.73,1.355,6.64,6.69,6.75,6.64,4993200,33572851,0.48898,40.107,1.202,6872327789.799999,6872327789.799999
600196,复星医药,24.02,2.693,23.39,23.47,24.1,23.26,36991839,884930098,1.74614,18.913,1.316,64143712386.5,50886101576.50001
600197,伊力特,9.32,1.525,9.18,9.19,9.4,9.18,3923706,36447847,0.82923,20.372,1.114,4409988362.44,4409988362.44
600198,大唐电信,7.21,-0.825,7.27,7.32,7.33,7.17,7594436,54858799,0.58331,-164.237,45.836,9398981530.61,9387058086.84
600199,金种子酒,7.0,1.597,6.89,7.02,7.14,6.84,16846285,117977897,2.56102,-23.333,2.43,4604577768.0,4604577768.0
600201,生物股份,11.61,1.575,11.43,11.43,11.73,11.4,8221260,95414807,0.74744,129.0,2.36,12770162059.859999,12770162059.859999
600202,哈空调,5.18,-1.145,5.24,5.26,5.34,5.13,5075700,26416400,1.32407,271.204,2.516,1985704680.96,1985704680.96
600203,福日电子,9.78,-1.112,9.89,9.9,9.97,9.77,8984700,88327785,1.51516,-119.56,3.373,5799423441.96,5799423441.96
600206,有研新材,46.62,-6.197,49.7,49.05,49.34,46.42,60403604,2884092094,7.13524,148.946,9.052,39466316337.84,39466316337.84
600207,安彩高科,5.26,-4.015,5.48,5.38,5.46,5.15,52236900,276701605,4.7954,-7.88,3.374,5729784034.04,5729784034.04
600208,衢州发展,2.91,0.345,2.9,2.88,2.94,2.81,124402695,358936297,1.46219,97.0,0.594,24761017728.0,24758211140.67
600210,紫江企业,6.36,1.597,6.26,6.26,6.38,6.25,18158786,115107919,1.19723,9.298,1.439,9646441964.88,9646441964.88
600211,西藏药业,36.35,1.65,35.76,35.76,36.5,35.69,2430830,88236442,0.75417,12.491,2.994,11716302774.6,11716302774.6
600212,绿能慧充,5.63,-1.401,5.71,5.82,5.83,5.57,6264803,35469743,0.915,234.583,6.905,3964365699.1899996,3854749599.19
600215,派斯林,6.23,-1.268,6.31,6.38,6.38,6.15,5709200,35609420,1.2496,-8.292,1.172,2846380342.4,2846380342.4
600216,浙江医药,12.43,2.053,12.18,12.22,12.46,12.16,10204470,126324798,1.07259,13.659,1.025,11953157232.5,11825771174.25
600217,中再资环,3.27,0.307,3.26,3.27,3.28,3.23,6138337,19974801,0.3703,-9.271,1.906,5420527510.71,5420527510.71
600218,全柴动力,8.03,1.389,7.92,7.93,8.03,7.8,14286468,113564829,3.27972,53.533,1.07,3497867349.57,3497867349.57
600219,南山铝业,4.71,1.948,4.62,4.67,4.73,4.66,99009077,465565844,0.86217,11.488,1.085,54088234342.89,54088234342.89
600221,海航控股,1.22,0.826,1.21,1.21,1.23,1.21,199046213,242762481,0.46457,26.522,9.599,52723071692.700005,52271528218.259995
600222,太龙药业,7.89,0.254,7.87,7.93,8.02,7.84,10170801,80493827,1.81828,72.719,2.736,4413375513.87,4413375513.87
600223,福瑞达,5.74,1.413,5.66,5.67,5.76,5.64,8378569,47979065,0.8242,31.889,1.371,5835104768.5,5835104768.5
600226,亨通股份,5.15,-3.195,5.32,5.32,5.36,5.15,60268114,314157500,2.02624,73.571,4.107,15318063303.6,15318063303.6
600227,赤天化,3.85,1.05,3.81,3.85,3.88,3.77,79275064,304374074,6.205,-23.562,2.811,6501601587.25,4918759241.55
600228,返利科技,10.12,-0.589,10.18,10.27,10.36,9.79,30694500,309875073,7.37783,-66.843,11.462,4216724961.24,4210296231.24
600229,城市传媒,5.75,-1.709,5.85,5.86,5.93,5.69,9583265,55301569,1.45045,-9.583,1.4,3799069758.0,3799069758.0
600230,沧州大化,13.15,-0.228,13.18,13.3,13.99,13.12,19993507,267160688,4.8298,176.51,1.325,5443587347.25,5443587347.25
600231,凌钢股份,1.69,2.424,1.65,1.66,1.69,1.63,30583963,50680790,1.07827,-3.018,1.482,4853787113.89,4793487913.89
600232,金鹰股份,6.66,-2.203,6.81,6.81,7.0,6.62,10155369,68200773,2.78444,111.0,2.505,2429025503.04,2429025503.04
600233,圆通速递,17.79,-1.167,18.0,17.88,18.13,17.69,12237269,218618171,0.35728,14.144,1.64,60932769841.02,60932769841.02
600234,科新发展,19.19,-2.241,19.63,19.71,20.36,19.11,1698411,33208061,0.64696,-274.143,11.143,5037777471.87,5037777471.87
600235,民丰特纸,5.97,0.168,5.96,5.97,6.0,5.88,4246000,25224008,1.20865,119.4,1.387,2097261000.0,2097261000.0
600236,桂冠电力,9.27,0.98,9.18,9.23,9.34,9.2,6853769,63562071,0.08695,22.676,4.039,73069642224.54001,73069642224.54001
600237,铜峰电子,8.55,-5.316,9.03,9.21,9.22,8.52,37211519,324448430,5.95751,45.0,2.723,5390687405.25,5340465047.25
600238,ST椰岛,4.01,0.0,4.01,4.02,4.03,3.93,3571600,14182171,0.80212,-66.833,25.821,1797282000.0,1785539035.8000002
600239,ST云城,1.44,0.699,1.43,1.42,1.45,1.39,23649200,33635175,1.47284,-8.0,2.1,2312189148.96,2312189148.96
600241,时代万恒,9.72,9.955,8.84,9.72,9.72,9.72,7681200,74661264,2.60997,-21.6,2.798,2860616557.7999997,2860616557.7999997
600243,*ST海华,3.64,0.0,3.64,3.59,3.64,3.58,3669600,13247427,0.83619,-19.57,2.934,1597414000.0,1597414000.0
600246,万通发展,12.58,-4.189,13.13,13.15,13.33,12.47,76787520,983202536,4.06195,-36.129,5.445,24607036363.079998,23781388948.079998
600248,陕建股份,2.89,2.482,2.82,2.83,2.9,2.8,17975342,51323535,0.48507,47.769,0.388,10733255636.539999,10709586536.54
600249,两面针,5.35,-0.187,5.36,5.38,5.42,5.32,4790100,25711528,0.87093,298.883,1.354,2942500000.0,2942500000.0
600250,南京商旅,8.75,-0.794,8.82,8.91,8.93,8.72,5470000,48075377,1.74877,291.667,4.369,2736924785.0000005,2736924785.0000005
600251,冠农股份,9.99,2.252,9.77,9.79,10.04,9.74,13967656,138839973,1.79765,22.2,1.812,7762165894.169999,7762165894.169999
600252,中恒集团,2.2,1.382,2.17,2.17,2.21,2.15,45777285,100316926,1.43766,-19.231,1.34,7005158754.0,7005158754.0
600255,鑫科材料,3.35,-0.888,3.38,3.4,3.41,3.32,32542015,109040007,1.80174,167.5,4.028,6050592299.25,6050592299.25
600256,广汇能源,6.67,-0.15,6.68,6.65,6.78,6.62,77220364,517168719,1.20808,32.191,1.706,42634659769.88,42634659769.88
600257,大湖股份,5.5,0.917,5.45,5.47,5.52,5.43,8112053,44423846,1.68567,550.0,3.243,2646804534.0,2646804534.0
600258,首旅酒店,11.01,0.0,11.01,11.01,11.03,10.91,13377167,146763551,1.19802,15.157,1.023,12293800417.259998,12293800417.259998
600259,中稀有色,73.74,-0.62,74.2,74.4,75.15,73.41,3314980,245830625,0.98532,194.053,6.448,24808784003.4,24808784003.4
600261,阳光照明,3.29,0.612,3.27,3.27,3.3,3.26,12663618,41575808,0.94855,23.5,1.294,4392324258.14,4392324258.14
600262,北方股份,14.52,-0.069,14.53,14.59,14.77,14.51,2119660,30914204,0.89061,11.433,1.849,3455760000.0,3455760000.0
600265,*ST景谷,22.95,1.774,22.55,22.55,23.1,22.55,395600,8999327,0.30478,-12.143,9.023,2978910000.0,2978910000.0
600266,城建发展,4.42,-1.339,4.48,4.42,4.46,4.16,89503010,383722819,4.31185,-15.241,0.512,9174786300.94,9174786300.94
600267,海正药业,11.75,2.8,11.43,11.4,11.86,11.38,26722363,313929322,2.26408,25.543,1.542,13868197128.000002,13868197128.000002
600268,国电南自,10.09,1.001,9.99,10.06,10.19,10.03,7968000,80670572,0.78464,21.021,2.741,10247269924.08,10246349090.5
600269,赣粤高速,3.81,1.33,3.76,3.77,3.82,3.74,11473080,43506135,0.49127,6.927,0.463,8897900723.34,8897900723.34
600271,航天信息,6.64,-0.15,6.65,6.66,6.67,6.58,5592514,37067030,0.30183,-16.6,0.956,12303153996.32,12303153996.32
600272,开开实业,15.01,0.133,14.99,15.0,15.48,14.86,14131515,213927231,8.8322,300.2,4.96,3942405694.45,2401600000.0
600273,嘉化能源,6.2,1.142,6.13,6.15,6.23,6.14,7990682,49479744,0.60937,8.378,0.816,8130116556.400001,8130116556.400001
600276,恒瑞医药,47.2,3.463,45.62,45.6,47.39,45.25,112164009,5234863148,1.75833,39.664,4.86,313275834052.8,301088907332.8
600278,东方创业,6.52,-0.153,6.53,6.55,6.57,6.45,4322404,28138911,0.5023,28.348,0.661,5610581643.639999,5610581643.639999
600279,重庆港,4.32,1.171,4.27,4.29,4.33,4.26,4999750,21483626,0.42126,108.0,0.758,5127262342.56,5127262342.56
600280,中央商场,3.01,0.333,3.0,3.02,3.03,2.96,23115900,69362424,2.04867,-8.6,13.903,3396287711.8799996,3396287711.8799996
600281,华阳新材,4.62,-1.911,4.71,4.7,4.73,4.57,12901000,59961325,2.50796,-381.818,40.562,2376537355.5,2376537355.5
600282,南钢股份,4.54,2.483,4.43,4.43,4.58,4.42,43385500,195936032,0.70373,9.761,1.005,27989513189.940002,27989513189.940002
600283,钱江水利,8.04,0.5,8.0,8.08,8.08,8.0,1538420,12349877,0.27431,18.698,1.374,4509032179.92,4509032179.92
600284,浦东建设,5.14,0.784,5.1,5.1,5.17,5.05,9996327,51157798,1.03028,14.121,0.624,4987115840.0,4987115840.0
600285,羚锐制药,18.98,1.552,18.69,18.68,18.99,18.67,4436335,83791501,0.78313,14.164,3.331,10763851924.28,10751989424.28
600287,苏豪时尚,5.02,-0.199,5.03,5.05,5.05,4.94,2749900,13764707,0.62956,87.304,0.998,2192716291.48,2192716291.48
600288,大恒科技,10.36,-1.427,10.51,10.62,10.65,10.35,8789400,91695900,2.01223,43.438,2.255,4525248000.0,4525248000.0
600289,ST信通,4.4,3.286,4.26,4.26,4.44,4.21,1744400,7490163,0.30824,-5.938,3.295,2776629103.6,2490059809.6
600292,电投水电,11.42,2.606,11.13,11.15,11.44,11.15,7399700,84013018,1.68449,93.992,3.024,54406993430.88,5016618517.860001
600293,三峡新材,3.93,0.0,3.93,0.0,0.0,0.0,0,0,0.0,-131.0,2.763,4559370030.78,4559370030.78
600295,鄂尔多斯,13.06,1.713,12.84,12.83,13.17,12.75,8698688,113196246,0.44031,15.548,1.708,36552017877.24,25801025877.24
600298,安琪酵母,37.47,0.456,37.3,37.39,37.86,37.2,4851689,182181545,0.56372,21.051,2.612,32517053192.37,32248634224.47
600299,安迪苏,8.21,1.735,8.07,8.08,8.23,8.06,21117190,172862672,0.68567,19.093,1.282,25284987699.97,25284987699.97
600300,维维股份,3.1,1.639,3.05,3.05,3.11,3.04,21139133,65088258,1.30719,14.762,1.398,5013140758.0,5013140758.0
600301,华锡有色,49.83,2.447,48.64,48.98,50.25,48.76,11431526,567245304,4.15185,39.36,6.19,31520837478.570004,13719976984.230001
600302,ST标准,6.76,-0.148,6.77,6.74,6.89,6.69,1884800,12737453,0.54472,-16.258,4.999,2339026275.04,2339026275.04
600303,曙光股份,3.11,1.634,3.06,3.07,3.18,3.06,26577800,82998164,3.92285,-5.981,2.42,2126009096.21,2107062976.21
600305,恒顺醋业,6.74,1.049,6.67,6.66,6.77,6.65,5232790,35186769,0.47443,51.846,2.23,7445473562.320001,7433949779.919999
600307,酒钢宏兴,1.47,0.685,1.46,1.47,1.48,1.44,35211500,51406974,0.56218,-4.582,1.734,9207135413.28,9207135413.28
600308,华泰股份,3.27,0.615,3.25,3.26,3.27,3.24,5227992,17007291,0.34466,-81.75,0.548,4960165475.5199995,4960165475.5199995
600309,万华化学,68.9,1.833,67.66,67.72,69.29,67.72,19876670,1366019035,0.63494,17.268,1.899,215689495031.4,215689495031.4
600310,广西能源,4.52,-0.877,4.56,4.6,4.6,4.5,38799781,176187656,2.64716,-31.411,2.337,6625012463.44,6625012463.44
600312,平高电气,20.29,1.704,19.95,19.95,20.78,19.88,25366380,517699641,1.86941,24.585,2.32,27531933359.61,27531933359.61
600313,农发种业,6.73,4.341,6.45,6.54,6.79,6.51,44514600,296660537,4.11335,84.125,3.205,7816046811.37,7283197001.99
600315,上海家化,18.38,3.842,17.7,17.76,18.48,17.73,7945081,144786025,1.18191,45.95,1.748,12355513512.4,12355513512.4
600316,洪都航空,33.41,1.736,32.84,33.11,33.97,33.06,6888029,231781940,0.96052,603.069,4.453,23958795845.920002,23958795845.920002
600318,新力金融,6.8,-0.73,6.85,6.87,6.92,6.77,10912831,74386996,2.12839,97.143,3.143,3486547897.6,3486547897.6
600319,亚星化学,6.32,0.317,6.3,6.33,6.42,6.27,3341047,21196015,0.86174,-15.8,7.53,2450323306.8799996,2450323306.8799996
600320,振华重工,4.07,1.244,4.02,4.01,4.08,4.01,25937550,105292218,0.77823,29.071,1.356,21486555110.9,13564886842.1
600322,津投城开,2.79,0.0,2.79,2.78,2.81,2.66,45160598,123237333,4.08434,-2.264,40.435,3084903000.0,3084903000.0
600323,瀚蓝环境,29.48,1.167,29.14,29.1,29.66,29.04,2951172,86883623,0.36195,12.182,1.583,24036433864.079998,24036433864.079998
600325,华发股份,2.92,-1.017,2.95,2.91,2.97,2.66,260882845,733173579,9.47923,-0.839,1.363,8036284178.72,8036284178.72
600326,西藏天路,6.73,1.508,6.63,6.7,6.82,6.61,13942524,93587584,1.02333,-157.611,2.383,9169385566.79,9169385566.79
600327,大东方,3.88,0.779,3.85,3.87,3.9,3.82,9787800,37847329,1.10624,-13.857,1.222,3432944529.8399997,3432944529.8399997
600328,中盐化工,5.68,1.61,5.59,5.6,5.7,5.58,11848197,66931579,0.80803,112.698,0.712,8328638147.44,8328638147.44
600329,达仁堂,35.32,2.081,34.6,34.85,35.43,34.61,1995302,70172488,0.35185,12.751,4.578,27199732653.92,20029596053.92
600330,天通股份,26.9,-3.376,27.84,28.15,28.25,26.7,50848264,1382651124,4.12249,-197.794,4.417,33179385790.4,33179385790.4
600331,宏达股份,11.56,-0.773,11.65,11.73,11.8,11.55,14643906,170559906,0.72066,-363.522,9.767,30536896000.0,23489920000.0
600332,白云山,19.72,1.649,19.4,19.4,19.74,19.37,5685453,111552331,0.4044,10.747,0.819,32060597514.280003,27724169514.28
600333,长春燃气,6.82,1.337,6.73,6.71,6.84,6.71,11517201,78297980,1.89107,-682.0,2.189,4153589264.88,4153589264.88
600335,国机汽车,5.26,0.96,5.21,5.2,5.28,5.18,10126331,53168088,0.68078,18.666,0.672,7824023251.92,7824023251.92
600336,澳柯玛,6.22,-1.738,6.33,6.39,6.4,6.22,3470016,21734894,0.43483,-23.037,2.406,4963651863.18,4963651863.18
600337,ST美克,3.82,3.243,3.7,3.7,3.86,3.59,39130632,145839716,2.72308,-2.606,60.539,5489332883.34,5489332883.34
600338,西藏珠峰,12.0,0.587,11.93,11.9,12.09,11.84,13936539,166929330,1.52443,21.425,2.31,10970522016.0,10970522016.0
600339,中油工程,3.24,0.935,3.21,3.2,3.24,3.19,23606382,76027230,0.42281,50.784,0.669,18089397806.04,18089397806.04
600340,*ST华幸,1.3,-5.109,1.37,1.33,1.36,1.25,159926370,207901264,4.10767,-0.221,-0.232,5061361580.599999,5061361580.599999
600343,航天动力,18.88,-1.461,19.16,19.3,19.41,18.56,24470803,461488668,3.83431,-62.558,9.72,12049335850.24,12049335850.24
600345,长江通信,48.79,3.676,47.06,47.4,50.45,47.08,9299643,453232815,4.39576,73.924,3.836,16081775920.279999,10321978100.63
600346,恒力石化,16.07,1.006,15.91,16.09,16.32,15.88,23174206,374469609,0.32922,15.911,1.572,113118333561.02,113118333561.02
600348,华阳股份,8.88,1.835,8.72,8.72,8.93,8.71,18424365,163259341,0.51072,20.651,1.162,32034600000.0,32034600000.0
600350,山东高速,10.16,2.008,9.96,9.95,10.2,9.94,11579483,116996943,0.23951,18.642,1.676,49119239582.0,49119239582.0
600351,亚宝药业,6.82,1.791,6.7,6.7,6.88,6.7,21178546,144568786,3.06048,14.904,1.673,4719440313.72,4719440313.72
600352,浙江龙盛,12.59,4.05,12.1,12.17,12.71,12.13,53845845,674836480,1.6551,22.394,1.277,40959448117.4,40959448117.4
600353,旭光电子,28.68,-2.116,29.3,29.5,30.05,28.45,32965692,960873919,3.97747,147.152,12.45,23770304040.120003,23770304040.120003
600354,敦煌种业,9.24,3.125,8.96,9.05,9.6,9.01,86815832,804035229,16.44856,103.24,5.765,4876891219.2,4876891219.2
600356,恒丰纸业,11.46,9.981,10.42,10.84,11.46,10.68,15377365,173476365,5.14756,17.364,1.228,3776488335.84,3423461591.88
600358,国旅联合,5.69,-1.215,5.76,5.85,5.87,5.65,14382400,82360035,2.84836,-76.581,139.461,6618354277.21,2873089595.4
600359,新农开发,7.4,2.069,7.25,7.26,7.48,7.24,26769911,196635192,7.01678,-370.0,4.216,2823194868.0,2823194868.0
600360,华微电子,10.83,-4.244,11.31,11.42,11.52,10.79,64978450,714901858,6.76651,60.167,2.925,10399998142.32,10399998142.32
600361,创新新材,3.49,0.576,3.47,3.46,3.5,3.46,17728995,61776350,0.47497,17.346,1.17,13026993566.37,13026993566.37
600362,江西铜业,41.8,0.144,41.74,41.74,41.88,41.31,18649590,777747688,0.89867,20.193,1.652,144742089129.0,86745341528.99998
600363,ST联光,12.2,-9.963,13.55,12.2,12.2,12.2,1501600,18319520,0.33303,11.509,1.19,5500839090.0,5500839090.0
600365,ST通葡,2.86,0.0,2.86,2.85,2.87,2.85,698000,1997778,0.15891,-15.053,6.378,1298239800.0,1256197800.0
600366,宁波韵升,10.71,-0.465,10.76,10.76,10.84,10.68,11130102,119640015,1.01271,34.841,1.833,11770729656.21,11770729656.21
600367,红星发展,33.08,-4.365,34.59,34.59,34.99,33.01,21000427,710170566,6.52241,122.519,4.438,11284610238.16,10650872860.56
600368,五洲交通,4.11,-0.243,4.12,4.13,4.14,4.09,9586972,39403635,0.59559,11.889,0.906,6615677356.379999,6615677356.379999
600369,西南证券,3.92,0.256,3.91,3.91,3.93,3.88,15856937,61999316,0.23863,24.5,0.994,26048827766.08,26048827766.08
600370,*ST三房,1.37,-5.517,1.45,1.44,1.45,1.36,38519966,53017210,0.95757,-6.033,1.124,5511048474.400001,5511048474.400001
600371,万向德农,13.51,5.218,12.84,12.6,13.94,12.57,66616940,883910020,22.76895,675.5,7.601,3952728780.0000005,3952728780.0000005
600372,中航机载,11.25,0.897,11.15,11.15,11.33,11.15,14552711,163946830,0.30074,50.974,1.427,54437587087.5,54437587087.5
600373,中文传媒,7.51,-0.398,7.54,7.52,7.6,7.47,10917274,82188292,0.81027,37.16,0.569,10118663979.69,10118663979.69
600375,汉马科技,3.73,1.913,3.66,3.68,3.76,3.63,21219698,78539661,1.45074,124.333,1.759,5979456198.91,5455817884.8
600376,首开股份,3.3,-2.655,3.39,3.32,3.38,3.1,142648851,460939289,5.52996,-1.244,6.81,8512565298.6,8512565298.6
600377,宁沪高速,13.0,0.541,12.93,12.99,13.18,12.9,10227100,133630988,0.26898,14.256,1.577,65490717500.0,49428379013.0
600378,昊华科技,41.2,-1.317,41.75,42.08,42.28,41.04,18559310,771011772,1.73037,36.792,2.846,53147984344.0,44189692955.600006
600379,宝光股份,13.94,-1.693,14.18,14.29,14.32,13.89,6356700,89201973,1.9251,89.704,5.697,4603009802.16,4603009802.16
600380,健康元,10.16,2.626,9.9,9.93,10.23,9.86,31626853,320779514,1.72876,13.918,1.221,18587246401.760002,18587246401.760002
600381,*ST春天,4.2,1.695,4.13,4.14,4.21,4.12,4133500,17232833,0.7041,-60.0,2.571,2465655112.2,2465655112.2
600382,广东明珠,5.64,1.257,5.57,5.57,5.71,5.56,8058269,45300412,1.24295,19.972,1.198,3656508562.44,3656508562.44
600383,金地集团,2.74,7.451,2.55,2.47,2.81,2.3,491858330,1258907881,10.89488,-0.932,0.291,12369958987.28,12369958987.28
600386,北巴传媒,3.54,-0.282,3.55,3.57,3.58,3.53,6872500,24414309,0.85224,-272.308,1.742,2854656000.0,2854656000.0
600388,紫金龙净,16.8,0.659,16.69,16.69,16.92,16.69,4676930,78572015,0.36825,19.091,2.174,23726535890.4,21336777722.399998
600389,江山股份,17.89,2.346,17.48,17.49,18.06,17.49,6382612,113787383,1.48209,14.427,1.792,7704328500.0,7704328500.0
600390,五矿资本,4.85,1.253,4.79,4.8,4.87,4.77,24669417,119168473,0.54845,97.0,0.512,21815617476.149998,21815617476.149998
600391,航发科技,40.61,-0.758,40.92,41.11,42.77,40.51,9748000,400739090,2.95278,225.611,7.488,13406553593.87,13406553593.87
600392,盛和资源,20.17,-0.493,20.27,20.28,20.48,20.08,17912109,362935136,1.0219,42.135,2.707,35354511916.9,35354511916.9
600395,盘江股份,4.99,0.808,4.95,4.95,5.02,4.94,16296501,81237093,0.75917,32.614,1.01,10711658221.06,10711658221.06
600396,华电辽能,12.39,0.324,12.35,12.47,12.59,12.32,43390100,539697389,2.94628,641.969,12.207,18246837462.63,18246837462.63
600397,江钨装备,16.12,1.129,15.94,16.15,16.5,15.81,36974236,599459420,3.73492,-55.586,82.624,15958153297.84,15958153297.84
600398,海澜之家,5.65,0.534,5.62,5.62,5.68,5.6,19570642,110482887,0.40749,12.556,1.523,27135652172.4,27135652172.4
600399,抚顺特钢,4.29,0.941,4.25,4.27,4.33,4.26,18353246,78774464,0.93064,-10.463,1.608,8460309000.0,8460309000.0
600400,红豆股份,3.29,-0.604,3.31,3.33,3.38,3.26,33360373,110288913,1.45591,-18.278,5.866,7538613393.080001,7538613393.080001
600403,大有能源,7.02,-0.426,7.05,7.03,7.23,6.93,78101692,551463195,3.26674,-8.324,5.44,16783503062.04,16783503062.04
600405,动力源,4.94,-1.594,5.02,5.02,5.05,4.91,7564866,37442632,1.23442,-9.5,78.537,3027378164.72,3027378164.72
600406,国电南瑞,22.52,1.396,22.21,22.25,22.69,22.23,43555465,982842898,0.54389,21.654,3.473,180875148633.12,180344127168.24
600408,安泰集团,3.13,2.961,3.04,3.03,3.14,3.03,42580646,131727898,4.22931,-10.514,2.782,3151284000.0,3151284000.0
600409,三友化工,6.16,1.818,6.05,6.06,6.2,6.04,15213300,93525449,0.73695,141.935,0.908,12716392599.68,12716392599.68
600410,华胜天成,14.18,-2.81,14.59,14.72,14.79,14.16,44946203,643326392,4.09908,560.474,3.734,15548294604.94,15548294604.94
600415,小商品城,11.08,3.358,10.72,10.73,11.12,10.73,44263400,484470540,0.8072,14.39,2.749,60757836224.08,60757836224.08
600416,湘电股份,8.32,2.086,8.15,8.17,8.37,8.12,10097946,83526367,0.68424,52.0,1.266,12278509434.88,12278509434.88
600418,江淮汽车,27.47,5.492,26.04,26.03,28.64,24.96,274744852,7492598087,12.18825,-35.218,4.989,61922275016.65,61922275016.65
600419,天润乳业,8.94,1.938,8.77,8.82,9.06,8.77,5512050,49129641,1.747,67.985,1.139,2820706746.24,2820706746.24
600420,国药现代,8.39,2.192,8.21,8.23,8.41,8.2,7239922,60352624,0.53982,11.95,0.816,11252438885.880001,11252438885.880001
600422,昆药集团,8.11,1.375,8.0,8.0,8.15,7.97,4325588,34984826,0.57143,17.63,1.262,6139073389.2699995,6139073389.2699995
600423,*ST柳化,2.67,1.136,2.64,2.63,2.68,2.62,2146200,5683332,0.26871,-89.0,3.942,2132515719.42,2132515719.42
600425,青松建化,3.69,1.934,3.62,3.65,3.71,3.59,15862287,58008163,0.98849,21.706,0.921,5921356678.83,5921356678.83
600426,华鲁恒升,19.43,1.995,19.05,19.11,19.48,19.04,23150578,446452809,0.84186,12.431,1.53,53431392781.450005,53431392781.450005
600428,中远海特,10.71,2.783,10.42,10.45,10.77,10.45,25777034,274791527,0.93942,15.612,1.727,29387387430.45,29387387430.45
600429,三元股份,4.85,2.105,4.75,4.75,4.86,4.69,17911730,85764053,1.19606,-32.55,1.486,7263153516.1,7263153516.1
600433,冠豪高新,3.26,0.617,3.24,3.24,3.29,3.22,15128400,49254052,0.86434,-19.176,1.284,5705910299.580001,5705910299.580001
600435,北方导航,11.16,2.668,10.87,10.9,11.2,10.88,16087598,177848013,1.06374,139.5,5.949,16877912478.84,16877912478.84
600436,片仔癀,118.0,2.413,115.22,115.26,118.99,115.25,2278032,267363252,0.37758,32.961,4.872,71191430780.0,71191430780.0
600438,通威股份,11.52,4.065,11.07,11.09,11.77,11.04,55769412,636312987,1.23877,-5.428,1.607,51862935628.8,51862935628.8
600439,ST瑞贝卡,1.84,0.0,1.84,1.84,1.85,1.82,7779688,14269047,0.68726,-26.286,0.835,2082853209.6000001,2082853209.6000001
600444,国机通用,14.51,-0.138,14.53,14.67,14.67,14.37,1890000,27401382,1.29079,36.421,2.782,2124582233.32,2124582233.32
600446,金证股份,10.41,0.192,10.39,10.56,10.87,10.35,11385956,119522526,1.20964,-58.418,2.731,9798594456.390001,9798594456.390001
600448,华纺股份,3.1,-0.322,3.11,3.15,3.21,3.02,66203596,205176737,10.51152,-7.492,2.179,1952440952.1999998,1952440952.1999998
600449,宁夏建材,12.48,-0.08,12.49,12.53,12.58,12.42,3876400,48467199,0.81066,32.842,0.811,5967699404.16,5967699404.16
600452,涪陵电力,8.78,0.573,8.73,8.72,8.8,8.69,10971405,95948335,0.71403,33.769,2.359,13490835722.119999,13490835722.119999
600455,博通股份,24.63,-0.726,24.81,24.99,25.1,24.51,886900,21947509,1.41999,34.641,4.287,1538340540.0,1538340540.0
600456,宝钛股份,24.63,0.203,24.58,24.59,24.76,24.55,1651800,40724688,0.34573,29.353,1.637,11767660785.57,11767660785.57
600458,时代新材,10.99,1.197,10.86,10.95,11.04,10.83,12689299,139059665,1.45993,18.627,1.289,10463719232.4,9552167474.85
600459,贵研铂业,18.02,0.0,18.02,18.05,18.13,17.91,5797786,104548093,0.76316,21.452,1.642,14833654063.019999,13689906769.16
600460,士兰微,30.75,-3.423,31.84,32.29,32.3,30.69,42098771,1308544371,2.52986,128.125,4.143,51170209233.75,51170209233.75
600461,洪城环境,8.81,0.916,8.73,8.76,8.85,8.7,7181875,63254346,0.54501,9.473,1.171,11609444676.25,11609444676.25
600463,空港股份,8.37,-0.476,8.41,8.41,8.47,8.18,5715300,47594620,1.9051,-24.632,2.962,2511000000.0,2511000000.0
600467,好当家,2.44,0.826,2.42,2.43,2.45,2.4,27279597,66255344,1.86719,122.0,1.036,3564826101.7599998,3564826101.7599998
600468,百利电气,5.87,0.171,5.86,5.9,5.93,5.84,8451594,49654773,0.77699,71.673,3.141,6385006334.27,6385006334.27
600469,风神股份,4.94,0.816,4.9,4.91,4.96,4.9,4084700,20161258,0.48269,15.438,0.946,4396771971.280001,4180421608.4800005
600470,六国化工,5.45,-0.183,5.46,5.5,5.5,5.42,8631138,47078496,1.65474,-6.264,1.964,2842720000.0,2842720000.0
600475,华光环能,13.97,-2.308,14.3,14.34,14.45,13.9,5501618,77501878,0.58349,34.307,1.547,13284805097.85,13172113634.130001
600476,*ST湘邮,9.92,0.202,9.9,9.97,9.97,9.76,716700,7057552,0.44496,-3.371,-3.622,1597814400.0,1597814400.0
600477,杭萧钢构,2.43,0.83,2.41,2.42,2.45,2.39,19571647,47349375,0.82967,49.592,1.146,5732293299.4800005,5732293299.4800005
600478,科力远,4.54,1.114,4.49,4.5,4.56,4.44,23697783,107188017,1.39899,53.855,2.614,7690391878.639999,7690391878.639999
600479,千金药业,12.4,3.766,11.95,11.95,12.86,11.87,68336298,848563322,16.32859,18.658,2.02,6103404198.4,5189488250.8
600480,凌云股份,7.74,0.913,7.67,7.66,7.83,7.62,8794290,68072316,0.72489,11.217,1.173,9460039541.94,9390052999.08
600481,双良节能,4.03,3.069,3.91,3.96,4.05,3.93,40831086,163317788,1.97805,-6.769,2.092,8318744211.57,8318744211.57
600482,中国动力,33.51,-0.858,33.8,33.89,34.98,33.41,10776435,365451898,0.4751,57.776,1.846,76008935791.68001,76008935791.68001
600483,福能股份,11.02,1.754,10.83,10.83,11.06,10.76,9526217,104573039,0.34265,10.396,1.111,30637215631.18,30637215631.18
600486,XD扬农化,51.18,1.932,50.21,50.26,51.46,50.19,1916480,97713895,0.47424,16.054,1.729,20682448986.84,20682448986.84
600487,亨通光电,54.86,-3.94,57.11,57.55,57.88,54.58,161679047,8953541701,6.58934,49.873,4.014,135306279219.02,134607033659.01999
600488,津药药业,6.69,-3.043,6.9,6.85,7.25,6.6,219135889,1497523380,20.06947,102.923,2.416,7304721889.2,7304721889.2
600489,中金黄金,21.9,1.436,21.59,21.59,22.02,21.4,48232244,1049974014,0.99503,21.471,3.267,106156145151.6,106156145151.6
600490,鹏欣资源,6.8,1.493,6.7,6.7,6.81,6.67,19305434,130535607,0.96885,66.732,2.365,15047632137.2,13549825424.800001
600491,ST龙元,1.57,1.29,1.55,1.54,1.59,1.53,33617533,52382630,2.19757,-0.929,0.383,2401719989.35,2401719989.35
600493,凤竹纺织,6.51,-0.913,6.57,6.58,6.65,6.48,5735620,37553056,2.10868,112.63,1.584,1770720000.0,1770720000.0
600495,晋西车轴,4.08,0.246,4.07,4.09,4.1,4.06,5156740,21034315,0.42682,170.0,1.503,4929418814.88,4929418814.88
600496,精工钢构,3.39,2.108,3.32,3.33,3.4,3.3,32024700,107971164,1.60918,11.024,0.744,6746525780.61,6746525780.61
600497,驰宏锌锗,8.96,0.336,8.93,8.94,9.05,8.91,40783316,366184041,0.80913,43.879,2.541,45161809127.68,45161809127.68
600498,烽火通信,35.7,-1.599,36.28,36.6,36.8,35.6,44804086,1614674426,3.52338,99.167,2.755,48486579107.4,45396885979.2
600499,科达制造,11.19,1.084,11.07,11.08,11.22,11.06,19442827,216657261,1.01378,16.078,1.619,21460813015.29,21460813015.29
600500,中化国际,5.08,1.397,5.01,5.1,5.21,5.06,50348108,257948016,1.40312,-8.194,1.791,18228596019.24,18228596019.24
600501,航天晨光,14.45,-0.276,14.49,14.57,14.74,14.4,3541707,51385273,0.82784,-28.9,4.07,6182059690.0,6182059690.0
600502,安徽建工,4.23,1.683,4.16,4.17,4.24,4.14,29326761,123159957,1.70849,5.288,0.606,7260938557.740001,7260938557.740001
600503,华丽家族,2.53,2.429,2.47,2.45,2.6,2.27,238580468,580643073,14.88997,-55.24,1.178,4053793700.0,4053793700.0
600505,西昌电力,10.43,1.361,10.29,10.34,10.5,10.27,5451903,56710802,1.49544,318.96,3.094,3802439025.0000005,3802439025.0000005
600506,统一股份,16.2,0.124,16.18,16.37,16.65,15.96,13232340,214367481,5.3009,238.235,7.989,4043918746.8,4043918746.8
600507,方大特钢,4.08,2.513,3.98,3.99,4.11,3.96,19149309,77397491,0.82783,10.025,0.952,9437806591.199999,9437806591.199999
600508,上海能源,10.58,1.244,10.45,10.37,10.61,10.37,10952279,115522601,1.08245,34.129,0.834,10704899016.0,10704899016.0
600509,天富能源,7.15,-0.418,7.18,7.19,7.21,7.12,8866100,63391908,0.64509,42.712,1.237,9826941460.05,9826941460.05
600510,黑牡丹,6.4,-2.141,6.54,6.62,6.62,6.18,11522364,72748600,1.11648,106.667,0.637,6604962924.799999,6604962924.799999
600511,国药股份,26.1,1.163,25.8,25.83,26.18,25.77,4254600,110908289,0.76889,9.863,1.047,19692528247.8,14442341666.4
600512,腾达建设,2.09,0.0,2.09,2.09,2.1,2.05,25304400,52503439,1.59407,104.5,0.537,3317676790.67,3317676790.67
600513,联环药业,15.09,1.891,14.81,15.0,15.31,14.9,9953900,150485633,3.48701,-44.382,3.412,4307535114.3,4307535114.3
600515,海南机场,2.75,1.476,2.71,2.7,2.76,2.67,102270624,278304411,1.11454,143.979,1.301,31419601405.5,25234034397.0
600516,方大炭素,5.29,0.38,5.27,5.28,5.35,5.27,33356221,176914691,0.82853,264.5,1.285,21297383246.72,21297383246.72
600517,国网英大,4.94,1.856,4.85,4.87,4.96,4.85,16347600,80390600,0.28588,11.151,1.181,28249072575.36,28249072575.36
600518,康美药业,1.34,0.752,1.33,1.33,1.35,1.32,84827508,113590811,0.6137,1914.286,2.53,18530721564.6,18521951931.920002
600519,贵州茅台,1258.62,1.865,1235.58,1239.53,1268.0,1236.05,3833098,4797246636,0.30663,19.169,6.262,1573377704650.5999,1573377704650.5999
600520,三佳科技,24.31,-2.877,25.03,25.41,25.5,24.16,5001250,123380429,3.15676,486.2,9.666,3851433300.0,3851433300.0
600521,华海药业,16.34,2.189,15.99,15.97,16.46,15.89,21244737,346489263,1.41892,90.778,2.565,24465100882.640003,24465100882.640003
600522,中天科技,31.13,-0.638,31.33,31.7,31.85,31.0,85013847,2661719331,2.49092,36.324,2.764,106245122666.76,106245122666.76
600523,贵航股份,11.83,0.169,11.81,11.87,11.91,11.77,1892800,22408387,0.46846,24.646,1.469,4783002915.599999,4779847854.599999
600525,长园集团,4.86,0.206,4.85,4.86,4.93,4.85,10289500,50255289,0.78023,-5.651,2.262,6409271538.72,6409271538.72
600526,菲达环保,4.63,0.871,4.59,4.59,4.64,4.57,4612800,21273949,0.5239,13.618,0.88,4113633879.2000003,4076625363.2000003
600527,江南高纤,2.17,0.463,2.16,2.17,2.18,2.15,23704780,51341944,1.36883,180.833,1.848,3757921157.34,3757921157.34
600528,中铁工业,6.85,1.481,6.75,6.76,6.86,6.73,6183317,42081711,0.27833,11.61,0.596,15217628377.8,15217628377.8
600529,山东药玻,18.17,1.113,17.97,17.97,18.24,17.95,3271400,59348544,0.49297,17.471,1.411,12057868433.21,12057868433.21
600530,ST交昂,3.76,-0.792,3.79,3.78,3.79,3.74,2147200,8075127,0.27709,835.556,9.393,2913699200.0,2913699200.0
600531,豫光金铅,11.11,-0.09,11.12,11.15,11.19,11.05,14953389,166314280,1.23657,14.063,1.899,13434908574.78,13434908574.78
600533,栖霞建设,2.29,0.0,2.29,2.29,2.31,2.16,26278800,58632058,2.50274,-1.301,3.376,2404500000.0,2404500000.0
600535,天士力,14.0,1.892,13.74,13.75,14.1,13.72,12576273,175643106,0.84181,18.919,1.599,20915300070.0,20915300070.0
600536,中国软件,30.64,-1.097,30.98,30.99,31.0,30.33,7107766,217897314,0.8425,-612.8,7.973,28611220933.76,25849616622.8
600537,*ST亿晶,2.11,0.0,2.11,2.11,2.12,2.09,14824890,31183278,1.2524,-4.689,-11.755,2497638687.98,2497638687.98
600538,国发股份,4.79,1.699,4.71,4.73,4.83,4.73,6449202,30850689,1.2303,-28.176,3.712,2510910086.92,2510910086.92
600539,狮头股份,13.48,-1.028,13.62,13.65,13.9,13.46,6285500,85386552,2.73283,-149.778,10.314,3100400000.0,3100400000.0
600540,新赛股份,5.52,-2.646,5.67,5.61,5.68,5.45,74232836,411702820,12.76845,-22.54,6.855,3209200819.2000003,3209200819.2000003
600543,*ST莫高,4.07,0.0,4.07,4.04,4.09,4.01,1299900,5253679,0.4048,-12.171,1.94,1306958400.0,1306958400.0
600545,卓郎智能,3.84,-3.275,3.97,3.99,4.01,3.84,60591528,235532976,3.38895,-11.186,2.735,6865582932.48,6865582932.48
600546,山煤国际,13.12,0.923,13.0,12.94,13.18,12.94,10947000,143411817,0.55219,22.237,1.5,26009824556.800003,26009824556.800003
600547,山东黄金,27.3,3.058,26.49,26.7,27.47,26.5,87199909,2361825199,2.41254,29.043,3.799,125851076032.5,98674303373.09999
600548,深高速,8.12,0.744,8.06,8.08,8.14,8.04,2771705,22478320,0.15481,18.928,0.895,20607391751.24,14537691751.24
600549,厦门钨业,44.11,0.823,43.75,43.95,44.59,43.52,20299878,897577447,1.30636,30.324,3.746,70028410784.86,68543939637.799995
600550,保变电气,10.22,1.389,10.08,10.2,10.33,10.13,14447822,147995407,0.78456,95.514,19.189,18820421065.6,18820421065.6
600551,时代出版,7.98,1.398,7.87,7.92,8.15,7.88,22587124,180743665,3.33116,13.205,0.903,5410880807.22,5410880807.22
600552,凯盛科技,17.0,-1.163,17.2,17.3,18.16,16.96,61787170,1077074952,6.54105,124.816,3.71,16058317198.0,16058317198.0
600556,天下秀,4.57,-1.72,4.65,4.66,4.68,4.52,26488200,121470838,1.46526,228.5,2.212,8261406723.94,8261406723.94
600557,康缘药业,12.3,1.653,12.1,12.1,12.37,12.05,5021800,61711125,0.88699,22.778,1.402,6963753313.8,6963753313.8
600558,大西洋,4.76,0.211,4.75,4.77,4.81,4.76,9335812,44611962,1.04008,23.448,1.761,4272598995.5600004,4272598995.5600004
600559,老白干酒,10.98,1.573,10.81,10.81,11.06,10.75,10247031,111962329,1.1202,23.362,1.844,10043926935.12,10043926935.12
600560,金自天正,11.46,-0.779,11.55,11.55,11.67,11.36,2630600,30226822,1.17624,49.675,2.567,2562977430.0,2562977430.0
600561,江西长运,6.02,-0.824,6.07,6.08,6.12,5.96,2944500,17747211,1.03506,100.333,1.812,1712550336.0,1712550336.0
600562,国睿科技,26.81,1.746,26.35,26.57,27.19,26.28,4591731,123440507,0.36975,52.569,4.932,33294208690.399998,33294208690.399998
600563,法拉电子,115.26,-0.501,115.84,116.48,116.78,114.9,2092932,242140412,0.93019,21.747,4.255,25933500000.0,25933500000.0
600566,济川药业,25.63,3.056,24.87,24.86,25.68,24.84,4839553,122621857,0.52595,13.28,1.713,23624606766.969997,23583424482.97
600567,山鹰国际,1.32,0.763,1.31,1.31,1.33,1.3,45436200,59807484,0.7322,-6.6,0.562,8191204699.92,8191204699.92
600568,ST中珠,2.37,-1.25,2.4,2.39,2.41,2.36,5265600,12507444,0.31548,-39.5,2.964,4723101143.97,3955689451.23
600569,安阳钢铁,1.82,2.247,1.78,1.8,1.83,1.76,23782592,42694548,0.82796,-10.52,5.417,5227806922.5199995,5227806922.5199995
600570,恒生电子,19.4,0.414,19.32,19.38,19.44,19.24,9985677,193363591,0.52732,29.846,3.782,36736770074.8,36736770074.8
600571,信雅达,10.21,-0.681,10.28,10.28,10.4,10.16,3997143,40902316,0.87321,72.929,4.105,4761109934.89,4673644887.63
600572,康恩贝,4.31,1.651,4.24,4.24,4.33,4.22,46100781,198401238,1.82088,22.684,1.548,10941073053.609999,10912015667.18
600573,惠泉啤酒,10.42,1.659,10.25,10.3,10.48,10.22,8941400,92704912,3.57656,32.563,1.886,2605000000.0,2605000000.0
600575,淮河能源,3.16,0.958,3.13,3.13,3.17,3.12,26941261,84863350,0.69324,13.167,1.07,22647063257.2,12280584965.4
600576,祥源文旅,5.3,-0.376,5.32,5.38,5.4,5.28,4227200,22460385,0.64011,48.182,2.157,5589106732.0,3500067439.9
600577,精达股份,8.71,5.576,8.25,8.28,8.91,8.28,97916650,843522956,4.38731,31.107,3.077,19439102883.98,19439102883.98
600578,京能电力,5.21,1.165,5.15,5.15,5.24,5.13,33112144,172316771,0.49461,10.42,1.399,34878975488.15,34878975488.15
600579,中化装备,7.03,0.142,7.02,7.06,7.07,6.98,2224200,15628015,0.45061,-29.292,2.307,3470013335.77,3470013335.77
600580,卧龙电驱,26.39,1.656,25.96,26.15,26.93,25.88,22167819,586359820,1.42317,36.486,3.781,41224281115.29,41105921965.29
600581,*ST八钢,2.47,0.816,2.45,2.45,2.48,2.41,5540409,13563067,0.36143,-2.021,-7.329,3786257738.9,3786257738.9
600582,天地科技,4.9,2.083,4.8,4.83,4.91,4.8,18264264,89244277,0.44132,8.291,0.807,20279085570.8,20279085570.8
600583,海油工程,6.62,1.378,6.53,6.56,6.68,6.49,41109505,271813605,0.92979,14.085,1.014,29269368775.999996,29269368775.999996
600584,长电科技,64.28,-2.161,65.7,66.22,66.36,64.01,44722889,2902647206,2.4993,73.885,3.974,115023568559.6,115023568559.6
600585,XD海螺水,17.51,3.917,16.85,16.88,17.6,16.8,39791168,689002577,1.00042,11.37,0.483,92401321370.44,69645325370.44
600586,金晶科技,3.99,1.013,3.95,3.96,4.03,3.93,10623700,42335036,0.74955,-9.589,1.166,5655177423.0,5655177423.0
600587,新华医疗,13.02,1.56,12.82,12.88,13.12,12.77,14267790,185427445,2.35192,14.966,0.995,7898512027.98,7898512027.98
600588,用友网络,9.22,-0.324,9.25,9.34,9.34,9.15,20910915,192764207,0.61197,-22.488,4.688,31504716110.98,31504716110.98
600589,大位科技,7.35,-2.39,7.53,7.53,7.59,7.35,26356600,195216355,1.78269,-735.0,18.626,10889538691.5,10866753691.5
600590,泰豪科技,8.03,-1.108,8.12,8.16,8.22,8.01,10691642,86528294,1.26743,114.714,2.168,6848544092.5,6773863269.690001
600592,龙溪股份,16.2,9.98,14.73,14.78,16.2,14.5,18857439,297115594,4.71963,38.571,2.484,6472767850.2,6472767850.2
600593,大连圣亚,48.12,0.146,48.05,48.82,49.66,46.8,12226300,587752960,9.49247,227.41,29.774,6277013400.0,6197856000.0
600594,益佰制药,3.64,1.111,3.6,3.59,3.68,3.59,18112612,66052824,2.30912,-8.667,1.355,2855193796.0,2855193796.0
600595,中孚实业,5.95,-0.335,5.97,5.93,5.97,5.88,38598905,228998357,0.96307,14.875,1.303,23847035428.300003,23847035428.300003
600596,新安股份,10.59,1.243,10.46,10.5,10.69,10.38,27126604,285929367,2.00998,97.335,1.137,14292232748.91,14292232748.91
600597,光明乳业,6.93,1.912,6.8,6.8,6.96,6.78,10790747,74258036,0.78281,-63.0,0.985,9552823177.59,9552695665.59
600598,北大荒,12.63,1.691,12.42,12.45,12.74,12.38,15980360,201095139,0.89894,19.253,3.461,22452097250.67,22452097250.67
600600,青岛啤酒,50.02,1.01,49.52,49.54,50.18,49.53,2537811,126607856,0.35788,14.874,2.177,68237039952.42,35470479668.86
600601,方正科技,13.2,-3.79,13.72,13.73,13.8,13.07,146809465,1958066314,3.52036,120.0,11.16,58573406100.0,55047871388.4
600602,云赛智联,16.05,-0.987,16.21,16.3,16.33,16.02,9897626,159524491,0.92131,113.028,4.41,21951158952.75,17242562989.5
600603,广汇物流,4.81,0.208,4.8,4.83,4.84,4.75,6354200,30516087,0.55072,15.516,0.759,5549777764.309999,5549777764.309999
600604,市北高新,4.86,0.206,4.85,4.8,4.9,4.62,28319835,134843995,2.01213,-28.588,1.513,9104261347.44,6840230347.44
600605,汇通能源,29.4,-0.676,29.6,29.79,29.99,29.28,4299994,127120605,2.08452,245.0,4.22,6064703412.6,6064703412.6
600606,绿地控股,1.54,2.667,1.5,1.48,1.56,1.39,434201029,639832926,3.08947,-0.824,0.563,21643496203.56,21643496203.56
600609,金杯汽车,3.62,0.836,3.59,3.57,3.69,3.52,50602949,182792800,3.87893,20.111,2.769,4722501979.96,4722501979.96
600610,中毅达,7.41,0.679,7.36,7.39,7.51,7.38,11574717,85985044,1.63317,156.66,51.033,7938144823.049999,5251664884.049999
600611,大众交通,4.29,-0.464,4.31,4.33,4.34,4.27,20701007,89012713,1.32417,143.0,1.071,10142087086.56,6706627201.56
600612,老凤祥,31.37,1.884,30.79,30.79,31.37,30.79,776334,24137516,0.24482,9.351,1.239,16410204256.68,9947729093.1
600613,神奇制药,8.19,0.986,8.11,8.07,8.6,8.02,59711436,496522262,12.45753,117.0,1.905,4374046633.320001,3925630619.82
600615,鑫源智造,9.53,-0.105,9.54,9.6,9.62,9.38,1418820,13466962,0.62984,-476.5,2.998,2150202533.3,2146785456.4999998
600616,金枫酒业,5.27,4.98,5.02,5.05,5.43,5.03,50797326,267978838,7.59297,1756.667,1.862,3525656086.5,3525656086.5
600617,国新能源,3.4,3.976,3.27,3.31,3.41,3.27,36985133,124419901,2.08303,-21.25,2.06,6559252038.4,6036845142.599999
600618,氯碱化工,9.66,1.471,9.52,9.53,9.68,9.52,2962740,28516340,0.39512,12.949,1.187,11170823768.160002,7243454168.16
600619,海立股份,12.93,-1.897,13.18,13.2,13.27,12.93,12601619,164541977,1.59681,184.714,2.237,13878343169.58,10204030138.14
600620,天宸股份,4.36,0.23,4.35,4.39,4.4,4.27,6039200,26189417,0.87948,145.333,2.13,2993912212.6800003,2993912212.6800003
600621,华鑫股份,13.37,-0.595,13.45,13.55,13.56,13.27,12396263,165849840,1.16847,22.283,1.552,14184223534.039999,14184223534.039999
600622,光大嘉宝,2.56,1.587,2.52,2.5,2.58,2.32,65619404,161070524,4.37554,-2.753,2.058,3839194629.1200004,3839194629.1200004
600623,华谊集团,8.49,0.831,8.42,8.45,8.6,8.42,8787006,74920605,0.46838,32.654,0.796,17994477010.86,15927534883.17
600624,ST复华,4.61,0.0,4.61,4.61,4.62,4.59,1542460,7103465,0.22705,-15.897,7.704,3131789402.6200004,3131789402.6200004
600626,申达股份,3.77,0.533,3.75,3.77,3.81,3.73,12288108,46330072,0.93039,1216.129,1.551,4979207394.59,4979207394.59
600628,新世界,6.36,1.113,6.29,6.29,6.4,6.26,6302000,39960219,0.97422,63.6,0.964,4114127442.2400002,4114127442.2400002
600629,华建集团,16.37,0.122,16.35,16.65,16.68,16.07,18208208,298570222,1.58359,233.857,3.58,18822305852.86,18822305852.86
600630,龙头股份,7.63,-1.038,7.71,7.71,7.89,7.49,49150226,376223360,11.56853,69.364,3.951,3241693985.1099997,3241693985.1099997
600633,浙数文化,10.0,-1.088,10.11,10.14,10.16,9.98,8862000,89101187,0.69885,22.222,1.227,12680744720.0,12680744720.0
600635,大众公用,4.45,1.136,4.4,4.4,4.46,4.38,17069773,75653691,0.70571,31.65,1.474,13138334303.75,10763622953.75
600637,东方明珠,8.69,-1.25,8.8,8.8,8.82,8.63,27435167,238868142,0.81606,47.305,0.982,29214909409.73,29214909409.73
600638,新黄浦,5.3,1.338,5.23,5.23,5.37,4.99,27047361,140489202,4.01656,52.789,0.751,3569002965.8,3569002965.8
600639,浦东金桥,9.88,1.333,9.75,9.63,9.93,9.41,11847453,115366035,1.39343,10.243,0.754,11089439382.839998,8400338625.639999
600640,国脉文化,12.63,0.079,12.62,12.63,12.99,12.56,15539091,197551076,1.96312,467.778,2.543,9997293424.2,9997293424.2
600641,先导基电,48.57,-0.39,48.76,50.0,51.99,48.45,78796016,3932878022,8.46695,-349.424,5.475,46052758724.4,45200695214.4
600642,申能股份,8.78,0.228,8.76,8.7,8.93,8.66,24972870,220944103,0.51027,10.907,1.17,42970016921.28,42970016921.28
600643,爱建集团,4.1,0.737,4.07,4.07,4.14,4.02,16334440,66849798,1.0271,-3.4,0.664,6532000189.8,6520442035.6
600644,乐山电力,8.88,0.226,8.86,8.88,9.12,8.84,18749437,168103283,3.24205,217.647,2.482,5135488863.84,5135488863.84
600645,中源协和,19.41,3.575,18.74,18.95,19.78,18.84,11863799,229927404,2.53625,77.64,2.429,9082887954.9,9079418902.65
600648,外高桥,9.66,2.006,9.47,9.39,9.68,9.31,5750279,54934121,0.5054,13.233,0.843,13136752025.880001,10990864875.060001
600649,城投控股,4.06,-1.695,4.13,4.09,4.13,3.83,58696481,235514162,2.35558,33.833,0.486,10116711118.08,10116711118.08
600650,锦江在线,10.22,0.0,10.22,10.24,10.3,10.11,2337100,23825227,0.5984,39.767,1.294,5637455293.54,3991523966.5
600651,飞乐音响,4.98,-0.2,4.99,4.99,5.12,4.95,12668556,63257234,0.50532,226.364,4.958,12484999514.699999,12484999514.699999
600653,申华控股,1.68,-1.754,1.71,1.71,1.72,1.65,47196460,79164942,2.42483,-18.261,5.196,3269918932.56,3269918932.56
600654,中安科,3.02,-0.984,3.05,3.05,3.06,2.98,35977800,108477310,1.55249,160.638,4.569,8593137176.22,6998644105.46
600655,豫园股份,4.66,2.643,4.54,4.52,4.68,4.46,16282253,74787960,0.41858,-3.684,0.607,18133031064.78,18126683632.18
600657,信达地产,3.55,5.03,3.38,3.38,3.69,3.05,208593200,695869362,7.31424,-1.286,0.691,10124169012.25,10124169012.25
600658,电子城,4.21,-0.708,4.24,4.23,4.26,4.01,30908007,128175635,2.76313,-2.552,0.949,4709243039.45,4709243039.45
600660,福耀玻璃,53.58,1.094,53.0,53.0,53.7,52.62,6305200,336812567,0.31479,15.008,3.663,139830058444.56,107320007668.56
600661,昂立教育,9.17,-1.398,9.3,9.62,9.76,9.01,13656597,126470812,4.76589,29.581,9.909,2627652771.1000004,2627652771.1000004
600662,外服控股,4.26,1.671,4.19,4.21,4.27,4.18,9125617,38636097,0.40082,14.869,1.856,9727467623.039999,9699006290.4
600663,陆家嘴,10.11,10.011,9.19,9.29,10.11,9.08,36514525,350853700,0.92808,41.537,1.996,50905403694.69,39776962734.69
600664,哈药股份,7.4,3.641,7.14,7.15,7.83,7.09,519161997,3909651397,20.61386,52.857,3.052,18636973082.399998,18636973082.399998
600665,天地源,3.46,1.17,3.42,3.42,3.48,3.26,18849260,63364604,2.18132,-2.298,2.867,2989863922.66,2989863922.66
600666,奥瑞德,3.16,-1.25,3.2,3.2,3.22,3.15,36820302,116636785,1.43167,60.886,7.804,8694162965.039999,8127032345.64
600667,太极实业,17.29,-3.677,17.95,18.21,18.28,17.28,102909597,1804483794,4.92027,82.333,4.123,36162764257.62,36162764257.62
600668,尖峰集团,7.46,0.947,7.39,7.39,7.48,7.36,3214000,23881424,0.7784,7.473,0.57,3080238431.2400002,3080238431.2400002
600671,天目药业,21.79,0.786,21.62,21.61,21.9,21.55,1515000,32872066,1.24414,150.587,34.775,2653561904.15,2653379914.07
600673,东阳光,30.37,-0.23,30.44,31.05,31.16,30.13,12507389,381978518,0.4167,337.444,8.723,91400187141.83,91157314242.99
600674,川投能源,16.62,0.727,16.5,16.51,16.88,16.44,28271747,472853850,0.57998,17.041,1.813,81015965481.36,81015965481.36
600675,中华企业,2.52,1.205,2.49,2.42,2.55,2.25,135013893,323885759,2.23306,126.0,1.08,15236261034.12,15236261034.12
600676,久事动娱,6.6,-0.752,6.65,6.62,6.72,6.57,8387382,55570964,0.8155,-20.625,1.39,6788053430.4,6788053430.4
600678,ST金顶,5.78,0.522,5.75,5.87,5.92,5.72,7314908,42490381,2.09602,279.227,7.51,2017162200.0,2017162200.0
600679,上海凤凰,10.55,0.285,10.52,10.52,10.59,10.48,3153400,33201752,0.9175,50.942,2.542,5225354622.349999,3625974411.35
600681,百川能源,3.52,1.149,3.48,3.48,3.54,3.47,19829102,69557110,1.47999,19.898,1.298,4719808931.2,4716126877.44
600682,南京新百,5.84,1.742,5.74,5.8,5.88,5.73,15204875,88720639,1.30619,-9.27,0.48,7855572170.639999,6798112006.0
600683,京投发展,8.95,-3.243,9.25,9.38,9.38,8.68,21244100,189309377,2.86781,-4.497,-4.527,6629959493.15,6629959493.15
600684,珠江股份,3.64,-0.546,3.66,3.66,3.68,3.44,26861839,96101021,3.1474,45.5,3.145,4026110390.1200004,3106597031.7200003
600685,中船防务,28.71,0.914,28.45,28.51,29.03,28.46,11416550,328524182,1.38983,40.25,2.137,40581768112.380005,23583404046.510002
600686,金龙汽车,11.25,-0.089,11.26,11.16,11.52,10.97,25868268,291141452,3.60761,17.308,2.23,8066783441.249999,8066783441.249999
600688,上海石化,2.75,0.733,2.73,2.73,2.76,2.72,34106019,93384795,0.46537,-20.221,1.238,28992198125.0,20154237125.0
600689,上海三毛,11.92,-0.832,12.02,12.04,12.15,11.82,2263400,27020015,1.48708,198.667,4.999,2395816808.56,1814273384.56
600690,海尔智家,20.42,1.039,20.21,20.2,20.52,20.13,25219099,512752812,0.40818,9.632,1.587,189969060308.87997,126164703008.5
600691,潞化科技,2.72,0.0,2.72,2.75,2.75,2.7,27977632,76160890,1.17771,-7.83,2.015,6462670909.440001,6461593789.44
600692,亚通股份,6.72,-0.149,6.73,6.7,6.76,6.5,10109199,67113237,3.96423,164.303,2.392,2363854510.08,1713670674.24
600693,东百集团,9.32,2.193,9.12,9.3,9.4,9.05,34416023,318088117,3.96063,177.186,2.25,8106967012.719999,8098639928.24
600694,大商股份,14.4,0.982,14.26,14.32,14.41,14.23,1794763,25749111,0.47381,10.141,0.612,5454627998.4,5454627998.4
600697,欧亚集团,11.43,0.616,11.36,11.36,11.46,11.2,4889600,55466886,3.14695,-35.104,0.809,1818376697.2500002,1775947851.45
600698,湖南天雁,6.7,-2.332,6.86,6.8,6.86,6.66,19941587,134293465,2.40129,-228.669,9.668,7159872804.4,5564026664.700001
600699,均胜电子,23.46,3.121,22.75,22.5,24.05,22.11,93842909,2170044937,6.72386,24.695,2.194,36381077407.979996,32742431407.980003
600702,舍得酒业,32.71,2.991,31.76,31.92,33.22,31.77,6442285,209701771,1.94073,48.082,1.559,10862692194.15,10858112794.15
600703,三安光电,11.48,0.613,11.41,11.49,11.65,11.4,54897432,632086737,1.10037,-164.0,1.651,57273934985.96,57273934985.96
600704,物产中大,4.87,1.883,4.78,4.79,4.87,4.76,33588750,162445459,0.64954,7.058,0.601,25183646064.300003,25183646064.300003
600706,曲江文旅,8.1,0.496,8.06,8.13,8.2,7.99,5690900,46012929,2.24025,-10.519,4.395,2065984258.5,2057644498.5
600707,彩虹股份,10.08,5.329,9.57,9.57,10.42,9.36,276443747,2779296262,7.70538,96.923,1.671,36170968498.56,36163710898.560005
600708,光明地产,3.12,0.0,3.12,3.14,3.17,2.96,50365651,154083799,2.26334,-1.903,1.211,6953346638.16,6942866645.52
600710,苏美达,11.28,1.622,11.1,11.1,11.34,11.07,7411700,83531750,0.56719,10.846,1.749,14740133615.52,14740133615.52
600711,盛屯矿业,10.14,-1.458,10.29,10.28,10.31,10.13,30798280,314472468,0.99651,15.913,1.753,31338801127.14,31338801127.14
600712,南宁百货,5.39,-0.185,5.4,5.42,5.43,5.34,12035123,64773104,2.23432,-71.014,3.879,2935692390.4,2903314719.69
600713,南京医药,5.0,1.215,4.94,4.95,5.02,4.93,6798939,33917492,0.52713,10.417,0.902,6540822180.0,6449070580.0
600714,金瑞矿业,17.15,-1.944,17.49,17.68,18.05,17.13,11751325,205679213,4.07783,161.792,6.412,4942223081.95,4942223081.95
600715,文投控股,1.64,-0.606,1.65,1.67,1.69,1.62,33013500,54353265,1.15336,-164.0,6.236,6658159740.0,4694290475.24
600716,凤凰股份,3.79,0.0,3.79,3.8,3.81,3.66,7219200,26961193,0.77123,-9.161,0.87,3547669636.1,3547669636.1
600717,天津港,4.3,1.655,4.23,4.23,4.32,4.22,29574125,126763269,1.02191,12.647,0.608,12444204463.4,12444204463.4
600718,东软集团,7.91,0.127,7.9,7.95,7.96,7.81,5430700,42888280,0.45391,-25.516,1.088,9463831319.32,9463831319.32
600719,大连热电,8.72,6.601,8.18,8.29,9.0,8.15,66748947,585548793,16.49753,-37.265,9.82,3528108511.9999995,3528108511.9999995
600720,中交设计,5.19,1.367,5.12,5.14,5.21,5.08,7465526,38512514,0.73986,8.185,0.747,11908950982.349998,5236968311.49
600721,百花医药,13.11,1.236,12.95,12.9,13.65,12.4,140346900,1847155692,36.49662,123.796,6.297,5041419494.849999,5041419494.849999
600722,金牛化工,14.72,1.03,14.57,14.59,15.1,14.45,64807804,958993217,9.52608,209.091,7.802,10014305630.720001,10014305630.720001
600724,宁波富达,5.01,0.2,5.0,5.0,5.03,4.85,9132380,45048727,0.63202,39.48,2.575,7240657765.71,7239162746.64
600725,云维股份,3.27,0.0,3.27,3.27,3.3,3.25,7551700,24677884,0.61273,-102.508,15.721,4030176900.0,4030176900.0
600726,华电能源,4.96,0.0,4.96,4.99,5.01,4.95,25407463,126372714,0.33988,165.333,7.447,39220387601.6,37077667591.68
600727,鲁北化工,7.49,0.808,7.43,7.45,7.59,7.44,7373400,55328659,1.39494,107.0,1.183,3959087681.1499996,3959087681.1499996
600728,佳都科技,4.45,-0.447,4.47,4.48,4.49,4.41,12888100,57339259,0.60434,54.202,1.201,9490066711.45,9490066711.45
600729,重百集团,18.44,1.991,18.08,18.12,18.47,18.07,2507500,45880984,1.30271,7.748,1.022,8121954739.879999,3549383643.36
600730,*ST高科,8.55,1.665,8.41,8.54,8.68,8.45,6321480,54065130,1.07754,-39.767,3.004,5015908817.099999,5015908817.099999
600731,湖南海利,5.95,2.058,5.83,5.82,5.97,5.82,5888040,34820183,1.08699,13.541,1.011,3295421875.2,3223011856.75
600732,爱旭股份,11.57,6.342,10.88,10.89,11.75,10.89,50902800,581808698,2.41789,-12.052,5.488,24472801556.71,24357781004.960003
600733,北汽蓝谷,5.07,2.84,4.93,4.93,5.25,4.76,269971981,1364024275,4.46608,-6.183,6.516,32281470587.34,30647875109.67
600734,*ST实达,1.86,0.541,1.85,1.87,1.87,1.83,23437300,43333649,1.07617,-27.803,18.999,4051643777.1600003,4050806777.16
600735,ST新华锦,6.65,2.151,6.51,6.52,6.65,6.52,4049100,26749458,0.95172,-22.36,2.682,2851375156.3500004,2829254649.5499997
600736,苏州高新,6.57,0.613,6.53,6.52,6.62,6.31,26854605,173706623,2.33256,154.588,0.962,7563994398.99,7563994398.99
600737,中粮糖业,14.66,6.232,13.8,14.1,14.73,14.09,67038064,972325951,3.13431,32.966,2.799,31355515022.48,31355515022.48
600738,丽尚国潮,4.23,0.0,4.23,4.22,4.25,4.18,7494700,31580100,0.98528,19.227,1.51,3220448048.28,3217618009.08
600739,辽宁成大,10.21,1.29,10.08,10.11,10.24,10.08,9929403,101028303,0.65226,21.104,0.52,15542845624.88,15542845624.88
600740,山西焦化,3.76,1.622,3.7,3.69,3.77,3.68,20382720,76265745,0.79554,116.049,0.636,9633575539.039999,9633575539.039999
600741,华域汽车,15.38,1.318,15.18,15.18,15.48,15.13,15873530,243948571,0.50349,6.728,0.729,48488894873.92,48488894873.92
600742,XD富维股,7.67,1.589,7.55,7.6,7.71,7.58,3943926,30207948,0.53077,12.254,0.665,5699253939.6,5699253939.6
600743,华远控股,2.35,-2.083,2.4,2.37,2.4,2.18,183100413,421791941,7.80446,-52.222,10.164,5513337053.900001,5513337053.900001
600744,华银电力,6.06,1.0,6.0,6.05,6.16,6.0,43575820,265256170,2.1454,198.689,10.139,12308613100.439999,12308613100.439999
600745,*ST闻泰,16.43,-0.485,16.51,16.55,16.61,16.39,12970302,213671685,1.01818,-2.337,0.911,20929671761.07,20929671761.07
600746,江苏索普,6.88,1.775,6.76,6.77,6.95,6.76,6648541,45719001,0.5693,89.7,1.43,8034759041.92,8034759041.92
600748,上实发展,4.1,0.244,4.09,4.03,4.13,3.79,35219118,139509122,1.90935,-12.059,0.742,7562707857.200001,7562707857.200001
600749,西藏旅游,12.65,-0.862,12.76,12.81,12.85,12.6,3504800,44383771,1.5442,121.169,2.701,2871113790.05,2871113790.05
600750,华润江中,22.53,1.031,22.3,22.3,22.62,22.2,3397517,76182153,0.5403,15.755,3.617,14319804151.17,14167433761.169998
600751,海航科技,2.91,1.748,2.86,2.86,2.92,2.85,23146025,66879547,0.89951,81.972,1.124,8437072948.53,7487980141.320001
600753,ST海钦,13.01,-5.244,13.73,13.73,13.88,12.48,7575550,98824211,3.28932,81.313,34.656,2996296346.75,2996296346.75
600754,锦江酒店,18.05,1.12,17.85,17.89,18.09,17.73,5777942,103476593,0.63771,20.747,1.203,19206616239.100002,16354095337.15
600755,厦门国贸,5.68,-0.176,5.69,5.7,5.73,5.65,16936325,96351972,0.79433,284.0,0.637,12110660206.16,12110660206.16
600756,浪潮软件,13.76,-1.362,13.95,14.38,14.38,13.62,7099800,98131845,2.19063,-16.988,2.208,4810891641.28,4459598841.28
600757,长江传媒,7.43,0.27,7.41,7.38,7.48,7.38,5389100,40084911,0.4441,8.845,0.903,9017421528.39,9016283475.29
600758,辽宁能源,3.75,-0.531,3.77,3.75,3.85,3.7,63781518,240654881,4.82921,-17.857,0.991,4957565227.5,4952787727.5
600759,ST洲际,2.25,2.273,2.2,2.19,2.31,2.18,94226378,211165286,2.27397,61.644,1.036,9335270880.0,9323293005.0
600760,中航沈飞,43.63,2.298,42.65,42.65,43.87,42.57,12023435,523646109,0.42492,34.627,5.285,123687971074.53,123453382163.13
600761,安徽合力,14.85,1.02,14.7,14.73,14.93,14.66,5754596,85137089,0.64608,10.839,1.198,13226787500.85,13226787500.85
600763,通策医疗,34.07,3.242,33.0,33.0,34.13,33.0,8398878,284054510,1.8897,30.42,3.661,15142614318.71,15142614318.71
600764,中国海防,18.39,0.492,18.3,18.34,18.75,18.34,5098700,94377068,0.71749,108.432,1.581,13068474408.539999,13068474408.539999
600765,中航重机,13.19,0.841,13.08,13.08,13.22,13.08,6491921,85469772,0.41816,33.821,1.391,20477397878.07,20477397878.07
600768,富邦新材,14.75,-0.94,14.89,14.91,14.98,14.68,1902500,28187385,1.42246,33.523,4.097,1972771200.0,1972771200.0
600769,祥龙电业,14.82,1.786,14.56,14.62,15.8,14.62,11550474,174564221,3.08031,292.308,42.331,5557162104.0,5557162104.0
600770,综艺股份,6.36,2.913,6.18,6.35,6.45,6.04,89123550,556857016,6.85566,75.805,2.43,8268000000.0,8268000000.0
600771,广誉远,14.15,1.872,13.89,13.9,14.24,13.87,9280321,130911054,1.89591,108.846,4.154,6926299645.15,6926299645.15
600773,西藏城投,9.82,1.551,9.67,9.73,9.95,9.52,17894603,174614600,1.8805,-16.931,2.223,9344583014.3,9344583014.3
600774,汉商集团,7.97,0.126,7.96,8.01,8.06,7.87,3334700,26625917,1.15445,-13.449,1.544,2303395927.84,2302182694.59
600775,南京熊猫,9.26,-0.323,9.29,9.36,9.37,9.21,7216500,66942032,1.07414,791.453,2.739,8462144778.540001,6221224778.540001
600776,东方通信,12.28,-0.486,12.34,12.43,12.48,12.25,7579356,93490196,0.79282,43.073,3.828,15423680785.92,11739680785.92
600777,XD新潮能,4.0,0.251,3.99,3.98,4.01,3.97,8780799,35022104,0.13793,22.222,1.21,27201983300.0,25464609564.0
600778,友好集团,5.77,-0.173,5.78,5.8,5.81,5.69,8005100,46007686,2.57221,144.25,7.303,1797305101.04,1795709869.14
600779,水井坊,26.18,1.749,25.73,25.9,26.49,25.73,2038061,53294183,0.41817,31.252,2.56,12759452576.64,12759452576.64
600780,通宝能源,6.13,0.492,6.1,6.11,6.16,6.08,7127690,43733938,0.62169,10.844,0.819,7028060465.99,7028060465.99
600782,新钢股份,2.7,1.504,2.66,2.66,2.72,2.63,29326934,78592855,0.9323,270.0,0.341,8559489102.3,8493260802.299999
600783,鲁信创投,14.52,-0.684,14.62,14.9,14.9,14.51,7022968,102614058,0.94349,76.421,2.375,10808096948.88,10808096948.88
600784,鲁银投资,7.0,-0.85,7.06,7.06,7.1,7.0,3264600,22976968,0.48318,28.0,1.403,4729565939.0,4729565939.0
600785,新华百货,10.65,3.599,10.28,10.28,10.89,10.27,19910273,210325698,6.30304,32.273,1.469,3364162384.8,3364162384.8
600787,中储股份,4.62,1.094,4.57,4.58,4.64,4.55,13757772,63389051,0.63398,18.406,0.724,10025767668.84,10025767668.84
600789,鲁抗医药,7.85,2.883,7.63,7.64,7.87,7.63,34361893,268586563,3.40116,65.417,1.562,8204739757.299999,7930840846.450001
600790,轻纺城,3.68,0.822,3.65,3.7,3.79,3.61,45742697,168482162,3.12068,-368.0,0.957,5394110615.04,5394110615.04
600791,京能置业,6.94,-2.254,7.1,6.97,7.0,6.46,20920504,141558427,4.62522,-2.691,-4.506,3142987199.9999995,3139057050.2400002
600792,云煤能源,5.04,-4.726,5.29,5.17,5.34,5.04,79593417,409801500,7.17107,-11.455,2.447,5594014944.0,5594014944.0
600793,宜宾纸业,16.36,-0.183,16.39,16.43,16.88,16.32,2877700,47709550,1.6267,105.89,13.826,2894149472.7200003,2894149472.7200003
600794,保税科技,3.19,0.0,3.19,3.2,3.23,3.17,7299300,23315021,0.6082,-39.875,1.531,3828485380.83,3828485380.83
600795,国电电力,5.34,-0.373,5.36,5.35,5.4,5.31,95284563,509676687,0.53424,13.284,1.581,95242205897.87999,95242205897.87999
600796,钱江生化,5.11,0.393,5.09,5.11,5.14,5.07,3328100,16960916,1.06849,26.895,1.269,4428253264.26,1591652012.79
600797,浙大网新,6.45,-0.616,6.49,6.51,6.53,6.42,7525766,48568210,0.73242,-129.0,2.055,6627545086.5,6627545086.5
600798,宁波海运,3.41,0.888,3.38,3.38,3.43,3.37,13268300,45095623,1.0997,150.22,1.049,4114281625.41,4114281625.41
600800,渤海化学,3.21,0.312,3.2,3.21,3.22,3.17,11170936,35747750,1.00664,-5.534,3.726,3563245143.36,3562233993.3599997
600801,华新建材,23.8,0.0,23.8,23.91,23.99,23.45,7096100,168472286,0.52889,17.372,1.49,49480096446.200005,31932404046.2
600802,福建水泥,7.24,4.323,6.94,6.72,7.49,6.25,111314063,761625731,24.29121,-26.137,3.964,3317718416.0,3317718416.0
600803,新奥股份,19.2,4.405,18.39,18.39,19.23,18.31,11347048,215373171,0.3694,12.632,2.534,59427554054.4,58977152774.4
600805,悦达投资,4.63,0.0,4.63,4.65,4.68,4.59,8110620,37578784,0.95388,107.674,0.917,3939641507.22,3936774953.84
600807,济高发展,2.68,0.0,2.68,2.71,2.71,2.63,13272900,35453730,1.68539,-11.167,8.69,2370821079.08,2110568578.52
600808,马钢股份,2.51,2.033,2.46,2.45,2.52,2.42,55760839,138222334,0.93437,-92.963,0.807,19328709776.86,14979055476.859999
600809,山西汾酒,115.6,3.677,111.5,111.96,117.0,111.01,7440075,853582842,0.60986,11.516,3.702,141027864063.2,141027864063.2
600810,神马股份,6.3,1.286,6.22,6.26,6.32,6.2,5563402,34789781,0.51618,-28.636,0.952,6852039062.400001,6790135262.400001
600812,华北制药,4.98,2.893,4.84,4.87,4.99,4.82,36020623,178408190,2.09943,46.542,1.548,8544337242.6,8544337242.6
600814,杭州解百,6.93,0.873,6.87,6.88,6.97,6.81,6177600,42566033,0.8404,22.355,1.331,5094094684.14,5094094684.14
600815,厦工股份,3.82,1.326,3.77,3.79,3.97,3.74,146559835,562291666,8.26111,-93.171,4.807,6777040913.599999,6777040913.599999
600816,建元信托,2.38,1.709,2.34,2.35,2.39,2.34,43560569,103098141,0.79648,200.0,1.55,23429786844.52,13016548247.22
600817,宇通重工,9.79,0.41,9.75,9.75,9.82,9.68,1371001,13397612,0.25881,16.593,2.131,5232528322.34,5186025822.34
600818,ST中路,9.31,1.527,9.17,9.15,9.5,9.15,4209298,39371825,1.76893,-51.722,5.97,2992680042.1,2215388142.1
600819,耀皮玻璃,5.62,0.178,5.61,5.65,5.67,5.57,6321488,35520628,0.80094,40.143,1.418,5489374750.259999,4435624739.0199995
600820,隧道股份,5.3,1.923,5.2,5.22,5.31,5.19,14269996,75087015,0.45387,8.03,0.527,16663709298.199999,16663709298.199999
600821,金开新能,5.68,-0.351,5.7,5.72,5.74,5.67,23321205,132863548,1.18543,113.6,1.28,11174405733.04,11174405733.04
600822,上海物贸,8.92,-2.832,9.18,9.2,9.22,8.8,7341185,65786093,1.85314,148.667,3.554,4424078392.88,3533639339.3599997
600824,益民集团,3.71,1.366,3.66,3.67,3.74,3.63,11736000,43293846,1.11344,32.261,1.668,3910440440.83,3910440440.83
600825,新华传媒,10.35,9.989,9.41,10.35,10.35,10.35,13985532,144750256,1.33847,258.75,4.301,10814589247.5,10814589247.5
600826,兰生股份,7.97,-0.125,7.98,7.99,8.03,7.87,5526080,43967690,0.76308,17.711,1.362,5771743036.96,5771743036.96
600827,百联股份,7.94,2.32,7.76,7.8,7.95,7.72,12958202,102032945,0.80764,22.686,0.693,14166294848.98,12739332364.8
600828,茂业商业,4.33,1.168,4.28,4.3,4.36,4.23,12533882,53877003,0.72393,-30.514,1.144,7499484424.179999,7496789583.7300005
600829,人民同泰,9.43,1.072,9.33,9.32,9.55,9.31,6904682,65347981,1.19069,40.858,1.766,5468349469.710001,5468349469.710001
600830,香溢融通,8.38,0.239,8.36,8.36,8.42,8.31,7313312,61233204,1.60972,47.345,1.666,3807224619.86,3807224619.86
600831,广电网络,3.4,-0.293,3.41,3.48,3.5,3.31,21303800,72372436,2.99654,-1.613,44.386,2417219772.7999997,2417219772.7999997
600833,第一医药,10.48,-0.758,10.56,10.59,10.66,10.47,3905811,41257173,1.75081,40.308,2.086,2337944916.56,2337944916.56
600834,XD申通地,7.65,-0.52,7.69,7.74,7.74,7.61,1371400,10488637,0.28728,67.342,2.083,3651971573.25,3651971573.25
600835,上海机电,18.29,0.439,18.21,18.21,18.35,18.08,3759588,68630907,0.46616,23.753,1.302,18423420886.05,14750963647.0
600838,上海九百,8.18,0.368,8.15,8.18,8.3,8.05,8672428,70788477,2.16334,72.325,2.109,3279214604.58,3279214604.58
600839,四川长虹,6.42,0.156,6.41,6.41,6.43,6.41,19933809,127975115,0.43194,29.972,1.782,29636287905.239998,29628034411.02
600841,动力新科,5.7,0.885,5.65,5.65,5.74,5.6,8288238,47085682,0.79464,2.754,1.225,7910584168.8,5945239558.8
600843,上工申贝,7.58,-1.302,7.68,7.73,7.87,7.5,24191280,184188075,5.15561,-37.432,2.035,5405801918.4,3556708293.4
600844,金煤科技,3.23,0.623,3.21,3.24,3.26,3.21,18721400,60618641,2.27552,-19.388,41.463,3283373295.2000003,2657419947.82
600845,宝信软件,17.69,-0.674,17.81,17.86,17.95,17.62,10000084,177230584,0.4686,38.709,4.56,50556324183.53,37751417966.57
600846,同济科技,10.66,-0.187,10.68,10.75,10.76,10.62,1371921,14681407,0.21959,24.227,1.539,6659957760.56,6659957760.56
600847,万里股份,12.79,-0.544,12.86,13.07,13.29,12.71,4603200,59724101,3.00299,-36.543,4.291,1960545846.0,1960545846.0
600848,上海临港,9.05,4.023,8.7,8.71,9.19,8.47,28785711,257648812,1.20245,23.816,1.363,22828507386.2,21664906070.65
600850,电科数字,13.63,-0.147,13.65,13.69,13.73,13.58,4941731,67483270,0.60543,28.378,2.3,11125330605.07,11125330605.07
600851,海欣股份,7.93,0.38,7.9,7.94,8.1,7.9,5130914,41042888,0.69505,54.39,1.902,9571959567.560001,5853974452.299999
600853,龙建股份,3.32,0.912,3.29,3.31,3.33,3.26,10674828,35209376,1.05306,8.737,0.924,3365480962.2000003,3365480962.2000003
600854,春兰股份,4.75,-0.628,4.78,4.8,4.8,4.69,5946500,28236520,1.14475,19.333,1.002,2467428055.5,2467428055.5
600855,航天长峰,12.4,0.405,12.35,12.45,12.6,12.35,5760731,71780991,1.23187,-33.861,4.202,5809929827.2,5798732627.2
600857,宁波中百,17.22,-1.768,17.53,17.53,17.8,17.17,7450801,130034078,3.32151,114.8,4.549,3862789005.1800003,3862789005.1800003
600858,银座股份,4.95,0.202,4.94,4.95,4.99,4.89,6164700,30478762,1.19114,43.459,0.936,2574329615.5499997,2561862743.55
600859,王府井,9.84,1.653,9.68,9.69,9.86,9.59,10187784,99255150,0.90653,-281.143,0.569,11059485212.16,11058468149.76
600860,京城股份,7.47,-0.665,7.52,7.55,7.6,7.47,3801176,28587092,0.85604,-74.7,5.135,4076729253.3599997,3316984686.36
600861,北京人力,12.83,1.103,12.69,12.75,12.86,12.66,1286880,16438411,0.22732,6.209,1.018,7263226171.940001,7263226171.940001
600862,中航高科,17.85,0.677,17.73,17.77,18.05,17.73,5647792,100969238,0.40543,24.122,3.183,24865926559.95,24865926559.95
600863,华能蒙电,4.72,0.855,4.68,4.69,4.73,4.66,46645279,219441936,0.66039,13.882,1.859,36982094723.200005,33338894269.039997
600864,哈投股份,5.62,-0.178,5.63,5.65,5.67,5.59,22744806,128122977,1.0932,33.059,0.883,11692806322.4,11692806322.4
600865,百大集团,10.43,0.0,10.43,10.57,10.57,10.3,12863100,134123636,3.41885,347.667,1.71,3924186495.8799996,3924186495.8799996
600866,星湖科技,4.19,2.445,4.09,4.09,4.2,4.07,18512632,77021956,1.11423,7.111,0.91,6961570261.040001,6961570261.040001
600867,通化东宝,7.86,2.344,7.68,7.69,7.88,7.67,20207291,158101447,1.03175,12.677,2.252,15394146635.94,15394146635.94
600868,梅雁吉祥,2.77,-0.36,2.78,2.79,2.8,2.75,19599857,54304281,1.03258,-55.4,2.7,5257871840.829999,5257871840.829999
600869,远东股份,17.65,-2.108,18.03,18.32,18.38,17.52,85077924,1512150784,3.83346,661.049,8.961,39171575966.9,39171575966.9
600871,石化油服,2.1,0.478,2.09,2.08,2.11,2.07,62597962,130841988,0.46208,60.0,3.978,39809796249.3,28448725937.100002
600872,中炬高新,17.24,2.375,16.84,16.88,17.35,16.82,6901904,117947640,0.8952,24.618,2.385,13291832257.999998,13291832257.999998
600873,梅花生物,7.48,3.315,7.24,7.25,7.5,7.23,19246894,142609186,0.68635,6.393,1.339,20975727542.0,20975727542.0
600874,创业环保,5.52,1.099,5.46,5.49,5.53,5.46,5733482,31564905,0.46598,10.036,0.832,8668707829.2,6791907829.2
600875,东方电气,23.04,0.305,22.97,23.11,23.31,22.99,14129200,326766920,0.62426,20.035,1.728,79680621911.04001,52147966348.799995
600876,凯盛新能,7.47,-0.928,7.54,7.57,7.6,7.44,7046502,52753878,1.78088,-5.261,2.13,4823191973.61,2955691973.61
600877,电科芯片,11.22,-1.579,11.4,11.51,11.53,11.16,9629373,108733217,0.81325,280.5,5.331,13285147500.24,13285147500.24
600879,航天电子,13.55,-0.805,13.66,13.75,13.84,13.5,35051980,476310746,1.06241,196.377,2.144,44705505975.700005,44705505975.700005
600880,博瑞传播,4.06,-2.871,4.18,4.2,4.26,4.06,37204713,153932022,3.40381,-406.0,1.509,4438928293.5199995,4437702510.5
600881,亚泰集团,1.85,0.543,1.84,1.86,1.88,1.82,68655558,126698934,2.12414,-2.937,56.575,5979479327.8,5979479327.8
600882,妙可蓝多,19.31,3.207,18.71,18.71,19.41,18.56,4157676,79355160,0.81771,81.822,2.076,9818239923.57,9818239923.57
600883,博闻科技,8.16,-0.609,8.21,8.25,8.3,8.08,2836400,23148355,1.20142,80.315,1.954,1926478080.0,1926478080.0
600884,杉杉股份,11.51,-0.604,11.58,11.5,11.73,11.41,36115014,417285437,1.968,54.81,1.124,25847307859.58,21122113176.46
600885,宏发股份,33.53,0.149,33.48,33.4,33.75,33.3,5965522,199908890,0.38547,27.942,3.927,51890837314.89,51890837314.89
600886,国投电力,15.24,0.594,15.15,15.15,15.47,15.11,22369763,342704681,0.3001,16.627,1.838,121988492552.87999,113601700106.28
600887,伊利股份,27.3,0.22,27.24,27.25,27.38,27.1,30378259,827638790,0.48266,14.918,3.215,172682346209.1,171824281383.30002
600888,新疆众和,9.78,1.138,9.67,9.7,9.98,9.6,40224795,393580735,2.58999,20.538,1.171,15189180581.22,15189180581.22
600889,*ST京化,13.32,1.139,13.17,13.23,13.4,13.23,746500,9949296,0.20377,-49.333,4.947,7813370102.040001,4879728853.2
600892,大晟文化,4.1,-1.442,4.16,4.16,4.18,4.09,21752900,89795147,3.88917,-27.333,-168.724,2293803170.8,2293210097.6
600893,航发动力,38.86,1.172,38.41,38.6,39.25,38.49,17256188,672149248,0.64748,161.917,2.579,103584992088.68001,103566748095.88
600894,广日股份,7.65,-0.131,7.66,7.76,7.79,7.6,6187228,47366454,0.73383,9.405,0.746,6481127651.85,6450055004.25
600895,张江高科,28.01,0.864,27.77,27.95,28.1,27.67,12538580,350153132,0.80963,45.177,3.17,43378794295.49999,43378794295.49999
600897,厦门空港,15.1,0.533,15.02,15.08,15.24,14.92,3603458,54364969,0.86428,12.146,1.528,6295703400.0,6295703400.0
600900,长江电力,28.54,0.564,28.38,28.39,28.68,28.33,67933564,1939187737,0.27764,20.24,3.231,698322933614.6399,698322933614.6399
600901,江苏金租,6.94,1.314,6.85,6.85,6.97,6.84,19437908,134880625,0.33569,12.393,1.56,40195553031.14,40185739871.14
600903,贵州燃气,6.68,2.611,6.51,6.53,6.76,6.48,36658599,243974190,3.1494,167.0,2.497,7775421470.0,7775421470.0
600905,三峡能源,3.52,0.0,3.52,3.52,3.53,3.51,62862895,221269126,0.2199,27.119,1.133,100628528499.84,100628528499.84
600906,财达证券,6.29,0.319,6.27,6.3,6.31,6.25,12431215,78042373,0.58521,27.348,1.6,20411050000.0,13361437835.5
600908,无锡银行,5.9,1.027,5.84,5.84,5.96,5.84,15258853,90354455,0.7632,5.842,0.541,12948622000.500002,11795944723.5
600909,华安证券,7.77,1.04,7.69,7.71,7.78,7.67,54354779,419979712,1.08186,17.267,1.429,39038106090.060005,39038106090.060005
600916,中国黄金,7.19,0.7,7.14,7.16,7.22,7.11,13370003,95887479,0.79583,44.938,1.686,12079200000.0,12079200000.0
600917,重庆燃气,4.84,1.044,4.79,4.81,4.86,4.79,4299101,20738813,0.2754,37.231,1.301,7555432438.400001,7555432438.400001
600918,中泰证券,5.42,0.557,5.39,5.4,5.43,5.36,18197024,98348648,0.39881,30.111,0.954,42917408198.32,24730506421.460003
600919,江苏银行,12.38,1.809,12.16,12.16,12.43,12.16,78508422,970907041,0.42781,7.034,0.837,227189396851.94,227189396851.94
600925,苏能股份,4.18,1.951,4.1,4.12,4.18,4.1,8530090,35429716,0.12382,127.829,1.874,28795555556.02,28795555556.02
600926,杭州银行,17.11,1.785,16.81,16.79,17.18,16.79,28769700,490801720,0.39688,6.432,0.862,124030433596.28,124030433596.28
600927,永安期货,12.1,0.332,12.06,12.06,12.17,12.04,2825614,34188378,0.19481,26.889,1.323,17550380337.6,17550380337.6
600928,西安银行,3.55,2.011,3.48,3.48,3.55,3.47,26070570,91975290,0.58938,5.917,0.435,15777777779.75,15702906934.3
600929,雪天盐业,5.96,-0.501,5.99,6.01,6.09,5.94,18794362,112756705,1.14592,126.809,1.278,9775075005.76,9775075005.76
600930,华电新能,3.88,1.571,3.82,3.82,3.89,3.8,88680679,341443635,0.82546,21.556,1.459,161851428570.31998,41683598291.68
600933,爱柯迪,13.27,-0.226,13.3,13.31,13.54,13.2,8849829,118496600,0.91397,11.246,1.42,13668357557.43,12849073768.74
600935,华塑股份,2.31,0.435,2.3,2.3,2.32,2.28,14284212,32840462,0.40726,-57.75,1.412,8303844909.360001,8102098185.72
600936,北投科技,4.24,-0.235,4.25,4.34,4.39,4.22,18453931,78558961,1.10435,-18.435,6.936,7085151253.36,7085151253.36
600938,中国海油,33.42,0.18,33.36,33.06,33.7,33.05,27293195,912293439,0.91282,13.004,1.856,1588451062145.2998,99925800000.0
600939,重庆建工,2.69,1.509,2.65,2.67,2.7,2.59,15760500,41805190,0.82842,-4.27,0.749,5117657599.36,5117657599.36
600941,XD中国移,95.8,1.002,94.85,94.9,95.94,94.13,8365074,797169971,0.9266,15.087,1.462,2077991827253.2002,86485161658.59999
600955,维远股份,12.36,0.651,12.28,12.29,12.44,12.29,1390400,17198377,0.2528,-6.829,0.9,6798000000.0,6798000000.0
600956,新天绿能,7.09,0.997,7.02,7.06,7.11,7.0,3977199,28121211,0.16938,16.488,1.307,31906896383.57,16647948719.929998
600958,东方证券,8.65,0.465,8.61,8.62,8.66,8.59,26944892,232457080,0.36073,13.308,0.9,73495981775.8,64611026773.6
600959,江苏有线,3.11,0.0,3.11,3.11,3.13,3.07,21574570,66949014,0.43143,62.2,0.688,15552232003.460001,15552232003.460001
600960,渤海汽车,3.9,0.257,3.89,3.91,4.05,3.87,9717553,38223386,1.02235,22.147,1.964,6318912490.8,3707010520.2
600961,株冶集团,22.56,-0.133,22.59,22.51,22.8,22.44,13359564,302114863,1.24521,22.788,4.13,24204008179.68,24204008179.68
600962,国投中鲁,26.03,3.13,25.24,25.39,26.04,25.06,4058400,103911085,1.54777,166.752,7.251,6825326300.0,6825326300.0
600963,岳阳林纸,3.38,1.198,3.34,3.35,3.39,3.32,20287455,68232908,1.15429,-26.0,0.781,5940579346.5199995,5940579346.5199995
600965,*ST福成,2.57,-1.154,2.6,2.62,2.62,2.53,4601917,11792381,0.5621,36.925,0.958,2104061454.3500001,2104061454.3500001
600966,博汇纸业,4.85,1.677,4.77,4.79,4.87,4.77,7638255,36929679,0.57136,39.367,0.867,6483694796.8,6483694796.8
600967,内蒙一机,12.82,0.707,12.73,12.8,12.93,12.58,33634703,430523931,1.97643,65.076,1.82,21817007630.94,21817007630.94
600968,海油发展,3.92,0.256,3.91,3.89,3.94,3.88,19164782,75149226,0.18854,10.259,1.336,39847208460.08,39847208460.08
600969,郴电国际,9.52,0.211,9.5,9.59,9.66,9.48,4987600,47642561,1.34782,46.146,0.969,3522880607.6800003,3522880607.6800003
600970,中材国际,7.72,1.18,7.63,7.62,7.73,7.61,13306838,102435647,0.50754,7.083,0.897,20240395773.28,20240395773.28
600971,恒源煤电,8.19,0.614,8.14,8.14,8.27,8.11,7376097,60464542,0.61467,-51.252,0.837,9828039999.96,9828039999.96
600973,宝胜股份,5.71,0.0,5.71,5.73,5.76,5.7,5981724,34248504,0.43619,-190.333,2.185,7830501276.08,7830501276.08
600975,新五丰,5.19,-0.575,5.22,5.21,5.26,5.15,11817974,61278390,0.94569,-7.414,4.544,6485744430.599999,6485744430.599999
600976,健民集团,26.86,1.13,26.56,26.56,26.9,26.55,1216100,32601338,0.79329,11.333,1.529,4120286396.0,4117600396.0
600977,中国电影,12.89,-1.828,13.13,13.21,13.24,12.77,25130494,324890443,1.34604,207.903,2.202,24065630000.0,24065630000.0
600979,广安爱众,3.88,-0.257,3.89,3.9,3.93,3.87,12084439,46964125,0.97323,-13.398,1.147,4855427926.0,4817743449.28
600980,北矿科技,18.75,-0.16,18.78,18.8,18.96,18.56,1447002,27181477,0.76454,28.491,2.364,3623691112.5,3548691112.5
600981,苏豪汇鸿,2.42,0.415,2.41,2.41,2.44,2.36,15471004,37168417,0.68992,242.0,1.132,5426688324.639999,5426688324.639999
600982,宁波能源,5.3,-3.461,5.49,5.64,5.64,5.27,111841386,604049947,10.00704,17.797,1.331,5923425670.5,5923425670.5
600983,惠而浦,7.54,1.072,7.46,7.49,7.57,7.43,1426300,10728696,0.18609,11.088,2.187,5778950060.000001,5778950060.000001
600984,建设机械,3.6,0.559,3.58,3.54,3.6,3.46,32402736,114706385,2.57769,-2.06,2.894,4525358130.0,4525358130.0
600985,淮北矿业,15.87,-0.189,15.9,15.85,16.27,15.83,13603714,217382566,0.5051,28.339,1.012,42742015711.829994,42742015711.829994
600986,浙文互联,6.89,-1.289,6.98,7.0,7.04,6.85,25503882,176474405,1.71469,114.833,2.03,10248007287.18,10248007287.18
600987,航民股份,6.28,0.803,6.23,6.25,6.3,6.22,3450316,21606509,0.33799,8.722,0.951,6410742522.44,6410742522.44
600988,赤峰黄金,39.56,2.914,38.44,38.58,39.8,38.25,41453586,1625869064,2.49133,23.408,5.248,75180266201.68001,65824334113.68
600989,宝丰能源,22.46,0.223,22.41,22.41,22.62,22.22,31110078,698894874,0.42423,14.397,2.984,164707265600.0,164707265600.0
600990,四创电子,17.84,1.71,17.54,17.65,17.87,17.53,2148084,38186062,0.79851,-12.816,3.263,4799186496.64,4799186496.64
600992,贵绳股份,10.2,-0.196,10.22,10.22,10.37,10.13,6193603,63372757,2.52707,83.47,1.814,2499918000.0,2499918000.0
600993,马应龙,22.52,1.396,22.21,22.21,22.6,22.13,2555200,57257150,0.59379,16.681,2.186,9707333625.32,9690760594.32
600995,南网储能,11.86,1.628,11.67,11.68,11.87,11.63,8265828,97612919,0.25863,22.377,1.618,37904628847.3,37904628847.3
600996,贵广网络,6.76,-2.029,6.9,6.91,6.96,6.72,13487526,91732963,1.08177,-6.377,6.547,8428367013.04,8428367013.04
600997,开滦股份,5.22,0.772,5.18,5.15,5.26,5.15,9471665,49463861,0.59653,-261.0,0.615,8288315222.22,8288315222.22
600998,九州通,5.05,1.815,4.96,4.98,5.06,4.95,44766141,225243914,0.88778,11.477,0.944,25464474681.699997,25464474681.699997
600999,招商证券,17.07,0.767,16.94,17.01,17.09,16.93,19410175,330523909,0.26152,12.644,1.18,148449712578.42,126693629993.04001
601000,唐山港,4.62,0.873,4.58,4.59,4.71,4.57,55883710,260212096,0.94304,13.701,1.284,27377790196.679996,27377790196.679996
601001,晋控煤业,17.21,1.235,17.0,16.9,17.45,16.9,13516054,231830472,0.80756,15.789,1.506,28804377000.0,28804377000.0
601002,晋亿实业,5.26,0.766,5.22,5.29,5.3,5.22,9181071,48382837,0.96193,21.04,1.138,5058282787.2,5020358187.2
601003,柳钢股份,3.58,2.286,3.5,3.51,3.59,3.46,16907300,59898456,0.64183,13.769,1.027,9430513940.18,9430513940.18
601005,重庆钢铁,1.21,0.833,1.2,1.2,1.22,1.19,73932905,89006459,0.8893,-3.903,0.789,11627300824.039999,10059500246.07
601006,大秦铁路,4.74,1.499,4.67,4.66,4.76,4.66,124089676,586301227,0.62473,15.8,0.572,94150111767.72,94150111767.72
601007,金陵饭店,6.78,-0.294,6.8,6.81,6.83,6.73,3990107,27032552,1.0231,41.595,1.672,2644200000.0,2644200000.0
601008,连云港,4.4,1.149,4.35,4.34,4.41,4.34,7933300,34712621,0.63945,31.429,1.3,5458807226.400001,5458807226.400001
601009,南京银行,11.98,1.612,11.79,11.79,12.04,11.78,37806964,452063920,0.30579,6.807,0.767,148115535595.1,148115535595.1
601010,ST文峰,1.42,-0.699,1.43,1.43,1.43,1.41,9005450,12775570,0.4979,-28.4,0.633,2568348604.0,2568348604.0
601011,宝泰隆,2.9,1.045,2.87,2.89,2.9,2.85,31407036,90557061,1.63949,-17.059,1.038,5555427163.1,5555427163.1
601012,隆基绿能,11.21,2.938,10.89,10.97,11.34,10.87,87787380,976682131,1.15844,-13.188,1.764,84950155149.08,84950070558.42
601015,陕西黑猫,3.58,0.0,3.58,3.57,3.63,3.54,43188327,154342598,2.11449,-6.172,1.537,7312141547.62,7312141547.62
601016,节能风电,3.26,0.0,3.26,3.25,3.27,3.23,49230564,160137323,0.81531,30.755,1.189,21335039274.5,19684728434.56
601018,宁波港,3.53,1.146,3.49,3.48,3.55,3.48,70844477,250031701,0.36416,13.074,0.84,68673991048.47,68673991048.47
601019,山东出版,6.84,1.183,6.76,6.88,6.9,6.75,8794198,60146445,0.4214,12.214,0.918,14274396000.0,14274396000.0
601020,华钰矿业,19.66,-1.454,19.95,19.99,20.03,19.65,8636108,170931470,1.05323,18.547,3.659,16120505962.68,16120505962.68
601021,春秋航空,40.76,2.309,39.84,40.07,40.86,39.75,4607868,185896900,0.47099,17.126,2.254,39876870321.479996,39876870321.479996
601022,宁波远洋,8.25,0.121,8.24,8.26,8.3,8.22,5033400,41589791,0.38463,16.5,1.874,11995805563.5,10796225005.5
601026,道生天合,14.6,-0.613,14.69,14.72,14.99,14.57,3371950,49609943,3.03545,39.459,3.783,9627240000.0,1621851074.0
601033,永兴股份,14.18,0.567,14.1,14.1,14.23,14.08,1474600,20884663,0.61442,14.771,1.184,12762000000.0,3403200000.0
601038,一拖股份,13.71,0.293,13.67,13.5,13.87,13.5,4231500,57888090,0.57831,18.973,1.874,15405176720.25,10031679320.25
601058,赛轮轮胎,13.24,0.151,13.22,13.13,13.32,13.13,21342273,282552060,0.64908,12.259,1.921,43534447429.16,43534447429.16
601059,信达证券,15.56,0.0,15.56,0.0,0.0,0.0,0,0,0.0,28.815,2.347,50461080000.0,50461080000.0
601061,中信金属,10.55,0.285,10.52,10.53,10.64,10.46,7682001,81261475,0.15678,19.182,2.087,51695000000.0,51695000000.0
601065,江盐集团,6.67,0.452,6.64,6.64,6.68,6.61,2900399,19288616,0.45123,17.103,0.964,4287316446.9300003,4287316446.9300003
601066,中信建投,23.03,0.087,23.01,23.1,23.16,22.91,7203511,165780692,0.1109,21.128,1.421,178636681174.91,149595303936.05
601068,中铝国际,4.33,-0.46,4.35,4.37,4.38,4.3,12691463,55108763,0.49584,118.956,4.165,12933354797.11,11083027588.11
601069,XD西部黄,24.56,1.07,24.3,24.5,24.69,24.22,9709780,237846550,1.09444,47.606,4.354,22374138460.88,21789348160.08
601077,渝农商行,6.71,1.976,6.58,6.6,6.75,6.58,67551107,452845404,0.7643,6.39,0.545,76205470000.0,59304606564.39
601083,锦江航运,12.65,0.238,12.62,12.7,12.84,12.55,4046186,51493509,2.08437,10.905,1.77,16370618000.0,2455618000.0
601086,国芳集团,13.33,-6.587,14.27,13.75,13.88,13.2,73610122,992644645,11.05257,121.182,5.544,8877780000.0,8877780000.0
601088,中国神华,47.8,1.057,47.3,47.05,48.23,46.99,20701575,992077312,0.12553,17.97,2.299,1036754959731.2001,788271614249.0
601089,福元医药,16.48,2.936,16.01,16.11,16.59,15.98,3576245,58748914,0.74505,16.48,2.12,7910400000.0,7910400000.0
601091,沈鼓集团,23.15,-8.098,25.19,24.6,25.18,23.12,76708419,1837817144,36.32661,89.038,12.779,71996559935.35,4888427663.3
601096,宏盛华源,3.97,1.276,3.92,3.93,4.0,3.92,12373600,49038130,0.75312,28.623,2.219,10620365699.36,6522616867.7699995
601098,中南传媒,10.27,0.686,10.2,10.17,10.36,10.17,8676951,89266884,0.48313,11.539,1.132,18444920000.0,18444920000.0
601099,太平洋,3.46,0.0,3.46,3.48,3.5,3.45,69568919,241151092,1.02062,111.613,2.347,23584454640.199997,23584454640.199997
601100,恒立液压,90.31,-0.562,90.82,90.12,90.96,89.33,5103227,461097642,0.3806,44.27,6.76,121089543787.52,121089543787.52
601101,昊华能源,12.73,1.112,12.59,12.67,12.94,12.53,13862400,177311897,0.96267,35.361,1.474,18331173597.98,18331173597.98
601106,中国一重,2.95,1.027,2.92,2.93,2.96,2.92,33449200,98571019,0.48776,-64.978,3.907,20230459634.65,20230459634.65
601107,四川成渝,6.09,0.828,6.04,6.05,6.2,6.03,8939641,54730583,0.41335,13.086,1.103,18623585400.0,13171086600.0
601108,财通证券,8.15,-0.245,8.17,8.18,8.2,8.12,23808575,194289941,0.5127,14.298,0.971,37846717268.5,37846717268.5
601111,中国国航,5.91,2.249,5.78,5.8,5.94,5.77,70448836,412530046,0.60533,-53.727,2.023,121111035687.3,68781226991.34
601112,振石股份,15.82,-2.945,16.3,16.33,16.35,15.82,4998711,80172581,2.73544,31.64,4.197,27532595925.94,2890923069.9999995
601113,华鼎股份,3.5,0.0,3.5,3.51,3.53,3.46,9818700,34381172,0.88925,17.5,0.99,4739532791.0,3864532791.0
601116,三江购物,9.91,0.609,9.85,9.85,9.95,9.82,5714448,56496057,1.04339,28.96,1.645,5427492944.0,5427492944.0
601117,中国化学,7.17,0.561,7.13,7.13,7.19,7.11,32343753,231374951,0.53466,6.764,0.622,43776869946.54,43374564831.54
601118,海南橡胶,6.37,10.017,5.79,6.28,6.37,6.28,63101555,401066378,1.47453,-264.315,2.869,27259955066.89,27259955066.89
601121,宝地矿业,7.03,1.737,6.91,6.95,7.05,6.88,6871800,48011695,0.82649,39.056,1.553,6919226518.44,5845015720.08
601123,马矿股份,16.72,-1.705,17.01,16.86,17.62,16.65,15691591,266975096,16.3747,30.963,4.947,20642697775.920002,1602248473.76
601126,四方股份,36.49,-0.382,36.63,37.01,38.0,36.4,15588759,578507901,1.88788,36.49,6.3,30399143934.999996,30130811071.0
601127,赛力斯,46.94,0.278,46.81,46.81,47.87,45.24,25096055,1171937705,1.61161,12.755,2.182,81768779936.84,73095127220.48001
601128,常熟银行,6.26,1.623,6.16,6.16,6.27,6.15,46569137,290142050,1.2765,4.929,0.681,22837602067.44,22837602067.44
601133,柏诚股份,22.41,-3.902,23.32,23.79,23.9,22.4,8097725,185522930,1.54423,57.462,3.861,11791611756.99,11751506933.039999
601136,首创证券,13.89,-0.43,13.95,13.98,14.05,13.85,6533494,91015436,0.23903,35.615,2.742,37966006482.0,37966006482.0
601137,博威合金,18.91,-1.356,19.17,19.27,19.3,18.86,7093865,135167175,0.77265,126.067,1.774,17361780284.12,17361780284.12
601138,工业富联,58.2,-0.377,58.42,58.81,59.48,57.9,51810612,3035417445,0.26109,32.697,6.571,1154926170928.8,1154926170928.8
601139,深圳燃气,6.25,1.133,6.18,6.18,6.26,6.17,11450430,71374016,0.39803,12.755,1.086,17979652843.75,17979652843.75
601155,新城控股,12.87,-1.076,13.01,12.69,13.13,11.9,63245300,785568618,2.8039,42.9,0.465,29029866156.72,29029866156.72
601156,东航物流,18.39,1.827,18.06,18.04,18.56,18.04,5166492,94877211,0.54695,10.882,1.462,29195146674.84,17371112274.84
601158,重庆水务,4.02,0.5,4.0,4.01,4.03,3.99,5262101,21140509,0.10963,23.647,1.125,19296121078.38,19296121078.38
601162,天风证券,3.56,0.0,3.56,3.57,3.58,3.53,64808834,230363127,0.75377,178.0,1.31,35863387433.04,30608774887.44
601163,三角轮胎,12.24,0.575,12.17,12.24,12.28,12.2,1810300,22174465,0.22629,10.643,0.701,9792000000.0,9792000000.0
601166,兴业银行,18.05,1.461,17.79,17.82,18.06,17.74,68513237,1229494590,0.32374,5.217,0.455,381989614209.65,381989614209.65
601168,西部矿业,35.35,0.512,35.17,35.21,35.58,34.97,22181062,783474171,0.9308,23.105,3.757,84239050000.0,84239050000.0
601169,北京银行,5.57,1.642,5.48,5.48,5.58,5.48,155031542,860112619,0.73325,7.141,0.413,117766422395.04001,117766422395.04001
601177,杭齿前进,13.85,1.54,13.64,13.63,14.08,13.39,5611536,77770200,1.39446,21.897,1.886,5646831975.0,5573468525.0
601179,中国西电,11.61,1.753,11.41,11.52,11.76,11.51,52528682,611327607,1.02477,46.871,2.54,59511494106.71999,59511494106.71999
601186,中国铁建,6.02,1.176,5.95,5.96,6.04,5.95,27616549,165707955,0.24008,5.102,0.294,81748839830.0,69249537910.0
601187,厦门银行,6.9,0.877,6.84,6.84,6.92,6.82,13181063,90808193,0.50054,7.667,0.663,18209982427.2,18170322634.8
601188,龙江交通,2.88,0.348,2.87,2.87,2.89,2.85,8325500,23911772,0.63774,22.36,0.821,3759753355.2000003,3759753355.2000003
601198,东兴证券,13.06,0.0,13.06,0.0,0.0,0.0,0,0,0.0,20.185,1.387,42215738491.200005,42215738491.200005
601199,江南水务,6.3,-2.174,6.44,6.51,6.52,6.24,12956104,82007840,1.38537,15.75,1.257,5891824839.599999,5891824839.599999
601200,上海环境,6.8,0.443,6.77,6.78,6.83,6.75,4596390,31272666,0.34143,15.179,0.776,9154365706.8,9154365706.8
601208,东材科技,48.22,-4.572,50.53,50.03,50.48,48.01,49289566,2407628957,4.87927,158.566,7.833,48711021511.46,48711021511.46
601211,国泰海通,16.87,1.321,16.65,16.71,16.88,16.67,43450428,730099178,0.32307,9.695,0.893,296592447582.76,226886722284.87997
601212,白银有色,5.65,0.713,5.61,5.63,5.69,5.58,86446921,488764326,1.16745,-55.392,2.713,41836975987.15,41836975987.15
601216,君正集团,4.54,2.252,4.44,4.44,4.55,4.44,46027778,207680195,0.54548,11.546,1.395,38308598950.6,38308598950.6
601218,吉鑫科技,6.08,-0.816,6.13,5.99,6.35,5.89,233960783,1428555269,24.14372,43.584,1.93,5891723752.96,5891723752.96
601222,林洋能源,5.94,0.508,5.91,5.92,6.02,5.9,20428231,121666089,1.00079,49.5,0.782,12124847726.640001,12124847726.640001
601225,陕西煤业,26.03,1.442,25.66,25.59,26.3,25.46,38356332,999157302,0.39563,15.046,2.495,252360850000.0,252360850000.0
601226,华电科工,6.51,0.0,6.51,6.52,6.6,6.47,6213550,40673056,0.53463,48.438,1.711,7566076287.0,7566076287.0
601228,广州港,3.11,1.634,3.06,3.05,3.11,3.04,22943000,70711059,0.3041,28.532,1.086,23463492501.61,23463492501.61
601229,上海银行,9.75,2.094,9.55,9.56,9.76,9.55,57756309,559918433,0.40648,5.909,0.538,138538127685.75,138538127685.75
601231,环旭电子,23.74,-1.453,24.09,24.34,24.57,23.65,15234971,365697243,0.63773,27.929,2.532,56713332995.72,56713332995.72
601233,桐昆股份,22.73,1.067,22.49,22.49,22.99,22.25,17447757,396315343,0.73474,26.43,1.271,54074703867.7,53976299560.6
601236,红塔证券,7.01,1.89,6.88,6.94,7.09,6.89,24060449,168623308,0.51266,26.962,1.35,32899568279.06,32899568279.06
601238,广汽集团,5.84,4.286,5.6,6.16,6.16,5.77,199466750,1188506331,2.70145,-6.871,0.593,59550864856.0,43120793954.8
601279,英利汽车,3.65,2.817,3.55,3.57,3.72,3.52,22101393,80302261,1.39372,-68.868,1.414,5788118845.25,5788118845.25
601288,农业银行,6.97,0.432,6.94,6.93,7.0,6.9,217472669,1513228745,0.06812,8.936,0.853,2439381746094.8,2225132149115.7
601298,青岛港,10.06,-0.297,10.09,10.07,10.3,9.99,15110507,152513847,0.28024,12.42,1.383,65300466000.0,54244274500.0
601311,骆驼股份,7.36,0.409,7.33,7.32,7.38,7.3,5722764,42111995,0.48781,10.366,0.87,8634355428.48,8634355428.48
601318,中国平安,53.29,1.505,52.5,52.68,53.49,52.41,55884199,2960017331,0.52424,6.939,0.939,964956241913.55,568074868273.0701
601319,中国人保,7.98,-0.993,8.06,8.02,8.08,7.96,43851476,350992818,0.12353,7.6,1.038,352907444852.34,283272097532.33997
601326,秦港股份,3.55,1.14,3.51,3.52,3.57,3.5,16355721,57980814,0.34378,12.241,0.953,19835312600.0,16889334450.0
601328,交通银行,7.75,1.706,7.62,7.62,7.76,7.58,190557517,1467711121,0.73088,7.176,0.586,684819327728.25,202061406659.75
601330,绿色动力,8.14,-1.453,8.26,8.22,8.32,8.13,8115564,66481162,0.8205,18.5,1.414,11643497864.02,8051236157.139999
601333,广深铁路,3.08,0.984,3.05,3.04,3.1,3.04,40593162,124860991,0.71818,15.301,0.753,21817293960.0,17408889960.0
601336,新华保险,56.35,0.733,55.94,55.93,56.47,55.88,6361839,357181245,0.30506,4.845,1.423,175786450909.99997,117514506809.0
601339,百隆东方,7.25,0.694,7.2,7.2,7.26,7.16,5280100,38139563,0.35211,16.477,1.18,10871875250.0,10871875250.0
601360,三六零,8.95,-1.864,9.12,9.06,9.11,8.88,92657828,830976435,1.32377,223.75,2.218,62646043017.05,62646043017.05
601366,利群股份,3.65,0.551,3.63,3.64,3.67,3.58,10538221,38325036,1.09803,-9.605,0.83,3503055062.45,3503055062.45
601368,绿城水务,4.59,-0.864,4.63,4.63,4.63,4.58,3219100,14811099,0.36458,42.579,0.838,4052846423.43,4052846423.43
601369,陕鼓动力,8.51,1.069,8.42,8.44,8.57,8.42,4773550,40659729,0.27731,19.465,1.632,14652407965.7,14648986945.7
601375,中原证券,3.94,0.0,3.94,3.95,3.96,3.92,17788250,70085194,0.51597,40.122,1.243,18292965718.0,13583227618.0
601377,兴业证券,5.72,0.0,5.72,5.72,5.74,5.7,49489493,283077048,0.57306,18.096,0.878,49397847321.68,49397847321.68
601388,怡球资源,3.18,0.315,3.17,3.16,3.19,3.15,18117094,57388677,0.82305,41.192,1.486,6999887918.88,6999887918.88
601390,中国中铁,4.33,1.882,4.25,4.25,4.33,4.23,90703421,389426846,0.44629,5.106,0.329,106220573724.56999,88002575024.57
601398,工商银行,8.28,1.471,8.16,8.17,8.3,8.15,293171125,2417869721,0.10874,8.28,0.745,2951043808696.9,2232389119822.9
601399,国机重装,3.15,0.639,3.13,3.13,3.18,3.13,47178820,148840513,0.65403,48.989,1.517,22722701053.5,22722701053.5
601456,国联民生,8.51,-0.234,8.53,8.53,8.56,8.48,10533003,89565067,0.2403,23.639,0.921,48341844779.06,37301595498.159996
601500,通用股份,3.86,0.26,3.85,3.86,3.87,3.81,7265480,27930004,0.45897,29.692,1.016,6110382837.099999,6110382837.099999
601512,中新集团,8.46,0.118,8.45,8.44,8.56,8.13,5776327,48302384,0.38537,12.086,0.818,12680609400.0,12680609400.0
601515,衢州东峰,3.18,-0.313,3.19,3.19,3.22,3.15,11851800,37776728,0.61585,-13.25,1.272,6119816733.780001,6119816733.780001
601518,吉林高速,2.79,1.087,2.76,2.77,2.79,2.76,5767128,16017151,0.30505,10.731,0.927,5274643341.51,5274643341.51
601519,大智慧,8.65,-3.996,9.01,9.11,9.15,8.5,86562739,754046591,4.35172,-393.182,13.33,17206234000.0,17206234000.0
601528,瑞丰银行,5.14,1.984,5.04,5.03,5.2,5.02,23622449,121734195,1.27292,5.14,0.494,10085509570.300001,9538662354.04
601555,东吴证券,8.13,-0.123,8.14,8.16,8.23,8.11,19882451,162050994,0.40015,11.451,0.935,40395554064.81,40395554064.81
601566,九牧王,9.06,-0.44,9.1,9.11,9.28,9.02,16206835,147656188,2.82036,17.765,1.386,5206212579.0,5206212579.0
601567,三星电气,13.67,-1.371,13.86,13.86,13.93,13.62,24290873,333628173,1.72863,15.189,1.638,19209212498.0,19209212498.0
601568,北元化工,3.55,1.14,3.51,3.51,3.56,3.5,14308800,50550214,0.36022,118.333,1.255,14101388895.199999,14101388895.199999
601577,XD长沙银,9.71,2.426,9.48,9.51,9.73,9.48,21868563,210683227,0.54378,5.031,0.514,39049286951.34,39049286951.34
601579,会稽山,37.3,-0.956,37.66,37.66,40.2,37.3,52896721,2040286102,11.03248,71.731,4.764,17883985155.7,17883985155.7
601588,北辰实业,1.83,1.105,1.81,1.81,1.85,1.72,72675038,129606410,2.73214,-2.056,1.058,6161646600.0,4867800000.0
601595,上海电影,23.0,-1.118,23.26,23.17,24.0,22.8,8659900,201466582,1.93215,92.0,6.171,10308600000.0,10308600000.0
601598,中国外运,6.61,-1.196,6.69,6.69,6.73,6.61,13854800,92219829,0.26864,11.808,1.148,47418495610.47,34090878200.47
601599,浙文影业,3.25,-0.612,3.27,3.26,3.29,3.21,12816190,41484384,1.10433,29.545,2.354,3771762972.25,3771762972.25
601600,中国铝业,8.93,-0.112,8.94,8.88,8.99,8.82,100423214,895994617,0.76059,12.068,1.813,153191995610.71,117905825351.65001
601601,中国太保,31.06,2.171,30.4,30.48,31.25,30.33,31751751,977495502,0.46386,5.586,0.936,298807805592.3,212606987592.3
601606,长城军工,30.7,-1.254,31.09,31.1,31.24,30.51,11834414,363908287,1.63407,3070.0,10.39,22233811880.0,22233811880.0
601607,上海医药,16.22,1.375,16.0,16.0,16.28,15.99,11424775,184683484,0.40961,10.532,0.768,60149628541.98,45240945731.100006
601608,中信重工,4.59,0.658,4.56,4.58,4.62,4.56,17823734,81846735,0.3892,55.976,2.241,21020150275.829998,21020150275.829998
601609,金田股份,11.72,3.534,11.32,11.55,11.87,11.22,46993391,549542285,2.71852,23.44,1.986,20259639621.96,20259639621.96
601611,中国核建,10.08,0.699,10.01,10.01,10.08,10.0,7895469,79285081,0.26197,28.0,1.349,30379448856.96,30379448856.96
601615,明阳智能,9.77,-0.102,9.78,9.77,9.93,9.67,41014039,402305622,1.81358,31.834,0.846,22094822817.620003,22094822817.620003
601616,广电电气,3.75,-0.794,3.78,3.8,3.8,3.74,6398110,24064050,0.74948,-92.365,1.374,3201282446.25,3201282446.25
601618,中国中冶,2.54,1.6,2.5,2.5,2.55,2.49,68898516,173738408,0.38593,1270.0,0.512,52556712691.799995,45345652691.799995
601619,嘉泽新能,3.89,0.777,3.86,3.86,3.92,3.83,27696760,107243578,1.09333,13.893,1.472,11714099016.12,9854338061.51
601628,中国人寿,36.7,0.218,36.62,36.62,36.95,36.33,17219000,630843148,0.08269,6.734,1.562,1037314673500.0,764223551000.0
601633,长城汽车,13.73,0.512,13.66,13.67,13.88,13.6,14344059,196991301,0.23086,11.836,1.353,117778737473.77,85307687703.27
601636,旗滨集团,5.39,1.89,5.29,5.28,5.42,5.23,44652361,238666236,1.50921,23.568,1.11,15947143593.919998,15947143593.919998
601658,邮储银行,5.46,0.924,5.41,5.4,5.49,5.39,155278606,846289218,0.2141,7.479,0.627,655718992066.3201,396001791303.3
601665,齐鲁银行,7.13,2.738,6.94,6.94,7.14,6.92,46482000,329045618,0.75533,7.13,0.844,43876897203.25,43876897203.25
601666,平煤股份,8.82,1.031,8.73,8.72,8.91,8.67,17285929,152704797,0.70002,94.332,0.989,21779800261.38,21779800261.38
601668,中国建筑,4.34,1.639,4.27,4.27,4.37,4.25,283969577,1226065431,0.68724,4.617,0.362,179330494526.96,179330494526.96
601669,中国电建,4.57,1.106,4.52,4.53,4.58,4.52,62347765,284247188,0.47697,8.662,0.533,78723548156.38,59736873134.5
601677,明泰铝业,16.17,0.062,16.16,16.07,16.32,16.04,11177100,181158606,0.89899,10.432,0.989,20104009438.59,20104009438.59
601678,滨化股份,5.68,0.709,5.64,5.68,5.75,5.66,31517501,179838037,1.54245,51.636,1.155,13682905727.68,11606150047.68
601686,友发集团,5.0,0.604,4.97,4.97,5.02,4.95,4069683,20284100,0.2751,10.643,1.072,7396736629.999999,7396736629.999999
601688,华泰证券,17.8,0.451,17.72,17.76,17.85,17.7,36401047,646911987,0.49818,10.289,0.898,160678175390.8,130060294286.8
601689,拓普集团,46.52,-1.753,47.35,47.35,47.8,46.36,28651661,1345225341,1.6487,28.894,3.338,80844111181.6,80844111181.6
601696,中银证券,10.96,0.0,10.96,10.97,11.03,10.93,15140888,166160664,0.54503,28.842,1.555,30446880000.0,30446880000.0
601698,中国卫通,22.6,-0.441,22.7,22.9,22.99,22.53,8569348,194483719,0.20285,216.475,6.013,95471110311.2,95471110311.2
601699,潞安环能,15.09,2.028,14.79,14.83,15.19,14.7,18217967,273752640,0.60901,40.784,0.964,45140364828.0,45140364828.0
601700,风范股份,6.19,2.483,6.04,6.16,6.23,6.07,34023573,210174678,2.98778,-18.26,3.19,7048907687.0,7048907687.0
601702,华峰铝业,14.88,0.27,14.84,14.9,14.96,14.79,3097510,46081913,0.31021,12.4,2.219,14858135328.0,14858135328.0
601717,中创智领,13.35,2.771,12.99,13.05,13.41,13.01,16708480,220862722,1.08344,5.456,1.006,23835089065.5,20587912495.5
601718,ST际华,1.94,1.571,1.91,1.91,1.94,1.91,7839908,15103720,0.17977,-27.714,0.709,8460474835.82,8460474835.82
601727,上海电气,6.44,0.468,6.41,6.43,6.45,6.4,29591985,190271212,0.23457,82.564,1.808,100078383335.84,81244719255.84
601728,中国电信,6.28,0.159,6.27,6.27,6.31,6.25,47168593,296545398,0.06076,17.444,1.218,574664831029.72,487514696229.72
601766,中国中车,6.19,1.144,6.12,6.1,6.19,6.09,98953196,610306149,0.40675,13.457,1.007,177645968704.72,150589069917.12
601777,千里科技,8.18,3.413,7.91,7.94,8.43,7.93,39270166,320730200,0.8686,409.0,3.581,36982598580.78,36982598580.78
601778,晶科科技,3.39,0.296,3.38,3.4,3.43,3.38,49229165,167497942,1.32228,37.667,0.767,12621120848.22,12621120848.22
601788,光大证券,13.68,0.959,13.55,13.6,13.71,13.58,10338960,141116774,0.26465,18.74,1.026,63075574901.520004,53443640117.520004
601789,宁波建工,4.21,0.718,4.18,4.18,4.23,4.14,24899098,104249023,2.29105,20.407,1.023,6417689802.17,4575422063.9
601798,蓝科高新,7.68,0.0,7.68,7.73,7.84,7.63,3878213,29902271,1.09391,54.857,2.04,2722776560.64,2722776560.64
601799,星宇股份,70.33,0.832,69.75,69.6,70.85,69.43,2341049,164609185,0.81947,12.323,1.774,20091833538.27,20091833538.27
601800,中国交建,5.94,1.887,5.83,5.85,5.95,5.84,25623589,151222225,0.21858,6.988,0.331,96309890497.26,69633866089.26
601801,皖新传媒,5.49,-0.903,5.54,5.55,5.64,5.45,30910253,170908163,1.57872,13.39,0.902,10749042491.13,10749042491.13
601808,中海油服,12.22,1.327,12.06,12.06,12.24,12.03,7019978,85454249,0.23712,15.178,1.232,58308854240.0,36176918960.0
601811,新华文轩,21.12,3.682,20.37,20.0,22.3,19.58,57483192,1229263437,7.25886,16.63,1.701,26058721919.999996,16725010367.999998
601816,京沪高铁,4.76,1.277,4.7,4.72,4.79,4.7,164169059,782054000,0.33555,17.695,1.112,232886233801.2,232886233801.2
601818,光大银行,3.04,0.997,3.01,3.01,3.05,3.01,177940903,540366152,0.38344,5.241,0.354,179620075225.44,141076719305.44
601825,沪农商行,8.61,0.35,8.58,8.59,8.68,8.54,18049610,155801058,0.19136,6.727,0.624,83038666671.45,81212096086.17
601827,三峰环境,7.9,1.023,7.82,7.86,7.91,7.82,3064999,24165246,0.18332,10.676,1.077,13208273070.0,13208273070.0
601828,美凯龙,2.23,1.826,2.19,2.17,2.24,2.1,79269440,171706191,2.19437,-0.409,0.432,9708723956.789999,8055656992.969999
601838,成都银行,19.31,2.278,18.88,18.9,19.49,18.89,27935626,539642385,0.6591,6.29,0.887,81844186724.36,81844186724.36
601857,中国石油,11.21,0.809,11.12,11.12,11.27,11.07,109173479,1224070315,0.06742,13.035,1.252,2051665161339.8,1815146492339.8
601858,中国科传,21.58,-2.397,22.11,22.11,22.25,21.55,9012160,196146666,1.14006,35.377,2.921,17058990000.0,17058990000.0
601860,紫金银行,2.58,1.575,2.54,2.54,2.59,2.53,52432314,134556931,1.47626,7.588,0.446,9445649034.66,9163354939.380001
601865,福莱特,9.22,1.319,9.1,9.15,9.28,9.06,9613302,88052231,0.50569,21.952,1.02,21601363041.28,17527459941.28
601866,中远海发,2.44,1.245,2.41,2.4,2.45,2.39,59708446,144706909,0.61489,20.099,1.021,32042218396.800003,23693443636.8
601868,中国能建,2.39,0.844,2.37,2.37,2.4,2.37,185867733,443844074,0.57316,18.385,0.893,105734037950.77,77504659050.04001
601869,长飞光纤,411.16,0.787,407.95,411.0,416.96,407.0,7530322,3101276059,1.85321,384.262,20.801,340401464205.28,167070061184.24
601872,招商轮船,20.15,1.307,19.89,19.8,20.45,19.79,75321177,1523885871,0.93282,27.23,3.474,162701950815.3,162701950815.3
601877,XD正泰电,24.95,2.338,24.38,24.58,25.05,24.46,10049545,250180928,0.46764,11.881,1.165,53616775951.2,53616775951.2
601878,浙商证券,8.97,0.561,8.92,8.95,8.98,8.92,10821873,96856109,0.23863,16.925,1.083,40679084899.83,40679084899.83
601880,辽港股份,1.47,1.379,1.45,1.45,1.48,1.45,95811348,140551739,0.52034,26.825,0.855,34650497803.11,27067185284.58
601881,中国银河,11.59,0.695,11.51,11.55,11.61,11.5,16652526,192407378,0.2299,11.252,1.049,126729722147.04,83951210250.56999
601882,海天精工,22.62,-0.571,22.75,22.98,23.09,22.57,3440588,78444495,0.65912,27.585,3.84,11807640000.0,11807640000.0
601886,江河集团,13.09,2.266,12.8,13.16,13.44,12.8,12332234,161194870,1.08846,24.241,2.05,14830996965.4,14830996965.4
601888,中国中免,51.44,1.001,50.93,50.97,51.65,50.54,13634658,696439595,0.69833,29.676,1.86,106881859367.36,100435341983.36
601890,亚星锚链,9.35,1.3,9.23,9.28,9.73,9.25,42491027,401663365,4.42892,28.248,2.298,8970390000.0,8970390000.0
601898,中煤能源,13.8,-0.719,13.9,13.83,13.97,13.72,26832161,371636161,0.29318,10.222,1.101,182969554920.0,126297605519.99998
601899,紫金矿业,29.79,1.12,29.46,29.5,29.94,29.46,98219784,2921744405,0.47675,15.277,3.922,792139879599.39,613727417640.6
601900,南方传媒,12.69,0.874,12.58,12.59,12.87,12.51,10117289,128522502,1.14712,10.754,1.27,11192200492.859999,11192200492.859999
601901,方正证券,6.71,1.207,6.63,6.66,6.71,6.63,24637513,164629197,0.29929,13.979,1.047,55237400360.45,55237400360.45
601908,京运通,2.93,0.687,2.91,2.92,2.95,2.89,20379200,59562160,0.844,-4.803,0.987,7074786382.7300005,7074786382.7300005
601916,浙商银行,2.88,0.348,2.87,2.88,2.9,2.87,105816471,305628201,0.49115,6.545,0.436,79098151573.44,62047975573.439995
601918,新集能源,11.29,-0.616,11.36,11.4,11.47,11.12,34639303,390679741,1.33715,13.685,1.609,29247216922.0,29247216922.0
601919,中远海控,16.37,0.245,16.33,16.3,16.51,16.26,52986110,869152830,0.42198,8.226,1.069,249939172937.05002,205550510117.05
601921,浙版传媒,7.56,0.132,7.55,7.56,7.63,7.5,7178300,54316346,0.32302,13.066,1.155,16800000005.880001,16800000005.880001
601928,凤凰传媒,8.34,0.846,8.27,8.28,8.37,8.23,9508318,79100879,0.37362,11.746,1.06,21224466000.0,21224466000.0
601929,吉视传媒,2.31,-2.532,2.37,2.35,2.38,2.27,97865878,225982209,2.80435,-17.54,1.768,8061410668.08,8061410668.08
601933,永辉超市,2.99,1.014,2.96,2.97,2.99,2.95,57071321,169519223,0.63945,-10.31,12.31,26685861123.350002,26685861123.350002
601939,建设银行,11.06,0.272,11.03,11.01,11.12,10.97,81212643,898373684,0.84652,8.508,0.808,2893300218936.5,106105853122.36
601949,中国出版,5.91,-1.664,6.01,6.0,6.14,5.87,88151554,526132995,4.62989,17.387,1.118,11252451199.14,11252451199.14
601952,苏垦农发,8.97,2.867,8.72,8.72,9.02,8.71,16142669,143584476,1.17146,22.425,1.718,12360660000.0,12360660000.0
601956,东贝集团,5.02,-0.986,5.07,5.1,5.1,4.98,6556939,33007308,1.05482,40.946,1.325,3120515281.8,3120515281.8
601958,金钼股份,19.37,0.363,19.3,19.31,19.41,19.15,12689803,244944304,0.39329,19.765,3.024,62499327228.0,62499327228.0
601963,重庆银行,11.2,2.097,10.97,11.02,11.25,10.98,9974107,111300812,0.49035,7.32,0.671,40608817872.0,22781547219.2
601965,中国汽研,13.57,4.144,13.03,13.31,13.68,13.3,11679196,157793607,1.16524,12.802,1.695,13605938611.59,13601181648.09
601966,玲珑轮胎,10.49,1.255,10.36,10.38,10.49,10.37,3911905,40836849,0.2673,11.16,0.681,15352143144.67,15352143144.67
601968,宝钢包装,4.5,0.671,4.47,4.48,4.52,4.45,6061100,27217982,0.47509,30.0,1.26,5741007570.0,5741007570.0
601969,海南矿业,8.92,0.337,8.89,8.88,8.97,8.84,6344725,56566832,0.32166,40.545,2.489,17701823410.920002,17594491414.719997
601975,招商南油,4.52,2.032,4.43,4.43,4.61,4.42,138064951,628312108,2.94989,16.472,1.735,21155157944.56,21155157944.56
601985,中国核电,9.07,0.554,9.02,9.04,9.13,9.03,89894584,817177627,0.47605,20.022,1.575,186551778811.18,171271393743.69
601988,中国银行,6.73,1.203,6.65,6.64,6.79,6.61,273081897,1835478984,0.12957,9.095,0.788,2168489531508.2,1418451914913.6
601990,南京证券,6.58,0.612,6.54,6.57,6.61,6.53,8337191,54823622,0.19702,22.69,1.241,28949550891.100002,27844749184.0
601991,大唐发电,5.31,1.143,5.25,5.25,5.33,5.24,103801246,549682387,0.83737,16.83,2.607,98270632776.24,65823233152.86
601992,金隅集团,1.43,1.418,1.41,1.42,1.45,1.38,89315412,126478360,1.07168,-15.889,0.408,15269212721.619999,11917846317.52
601995,中金公司,30.63,0.065,30.61,30.62,30.63,30.38,14040226,428267313,0.48025,16.327,1.418,147858877866.84,89548104937.20001
601996,丰林集团,2.88,-0.69,2.9,2.91,2.92,2.84,13215724,38041170,1.17901,-26.182,1.379,3228233518.08,3228233518.08
601997,贵阳银行,5.61,0.899,5.56,5.57,5.63,5.56,38193179,214122426,1.04461,4.095,0.311,20511271206.36,20511271206.36
601998,中信银行,9.1,0.887,9.02,9.0,9.1,8.99,37771288,342642183,0.09266,7.583,0.678,506370976602.4,370943293511.7
601999,出版传媒,6.81,-2.155,6.96,7.03,7.2,6.81,25819300,179952303,4.68662,35.842,1.402,3751729107.0,3751729107.0
603000,人民网,16.51,-0.841,16.65,16.61,16.84,16.38,10209130,169001366,0.92333,85.811,4.865,18254959334.559998,18254959334.559998
603001,奥康国际,11.29,-5.681,11.97,11.9,11.99,11.17,15906800,182989333,3.96698,-18.782,1.918,4527064200.0,4527064200.0
603002,宏昌电子,17.34,-1.253,17.56,17.65,18.47,17.31,62604300,1115637044,5.52028,578.0,5.655,19664921346.06,19664921346.06
603004,鼎龙科技,19.87,3.814,19.14,19.42,20.73,19.3,7497100,149929817,12.73285,31.54,2.229,4679782400.0,1169945600.0
603005,晶方科技,26.99,-3.123,27.86,28.1,28.13,26.94,23612264,644736818,3.62056,47.351,3.802,17602114344.94,17602114344.94
603006,联明股份,10.83,-1.005,10.94,10.92,11.04,10.8,1747800,19041421,0.68742,30.083,2.117,2753573527.5,2753573527.5
603007,顺景科技,4.47,-0.223,4.48,4.53,4.62,4.45,12502000,56284321,1.79862,-17.326,13.67,3953474071.4700003,3107047959.6299996
603008,ST喜临门,10.6,6.212,9.98,9.98,10.63,9.98,7591901,78793900,2.06138,16.308,1.11,3903899810.9999995,3903899810.9999995
603009,北特科技,45.88,0.68,45.57,45.57,47.5,44.82,6756506,312608758,1.95055,131.086,7.8,15892364712.199999,15892364712.199999
603010,万盛股份,12.29,1.823,12.07,12.13,12.68,12.13,6879669,85221465,1.20531,-7.315,2.789,7190022300.97,7014865220.97
603011,合锻智能,23.98,-2.481,24.59,25.08,25.14,23.97,15026861,365182240,3.03932,-47.96,6.382,11856058199.26,11856058199.26
603012,创力集团,8.51,0.472,8.47,8.59,8.66,8.45,8657397,73675247,1.33912,53.188,1.433,5501715000.0,5501715000.0
603013,亚普股份,14.26,0.423,14.2,14.2,14.33,14.16,1410500,20108109,0.27754,13.845,1.582,7247210982.64,7247210982.64
603014,威高血净,30.79,-0.291,30.88,30.88,31.16,30.73,782635,24210686,0.77118,25.238,2.959,21392854528.57,3124719516.7799997
603015,弘讯科技,10.3,-1.246,10.43,10.44,10.49,10.26,2499000,25887078,0.61823,93.636,3.007,4163455700.0,4163455700.0
603016,新宏泰,32.16,0.878,31.88,31.88,33.16,31.78,3538002,114687986,2.38796,74.791,5.847,4764825600.0,4764825600.0
603017,中衡设计,10.03,-1.667,10.2,10.35,10.36,9.95,10224791,102651827,3.70208,55.722,1.851,2770188638.79,2770188638.79
603018,华设集团,5.2,0.0,5.2,5.2,5.22,5.15,4740393,24574824,0.5787,12.683,0.792,4259568180.3999996,4259568180.3999996
603019,中科曙光,79.52,-1.095,80.4,80.7,80.86,79.25,13254956,1057442587,0.90598,53.369,5.047,116346967143.68001,116342081434.87999
603020,爱普股份,12.48,3.055,12.11,12.31,12.79,12.08,16644003,207501979,4.43087,54.049,1.451,4687959419.52,4687959419.52
603021,*ST华鹏,4.46,-9.899,4.95,4.99,4.99,4.46,11787300,54145252,3.68413,-6.371,-5.895,1426968392.2,1426968392.2
603022,新通联,9.06,-1.2,9.17,9.17,9.22,9.01,2365303,21547906,1.18265,30.2,2.131,1812000000.0,1812000000.0
603023,威帝股份,4.06,-0.49,4.08,4.14,4.17,4.04,6539084,26704400,1.17163,580.0,2.96,2265956672.42,2265956672.42
603025,大豪科技,12.93,-0.154,12.95,13.0,13.11,12.9,3206092,41566975,0.28905,20.203,5.228,14438346214.890001,14341629814.89
603026,石大胜华,56.92,1.879,55.87,55.88,57.96,55.48,5319013,302270787,2.28577,813.143,2.449,13245341716.88,13245341716.88
603027,千禾味业,7.31,2.669,7.12,7.15,7.37,7.13,13270754,96423680,0.99725,27.986,2.728,9727699253.72,9727699253.72
603028,赛福天,7.16,-1.377,7.26,7.26,7.32,7.13,2404304,17316938,0.84226,-44.75,4.675,2055206400.0000002,2043893599.9999998
603029,天鹅股份,16.65,-0.656,16.76,16.76,17.11,16.55,1782300,29793640,1.46882,26.855,2.126,2020344300.0,2020344300.0
603030,全筑股份,2.08,-0.478,2.09,2.07,2.1,2.04,26525100,54935574,2.01416,-9.455,3.939,2739221721.6000004,2739221721.6000004
603031,安孚科技,36.67,0.273,36.57,36.57,38.2,36.57,7022749,263078914,2.14442,36.67,4.76,13708930986.5,12009047519.02
603032,德新科技,17.77,0.68,17.65,17.7,18.22,17.63,5022602,89992396,2.15672,98.722,3.488,4140967978.0,4138306032.0
603033,三维股份,7.71,0.916,7.64,7.64,7.82,7.61,5498750,42615067,0.54307,-20.838,3.238,7950271001.339999,7806614148.780001
603035,常熟汽饰,10.5,0.962,10.4,10.45,10.58,10.38,2817500,29586798,0.76908,11.17,0.719,3846644340.0,3846644340.0
603036,如通股份,13.52,-1.314,13.7,13.84,13.92,13.36,3132299,42420673,1.52049,26.51,1.996,2785201458.0,2785201458.0
603037,凯众股份,10.36,-0.766,10.44,10.47,10.78,10.26,9347364,97926590,3.51207,37.0,2.871,2761335306.52,2757314797.72
603038,华立股份,15.71,0.191,15.68,15.71,15.97,15.4,4894398,76430574,1.82167,196.375,2.959,4220917335.2599998,4220917335.2599998
603039,泛微网络,34.73,0.579,34.53,34.6,35.3,34.5,9118991,317779994,2.96418,30.465,3.986,10684307540.58,10684307540.58
603040,新坐标,44.3,-0.068,44.33,44.3,45.07,44.08,1037221,46096049,0.52557,22.261,5.766,8742936009.6,8742614834.6
603041,美思德,11.53,-1.115,11.66,11.66,11.77,11.48,1734936,20103399,0.94729,37.194,1.38,2111692888.76,2111692888.76
603042,华脉科技,16.66,0.665,16.55,16.95,17.78,16.61,39908792,681572772,19.11645,-42.511,4.081,3478054754.7200003,3478054754.7200003
603043,广州酒家,13.14,1.467,12.95,12.97,13.23,12.95,1950999,25563238,0.34687,15.315,1.984,7432488181.799999,7390624141.799999
603045,福达合金,46.03,-2.396,47.16,47.6,47.67,45.95,3475100,161836759,2.56569,57.696,4.579,6234540484.65,6234540484.65
603048,浙江黎明,25.27,2.765,24.59,24.59,26.5,24.28,2638503,67298249,1.79637,120.333,2.974,3711657600.0,3711657600.0
603049,中策橡胶,43.96,0.297,43.83,43.93,44.17,43.77,1427578,62753112,0.2827,8.881,1.528,38442386888.08,22198932317.519997
603050,科林电气,16.35,-0.608,16.45,16.62,16.62,16.23,2988677,48935236,0.74102,25.547,3.446,6594268805.55,6594268805.55
603051,鹿山新材,24.26,-1.821,24.71,24.82,24.95,24.15,4526400,110930632,2.80042,-49.51,2.289,3950326056.96,3921214056.9599996
603052,可川科技,51.02,-3.663,52.96,53.65,53.65,51.02,2931684,152246789,1.56026,637.75,9.148,9586519327.64,9586519327.64
603053,成都燃气,8.75,0.575,8.7,8.72,8.77,8.69,1099200,9603800,0.12366,16.204,1.597,7777787500.0,7777787500.0
603055,台华新材,9.17,1.438,9.04,9.06,9.2,9.0,6055500,55236104,0.68156,15.283,1.487,8163994182.68,8147360719.68
603057,紫燕食品,17.84,0.564,17.74,17.72,17.9,17.6,1896050,33656220,0.46021,31.222,3.505,7405651600.0,7350080000.0
603058,永吉股份,8.51,-1.845,8.67,8.74,8.8,8.51,5185200,44595444,1.25046,43.396,3.138,3529042246.66,3528786946.6600003
603059,倍加洁,26.22,1.275,25.89,25.89,26.66,25.81,1426300,37540296,1.41993,23.0,2.351,2638196094.0,2633764914.0
603060,国检集团,5.53,0.0,5.53,5.55,5.6,5.48,7842079,43422413,0.97543,37.239,2.251,4445921224.15,4445921224.15
603061,金海通,311.73,-2.126,318.5,319.0,323.8,308.0,2264300,711590218,2.60264,102.207,14.299,27120510000.0,27120510000.0
603062,麦加芯彩,36.84,0.656,36.6,36.76,37.26,36.41,276313,10177918,0.74532,18.606,1.964,3978720000.0,1365773004.0
603063,禾望电气,27.61,-1.953,28.16,28.38,28.49,27.61,7703146,214299952,1.66651,23.598,2.347,12814994690.74,12762259590.74
603065,宿迁联盛,14.23,-4.046,14.83,15.07,15.39,14.16,24742200,361193502,5.90552,-457.556,3.106,5961908549.56,5961908549.56
603066,音飞储存,9.28,-0.429,9.32,9.32,9.37,9.21,2894305,26873585,0.98385,84.364,1.785,2729991086.72,2729991086.72
603067,振华股份,40.25,2.028,39.45,41.29,41.98,40.11,29725615,1209735028,3.93443,43.28,7.027,30409897511.0,30409897511.0
603068,博通集成,44.85,-0.333,45.0,45.41,45.95,44.0,11863810,533676174,7.81607,299.0,3.806,6807661257.15,6807661257.15
603069,海汽集团,13.55,0.818,13.44,13.54,13.67,13.23,3358100,45349858,1.06269,-71.316,5.719,4281800000.0,4281800000.0
603070,万控智造,11.3,-0.265,11.33,11.38,11.49,11.28,1444200,16423134,0.36015,50.832,2.126,4531300000.0,4531300000.0
603071,物产环能,12.49,1.216,12.34,12.31,12.53,12.31,1829863,22840051,0.32796,10.956,1.173,6968850980.58,6968850980.58
603072,天和磁材,29.39,-1.21,29.75,29.86,30.0,29.22,1119949,33041929,0.88723,48.18,3.538,7767189200.0,3709899699.9999995
603073,彩蝶实业,20.88,5.882,19.72,19.3,20.97,18.84,9086600,184878505,7.83328,34.8,1.744,2422080000.0,2422080000.0
603075,热威股份,19.73,-1.103,19.95,20.0,20.26,19.72,2086602,41590768,4.92113,24.358,3.88,7939369737.2699995,836569737.2700001
603076,乐惠国际,20.12,-1.421,20.41,20.41,20.52,20.07,1057200,21378556,0.87588,91.455,1.899,2428511041.28,2428511041.28
603077,和邦生物,2.19,0.459,2.18,2.18,2.2,2.17,68285929,149295588,0.77319,-32.589,1.023,19341559279.32,19341559279.32
603078,江化微,28.83,-2.568,29.59,29.87,29.95,28.7,10038369,292216922,2.60306,106.071,5.585,11117921859.84,11117921859.84
603079,圣达生物,13.61,3.341,13.17,13.2,13.86,13.17,7626500,103780214,4.03455,38.886,1.621,2572693182.64,2572693182.64
603080,新疆火炬,19.95,1.994,19.56,19.69,20.05,19.55,1684700,33461519,1.1906,13.389,1.755,2822925000.0,2822925000.0
603081,大丰实业,9.36,-0.742,9.43,9.47,9.5,9.33,1634400,15345361,0.38684,44.571,1.227,3954592034.6400003,3954592034.6400003
603082,北自科技,41.25,-1.786,42.0,42.6,42.6,41.18,4509400,188226447,11.1187,38.915,4.0,6871140746.25,1672972125.0
603083,剑桥科技,205.45,2.163,201.1,205.0,209.8,201.19,20964042,4318154355,7.60701,218.564,8.078,75657039132.85,56619631232.85
603085,天成自控,9.73,-0.205,9.75,9.87,9.89,9.7,3435800,33593638,0.86522,44.227,3.877,3863783000.0,3863783000.0
603086,先达股份,5.87,0.514,5.84,5.87,5.94,5.84,5938202,34937875,1.36569,18.935,1.198,2552353149.41,2552353149.41
603087,甘李药业,77.4,3.407,74.85,75.03,79.2,74.56,15405800,1199387447,2.74409,40.104,3.949,46241249880.600006,43453643833.799995
603088,宁波精达,9.9,-0.602,9.96,10.04,10.22,9.88,5663800,56567090,1.29348,39.6,4.496,4973640863.4,4334931216.0
603089,正裕工业,9.46,-0.735,9.53,9.59,9.75,9.46,2669018,25507495,0.96802,21.022,1.42,2608303925.26,2608303925.26
603090,宏盛股份,36.85,0.463,36.68,36.99,38.43,36.56,3953894,147777675,3.95389,44.939,5.805,3685000000.0,3685000000.0
603091,众鑫股份,45.32,0.265,45.2,45.39,45.75,45.02,351392,15977445,0.78176,17.431,2.845,6486846929.2,2037085054.4
603092,德力佳,48.19,-1.693,49.02,48.01,49.19,47.0,3665856,175903828,10.60365,21.162,3.385,19276004819.0,1666008006.2600002
603093,南华期货,13.16,-1.127,13.31,13.58,13.8,13.11,14870745,197769909,1.68595,16.45,2.34,13661982146.4,11607633108.4
603095,越剑智能,14.01,-0.709,14.11,14.19,14.2,13.8,3143700,44056958,1.21722,42.455,1.538,3618351492.0,3618351492.0
603096,新经典,16.1,-1.589,16.36,16.46,16.53,16.0,2037560,32940313,1.32108,32.245,1.371,2483177446.4,2483177446.4
603097,江苏华辰,18.67,2.078,18.29,18.47,18.84,18.26,1715841,31768526,0.76369,42.87,4.047,4292902655.56,4194715258.5600004
603098,森特股份,10.65,-0.838,10.74,10.86,10.89,10.49,3217500,34266042,0.59716,56.053,2.022,5745887765.7,5738219765.700001
603099,长白山,40.68,2.262,39.78,39.78,41.3,39.52,8804856,355841910,3.23285,84.75,7.383,11079436384.8,11079436384.8
603100,川仪股份,18.29,0.0,18.29,18.44,18.77,18.11,5615588,103239782,1.09778,14.516,1.934,9385937389.04,9356051346.14
603101,汇嘉时代,7.39,0.271,7.37,7.35,7.43,7.28,4273640,31412317,0.90851,44.979,2.37,3476256000.0,3476256000.0
603102,百合股份,37.29,1.139,36.87,37.09,37.5,36.8,1099286,40868983,1.71763,18.19,1.393,2386560000.0,2386560000.0
603103,横店影视,15.82,-1.922,16.13,16.13,16.26,15.62,3669480,58223856,0.5786,63.28,8.528,10033044000.0,10033044000.0
603105,芯能科技,8.5,-3.737,8.83,8.86,8.9,8.43,22357410,191102469,4.47138,21.25,2.052,4250096687.5,4250096687.5
603106,恒银科技,7.16,-1.513,7.27,7.28,7.32,7.16,6191394,44566401,1.18946,119.333,2.826,3726923200.0,3726923200.0
603107,上海汽配,12.23,0.908,12.12,12.14,12.45,12.12,1999873,24534569,0.91664,26.587,1.966,4125607050.0,2668267995.5400004
603108,润达医疗,9.97,-1.091,10.08,10.01,10.19,9.97,9122893,91897376,1.5089,-10.956,1.633,6027900125.280001,6027900125.280001
603109,神驰机电,17.37,-0.629,17.48,17.47,17.75,17.31,1352100,23593970,0.64741,24.318,1.855,3627696013.2000003,3627696013.2000003
603110,东方材料,24.13,-4.17,25.18,25.3,25.31,24.08,7950200,194320664,3.95087,-804.333,6.909,4855601043.16,4855601043.16
603111,康尼机电,6.13,-0.325,6.15,6.17,6.18,6.11,2431311,14913800,0.29027,14.951,1.329,5284248019.36,5134458551.4800005
603112,华翔股份,16.55,-0.72,16.67,16.68,16.97,16.51,4812225,80433075,0.90014,15.045,1.978,8936361186.55,8847738253.55
603113,金能科技,4.94,1.437,4.87,4.88,4.95,4.85,10991500,54003781,1.29542,190.0,0.556,4191543643.04,4191543643.04
603115,海星股份,70.06,-1.643,71.23,72.28,75.08,69.5,6443907,462749555,2.63465,81.465,8.197,17135456956.0,17135456956.0
603116,红蜻蜓,7.28,-6.905,7.82,7.59,7.66,7.21,22019680,161625965,3.82153,-29.12,1.744,4194741824.0,4194741824.0
603117,万林物流,3.97,-1.244,4.02,4.03,4.07,3.97,5777300,23100684,0.96417,153.282,2.31,2378815035.7400002,2378815035.7400002
603118,共进股份,15.72,-3.558,16.3,16.87,16.99,15.7,56727787,911324275,7.20557,157.2,2.43,12375985102.32,12375985102.32
603119,浙江荣泰,52.6,0.651,52.26,52.11,54.33,51.6,8588338,455352866,1.81625,68.312,11.852,24872434316.8,24872434316.8
603120,肯特催化,56.05,-2.944,57.75,58.26,59.02,56.0,2228819,127449521,5.88079,56.616,4.175,5066920000.0,2124295000.0
603121,华培动力,12.29,-2.305,12.58,12.61,12.7,12.27,4498021,55834009,1.32868,-94.538,3.796,4160579357.35,4160579357.35
603122,合富中国,13.86,-1.141,14.02,14.18,14.5,13.83,40882099,574078875,10.27053,-173.25,5.316,5517009493.38,5517009493.38
603123,翠微股份,9.49,2.928,9.22,9.24,9.55,9.15,26140805,244567055,4.00763,-14.828,4.775,7580010950.85,6190098756.01
603124,江南新材,119.85,-0.291,120.2,121.0,126.26,119.19,4794729,586292153,6.17807,74.906,8.992,17467562100.15,9301415878.5
603125,常青科技,20.94,0.818,20.77,21.1,21.39,20.79,3740698,78874407,0.924,53.692,3.295,8477273692.5,8477273692.5
603126,中材节能,6.31,0.159,6.3,6.28,6.38,6.27,4252608,26878036,0.69658,280.444,1.894,3852255000.0,3852255000.0
603127,昭衍新药,49.3,9.996,44.82,44.7,49.3,44.24,55401802,2647331801,8.82592,123.25,4.116,36942867246.0,30946434000.2
603128,华贸物流,5.37,0.562,5.34,5.34,5.38,5.3,7350903,39359556,0.56155,14.514,1.093,7029579672.78,7029579672.78
603129,春风动力,287.06,1.077,284.0,283.39,289.36,279.98,984500,281536382,0.64144,26.12,5.503,44058761946.78,44058761946.78
603130,云中马,39.63,2.509,38.66,39.01,40.47,38.55,1772747,70010083,1.28914,52.145,3.814,5449687746.0,5449687746.0
603131,上海沪工,13.57,-0.877,13.69,13.75,13.84,13.51,3385692,46184142,1.00493,-226.167,2.777,4571830975.4,4571830975.4
603132,金徽股份,18.33,-0.489,18.42,18.33,18.62,18.18,6320725,116011988,0.64629,33.327,5.287,17926740000.0,17926740000.0
603135,中重科技,8.53,-0.698,8.59,8.65,8.79,8.51,4398140,37735412,0.69863,-213.25,1.815,5410212892.4,5369959822.400001
603136,天目湖,9.04,-0.55,9.09,9.09,9.13,8.99,4938800,44682392,1.82833,25.829,1.804,2441945458.4,2441945458.4
603137,恒尚节能,17.78,-1.112,17.98,18.05,18.56,17.72,5076900,91298165,2.77527,-92.846,2.732,3252554678.5199995,3252554678.5199995
603138,海量数据,13.82,-8.477,15.1,14.95,15.03,13.59,20828499,295398675,7.22352,-81.294,5.322,4057700012.2,3984898187.0
603139,康惠股份,34.18,-2.175,34.94,35.23,35.31,34.05,1237800,42719499,1.23929,-10.234,6.801,3638618228.0,3413898400.0000005
603150,万朗磁塑,66.4,-3.052,68.49,68.2,69.97,66.09,2164400,146362577,2.53197,49.925,3.265,5676071200.0,5676071200.0
603151,邦基科技,17.72,-2.315,18.14,18.13,18.48,17.72,2997919,54034637,1.75028,27.099,2.253,3035113496.0,3035113496.0
603153,上海建科,13.68,1.484,13.48,13.5,13.7,13.36,2175000,29527349,0.53866,15.033,1.477,5606899930.08,5523712711.92
603155,新亚强,14.46,-2.165,14.78,14.79,15.07,14.41,8911591,130908968,1.94623,55.615,2.949,6621101835.6,6621101835.6
603156,养元饮品,43.63,-0.728,43.95,43.95,44.75,43.41,6795982,297676810,0.53924,43.643,6.265,54985910204.579994,54985910204.579994
603158,腾龙股份,10.22,-0.68,10.29,10.5,10.5,10.19,7777200,80050429,1.58469,92.909,2.195,5015670912.559999,5015670912.559999
603159,上海亚虹,22.38,-2.356,22.92,23.15,23.27,22.3,2455420,55445596,1.75387,-559.5,6.31,3133200000.0,3133200000.0
603160,汇顶科技,53.19,-1.609,54.06,54.5,55.2,53.18,3353808,180279926,0.71973,29.225,2.663,24785622738.45,24785622738.45
603161,科华控股,14.38,-0.828,14.5,14.64,14.69,14.35,1506200,21837413,0.78361,28.196,2.182,3223440256.14,2764013348.54
603162,海通发展,13.04,2.516,12.72,12.75,13.16,12.57,26135070,339074144,1.92468,25.569,3.68,17931412036.4,17706934473.92
603163,圣晖集成,73.92,-2.557,75.86,76.51,76.94,73.27,1688336,126188742,1.68834,47.69,6.322,7392000000.0,7392000000.0
603165,荣晟环保,13.34,0.984,13.21,13.27,13.53,13.21,3252956,43486730,1.04019,15.512,1.695,4171796562.52,4171796562.52
603166,福达股份,10.61,-0.748,10.69,10.73,10.9,10.59,4890178,52407689,0.76324,21.22,2.504,6850353407.110001,6797993057.11
603167,渤海轮渡,7.99,0.125,7.98,8.0,8.0,7.95,1691300,13505800,0.36051,14.268,1.132,3748464578.9700003,3748464578.9700003
603168,莎普爱思,6.04,0.0,6.04,6.05,6.09,5.97,5821519,35101972,1.56277,-9.438,1.641,2249984590.2000003,2249984590.2000003
603169,兰石重装,5.93,1.022,5.87,5.9,5.96,5.85,6606949,39010870,0.50578,-12.996,3.1,7746310362.139999,7746310362.139999
603170,宝立食品,13.68,1.109,13.53,13.74,13.89,13.35,12071687,164458535,3.01785,20.727,3.671,5472136800.000001,5472136800.000001
603171,税友股份,38.97,-2.282,39.88,39.99,40.11,38.9,2782002,109106578,0.68541,114.618,6.184,15817533300.0,15817533300.0
603172,万丰股份,19.98,0.858,19.81,19.89,21.18,19.55,4649000,93713486,3.48553,55.5,2.376,2664932400.0,2664932400.0
603173,福斯达,29.9,3.892,28.78,29.09,30.15,28.72,1301803,38700806,0.81363,11.241,2.394,4784000000.0,4784000000.0
603175,超颖电子,104.45,-4.786,109.7,112.09,112.09,104.12,1811323,192425704,3.98318,177.034,18.077,45647712578.450005,4749784368.0
603176,汇通集团,5.24,-0.758,5.28,5.3,5.3,5.17,2409705,12586293,0.52179,65.5,2.347,2469149334.2,2419921106.2
603177,德创环保,11.01,0.182,10.99,11.02,11.1,10.87,2667300,29309516,1.30627,-73.4,7.496,2248153920.0,2248153920.0
603178,圣龙股份,16.12,-1.827,16.42,16.43,16.55,15.91,8021282,130161501,3.39293,-18.112,3.362,3810959521.7200003,3810959521.7200003
603179,新泉股份,40.48,0.646,40.22,40.3,41.88,39.86,15593413,639455329,2.18334,24.386,3.914,29759222152.0,28910761352.0
603180,金牌家居,15.89,0.379,15.83,15.9,16.02,15.74,1037700,16504212,0.67271,113.5,0.96,2451145954.6,2451145954.6
603181,皇马科技,12.27,0.656,12.19,12.18,12.47,12.18,2758870,33997583,0.46864,16.145,1.999,7223349000.0,7223349000.0
603182,嘉华股份,13.69,0.367,13.64,13.74,13.77,13.56,1477100,20195067,0.89766,23.603,1.996,2252689500.0,2252689500.0
603183,建研院,5.19,0.0,5.19,0.0,0.0,0.0,0,0,0.0,519.0,1.618,2580225372.69,2580225372.69
603185,弘元绿能,15.15,10.022,13.77,13.97,15.15,13.73,16812528,245142444,2.47599,54.891,0.916,10348613550.3,10287186360.300001
603186,华正新材,212.66,0.311,212.0,211.99,219.77,205.06,15657999,3353032446,9.98657,109.056,13.535,33343071557.88,33343071557.88
603187,海容冷链,10.7,0.659,10.63,10.63,10.71,10.61,1853837,19782657,0.48484,10.49,0.974,4134453688.7000003,4091272233.7000003
603188,亚邦股份,5.4,9.98,4.91,4.86,5.4,4.75,32865800,171759296,5.76421,-55.385,4.392,3078918000.0,3078918000.0
603189,*ST网达,9.27,-1.383,9.4,9.4,9.48,9.27,1325903,12374178,0.4919,463.5,1.743,2498713195.23,2498713195.23
603190,亚通精工,16.29,-0.549,16.38,16.36,16.57,16.21,1059300,17353319,0.63054,17.707,1.266,2840259240.0,2736720000.0
603191,望变电气,13.12,0.0,13.12,13.18,13.25,13.05,3334100,43788138,1.01044,62.476,1.839,4584886545.92,4329136063.679999
603192,汇得科技,19.93,0.403,19.85,19.97,20.64,19.88,1921686,38767976,1.16278,34.362,1.526,3330511288.43,3293764892.54
603193,润本股份,20.25,1.25,20.0,20.01,20.49,20.01,1830100,36948823,1.77101,25.962,3.5,8193014608.5,2092560358.4999998
603194,中力股份,33.03,0.793,32.77,32.86,33.15,32.71,536190,17659322,0.3393,15.435,2.367,13245030000.0,5219628936.39
603195,公牛集团,38.71,1.654,38.08,38.09,38.82,37.93,2701404,103998063,0.15006,17.128,4.595,69811395008.39,69684323472.05
603196,璞源材料,17.82,-0.112,17.84,17.94,18.03,17.76,753610,13464847,0.31799,234.783,3.677,7461010180.799999,4223131185.24
603197,保隆科技,29.1,0.553,28.94,28.93,29.59,28.92,1663176,48578839,0.78767,29.1,1.879,6228145745.700001,6144526895.700001
603198,迎驾贡酒,38.72,3.391,37.45,37.7,39.92,37.39,5473984,212993412,0.68425,15.613,2.923,30976000000.0,30976000000.0
603199,九华旅游,31.97,-0.156,32.02,32.14,32.26,31.85,772601,24754461,0.69805,16.651,2.058,3538439600.0,3538439600.0
603200,上海洗霸,44.74,10.007,40.67,41.48,44.74,41.48,24345291,1063767254,13.87353,87.264,7.23,7850979808.219999,7850979808.219999
603201,常润股份,15.26,0.197,15.23,15.33,15.56,15.19,1989907,30502486,1.05647,13.386,1.629,2899090557.72,2874293362.92
603202,天有为,51.3,0.509,51.04,51.03,51.88,50.8,799568,40971717,1.59233,8.156,1.207,8208000000.0,2575956243.6
603203,快克智能,41.74,-2.704,42.9,43.48,44.04,41.61,4885340,207655489,1.49749,75.891,9.386,13774686396.220001,13617050945.26
603205,健尔康,21.74,0.882,21.55,21.61,21.85,21.44,917084,19889059,2.21839,30.435,2.249,3391440000.0,898731600.0
603206,嘉环科技,13.54,-1.884,13.8,13.88,13.88,13.53,1997304,27198867,0.65442,79.647,1.813,4132407837.52,4132407837.52
603207,小方制药,24.46,1.326,24.14,24.12,24.75,24.12,2825620,69315840,5.17485,18.961,3.461,3957225926.52,1335588059.16
603208,江山欧派,11.5,0.612,11.43,11.49,11.76,11.2,2250400,25734451,1.27951,-10.36,2.112,2022612490.5000002,2022612490.5000002
603209,兴通股份,14.8,2.139,14.49,14.52,14.92,14.51,5654720,83707939,1.7589,16.818,1.402,4810000000.0,4758075635.599999
603210,泰鸿万立,13.23,-1.121,13.38,13.39,13.46,13.23,2017057,26843242,0.86689,20.559,2.31,4503492000.0,3078323325.0
603211,晋拓股份,18.71,-1.526,19.0,19.1,19.25,18.7,2832141,53697609,1.04196,74.84,4.039,5085527680.0,5085527680.0
603212,赛伍技术,11.46,-1.715,11.66,11.8,11.82,11.45,5765503,66596008,1.31786,-18.787,2.09,5013642688.559999,5013642688.559999
603213,镇洋发展,13.87,0.873,13.75,13.78,13.9,13.73,1696713,23448659,0.38137,81.588,3.415,6170674717.45,6170674717.45
603214,爱婴室,13.86,0.072,13.85,13.89,13.95,13.67,3090703,42764728,2.23091,23.571,1.617,1920164898.96,1920164898.96
603215,比依股份,15.63,2.358,15.27,15.23,15.79,15.01,2825101,43957753,1.50891,35.523,1.8,3354121069.14,2926379579.4
603216,梦天家居,21.38,-1.475,21.7,21.73,22.11,21.38,4246101,92190448,1.90673,73.724,2.664,4761112200.0,4761112200.0
603217,元利科技,27.07,2.305,26.46,26.7,27.6,26.7,2817146,76649070,1.35383,29.108,1.61,5632931332.0,5632931332.0
603218,日月股份,9.56,0.632,9.5,9.43,9.67,9.39,11904638,113406003,1.15698,17.382,0.936,9845332540.0,9836632940.0
603219,富佳股份,12.6,-1.793,12.83,12.85,12.95,12.45,3380200,42824106,0.6021,66.316,4.418,7073640000.0,7073640000.0
603220,中贝通信,16.71,-2.109,17.07,17.18,17.23,16.63,12346306,207327064,2.30188,89.168,2.354,8962545638.970001,8962545638.970001
603221,爱丽家居,25.1,-1.298,25.43,25.8,25.95,24.19,12194037,306606980,5.03324,358.571,3.931,6080977000.0,6080977000.0
603222,济民健康,8.07,1.894,7.92,8.05,8.24,7.95,21144300,171448529,4.02679,-17.17,3.894,4237481263.0499997,4237481263.0499997
603223,XD恒通股,9.39,0.0,9.39,9.41,9.49,9.33,4421314,41530431,0.62641,22.357,1.605,6627670392.2699995,6627670392.2699995
603225,新凤鸣,16.72,0.42,16.65,16.73,16.87,16.51,7318761,122680082,0.43863,24.232,1.288,28047461921.600002,27898083769.6
603226,菲林格尔,28.26,-4.106,29.47,30.06,30.12,28.14,4536444,130367242,1.2761,-128.455,12.121,10046197420.2,10046197420.2
603227,雪峰科技,7.42,0.952,7.35,7.36,7.44,7.34,4073610,30164870,0.38011,15.787,1.508,7951959752.38,7951959752.38
603228,景旺电子,101.21,0.676,100.53,102.0,106.2,100.91,23281970,2399230738,2.37075,77.854,8.251,108835018693.9,99393201758.62
603229,奥翔药业,8.26,1.474,8.14,8.13,8.43,8.13,8004228,66584486,0.96402,51.625,2.871,6858254417.700001,6858254417.700001
603230,内蒙新华,14.01,-8.491,15.31,15.5,16.28,13.8,60120640,912497116,17.00615,28.592,1.808,4952857230.0,4952857230.0
603231,索宝蛋白,17.26,-0.231,17.3,17.31,17.45,17.13,3134483,54149756,2.94966,17.434,1.649,3304584152.2999997,1834150849.32
603232,格尔软件,16.13,-3.355,16.69,16.69,16.76,16.08,13877556,225709076,5.99981,-44.806,2.958,3750960447.35,3730868919.3500004
603233,大参林,18.2,2.075,17.83,17.98,18.29,17.88,5921736,107588834,0.51997,16.852,2.748,20727152264.0,20727152264.0
603235,天新药业,25.96,3.262,25.14,25.3,26.16,25.07,1309133,33705151,0.29904,19.23,2.275,11364768799.999998,11364768799.999998
603236,移远通信,71.35,1.494,70.3,70.88,73.2,69.63,11388223,814670606,2.80937,22.297,3.928,28922804023.3,28922804023.3
603237,五芳斋,15.2,0.33,15.15,15.25,15.41,15.1,1358384,20671443,0.71567,24.127,1.665,2979378235.2,2885065275.2
603238,诺邦股份,12.86,1.18,12.71,12.85,13.18,12.79,3641685,47113564,2.05155,19.485,1.559,2282765740.0,2282765740.0
603239,浙江仙通,13.75,0.292,13.71,13.79,13.96,13.62,1969502,27152097,0.72751,16.768,2.804,3722400000.0,3722400000.0
603248,锡华科技,20.43,-4.13,21.31,21.15,21.86,20.1,17602216,365479429,24.61678,36.482,4.1,9397800000.0,1460846148.9299998
603255,鼎际得,30.88,0.195,30.82,30.82,31.95,30.38,1198807,37196007,1.97578,386.0,2.565,4138820676.96,1873651658.24
603256,宏和科技,130.7,-6.005,139.05,140.7,140.8,130.0,14935650,1989710898,1.6511,568.261,40.087,118229448361.5,118229448361.5
603257,中国瑞林,64.2,-0.311,64.4,64.98,65.0,64.12,695300,44829178,2.79237,43.673,3.019,7704000000.0,1598580000.0
603258,电魂网络,14.03,-1.128,14.19,14.17,14.38,13.93,4423299,62325921,1.8328,-15.764,1.786,3405989442.5,3386019140.5
603259,药明康德,167.34,4.158,160.66,160.01,169.2,159.4,44950902,7441616091,1.81746,24.976,6.094,507860846404.44,413878716365.64
603260,合盛硅业,31.55,1.741,31.01,31.2,31.78,30.87,5620951,176452620,0.47546,-12.373,1.256,37298628988.549995,37298628988.549995
603261,立航科技,47.33,-4.345,49.48,50.0,50.4,47.0,2441700,117645583,3.15038,-17.727,7.489,3668312691.26,3668312691.26
603262,技源集团,17.06,-0.409,17.13,17.19,17.33,17.03,2076300,35634264,1.98979,47.389,4.316,6824170600.000001,1780172973.26
603266,天龙股份,19.57,1.452,19.29,18.98,19.95,18.78,9424300,183051778,4.73853,36.925,2.388,3892213697.5,3892213697.5
603267,鸿远电子,46.15,-2.245,47.21,47.55,47.6,46.08,3951800,184147057,1.71014,42.731,2.327,10664383165.800001,10664383165.800001
603268,松发股份,213.66,-0.168,214.02,213.0,216.59,210.02,3855373,822367164,1.65289,72.182,16.666,217659061614.06,49836150558.72
603269,海鸥股份,23.16,-1.195,23.44,23.72,23.77,22.9,13197104,306451462,3.05527,60.947,9.895,10003857548.4,10003857548.4
603270,金帝股份,31.15,-2.259,31.87,31.87,32.48,30.95,4715747,149000334,4.54676,46.493,2.983,6825172677.05,3230774177.05
603271,永杰新材,38.42,0.444,38.25,38.32,38.49,38.08,630000,24148357,0.66613,17.076,2.245,7612346700.0,3633609766.32
603272,*ST联翔,15.0,-4.641,15.73,15.82,15.87,14.85,2439800,37177210,2.35441,-125.0,2.917,1554405000.0,1554405000.0
603273,天元智能,14.52,-1.224,14.7,14.76,14.82,14.5,1136901,16598764,2.02807,121.0,3.506,3128092968.0,813967968.0
603275,众辰科技,36.67,-0.892,37.0,37.26,37.26,36.57,680800,25049501,1.51554,30.306,1.784,5451173386.17,1647259633.93
603276,恒兴新材,17.5,-0.455,17.58,17.75,17.84,17.41,1797100,31623126,2.35592,60.345,2.029,3633866197.5,1334905267.5
603277,银都股份,11.31,0.982,11.2,11.21,11.34,11.15,1157694,13026385,0.18986,14.138,2.525,6918484944.15,6896227542.75
603278,大业股份,10.27,-2.746,10.56,10.13,11.3,10.13,65805741,696010842,19.25499,-256.75,1.85,3509868955.8399997,3509868955.8399997
603279,景津装备,10.94,2.148,10.71,10.75,10.98,10.72,5336314,57931948,0.92584,12.022,1.383,6305520620.0,6305520620.0
603280,南方路机,27.51,1.14,27.2,27.3,27.8,27.17,1785601,49023934,1.64713,31.621,2.165,2982267409.17,2982267409.17
603281,江瀚新材,18.02,-0.552,18.12,18.2,18.43,17.97,1992695,36143892,0.38422,15.807,1.879,9345835730.66,9345835730.66
603282,亚光股份,17.08,-1.386,17.32,17.33,17.57,16.97,1073900,18431736,0.8025,23.722,1.737,2285645600.0,2285645600.0
603283,赛腾股份,41.82,-2.608,42.94,43.25,43.4,41.55,8377985,354141771,2.37656,23.897,4.213,14742647482.26,14742647482.26
603284,林平发展,40.49,-0.123,40.54,40.57,41.8,40.44,651338,26492044,3.4547,12.345,1.365,3053545251.9999995,763386312.9999999
603285,键邦股份,37.0,0.763,36.72,36.67,37.86,36.34,2495400,92583476,4.00566,43.529,3.444,5920000000.0,2304980860.0
603286,日盈电子,45.62,1.899,44.77,44.99,47.65,44.51,4726804,218500631,4.04401,-101.378,6.7,5382871271.02,5332258162.02
603288,海天味业,33.17,0.79,32.91,32.78,33.35,32.66,12207315,403388803,0.21956,26.967,4.959,193844599137.48,184419250761.48
603289,泰瑞机器,11.04,-2.817,11.36,11.47,11.53,11.0,9074865,102132393,3.09302,35.613,2.235,3239112528.96,3239112528.96
603290,斯达半导,81.21,-2.626,83.4,83.5,84.15,81.18,2738010,224606758,1.14335,48.053,2.827,19447640173.86,19447640173.86
603291,XD联合水,8.53,-0.814,8.6,8.65,8.72,8.52,1675300,14404150,0.39585,35.616,2.057,3610071752.12,3610071752.12
603293,埃泰克,35.17,-1.236,35.61,35.66,35.76,34.81,1064844,37460270,3.03405,0.0,2.138,6298618441.86,1234344291.8700001
603296,华勤技术,74.49,-1.141,75.35,75.8,75.85,73.5,13692748,1018099632,1.7146,18.53,3.516,112912167853.68,59487419838.99
603297,永新光学,106.92,-0.438,107.39,107.88,110.0,106.11,615200,66298723,0.55559,54.0,5.765,11839155371.999998,11839155371.999998
603298,杭叉集团,21.87,-0.183,21.91,21.97,22.04,21.71,4157695,90907857,0.31743,13.096,2.349,28645589511.63,28645589511.63
603299,苏盐井神,8.69,0.812,8.62,8.62,8.73,8.61,1863566,16179217,0.19732,13.009,1.032,8296863861.22,8207012737.219999
603300,海南华铁,4.51,-0.442,4.53,4.55,4.56,4.49,18191908,82333180,0.90996,17.346,1.321,9016338858.67,9016338858.67
603301,振德医疗,75.17,-0.831,75.8,76.0,76.49,74.09,1391073,104419555,0.52717,75.929,3.494,19835575833.25,19835575833.25
603303,得邦照明,27.63,-1.638,28.09,28.27,28.7,27.62,2451600,68716312,0.51402,48.894,4.246,13177978607.25,13177978607.25
603305,旭升集团,11.2,0.81,11.11,11.2,11.34,11.1,13019020,146136109,1.1265,29.474,1.393,12943935827.2,12943935827.2
603306,华懋科技,71.36,-0.71,71.87,72.38,73.85,71.0,5996198,432327618,1.81981,113.631,6.612,23512812937.920002,23512812937.920002
603307,扬州金泉,25.49,-0.507,25.62,25.65,26.09,25.41,921466,23650700,0.9485,15.735,1.78,2499971259.5,2476353500.0
603308,应流股份,35.64,-3.126,36.79,36.98,37.03,35.58,16079911,580115940,2.20746,69.882,5.004,25961384944.440002,25961384944.440002
603309,维力医疗,11.18,0.721,11.1,11.11,11.22,11.07,2359695,26375414,0.80847,43.0,1.835,3263122453.2400002,3263122453.2400002
603310,巍华新材,14.54,0.207,14.51,14.58,14.64,14.48,685010,9960564,0.35308,29.673,1.246,5021243600.0,2820905400.0
603311,金海高科,25.62,-0.659,25.79,25.83,26.35,25.0,7367827,188914875,3.1235,77.636,4.596,6043345697.34,6043345697.34
603312,西典新能,32.9,0.0,32.9,33.2,33.66,32.71,830900,27567707,1.63179,20.309,2.91,5263983550.0,1675251550.0
603313,梦百合,6.21,0.0,6.21,6.3,6.31,6.06,10359179,63675954,1.81553,-310.5,1.042,3543344555.85,3543344555.85
603315,福鞍股份,10.47,-1.69,10.65,10.67,10.72,10.43,4279593,45128308,1.33584,67.461,1.94,3354234784.0800004,3354234784.0800004
603316,诚邦股份,15.2,-4.04,15.84,16.01,16.08,14.8,22882900,350016494,8.65911,-33.584,7.441,4103984800.0,4016812800.0000005
603317,天味食品,12.55,1.047,12.42,12.48,12.6,12.35,4816436,60167494,0.45349,23.301,3.134,13329067768.15,13329067768.15
603318,水发燃气,8.71,0.694,8.65,8.68,8.73,8.61,18078053,156838946,3.93797,-51.235,2.52,4831203728.780001,3998507748.04
603319,美湖股份,28.0,-1.408,28.4,28.62,28.76,27.9,8410600,237781786,2.47991,90.323,3.843,9496190984.0,9496190984.0
603320,迪贝电气,18.07,0.277,18.02,18.16,18.2,17.82,964600,17381672,0.64675,32.855,2.269,2695071888.21,2695071888.21
603321,梅轮电梯,7.21,0.98,7.14,7.15,7.26,7.11,6663600,47753600,1.93392,72.1,1.739,2509256421.49,2484309821.49
603322,超讯科技,27.7,-4.811,29.1,29.71,29.72,27.41,9443600,264092255,5.99263,-120.435,13.908,4365154249.2,4365154249.2
603323,苏农银行,4.49,1.354,4.43,4.43,4.51,4.42,32296134,144889877,1.45452,4.446,0.5,9969576158.69,9969576158.69
603324,盛剑科技,24.21,-3.044,24.97,25.34,25.34,24.05,2270400,55605068,1.55636,-201.75,2.235,3655306177.2,3531716548.2
603325,博隆技术,53.46,1.231,52.81,52.85,53.67,52.63,271700,14459313,0.79483,10.428,1.553,4277013840.0,1827433872.0
603326,我乐家居,7.68,0.655,7.63,7.65,7.71,7.59,2977400,22783716,0.93284,13.964,2.125,2451278822.4,2451278822.4
603327,福蓉科技,8.0,0.0,8.0,8.05,8.09,7.96,8258069,66173140,0.7899,67.397,3.467,8363674880.0,8363674880.0
603328,依顿电子,13.83,-4.224,14.44,15.0,15.2,13.48,84642324,1191006311,8.47744,29.678,3.274,13808461310.13,13808461310.13
603329,上海雅仕,10.25,-0.87,10.34,10.34,10.38,10.21,1426090,14666718,0.69099,56.944,1.672,2563024543.75,2115426293.2499998
603330,天洋新材,9.16,-1.927,9.34,9.53,9.54,9.12,18267500,169047152,4.222,-15.525,3.008,3963290624.84,3963290624.84
603331,百达精工,12.38,-0.081,12.39,12.44,12.55,12.3,2570700,31847701,1.27152,-11.054,2.189,2502934373.6800003,2502934373.6800003
603332,苏州龙杰,12.01,0.167,11.99,12.01,12.15,11.95,1974612,23805741,0.91271,33.361,1.99,2598329679.8399997,2598329679.8399997
603333,福华尚纬,8.88,0.339,8.85,8.85,8.91,8.77,5106902,45166675,0.82167,-111.0,3.219,6617033738.16,5519164963.68
603334,丰倍生物,31.8,0.952,31.5,31.45,32.46,31.45,1197600,38329335,3.76406,25.645,2.638,4563300000.0,1011771155.4
603335,迪生力,6.03,-2.585,6.19,6.15,6.23,6.02,6239500,37903961,1.45733,54.818,9.978,2581711938.0,2581711938.0
603336,宏辉果蔬,9.89,-0.101,9.9,10.0,10.07,9.8,11885269,118145385,1.95251,329.667,4.198,6020230366.05,6020230366.05
603337,杰克科技,35.07,-1.1,35.46,35.5,35.76,35.0,2302804,81023301,0.49307,19.592,3.091,16706930351.37,16378734770.37
603338,浙江鼎力,53.36,1.522,52.56,52.9,54.14,52.6,3214267,171931024,0.63479,14.229,2.294,27018722823.44,27018722823.44
603339,四方科技,12.2,0.247,12.17,12.22,12.28,12.14,3702152,45195716,1.1964,24.4,1.354,3775182334.9999995,3775182334.9999995
603341,龙旗科技,35.21,-0.593,35.42,35.58,35.79,35.16,6059842,214662603,2.26619,27.724,2.516,18386755095.24,9415236074.51
603344,星德胜,21.97,-1.7,22.35,22.38,22.72,21.92,1766180,39106761,3.26883,24.685,1.962,4273845630.6000004,1187060630.6
603345,安井食品,79.4,0.443,79.05,79.05,79.9,78.26,3973833,315307026,1.3549,18.045,1.671,26463141200.8,23287562020.800003
603348,文灿股份,14.6,0.829,14.48,14.57,14.78,14.42,2029000,29675628,0.6452,-13.153,1.2,4591367003.2,4591367003.2
603350,安乃达,28.27,-1.361,28.66,28.68,28.89,28.2,385200,10965381,0.87298,28.556,2.436,3292889600.0,1247399615.0
603351,威尔药业,27.46,0.919,27.21,27.28,27.8,27.1,1121401,30845357,0.82797,24.739,2.079,3719158564.7200003,3719158564.7200003
603352,至信股份,24.81,-0.121,24.84,25.08,25.08,24.76,594590,14803130,1.3116,18.515,1.899,5623600008.27,1124720016.54
603353,和顺石油,38.34,-5.45,40.55,40.55,40.78,37.98,6786201,264486700,3.98209,-319.5,3.96,6533826120.0,6533826120.0
603355,莱克电气,30.31,-0.362,30.42,30.42,30.52,29.56,2188387,65816811,0.38165,21.806,2.959,17379659493.420002,17379659493.420002
603356,华菱精工,16.51,-0.542,16.6,16.6,16.83,16.51,2225100,37057866,1.66874,-15.875,8.053,2201443400.0,2201443400.0
603357,设计总院,6.01,0.67,5.97,6.0,6.02,5.92,2295654,13733188,0.40954,9.106,0.867,3368864950.5299997,3368864950.5299997
603358,华达科技,44.4,3.16,43.04,43.08,45.28,42.52,5718322,249083922,1.23835,80.727,6.104,20856592574.4,20502616549.199997
603359,*ST东珠,2.03,-1.932,2.07,2.06,2.08,2.0,5801100,11786493,1.30042,-0.839,0.656,905574880.0,905574880.0
603360,百傲化学,12.26,0.574,12.19,12.2,12.5,12.16,5295912,65149530,0.74989,40.867,6.17,8658301998.039999,8658301998.039999
603363,傲农生物,2.81,1.079,2.78,2.79,2.81,2.77,16219141,45310834,0.75554,93.667,2.592,7674283731.06,6032183669.8
603365,水星家纺,16.03,0.754,15.91,15.88,16.11,15.82,1858299,29615747,0.71163,10.146,1.362,4207815689.0,4185973211.0
603366,日出东方,7.27,0.138,7.26,7.37,7.37,7.21,10611901,77194229,1.3052,33.845,1.367,5910859694.27,5910859694.27
603367,辰欣药业,14.53,2.18,14.22,14.2,14.65,14.19,8632219,125311190,1.9066,15.624,1.031,6578517494.37,6578517494.37
603368,柳药集团,15.18,0.998,15.03,15.09,15.21,15.05,3273368,49634183,0.82409,8.48,0.765,6029668368.900001,6029668368.900001
603369,今世缘,28.09,3.539,27.13,27.12,28.44,26.67,14090338,389842033,1.13012,13.451,2.042,35022613039.33,35022613039.33
603370,华新精科,27.53,0.658,27.35,27.35,27.97,27.22,1407293,38836384,1.66635,24.363,2.467,4816373500.0,2325010443.59
603373,安邦护卫,50.18,-6.729,53.8,52.83,54.35,50.0,5363391,280792522,8.43272,42.525,4.027,7553978524.299999,3191555937.18
603375,盛景微,43.8,-5.746,46.47,47.0,47.5,43.8,4059829,183989251,6.36527,438.0,2.865,4409200014.6,2793604690.2000003
603376,大明电子,26.39,0.38,26.29,26.3,26.76,26.13,1082506,28613953,3.38275,38.809,6.165,10556026390.0,844501112.0
603377,ST东时,3.06,-0.971,3.09,3.1,3.1,3.04,2579961,7898561,0.35692,-2.942,-26.586,2211864151.32,2211864151.32
603378,*ST亚士,4.91,4.691,4.69,4.71,4.92,4.67,8684076,41787186,2.02617,-1.525,-7.199,2104409512.22,2104409512.22
603379,三美股份,49.12,0.163,49.04,49.21,50.0,48.8,2710162,133713527,0.44394,14.447,3.535,29986730297.440002,29986730297.440002
603380,易德龙,32.4,-1.43,32.87,33.01,33.21,32.31,1540300,50271595,0.96004,23.478,3.274,5198294880.0,5198294880.0
603381,永臻股份,14.72,-0.473,14.79,14.8,14.93,14.65,1621290,23947932,1.14065,-15.828,1.05,3492413118.72,2092266737.9199998
603382,海阳科技,19.11,1.433,18.84,18.98,19.26,18.8,1603622,30483130,1.38859,26.542,1.929,3463713642.4800005,2206935281.46
603383,顶点软件,26.78,-0.186,26.83,26.94,27.02,26.71,1099044,29470652,0.53514,30.782,3.792,5499978894.02,5499978894.02
603385,惠达卫浴,5.73,-1.036,5.79,5.83,5.83,5.64,2892253,16574551,0.75979,-11.46,0.629,2181210266.64,2181210266.64
603386,骏亚科技,17.4,-5.691,18.45,18.33,18.5,17.35,12054500,213520155,3.69404,-870.0,4.299,5678012544.0,5678012544.0
603387,基蛋生物,10.01,2.039,9.81,9.81,10.1,9.75,10190729,102032763,2.0094,22.75,1.727,5076606705.17,5076606705.17
603389,亚振家居,44.57,2.272,43.58,44.0,45.05,43.7,1410722,62734295,0.5369,-197.125,58.846,11710856640.000002,11710856640.000002
603390,通达电气,11.08,-2.12,11.32,11.05,11.26,10.99,14138600,156543961,4.02724,46.167,2.293,3896104542.72,3889899565.44
603391,力聚热能,69.56,0.812,69.0,69.55,69.61,66.57,2922489,200810172,12.84611,28.048,2.928,6329960000.0,1582490000.0
603392,万泰生物,27.34,3.248,26.48,26.6,27.5,26.44,8986653,244802516,0.71075,-88.194,2.945,34568499261.36,34568499261.36
603393,新天然气,24.48,-0.163,24.52,24.39,24.68,24.32,3993400,97744203,0.94201,12.884,1.071,10377594084.96,10377594084.96
603395,红四方,24.94,1.3,24.62,24.69,25.28,24.62,6175949,154091287,9.50146,124.7,4.587,6484400000.0,1621100000.0
603396,金辰股份,33.5,-5.045,35.28,34.8,38.81,33.4,32649798,1171989593,23.56919,83.75,1.778,4640670513.0,4640670513.0
603398,*ST沐邦,8.38,0.721,8.32,8.28,8.54,8.28,3441600,28937542,0.79365,-4.434,-48.608,3633915971.12,3633915971.12
603399,永杉锂业,13.01,-1.14,13.16,13.29,13.29,12.9,18342780,239308572,3.58054,-20.015,3.929,6664901343.490001,6664901343.490001
603400,华之杰,53.0,-3.055,54.67,60.14,60.14,52.5,10636072,603957408,29.35702,37.324,5.786,6880993975.0,1920193975.0
603402,陕西旅游,58.85,-1.556,59.78,60.0,60.33,58.8,1305022,77254091,5.1924,9.124,2.064,5916386705.9,1479096705.8999999
603406,天富龙,27.36,-0.905,27.61,27.63,27.85,27.36,991337,27337386,1.68825,23.186,2.319,10944273600.000002,1606574521.44
603407,长裕集团,57.46,-0.743,57.89,58.0,59.58,56.5,2644728,153216621,7.36447,84.5,10.934,23436510773.260002,2063503060.32
603408,建霖家居,11.59,-0.086,11.6,11.61,11.72,11.48,1730500,20002761,0.38664,11.59,1.527,5187371070.0,5187371070.0
603409,汇通控股,17.85,1.305,17.62,17.67,18.27,17.61,2802580,50115169,5.20171,14.631,2.183,3351835390.05,961722514.2
603416,信捷电气,46.01,-0.368,46.18,46.4,46.8,45.68,992249,45922272,0.71105,27.387,2.685,7222454395.530001,6420516981.2
603418,友升股份,48.48,0.644,48.17,48.2,48.86,47.28,2803679,134679916,3.18424,15.489,2.029,9359958165.12,4268596224.96
603421,鼎信通讯,6.18,-3.135,6.38,6.4,6.42,6.14,16532532,102850368,2.53492,-6.306,1.751,4030537357.98,4030537357.98
603429,*ST集友,9.09,2.365,8.88,8.88,9.38,8.84,2579940,23399511,0.4919,-227.25,3.819,4767572876.849999,4767572876.849999
603435,嘉德利,43.05,-4.946,45.29,45.36,45.8,43.0,2275477,99890046,6.37611,0.0,8.973,19767162597.0,1536348683.1
603439,三力制药,13.18,-2.08,13.46,13.49,13.66,13.12,10006600,133851513,2.47786,119.818,3.627,5322614046.88,5322614046.88
603444,吉比特,339.69,1.11,335.96,336.06,341.4,336.06,731296,247826555,1.01511,13.642,4.04,24471641598.69,24471641598.69
603448,天博智能,59.3,-0.936,59.86,60.01,61.0,59.27,2795759,167318593,11.88833,15.205,3.722,7116000000.0,1394548434.1
603456,九洲药业,16.75,3.014,16.26,16.25,16.95,16.16,26634996,446545022,3.04211,20.427,1.648,14665377209.0,14665377209.0
603458,勘设股份,10.42,-4.404,10.9,11.0,11.05,10.4,10883052,115125389,3.55511,-8.27,1.295,3189817435.88,3189817435.88
603459,红板科技,78.3,-6.362,83.62,83.83,84.18,77.5,7855200,629425961,9.93677,94.337,13.144,59018905940.4,6189760481.4
603466,风语筑,11.88,0.849,11.78,11.88,12.14,11.66,31667526,376358501,5.32381,-396.0,3.334,7066562484.96,7066562484.96
603468,津富士达,21.98,-3.129,22.69,22.5,22.81,21.96,3675219,81701953,9.19067,21.34,2.751,9060632966.0,878948856.52
603477,巨星农牧,14.38,0.559,14.3,14.31,14.52,14.19,7923843,113715899,1.55348,239.667,3.023,7520446993.12,7334818290.940001
603486,科沃斯,49.89,1.361,49.22,49.26,50.29,49.02,3245666,161314097,0.56485,16.094,2.872,28905294791.370003,28667332013.76
603488,展鹏科技,7.7,-1.155,7.79,7.79,7.87,7.66,3737903,28899279,1.28015,-13.276,2.954,2248326388.0,2248326388.0
603489,八方股份,28.48,-1.759,28.99,28.94,29.4,28.41,1680931,48343636,0.71645,64.727,2.39,6681920041.92,6681920041.92
603496,恒为科技,21.97,0.0,21.97,22.08,22.33,21.94,3285997,72584291,1.0262,201.375,5.009,7034997068.71,7034997068.71
603499,翔港科技,12.6,-0.943,12.72,12.83,12.88,12.54,2218611,28160846,0.52371,33.158,5.599,5337765039.6,5337765039.6
603500,祥和实业,10.05,-3.736,10.44,10.43,10.8,10.02,21478857,219137011,6.45431,25.125,3.21,3344471622.3,3344471622.3
603501,豪威集团,82.21,2.302,80.36,80.9,82.74,80.46,12892957,1058742152,1.06813,24.395,3.184,103403587144.65,99232161313.65
603505,金石资源,13.98,-0.71,14.08,14.06,14.15,13.86,6927625,96808171,0.82308,35.846,6.246,11766530005.74,11766530005.74
603506,南都物业,12.25,-0.325,12.29,12.1,12.49,11.86,5788525,70221877,3.08265,22.685,1.816,2300277792.75,2300277792.75
603507,振江股份,27.71,0.399,27.6,27.55,28.28,27.51,12068420,335807615,5.10716,45.426,2.538,6620860973.74,6547979240.14
603508,思维列控,20.59,0.586,20.47,20.52,20.62,20.45,1138605,23380373,0.29863,14.103,1.905,7850439422.43,7850439422.43
603511,爱慕股份,13.0,0.0,13.0,13.0,13.15,12.87,1429300,18601009,0.35565,34.211,1.209,5276366056.0,5224535056.0
603515,XD欧普照,14.87,2.41,14.52,14.68,14.98,14.58,1716704,25406928,0.23269,11.802,1.662,11037699867.630001,10970350663.630001
603516,淳中科技,77.46,-0.168,77.59,78.29,78.78,76.79,3025559,234408689,1.48846,56.13,8.683,15745160891.34,15745160891.34
603517,ST绝味,11.43,1.15,11.3,11.27,11.45,11.24,4418000,50128103,0.72904,-36.871,1.141,6926602128.48,6926602128.48
603518,锦泓集团,7.79,-0.638,7.84,7.85,7.87,7.77,4253300,33214616,1.23616,11.803,0.704,2680336335.3599997,2680336335.3599997
603519,立霸股份,17.02,2.778,16.56,16.64,17.05,16.3,6765610,112389636,2.54033,28.847,4.266,4532899819.780001,4532899819.780001
603520,司太立,8.75,4.291,8.39,8.4,8.87,8.4,12327853,106509535,2.81195,437.5,1.548,3836086458.75,3836086458.75
603527,众源新材,9.72,-1.22,9.84,9.84,9.91,9.7,4316320,42237096,1.36174,48.6,1.458,3080960064.0,3080960064.0
603528,多伦科技,6.33,-2.315,6.48,6.49,6.51,6.33,7343800,46917677,1.0403,-143.864,2.398,4468537729.23,4468537729.23
603529,爱玛科技,22.23,1.972,21.8,21.8,22.55,21.69,10564550,234424331,1.24177,9.419,1.961,19212241576.32,18912533003.91
603530,神马电力,41.22,0.782,40.9,40.99,41.75,40.35,2728068,112459664,0.6382,40.412,9.796,17782488419.94,17620097984.28
603533,掌阅科技,23.88,0.973,23.65,23.9,24.48,23.41,43921420,1052546318,10.00723,-59.7,4.604,10480856419.8,10480856419.8
603535,嘉诚国际,6.12,-0.326,6.14,6.17,6.17,6.09,2078979,12742374,0.40691,76.5,1.261,3126820185.72,3126820185.72
603536,惠发食品,10.19,1.697,10.02,10.05,10.63,10.05,5333558,54457548,2.2174,-36.393,6.932,2451023729.4,2451023729.4
603538,美诺华,28.59,10.004,25.99,26.51,28.59,25.99,47551922,1324164480,14.11372,59.563,3.314,9718546894.92,9632541399.09
603551,奥普科技,9.4,0.535,9.35,9.42,9.42,9.36,1272100,11954511,0.33369,12.051,2.821,3616026310.0,3583537024.2
603556,海兴电力,22.45,0.763,22.28,22.31,22.58,22.31,1748164,39226334,0.35951,14.868,1.603,10916630616.5,10916630616.5
603557,*ST起步,3.05,0.66,3.03,3.02,3.06,2.99,3934600,11910328,0.63111,-13.764,44.787,1901482508.3999999,1901482508.3999999
603558,健盛集团,12.88,-1.679,13.1,13.07,13.24,12.87,2903250,37825814,0.84732,11.5,1.971,4413178071.12,4413178071.12
603559,中通国脉,8.57,-2.724,8.81,8.89,8.89,8.55,6383000,55277083,1.59067,-20.902,4.375,3438943710.03,3438943710.03
603565,中谷物流,11.59,1.667,11.4,11.42,11.68,11.33,13681953,158587577,0.6515,12.2,2.214,24339731363.769997,24339731363.769997
603566,普莱柯,10.24,0.196,10.22,10.25,10.29,10.2,2068503,21213529,0.59773,18.963,1.392,3543677675.52,3543677675.52
603567,珍宝岛,5.26,1.154,5.2,5.2,5.3,5.16,16125078,84658203,1.71652,-3.618,0.823,4945637609.62,4941261315.92
603568,伟明环保,13.42,1.513,13.22,13.25,13.45,13.24,3814453,50927688,0.18621,10.244,1.883,27490298549.56,27490298549.56
603569,长久物流,5.86,0.171,5.85,5.88,5.9,5.82,1676912,9819813,0.27786,-41.857,1.448,3536552490.86,3536552490.86
603577,汇金通,9.7,0.207,9.68,9.72,9.79,9.66,2644205,25688355,0.77968,31.929,1.664,3289649270.0000005,3289649270.0000005
603578,三星新材,14.35,-0.209,14.38,14.5,14.69,14.1,3551702,50887675,1.96926,-15.266,2.43,3358769093.4,2588123409.2
603579,荣泰健康,17.8,-0.28,17.85,17.85,18.21,17.77,1767600,31653547,0.87917,21.446,1.297,3578732079.2000003,3578732079.2000003
603580,艾艾精工,72.95,-3.377,75.5,76.64,76.64,72.07,5604300,410566266,4.28879,217.437,21.304,9532609940.0,9532609940.0
603583,捷昌驱动,27.65,-0.967,27.92,27.98,28.2,27.6,2879798,80125476,0.75133,26.587,2.254,10687332055.75,10598069560.750002
603585,苏利股份,10.53,-0.284,10.56,10.54,10.69,10.48,2503004,26449577,0.92431,9.934,1.041,2899496689.83,2851481995.83
603586,金麒麟,13.85,-1.071,14.0,14.08,14.1,13.84,1256200,17503014,0.64075,19.786,1.208,2715331003.0,2715331003.0
603587,地素时尚,12.43,1.718,12.22,12.17,12.45,12.17,2791879,34570762,0.59062,22.196,1.608,5875695642.41,5875695642.41
603588,高能环境,16.54,1.785,16.25,16.5,16.88,16.28,47438059,786078215,3.1143,29.996,2.417,25194297918.78,25194297918.78
603589,口子窖,17.78,2.775,17.3,17.37,17.94,17.33,7537969,133108015,1.26028,15.735,1.016,10634564212.160002,10634564212.160002
603590,康辰药业,32.11,10.003,29.19,29.16,32.11,29.05,6131901,193482072,3.85661,30.581,1.626,5178876666.47,5105396142.47
603595,ST东尼,31.02,-1.524,31.5,31.51,32.17,30.98,1534796,48401779,0.66029,-114.889,4.274,7210360952.52,7210360952.52
603596,伯特利,28.14,1.15,27.82,27.85,28.61,27.76,9185764,259341984,1.02332,13.028,3.069,25259641039.920002,25259641039.920002
603598,引力传媒,18.78,-1.83,19.13,19.1,19.33,18.68,30775550,582090682,11.39171,313.0,21.932,5073555972.0,5073555972.0
603599,广信股份,10.3,1.779,10.12,10.12,10.35,10.1,6036156,61906040,0.66312,14.306,0.918,9375774253.5,9375774253.5
603600,永艺股份,10.08,-1.754,10.26,10.26,10.31,10.05,4673300,47352991,1.4143,14.4,1.453,3330766353.6000004,3330766353.6000004
603601,再升科技,9.5,-2.664,9.76,9.79,9.95,9.42,75477345,728420679,6.60725,173.358,3.982,10852239224.5,10852239224.5
603602,纵横通信,12.37,-2.675,12.71,12.74,13.2,12.27,20065849,251879027,8.68435,-16.945,3.133,2858181200.78,2858181200.78
603605,珀莱雅,54.7,1.334,53.98,54.0,54.89,53.78,3586795,195002333,0.90581,14.357,3.253,21659892670.0,21659892670.0
603606,东方电缆,36.53,3.397,35.33,35.36,36.67,35.22,20471254,744132803,2.48194,19.746,3.563,30130254066.64,30130254066.64
603607,京华激光,23.15,0.086,23.13,23.5,23.6,22.82,3564696,82149001,1.99684,39.237,4.124,4132663920.0,4132663920.0
603608,天创时尚,19.22,-1.638,19.54,19.71,19.76,19.07,5798300,112159162,1.36421,480.5,6.881,8169070526.48,8169070526.48
603609,禾丰股份,6.34,1.278,6.26,6.3,6.37,6.26,2324650,14705573,0.25715,105.667,0.902,5731466087.22,5731466087.22
603610,麒盛科技,13.07,-0.835,13.18,13.3,13.69,12.89,7255401,96351958,2.0554,45.069,1.517,4613600486.47,4613600486.47
603611,诺力股份,15.47,0.389,15.41,15.51,15.59,15.4,975205,15106837,0.37857,9.263,1.287,3985084236.77,3985084236.77
603612,索通发展,16.08,1.901,15.78,15.85,16.21,15.76,6699143,107165483,1.34493,10.649,1.324,8009519700.72,8009519700.72
603613,国联股份,18.78,-0.477,18.87,18.88,19.12,18.71,8414031,158754610,1.16774,10.262,1.383,13531700128.14,13531700128.14
603615,茶花股份,18.46,0.0,18.46,18.65,18.81,18.3,2093000,38677412,0.86552,710.0,3.889,4463997200.0,4463997200.0
603616,韩建河山,5.65,-0.528,5.68,5.79,5.89,5.6,13031300,74148983,3.36667,-214.015,10.693,2187781700.0,2186934200.0
603617,君禾股份,6.74,-1.606,6.85,6.9,6.9,6.73,3927487,26688853,1.01557,51.846,1.676,2627328411.38,2606535511.38
603618,杭电股份,32.75,-2.79,33.69,34.3,34.49,32.64,36418893,1209710252,5.2676,-76.163,7.55,22642551423.999996,22642551423.999996
603619,中曼石油,20.73,-0.145,20.76,20.94,20.94,20.58,10993133,228651856,2.37772,18.676,2.195,9584276296.53,9584276296.53
603626,科森科技,24.22,1.297,23.91,24.0,25.45,23.91,57866914,1420971165,10.42873,-38.28,6.228,13439186091.8,13439186091.8
603628,清源股份,10.2,-1.163,10.32,10.36,10.51,10.11,3829600,39285814,1.40704,48.571,2.113,2780919054.6,2776171464.6000004
603629,利通电子,95.96,-2.241,98.16,99.19,99.68,95.5,11999562,1163311143,3.32653,85.679,13.354,35191218880.0,34615017464.0
603630,拉芳家化,15.35,-1.413,15.57,15.4,15.97,15.22,16569359,257026522,7.35747,-109.643,1.816,3456890303.0,3456890303.0
603633,徕木股份,6.22,-2.047,6.35,6.44,6.45,6.19,6753750,42351426,1.58238,-17.771,1.547,2654763287.96,2654763287.96
603636,南威软件,7.67,-2.541,7.87,8.08,8.2,7.65,63809608,498264315,10.99482,-9.961,2.573,4451365211.41,4451365211.41
603637,镇海股份,13.87,1.315,13.69,13.81,14.08,13.54,5039124,69699130,2.11119,49.536,3.175,3310573113.99,3310573113.99
603638,艾迪精密,19.82,0.865,19.65,19.7,20.08,19.41,14005233,276832982,1.59025,42.17,3.831,17455356051.18,17455356051.18
603639,海利尔,10.49,1.255,10.36,10.36,10.65,10.36,1508669,15856520,0.44389,19.426,1.028,3667809995.64,3565323744.64
603648,畅联股份,9.52,-0.418,9.56,9.6,9.6,9.52,1470700,14049075,0.40581,28.008,1.902,3450169856.0,3450169856.0
603650,彤程新材,62.3,-1.44,63.21,65.18,65.81,61.82,14487885,921818177,2.35177,66.277,10.151,42624933332.799995,38379476906.4
603655,朗博科技,30.89,-0.451,31.03,31.16,31.87,30.8,815805,25484573,0.76963,71.837,5.845,3274340000.0,3274340000.0
603656,泰禾智能,17.19,-1.264,17.41,17.48,17.49,17.05,1551873,26725662,0.84827,107.438,2.368,3144830704.02,3144830704.02
603657,春光科技,39.5,4.277,37.88,39.0,41.1,38.71,8431100,335335987,6.23648,-493.75,6.298,5340006975.0,5340006975.0
603658,安图生物,34.08,1.398,33.61,33.49,34.35,33.49,3547968,121093463,0.6209,18.225,2.245,19474156093.44,19474156093.44
603659,璞泰来,21.45,0.846,21.27,21.3,21.72,21.2,15639869,336343416,0.72941,19.152,2.149,45992750553.75001,45992750553.75001
603660,苏州科达,9.1,-2.151,9.3,9.35,9.44,9.05,10457586,95743724,1.82987,-10.148,8.811,5200583533.6,5200583533.6
603661,恒林股份,33.11,-0.868,33.4,33.28,33.94,32.88,1883600,62791053,1.35445,28.059,1.231,4604509396.41,4604509396.41
603662,柯力传感,47.89,-0.54,48.15,48.2,48.99,47.77,2352455,113372467,0.83768,39.579,4.666,13448942378.519999,13448942378.519999
603663,三祥新材,43.24,-2.305,44.26,44.59,45.13,43.02,12824413,562109284,2.16202,154.429,17.734,25665972291.48,25648537923.480003
603665,康隆达,23.35,-3.988,24.32,24.4,24.54,22.88,5429160,126926036,3.38967,47.653,5.751,3739915958.45,3739915958.45
603666,亿嘉和,26.77,0.187,26.72,26.72,26.97,26.43,2015700,53848723,0.98073,-130.713,2.685,5502049343.400001,5502049343.400001
603667,五洲新春,49.43,-0.823,49.84,49.95,51.06,48.84,13040350,651782686,3.56096,197.72,4.742,18939199504.46,18101402921.100002
603668,天马科技,11.85,-1.496,12.03,12.02,12.12,11.76,4620717,54939038,0.91355,-32.917,2.822,5993691274.200001,5993691274.200001
603669,灵康药业,6.33,5.324,6.01,6.02,6.38,5.93,35874676,222326839,5.03624,-23.444,7.762,4509056274.45,4509056274.45
603676,卫信康,9.09,1.338,8.97,8.96,9.14,8.94,1486400,13468815,0.34157,16.833,2.567,3955618035.0,3955618035.0
603677,奇精机械,14.35,-0.485,14.42,14.5,14.6,14.32,990200,14283810,0.51412,57.308,2.477,2763822412.75,2763822412.75
603678,火炬电子,42.72,-2.377,43.76,43.91,44.17,42.57,9590873,414231613,2.01673,62.824,3.156,20316206476.32,20316206476.32
603679,华体科技,23.23,1.088,22.98,23.13,23.69,22.5,6135261,141141583,3.45286,-30.43,4.765,4127650820.91,4127650820.91
603680,今创集团,10.02,0.1,10.01,10.02,10.07,9.97,2374806,23800606,0.30302,13.541,1.309,7852862045.34,7852862045.34
603681,永冠新材,18.31,-2.295,18.74,19.0,19.0,18.06,5554396,102265952,2.33631,27.328,1.254,4353052907.3,4353052907.3
603682,锦和商管,9.43,0.748,9.36,9.45,9.55,9.23,7541300,70833546,1.59604,-37.72,6.71,4455675000.0,4455675000.0
603683,晶华新材,15.03,-1.893,15.32,15.49,15.76,15.0,11318699,172457023,3.9242,45.545,2.547,4379479020.09,4335150139.29
603685,晨丰科技,24.82,-1.037,25.08,25.49,25.49,24.76,1089420,27183304,0.54075,190.923,3.146,6278233097.76,5000379840.54
603686,福龙马,14.29,1.708,14.05,14.11,14.45,13.61,34426534,484845351,8.28696,38.622,1.701,5936500473.16,5936500473.16
603687,大胜达,13.99,-2.099,14.29,14.36,14.6,13.86,13519874,192067840,2.45802,99.929,2.34,7694945777.36,7694945777.36
603688,石英股份,43.54,-2.025,44.44,44.99,45.2,43.44,7208538,317967089,1.33078,155.5,4.026,23584672703.06,23584672703.06
603689,皖天然气,7.72,0.652,7.67,7.66,7.73,7.62,3171625,24429796,0.60591,11.697,1.091,4059279023.3999996,4041018289.7999997
603690,至纯科技,22.22,-3.181,22.95,23.18,23.19,22.07,12598511,283458306,3.28974,-11.0,2.642,8509465635.0,8509465635.0
603693,江苏新能,12.25,-3.619,12.71,12.75,12.75,12.15,17286913,212921140,1.93913,21.491,1.544,10920579530.0,10920579530.0
603696,安记食品,13.06,-0.457,13.12,13.22,13.42,12.93,7769974,102051421,3.30356,108.833,5.42,3071712000.0,3071712000.0
603697,有友食品,9.6,1.159,9.49,9.5,9.63,9.45,5166160,49472802,1.20792,22.326,2.263,4105844140.8,4105844140.8
603698,航天工程,19.84,-0.998,20.04,20.09,20.52,19.79,6265035,125525375,1.16887,49.6,3.018,10634041600.0,10634041600.0
603699,纽威股份,43.21,-0.894,43.6,43.78,44.01,43.07,2938109,127888628,0.3858,20.576,7.303,33680692890.77,32907416453.02
603700,宁水集团,11.81,2.163,11.56,11.61,11.86,11.46,5185801,60652757,2.59339,25.128,1.476,2361550440.54,2361550440.54
603701,德宏股份,18.21,0.165,18.18,18.18,18.34,18.0,1464083,26629172,0.56017,455.25,5.912,4759400217.21,4759400217.21
603703,盛洋科技,9.76,-1.215,9.88,9.98,10.02,9.76,6943200,68606443,1.67313,-162.667,5.02,4050225491.2,4050225491.2
603706,东方环宇,17.19,1.416,16.95,17.04,17.26,16.92,866286,14842222,0.45743,15.079,1.92,3255488853.66,3255488853.66
603707,健友股份,8.19,3.802,7.89,7.9,8.25,7.86,18013945,146375545,1.11497,22.75,1.907,13232181853.8,13232181853.8
603708,家家悦,8.99,1.011,8.9,8.89,9.0,8.88,3349039,29973669,0.52465,28.094,2.35,5738664688.25,5738664688.25
603709,中源家居,12.68,-1.4,12.86,12.92,12.98,12.51,3612901,45939820,2.22138,-55.13,4.054,2069820548.12,2062301206.6799998
603711,香飘飘,11.64,-0.086,11.65,11.66,11.76,11.54,2199898,25625140,0.53283,50.609,1.385,4805854524.0,4805854524.0
603712,七一二,11.41,1.152,11.28,11.35,11.6,11.2,7594500,86465621,0.98374,-17.828,2.33,8808520000.0,8808520000.0
603713,密尔克卫,67.86,1.815,66.65,66.43,69.37,66.43,2207097,150383817,1.26809,17.174,2.436,11810934060.12,11810934060.12
603716,塞力医疗,16.62,0.241,16.58,16.91,17.42,16.59,10568702,178392654,4.68075,-15.947,3.435,3752642597.4,3752642597.4
603717,天域生物,6.02,-0.331,6.04,6.1,6.2,5.89,9963300,59860304,3.43389,-16.341,5.155,1746680364.8000002,1746680364.8000002
603718,*ST海利,3.09,0.0,3.09,3.1,3.11,3.07,2784500,8616240,0.42906,-6.438,2.246,2005347273.0,2005347273.0
603719,良品铺子,9.21,1.432,9.08,9.09,9.28,9.09,2763600,25413755,0.6944,-24.892,1.919,3665427113.9999995,3665427113.9999995
603721,中广天择,18.45,0.0,18.45,18.75,18.85,18.23,4737905,87587193,3.64454,92.25,5.052,2398500000.0,2398500000.0
603722,阿科力,28.08,-1.439,28.49,28.55,28.7,27.9,916100,25877756,0.95124,-73.895,3.109,2743980997.6800003,2704275877.6800003
603725,天安新材,11.77,-2.161,12.03,12.15,12.34,11.58,11640316,137586847,3.81828,31.811,4.101,3588174893.6,3588174893.6
603726,朗迪集团,23.36,-1.059,23.61,23.62,23.94,23.06,2442500,57296183,1.31672,24.333,2.823,4334665248.0,4333263648.0
603727,博迈科,18.71,-1.266,18.95,19.28,20.82,18.49,11575254,223251797,4.10879,85.045,1.707,5270967672.67,5270967672.67
603728,鸣志电器,51.5,-1.849,52.47,52.5,52.98,51.42,4223600,220196713,1.0083,352.981,7.26,21572448750.0,21572448750.0
603729,ST龙韵,12.45,0.0,12.45,12.53,12.53,12.33,466700,5802368,0.50637,-10.733,4.116,1147455495.0,1147455495.0
603730,岱美股份,9.85,2.285,9.63,9.78,10.18,9.68,24482595,243644614,1.13947,31.774,4.546,21163647757.850002,21163647757.850002
603733,仙鹤股份,17.74,0.795,17.6,17.65,18.04,17.54,5215704,92865011,0.6382,12.406,1.628,14498072300.199999,14498072300.199999
603737,三棵树,22.65,3.804,21.82,21.42,23.07,19.97,20587707,443448303,2.32529,21.571,6.378,20053878925.2,20053878925.2
603738,泰晶科技,32.73,-3.252,33.83,34.35,34.38,32.66,17592510,586657991,4.55897,233.786,6.857,12630097613.16,12630097613.16
603739,蔚蓝生物,14.04,10.031,12.76,12.87,14.04,12.66,9216923,127913740,3.64264,50.143,1.978,3552525278.64,3552525278.64
603755,日辰股份,25.85,1.333,25.51,25.51,26.17,25.51,1725000,44534408,1.74925,29.836,3.308,2549163653.85,2549163653.85
603757,大元泵业,70.77,2.106,69.31,69.44,72.31,68.68,7190009,505073635,3.85426,83.259,6.272,13201949519.43,13201949519.43
603758,秦安股份,10.74,-0.463,10.79,10.78,10.94,10.69,5996501,64642914,1.3845,30.686,1.777,4651666366.26,4651666366.26
603759,海天股份,8.01,0.502,7.97,7.97,8.05,7.9,3658575,29261341,0.79231,21.079,1.276,3698697600.0,3698697600.0
603766,隆鑫通用,14.18,-0.211,14.21,14.11,14.5,14.11,10461300,149761617,0.50943,17.725,3.183,29119223433.0,29119223433.0
603767,中马传动,14.83,-3.388,15.35,15.26,15.26,14.7,17008600,254008054,5.51097,-741.5,3.332,4577005145.0,4577005145.0
603768,常青股份,12.14,2.794,11.81,11.86,12.5,11.78,6988650,84977214,2.93695,-14.116,1.312,2888784103.98,2888784103.98
603773,沃格光电,89.67,-1.026,90.6,90.61,94.8,87.4,26989237,2460091449,12.01237,-126.118,19.814,20146933021.11,20146933021.11
603776,永安行,20.83,-1.139,21.07,21.0,21.27,20.82,1544152,32463483,0.54999,-23.404,1.714,5848242714.759999,5848242714.759999
603777,来伊份,13.5,-2.386,13.83,13.83,14.13,13.36,6163000,84070367,1.84287,-28.125,3.046,4514726241.0,4514726241.0
603778,国晟科技,8.02,-0.125,8.03,8.13,8.4,7.92,45182199,365893908,7.02834,-9.218,22.655,5293537802.4,5155714278.84
603779,威龙股份,8.07,0.373,8.04,8.06,8.17,8.0,7225100,58429968,2.17569,-42.474,5.555,2679907824.7799997,2679907824.7799997
603786,科博达,36.75,-1.13,37.17,37.17,37.38,36.7,1401746,51817520,0.34709,17.862,2.615,14841733725.0,14841733725.0
603787,新日股份,10.46,-0.853,10.55,10.55,10.62,10.4,1872300,19611649,0.81353,47.545,1.588,2407304043.4,2407304043.4
603788,宁波高发,13.64,-0.146,13.66,13.69,13.78,13.55,956301,13037926,0.42871,14.062,1.49,3042607527.52,3042607527.52
603789,ST星农,5.84,-1.017,5.9,5.9,5.9,5.8,1651920,9649315,0.63535,-15.956,26.679,1548853264.0,1518400000.0
603790,雅运股份,24.75,0.0,24.75,25.0,25.72,24.62,2400777,60599129,1.25459,65.132,3.627,4736160000.0,4736160000.0
603797,联泰环保,4.82,-10.075,5.36,5.4,5.4,4.82,32613600,159874743,5.65614,21.909,0.821,2779237015.7999997,2779237015.7999997
603798,康普顿,14.67,7.159,13.69,13.75,14.8,13.7,9469281,136737803,3.69245,73.35,3.097,3762116365.5,3762116365.5
603799,华友钴业,35.0,2.85,34.03,34.09,35.23,33.89,39230257,1364921906,2.07831,10.479,1.303,66273463095.00001,66066251895.0
603800,洪田股份,52.99,-1.743,53.93,54.7,55.5,52.6,2479605,133027963,1.19212,757.0,14.365,11021920000.0,11021920000.0
603801,志邦家居,6.29,1.125,6.22,6.26,6.33,6.14,7690604,48094413,1.77059,13.346,0.938,2732070828.07,2732070828.07
603803,瑞斯康达,11.06,-2.897,11.39,11.72,11.73,11.06,23763897,266892740,5.59304,-110.6,3.076,4699212140.42,4699212140.42
603806,福斯特,13.86,0.727,13.76,13.79,13.98,13.72,11242675,155813544,0.43096,46.2,2.221,36157215429.72,36157215429.72
603808,歌力思,8.83,0.227,8.81,8.89,8.98,8.68,2770900,24404694,0.76179,19.622,1.221,3211764447.39,3211764447.39
603809,豪能股份,8.47,-0.236,8.49,8.49,8.57,8.44,4877231,41416611,0.52997,26.337,2.095,7794846195.29,7794846195.29
603810,丰山集团,12.23,-0.163,12.25,12.32,12.47,12.2,1678848,20676229,1.01538,50.958,1.32,2022135741.96,2022135741.96
603811,诚意药业,6.99,0.576,6.95,6.96,7.05,6.93,3351809,23494508,0.73148,11.459,2.257,3203000075.52,3203000075.52
603813,原尚股份,25.92,0.039,25.91,26.09,26.39,25.75,439200,11426680,0.41823,-38.687,5.728,2721988800.0,2721988800.0
603815,交建股份,5.11,0.393,5.09,5.09,5.14,5.05,4690100,23916009,0.75778,-4.024,2.003,3162702840.85,3162702840.85
603816,顾家家居,23.81,3.657,22.97,22.95,24.14,22.29,10823310,253217993,1.32658,10.823,2.12,22041703015.72,19426111038.26
603817,海峡环保,5.7,-0.524,5.73,5.77,5.79,5.64,14105003,80338257,2.4742,15.079,0.978,3249479022.3,3249479022.3
603818,曲美家居,4.05,1.25,4.0,4.01,4.11,4.01,21716800,88335888,3.16321,-18.409,1.455,2780502612.75,2780502612.75
603819,神力股份,16.06,-2.902,16.54,16.74,16.86,16.06,6204900,101074261,2.84981,178.444,4.282,3496746803.22,3496746803.22
603822,ST嘉澳,64.5,2.871,62.7,62.68,64.85,62.3,405700,25941039,0.53149,158.088,10.984,4955269647.0,4923445347.0
603823,百合花,42.41,-0.656,42.69,43.0,43.88,41.77,25159721,1070386728,6.04267,106.025,7.0,17658154326.64,17658154326.64
603825,ST华扬,7.61,0.396,7.58,7.64,7.64,7.51,1202000,9092932,0.47447,-2.95,-28.481,1927891160.72,1927891160.72
603826,坤彩科技,15.37,-1.03,15.53,15.77,15.8,15.24,9986746,154308922,1.17248,-109.395,6.641,13091551200.000002,13091551200.000002
603828,*ST利达,6.19,3.167,6.0,6.02,6.2,5.98,3111025,19095733,0.52204,-15.872,7.959,3688993378.02,3688866278.75
603829,洛凯股份,15.49,-1.212,15.68,15.74,16.0,15.43,1939500,30370261,1.04125,31.612,1.902,2885262802.91,2885262802.91
603833,欧派家居,31.49,4.065,30.26,30.14,31.68,28.87,7325980,224170272,1.20945,9.542,1.059,19074349748.43,19074349748.43
603836,海程邦达,9.55,-1.139,9.66,9.66,9.7,9.51,1695680,16239278,0.60792,73.462,1.572,2733299120.6,2663775120.6
603838,*ST四通,12.56,0.884,12.45,12.58,12.7,12.32,1225200,15332150,0.38286,-49.507,4.648,4019400960.0,4019400960.0
603839,安正时尚,6.82,-0.872,6.88,6.93,6.98,6.74,3180300,21689814,0.82175,-13.918,1.529,2639450484.0000005,2639450484.0000005
603843,*ST正平,6.34,2.589,6.18,6.18,6.41,6.18,9562160,60326525,1.36676,-31.7,-43.276,4435611322.58,4435611322.58
603848,好太太,13.22,0.0,13.22,13.22,13.33,13.08,1350079,17821948,0.3355,25.922,2.057,5319814075.419999,5319814075.419999
603855,华荣股份,16.82,-0.65,16.93,16.93,17.04,16.71,1329600,22392215,0.39627,15.291,2.448,5676935020.0,5643656650.0
603856,东宏股份,11.73,0.171,11.71,11.76,11.81,11.63,2221906,26041659,0.78775,12.093,1.196,3308517583.8,3308517583.8
603858,步长制药,14.64,1.245,14.46,14.5,14.68,14.47,3931369,57443279,0.37279,42.857,1.535,15438881990.88,15438881990.88
603859,能科科技,37.71,-1.179,38.16,38.45,38.5,37.63,2621600,99307089,1.07136,40.548,2.401,10045909646.19,9227550304.710001
603860,中公高科,26.32,-0.679,26.5,26.76,26.85,26.11,849400,22513864,1.27385,38.706,2.117,1755017600.0,1755017600.0
603861,白云电器,10.89,1.302,10.75,10.9,10.98,10.79,4107705,44711545,0.77711,27.225,1.471,5886349429.950001,5756306745.42
603863,松炀资源,12.38,2.23,12.11,12.25,13.31,12.25,11162601,143099628,5.45448,-12.38,11.621,2533567000.0,2533567000.0
603866,桃李面包,4.21,0.477,4.19,4.21,4.24,4.14,15715100,65874271,0.98237,23.732,1.338,6734817642.55,6734817642.55
603867,新化股份,34.38,-0.377,34.51,35.09,35.1,34.2,7850946,271619212,3.63998,24.913,2.388,7477194224.339999,7415310224.34
603868,飞科电器,31.09,1.303,30.69,30.85,31.29,30.72,1377802,42826892,0.3163,26.347,3.905,13542804000.0,13542804000.0
603869,ST智知,8.6,-0.232,8.62,8.55,8.67,8.54,416500,3573079,0.08524,107.5,1.119,4202149096.7999997,4202149096.7999997
603871,嘉友国际,12.0,1.523,11.82,11.89,12.04,11.71,4938500,59030590,0.361,14.286,2.622,16416103896.000002,16416103896.000002
603876,鼎胜新材,17.24,0.174,17.21,17.19,17.53,17.03,10617720,183752184,1.14259,30.786,2.083,16020566752.12,16020566752.12
603877,太平鸟,11.91,1.362,11.75,11.88,11.91,11.74,1488105,17609824,0.31707,32.189,1.276,5596566203.7300005,5589643599.6
603878,武进不锈,4.9,-0.407,4.92,4.92,4.95,4.86,6741600,33096845,1.20139,35.0,1.086,2749634931.3999996,2749634931.3999996
603879,永悦科技,4.91,-1.207,4.97,5.02,5.07,4.9,10117336,50184633,2.8155,-32.733,7.424,1764381200.4,1764381200.4
603880,南卫股份,8.45,-2.086,8.63,8.6,8.9,8.4,6801140,58090291,2.35299,-24.143,15.322,2442404900.0,2442404900.0
603881,数据港,22.92,-0.521,23.04,23.16,23.26,22.83,9991834,229491905,1.15908,120.632,5.843,19758240985.079998,19758240985.079998
603882,金域医学,29.06,2.867,28.25,28.2,29.8,27.88,12054017,350085587,2.63168,-78.541,2.132,13462285471.5,13310484807.619999
603883,老百姓,13.04,1.164,12.89,12.86,13.08,12.86,6210215,80982385,0.81833,26.08,1.417,9895928677.44,9895928677.44
603885,吉祥航空,9.96,2.049,9.76,9.8,10.03,9.72,13091872,129468899,0.60359,20.75,2.5,21603292469.28,21603292469.28
603886,元祖股份,12.76,-3.333,13.2,13.16,13.32,12.69,5380900,69627680,2.24204,22.0,2.278,3062400000.0,3062400000.0
603887,城地香江,8.21,-3.298,8.49,8.5,8.53,8.2,13853095,114738381,2.30107,-73.698,1.405,4942661546.41,4942661546.41
603888,新华网,17.2,-0.405,17.27,17.2,17.63,17.12,14758429,255881030,1.98844,35.253,3.335,12766046142.0,12766046142.0
603889,新澳股份,6.05,1.34,5.97,5.97,6.09,5.92,6183353,37177405,0.65631,9.167,1.528,5742688289.8,5699931003.799999
603890,春秋电子,14.97,0.402,14.91,15.21,15.4,14.65,15854902,237008348,3.14571,23.391,2.36,7545123531.96,7545123531.96
603893,瑞芯微,215.57,1.235,212.94,214.39,218.51,212.0,9309877,2002273167,2.20042,86.923,18.529,91217055073.5,91206707713.5
603895,天永智能,25.77,-2.974,26.56,26.83,26.86,25.65,1138900,29600809,1.05376,151.588,13.41,2785221599.9999995,2785221599.9999995
603896,寿仙谷,14.82,0.885,14.69,14.7,14.83,14.7,1134260,16774199,0.57215,164.667,1.325,2937975161.1600003,2937975161.1600003
603897,长城科技,29.58,1.965,29.01,29.45,29.85,28.71,6015624,176120456,2.91404,19.333,2.569,6106367443.98,6106367443.98
603898,好莱客,11.86,2.773,11.54,11.73,11.89,11.49,3140103,36730098,1.0459,237.2,1.193,3560721656.52,3560721656.52
603899,晨光股份,22.36,2.241,21.87,21.83,22.42,21.73,2372069,52715958,0.25902,15.63,2.348,20477184629.72,20477184629.72
603900,莱绅通灵,6.27,-0.318,6.29,6.33,6.38,6.2,6830003,42861375,1.99286,36.882,1.097,2150007076.7999997,2148878476.8
603901,永创智能,9.28,-0.429,9.32,9.38,9.39,9.28,4327200,40352273,0.76063,32.0,1.491,5351688740.16,5279384084.16
603903,中持股份,13.7,-0.94,13.83,14.01,14.45,13.59,7900304,109423968,3.09428,-33.415,2.452,3497876876.0,3497876876.0
603906,龙蟠科技,19.04,9.994,17.31,17.52,19.04,17.15,36993086,687707894,6.57075,-73.231,2.907,15062770690.240002,10719453417.12
603908,牧高笛,19.45,-1.619,19.77,19.9,19.91,19.27,971163,19011733,1.04284,-52.568,3.64,1811319916.6,1811319916.6
603909,建发合诚,10.13,-0.393,10.17,10.13,10.26,9.93,5899015,59478524,2.26299,24.182,2.254,2640618908.2,2640618908.2
603912,佳力图,8.79,-2.442,9.01,9.1,9.12,8.76,13916360,124058917,2.56605,-87.376,2.849,4767048089.1,4767048089.1
603915,国茂股份,13.29,1.065,13.15,13.2,13.4,13.11,4744080,62977807,0.72249,36.917,2.325,8876158159.199999,8726645659.199999
603916,苏博特,10.47,0.384,10.43,10.5,10.61,10.36,4177806,43815485,0.99394,36.103,1.035,4400831971.7699995,4400831971.7699995
603917,合力科技,13.85,-1.353,14.04,14.12,14.2,13.81,1826200,25462991,0.8959,98.297,1.71,2823184000.0,2823184000.0
603918,金桥信息,10.41,-1.7,10.59,10.59,10.62,10.32,5955500,61997540,1.63116,-65.063,3.918,3800769345.6600003,3800769345.6600003
603919,金徽酒,17.4,9.987,15.82,15.82,17.4,15.82,12754185,215843262,2.51433,24.857,2.594,8826323947.8,8826323947.8
603920,世运电路,44.4,-3.75,46.13,46.69,46.78,44.33,25016767,1127276063,3.47169,46.737,5.061,31994298874.8,31994298874.8
603922,ST金鸿顺,12.02,-1.07,12.15,11.99,12.07,11.68,639700,7610300,0.35698,-21.088,2.299,2153984000.0,2153984000.0
603926,铁流股份,16.75,-0.534,16.84,16.93,17.23,16.67,1985300,33501055,0.86004,50.758,2.218,3902525734.25,3866546734.25
603927,中科软,13.64,0.22,13.61,13.63,13.7,13.49,5063966,68902911,0.60935,50.612,3.689,11335385600.0,11335385600.0
603928,兴业股份,13.07,10.017,11.88,11.88,13.07,11.87,10241734,131911733,3.00605,33.513,2.754,4453001280.0,4453001280.0
603929,亚翔集成,139.46,-2.312,142.76,143.07,144.0,138.6,1715100,240656100,0.80385,33.364,12.462,29755185600.0,29755185600.0
603931,格林达,32.42,-2.934,33.4,34.08,34.39,32.37,3147700,104473925,1.57733,53.148,3.027,6469682679.599999,6469682679.599999
603933,睿能科技,18.31,-2.71,18.82,18.83,19.18,18.3,1884300,34918159,0.9079,108.729,2.81,3800141168.2499995,3800141168.2499995
603936,博敏电子,19.35,-5.748,20.53,20.52,20.93,19.35,35124351,695316055,5.57177,1935.0,2.932,12487483877.4,12198201377.4
603937,丽岛新材,12.44,-3.341,12.87,12.85,12.94,12.42,9903600,124507622,4.74101,-73.176,1.669,2598616368.04,2598616368.04
603938,三孚股份,42.68,-2.02,43.56,44.49,44.7,42.53,10008672,434033974,2.61579,203.238,6.248,16330413531.96,16330413531.96
603939,XD益丰药,23.31,2.642,22.71,23.4,23.65,22.88,15116510,350389477,1.24683,16.891,2.376,28260868848.66,28260868848.66
603948,建业股份,21.36,9.99,19.42,19.45,21.36,19.45,2001301,42141574,1.23165,15.042,1.701,3470768607.12,3470768607.12
603949,雪龙集团,18.41,-9.976,20.45,20.46,20.5,18.41,28765616,550760191,13.68454,42.814,3.581,3879662757.46,3869879094.3399997
603950,长源东谷,51.72,-0.92,52.2,53.0,53.23,51.6,2495480,130292917,0.77052,43.1,5.341,16764044975.999998,16750494336.000002
603955,大千生态,24.97,-0.24,25.03,24.99,25.2,24.62,1939200,48368530,1.42882,-27.64,2.921,4092464991.78,3388928400.0000005
603956,威派格,6.88,0.438,6.85,6.98,7.1,6.78,15644065,107858288,2.74502,-24.571,2.207,3920955247.68,3920955247.68
603958,哈森股份,18.0,-3.174,18.59,18.5,18.75,17.96,7052213,129100386,3.2149,-78.261,6.0,3948480000.0,3948480000.0
603959,ST百利,4.09,-2.619,4.2,4.2,4.23,4.05,6538400,26934167,1.33355,-13.194,-24.345,2005322877.28,2005322877.28
603960,克来机电,16.81,-2.494,17.24,17.37,17.5,16.72,7340993,124693622,2.79979,152.818,3.961,4407546699.0,4407546699.0
603966,法兰泰克,7.31,0.137,7.3,7.33,7.36,7.27,2657322,19446047,0.51132,11.79,1.825,3804086689.7599998,3798985479.3599997
603967,中创物流,12.02,0.839,11.92,11.92,12.14,11.83,3611700,43316820,1.04184,16.027,1.791,4166933854.2000003,4166933854.2000003
603968,醋化股份,11.5,3.139,11.15,11.16,11.88,11.15,16600550,190926100,8.11842,-40.379,1.331,2351520000.0,2351520000.0
603969,银龙股份,7.2,0.139,7.19,7.32,7.32,7.15,5163702,37313532,0.60639,16.744,2.077,6275043360.0,6131187360.0
603970,中农立华,11.84,0.852,11.74,12.22,12.37,11.82,12918071,155336877,4.80583,18.445,1.99,3182593586.56,3182593586.56
603976,正川股份,29.59,-1.037,29.9,30.12,30.48,29.55,2552704,76233856,1.48746,227.615,4.333,5078073913.11,5078073913.11
603977,国泰集团,10.57,-0.937,10.67,10.71,10.76,10.51,4967140,52640754,0.79955,25.78,1.91,6566526121.959999,6566526121.959999
603978,深圳新星,25.32,-7.253,27.3,27.3,27.34,25.26,20075035,521800072,9.50998,-66.632,3.218,5344907650.679999,5344907650.679999
603979,金诚信,72.28,-0.097,72.35,72.26,73.39,71.8,2826919,205480369,0.45318,19.275,3.694,45087727682.4,45087727682.4
603980,吉华集团,9.06,2.489,8.84,8.79,9.18,8.71,66126733,592323725,9.77002,906.0,1.584,6132110241.6,6132110241.6
603982,泉峰汽车,6.77,4.475,6.48,6.48,7.13,6.4,34228627,237141341,10.08048,-6.868,1.216,2471923296.15,2298777519.96
603983,丸美生物,30.86,1.513,30.4,30.43,31.6,30.43,3264223,101315582,0.81402,49.774,3.659,12374860000.0,12374860000.0
603985,恒润股份,16.98,1.132,16.79,17.09,17.18,16.59,9242634,156105791,2.09651,89.181,2.254,7485768890.94,7485768890.94
603986,兆易创新,353.9,-3.719,367.57,369.75,370.0,351.28,24237712,8647211674,3.61369,142.702,6.682,249135488015.3,237367215925.30002
603987,康德莱,7.59,1.606,7.47,7.5,7.62,7.47,3553430,26896024,0.81353,13.8,1.172,3315242779.2000003,3315242779.2000003
603988,中电电机,17.0,-0.118,17.02,17.1,17.38,16.94,2202601,37718301,0.93648,130.769,6.095,3998400000.0,3998400000.0
603989,艾华集团,27.01,-3.536,28.0,28.2,28.29,26.96,14622825,400319634,3.66689,40.641,2.711,10771044018.6,10771044018.6
603990,麦迪科技,19.34,2.112,18.94,18.96,19.36,18.7,13434820,256722463,4.40132,148.769,7.015,5903446635.54,5903446635.54
603991,领先股份,165.82,-1.998,169.2,170.0,170.88,165.53,2612676,437969713,2.918,-285.897,6.989,25322324112.2,14846942098.36
603992,松霖科技,19.39,0.623,19.27,19.31,19.58,19.3,1680805,32704196,0.37938,40.396,2.387,8590580889.8,8590580889.8
603993,洛阳钼业,16.88,0.776,16.75,16.8,16.89,16.67,78078208,1310999511,0.44716,17.768,4.027,361135955770.88,294739015930.88
603995,甬金股份,25.62,1.385,25.27,25.27,25.85,25.17,2906922,74432210,0.79946,16.967,1.569,9315676491.66,9315676491.66
603997,继峰股份,13.65,0.0,13.65,13.69,13.85,13.45,14750807,202101009,1.15941,37.917,3.158,17366415393.600002,17366415393.600002
603998,方盛制药,10.36,0.975,10.26,10.25,10.41,10.25,6771400,70224458,1.54217,14.8,2.56,4548882889.599999,4548882889.599999
603999,XD读者传,6.78,2.108,6.64,6.69,7.25,6.65,27633505,190449852,4.79748,45.2,1.861,3905280000.0,3905280000.0
605001,威奥股份,5.78,-1.365,5.86,5.88,5.92,5.76,2916401,16943557,0.7423,26.273,0.861,2270881080.0,2270881080.0
605003,众望布艺,24.21,-1.063,24.47,24.6,24.91,24.01,850100,20780478,0.77282,36.682,1.859,2663100000.0,2663100000.0
605005,合兴股份,16.07,0.879,15.93,16.0,16.14,15.96,673700,10820128,0.168,30.904,3.104,6444070000.0,6444070000.0
605006,山东玻纤,14.58,-0.41,14.64,14.91,14.99,14.4,17883763,260391711,2.73619,-729.0,3.085,9529507012.32,9529507012.32
605007,五洲特纸,14.38,1.268,14.2,14.28,14.65,14.28,2559085,37025745,0.53923,28.196,1.875,6840997443.14,6824418741.14
605008,长鸿高科,13.71,-1.931,13.98,14.21,14.21,13.66,3478281,48141923,0.53846,-1371.0,4.613,8856144695.94,8856144695.94
605009,豪悦护理,25.52,1.714,25.09,25.15,25.59,25.09,1611765,41061556,0.74981,23.63,1.626,5485714200.56,5485714200.56
605011,杭州热电,19.21,10.023,17.46,17.47,19.21,17.46,12229152,231188954,3.05652,40.872,3.09,7685921000.0,7685921000.0
605016,百龙创园,21.11,1.833,20.73,21.2,21.23,20.84,1619430,34128414,0.38557,23.989,4.217,8866460075.2,8866460075.2
605018,长华集团,11.66,-1.437,11.83,11.8,12.04,11.5,8764201,102879019,1.86446,58.3,1.983,5480967146.38,5480967146.38
605020,永和股份,30.3,-0.329,30.4,30.5,30.8,30.14,5076597,154227732,0.99382,25.041,2.563,15477807306.900002,15477807306.900002
605028,世茂能源,23.75,-0.586,23.89,24.12,24.57,23.65,1275360,30687121,0.7971,21.991,2.968,3800000000.0,3800000000.0
605033,美邦股份,19.6,0.564,19.49,19.55,19.81,19.5,1943400,38257879,1.43743,54.444,2.226,2649920000.0,2649920000.0
605050,福然德,10.05,0.601,9.99,10.04,10.08,9.97,1089700,10931570,0.22111,13.224,1.107,4952933269.05,4952933269.05
605055,迎丰股份,8.69,-0.799,8.76,8.77,8.87,8.68,2573300,22499188,0.58484,-66.846,3.97,3823600000.0,3823600000.0
605056,咸亨国际,13.48,-1.821,13.73,13.95,13.95,13.32,4394400,59561828,1.08936,20.738,3.147,5518620336.0,5437740336.0
605058,澳弘电子,53.64,-10.0,59.6,59.6,60.0,53.64,13276552,731314166,9.28917,50.131,4.319,7666503436.8,7666503436.8
605060,联德股份,37.03,-2.166,37.85,37.93,38.48,36.84,1910462,71501504,0.79974,38.979,3.426,8908751460.0,8845874520.0
605066,天正电气,6.71,0.149,6.7,6.75,6.78,6.65,3213005,21536298,0.63949,37.278,1.992,3371326268.75,3371326268.75
605068,明新旭腾,20.32,0.994,20.12,20.49,20.6,20.08,3019000,61249725,1.8613,225.778,2.181,3295876913.44,3295876913.44
605069,正和生态,11.86,-4.815,12.46,12.38,12.45,11.71,16065020,191890665,7.58866,-16.027,3.981,2510735647.08,2510735647.08
605077,华康股份,11.53,1.945,11.31,11.39,11.55,11.32,6893351,79013096,2.30001,17.47,1.17,3490174560.3399997,3455646822.34
605080,浙江自然,22.72,-1.217,23.0,23.18,23.18,22.62,1018318,23235498,0.72555,16.706,1.389,3201457478.4,3188779264.0
605086,龙高股份,23.21,-0.429,23.31,23.29,24.41,23.21,1495740,35436515,0.83468,34.132,2.6,4159232000.0,4159232000.0
605088,冠盛股份,23.33,-1.768,23.75,23.99,24.19,23.07,9031139,212397926,4.48877,14.955,1.631,4727238753.690001,4693853523.69
605089,味知香,21.84,-0.456,21.94,22.11,22.11,21.73,1516175,33110939,1.09868,43.402,2.436,3013920000.0,3013920000.0
605090,九丰能源,31.25,3.033,30.33,30.48,31.6,30.35,8547432,266680382,1.2109,13.767,1.798,22080766187.5,22058491187.5
605098,行动教育,52.83,0.686,52.47,52.47,53.24,52.47,402122,21249334,0.33721,19.713,6.037,6300035612.999999,6300035612.999999
605099,共创草坪,27.97,0.72,27.77,27.79,28.15,27.68,732800,20433769,0.18223,16.749,3.563,11262476725.920002,11247473617.92
605100,华丰股份,35.83,3.705,34.55,35.33,36.2,34.8,8110278,289233022,3.40904,275.615,4.745,8564158260.0,8524128983.999999
605108,同庆楼,12.11,-0.819,12.21,12.27,12.28,12.04,2032804,24657406,0.78185,31.051,1.358,3148600000.0,3148600000.0
605111,新洁能,54.0,-3.778,56.12,56.41,56.6,53.96,8101518,443150699,1.95061,56.842,4.984,22427958618.0,22427958618.0
605116,奥锐特,20.07,4.098,19.28,19.2,20.22,19.2,3743815,74751262,0.92171,17.92,3.068,8152097506.38,8152097506.38
605117,德业股份,78.16,0.398,77.85,77.92,78.5,77.17,6186256,481868333,0.48585,22.268,8.665,99519726747.52,99519726747.52
605118,力鼎光电,32.17,1.739,31.62,31.62,32.99,31.36,4085062,131582538,0.99911,50.368,8.15,13228915230.0,13153299645.0
605122,四方新材,12.28,0.327,12.24,12.35,12.55,12.1,2302170,28309455,1.33572,-6.785,1.218,2116507120.0,2116507120.0
605123,派克新材,76.4,-1.368,77.46,77.54,78.15,76.2,694847,53445573,0.57344,36.681,1.953,9257456148.8,9257456148.8
605128,上海沿浦,23.75,0.55,23.62,23.62,23.89,23.35,2216377,52289723,0.70588,26.099,3.415,7457185146.25,7457185146.25
605133,嵘泰股份,24.01,-1.396,24.35,24.48,24.95,23.94,4200540,102622644,1.48893,33.817,1.789,6849456399.5199995,6773655869.12
605136,丽人丽妆,8.66,-3.563,8.98,8.98,8.99,8.6,21903700,190960396,5.46966,-43.3,1.43,3467970610.0,3467970610.0
605138,盛泰集团,6.19,0.162,6.18,6.19,6.23,6.11,2419303,14942462,0.43546,123.8,1.411,3438988699.2000003,3438988699.2000003
605151,西上海,18.61,-0.905,18.78,18.94,18.94,18.46,991000,18466946,0.73651,-372.2,1.798,2504054071.42,2504054071.42
605155,西大门,14.25,-1.179,14.42,14.5,14.56,14.12,2056108,29356085,1.09701,23.75,1.995,2714901051.0,2670854301.0
605158,华达新材,7.61,-1.806,7.75,7.68,7.83,7.57,3855130,29485255,0.75381,58.538,1.582,3891906200.0,3891906200.0
605162,新中港,10.59,-10.025,11.77,11.77,11.97,10.59,32550374,363951233,7.35026,34.161,2.839,4689742433.49,4689742433.49
605166,聚合顺,8.42,-0.355,8.45,8.49,8.58,8.4,3134703,26568357,0.99598,18.304,1.327,2650060077.92,2650060077.92
605167,利柏特,15.68,1.951,15.38,15.47,15.79,15.32,4562346,71333333,0.89474,32.0,2.815,7995351073.92,7995351073.92
605168,三人行,50.03,0.321,49.87,50.01,51.0,48.94,3721925,185926372,1.76548,55.589,3.979,10547173809.58,10547173809.58
605169,洪通燃气,13.21,0.84,13.1,13.11,13.33,13.0,2471012,32597463,0.87352,30.146,1.815,3736844800.0,3736844800.0
605177,东亚药业,24.26,-2.256,24.82,25.21,25.21,24.18,5603100,137652382,4.93003,-33.694,1.749,2782765473.64,2757206326.38
605178,时空科技,63.4,-0.22,63.54,63.7,64.3,62.53,2195900,139297872,2.21629,-25.668,5.893,6281672000.0,6281672000.0
605179,一鸣食品,23.56,0.383,23.47,23.62,24.27,22.91,14285210,336517544,3.5624,184.495,8.151,9447560000.0,9447560000.0
605180,华生科技,13.9,-1.975,14.18,14.24,14.24,13.8,3922300,54991837,2.32089,86.875,2.078,2349100000.0,2349100000.0
605183,XD确成股,16.4,0.0,16.4,16.45,16.61,16.15,2411960,39508143,0.58482,13.554,1.837,6809024242.0,6763842898.0
605186,健麾信息,24.66,-1.635,25.07,25.44,25.58,24.6,1060900,26343232,0.78007,107.217,3.021,3353760000.0,3353760000.0
605188,国光连锁,12.4,-0.081,12.41,12.4,12.51,12.32,5558300,68966360,1.09265,394.904,5.093,6307861400.0,6307861400.0
605189,富春染织,13.73,0.073,13.72,13.73,13.81,13.64,3765407,51673596,1.58054,34.325,1.27,3270965712.4700003,3270965712.4700003
605196,华通线缆,33.2,0.09,33.17,33.11,34.03,33.02,6764036,225511517,1.3331,59.286,4.956,16964276409.199999,16845365928.0
605198,安德利,64.75,-1.416,65.68,67.83,68.0,64.47,4749200,311710736,1.75548,67.448,7.846,21230748000.0,17517206000.0
605199,ST葫芦娃,5.71,-0.175,5.72,5.72,5.76,5.67,809800,4610902,0.20239,-7.931,7.638,2284620973.92,2284620973.92
605208,永茂泰,14.59,-0.137,14.61,14.59,14.7,14.38,4610225,67054024,1.39729,69.476,2.118,4813824600.0,4813824600.0
605218,伟时电子,13.9,-1.628,14.13,14.14,14.34,13.83,4346310,60961065,1.78997,132.255,1.939,3375124621.9,3375124621.9
605222,起帆电缆,22.11,1.469,21.79,21.93,22.5,21.86,3980600,88408960,0.96404,53.927,1.909,9129390418.83,9129390418.83
605228,神通科技,11.24,0.268,11.21,11.2,11.34,11.13,3200000,35987524,0.67067,36.258,2.357,5391325785.56,5363000985.56
605255,天普股份,58.87,4.751,56.2,57.04,61.3,56.23,1030872,60846094,0.76885,294.35,9.897,7893289600.0,7893289600.0
605258,协和电子,39.61,-9.998,44.01,43.17,43.6,39.61,8657780,351757940,9.83839,52.118,2.911,3485680000.0,3485680000.0
605259,绿田机械,17.39,0.52,17.3,17.37,17.46,17.2,348260,6044444,0.20191,12.246,1.632,2999427199.9999995,2999427199.9999995
605266,健之佳,16.04,0.501,15.96,16.03,16.14,15.9,1109020,17763101,0.71761,16.04,0.977,2478868565.12,2478868565.12
605268,王力安防,10.12,-0.978,10.22,10.25,10.33,9.97,5055500,51020268,1.14754,34.897,2.524,4458366000.0,4458366000.0
605277,新亚电子,16.73,-1.819,17.04,17.07,17.21,16.71,6240698,105449407,1.61594,24.603,3.692,6504380059.87,6461060953.76
605286,同力天启,24.85,1.928,24.38,24.4,25.2,24.26,1945400,48123718,1.15798,21.059,1.933,4174800000.0,4174800000.0
605287,德才股份,37.39,10.003,33.99,34.2,37.39,33.99,7664960,279963778,5.47497,71.904,3.287,5234600000.0,5234600000.0
605288,凯迪股份,71.83,10.0,65.3,66.31,71.83,64.79,2952865,208051963,3.00459,82.563,3.274,7101826425.43,7059343002.910001
605289,罗曼股份,94.05,-0.906,94.91,95.38,96.99,92.88,1640917,155442183,1.07612,188.1,10.492,14353017525.0,14341109290.199999
605296,神农集团,31.48,-0.38,31.6,31.63,32.07,31.3,1707909,53998953,0.32972,48.431,4.006,16565739854.64,16306149478.64
605298,必得科技,40.88,-2.481,41.92,41.93,42.49,40.88,462110,19159894,0.24811,131.871,7.279,7679308000.0,7613940880.0
605299,舒华体育,12.2,-0.813,12.3,12.4,12.5,12.16,4811300,59119171,1.18023,55.455,4.082,4973443557.6,4973443557.6
605300,佳禾食品,10.39,1.267,10.26,10.3,10.5,10.29,3073193,31950425,0.67632,148.429,1.648,4721201422.83,4721201422.83
605303,园林股份,28.66,10.019,26.05,28.66,28.66,28.66,172400,4940984,0.10692,-27.295,5.873,4621064113.28,4621064113.28
605305,中际联合,30.33,0.298,30.24,30.13,30.85,30.13,1692918,51472660,0.79659,12.132,2.071,6445731600.0,6445731600.0
605318,法狮龙,70.29,-1.637,71.46,72.2,72.92,69.55,990599,70167004,0.78788,-1405.8,14.089,8837493378.119999,8837493378.119999
605319,XD无锡振,22.22,0.543,22.1,22.2,22.5,22.0,2445200,54216821,0.70234,16.582,2.704,7779176760.08,7735936640.080001
605333,沪光股份,16.57,1.656,16.3,16.39,16.74,16.24,1623305,26846310,0.34982,15.202,2.301,7689149527.42,7689149527.42
605336,*ST帅电,11.85,3.223,11.48,11.48,11.85,11.46,930603,10909150,0.50738,-38.226,1.206,2173437532.5,2173437532.5
605337,李子园,9.29,2.088,9.1,9.11,9.35,9.07,4646088,42907220,1.19863,17.865,2.222,3600957860.98,3600957860.98
605338,巴比食品,17.97,2.16,17.59,17.59,18.04,17.55,1836508,32789551,0.7666,15.763,1.971,4305012916.14,4305012916.14
605339,南侨食品,13.26,0.455,13.2,13.28,13.31,13.11,864993,11436201,0.20387,132.6,1.651,5626093568.16,5626093568.16
605358,立昂微,45.36,-1.669,46.13,46.48,46.77,44.81,27823761,1266757386,3.60318,-216.0,3.267,35026963559.28,35026963559.28
605365,立达信,14.53,0.138,14.51,14.72,14.72,14.5,3866700,56400298,0.77024,34.928,1.955,7294247088.28,7294247088.28
605366,宏柏新材,10.41,6.769,9.75,9.75,10.48,9.61,90191818,911340817,11.67037,-45.261,3.005,8045136357.0,8045136357.0
605368,蓝天燃气,6.68,0.754,6.63,6.62,6.69,6.61,1551520,10336778,0.21711,17.128,1.407,4773767912.2,4773767912.2
605369,拱东医疗,18.2,0.831,18.05,17.98,18.42,17.88,1352868,24715530,0.61549,79.13,2.354,4000415127.7999997,4000415127.7999997
605376,博迁新材,114.32,-3.568,118.55,119.58,119.64,114.15,10586946,1227073714,4.047,136.095,16.393,29906112000.0,29906112000.0
605377,华旺科技,8.08,2.02,7.92,7.96,8.15,7.94,4301183,34675260,0.77266,16.49,1.147,4497895765.440001,4497895765.440001
605378,野马电池,15.7,-5.308,16.58,15.92,16.16,15.52,13211230,208442420,5.05506,62.8,3.411,4103138480.0,4103138480.0
605388,均瑶健康,7.39,9.97,6.72,7.39,7.39,7.39,11499880,84984113,1.9151,-23.094,2.896,4437576760.0,4437576760.0
605389,长龄液压,60.88,-0.911,61.44,61.44,62.6,60.69,757880,46683177,0.40529,69.182,5.356,11384390144.8,11384390144.8
605398,新炬网络,23.76,2.591,23.16,23.24,24.83,22.9,11759626,279595357,7.22707,237.6,3.773,3866141165.04,3866141165.04
605399,晨光新材,11.63,-0.853,11.73,11.75,12.03,11.62,4486837,52885750,1.44251,-38.767,1.775,3621248265.52,3617445255.52
605488,福莱新材,29.42,-1.868,29.98,30.0,31.3,29.39,7482943,226027160,2.50703,105.071,3.918,8825741074.58,8781241853.58
605499,东鹏饮料,112.25,1.869,110.19,110.18,112.52,109.22,2938756,326788260,0.43472,13.22,4.232,82413872547.5,75882897025.0
605500,森林包装,7.39,-0.404,7.42,7.45,7.49,7.38,2083400,15473534,0.50275,49.267,1.194,3062416000.0,3062416000.0
605507,国邦医药,18.09,1.231,17.87,17.9,18.31,17.87,5611820,101940473,0.7173,12.223,1.685,14152763961.0,14152763961.0
605555,德昌股份,12.66,-0.784,12.76,12.76,12.97,12.62,5353540,68323361,1.10595,37.235,2.141,6128314046.4,6128314046.4
605566,福莱蒽特,32.07,0.156,32.02,32.14,32.8,31.81,3463201,111981014,2.59727,94.324,2.075,4276213800.0,4276213800.0
605567,春雪食品,9.67,0.311,9.64,9.64,9.76,9.56,3177102,30766869,1.59653,48.35,1.732,1924330000.0,1924330000.0
605577,龙版传媒,16.28,10.0,14.8,15.36,16.28,15.36,10276100,165526362,2.31212,32.289,1.85,7235555564.6,7235555564.6
605580,恒盛能源,20.85,-0.856,21.03,21.28,21.6,20.81,6177180,130536662,2.20614,37.232,5.64,5838000000.0,5838000000.0
605588,冠石科技,44.24,-2.982,45.6,45.99,46.31,44.13,713900,32074280,0.97661,-46.083,3.517,3241707279.44,3233924578.64
605589,圣泉集团,35.67,-1.136,36.08,36.45,36.79,35.52,15721003,566752955,1.85845,29.975,2.796,30190463703.66,30173930658.66
605598,上海港湾,23.67,-0.127,23.7,24.22,24.33,23.57,1635347,39068541,0.67894,87.667,3.558,5701360921.829999,5701360921.829999
605599,菜百股份,13.54,2.266,13.24,13.28,13.54,13.25,4066604,54554469,0.52285,9.274,2.381,10531111412.0,10531111412.0
688001,华兴源创,60.69,-2.818,62.45,63.19,63.65,60.6,7597613,471242469,1.61115,337.167,6.646,28619317417.11,28619317417.11
688002,睿创微纳,173.42,-1.778,176.56,177.89,177.89,172.5,5813371,1014871307,1.24871,69.368,10.191,80735632615.82,80735632615.82
688003,天准科技,71.9,-3.438,74.46,75.6,75.61,71.7,2626097,191556093,1.34822,181.933,7.036,14004848520.4,14004848520.4
688004,博汇科技,29.95,-3.512,31.04,31.61,31.67,29.2,8397485,252588483,10.48532,-103.276,4.275,2398635600.0,2398635600.0
688005,容百科技,23.48,1.777,23.07,23.07,24.08,23.01,12235624,289141985,1.71219,-86.963,2.159,16779248296.960001,16779248296.960001
688006,杭可科技,20.35,0.296,20.29,20.5,20.73,20.05,7032076,143777142,1.16488,33.361,2.257,12284728293.2,12284728293.2
688007,光峰科技,10.54,-1.126,10.66,10.75,10.79,10.5,4584008,48532018,0.99736,-17.567,2.054,4844348792.900001,4844348792.900001
688008,澜起科技,202.31,-4.84,212.6,212.99,214.5,201.3,26524480,5433706001,2.31702,102.695,11.476,246927047028.51,231597310243.51
688009,中国通号,4.69,1.078,4.64,4.64,4.69,4.63,17304060,80684914,0.20072,13.794,1.057,49666251109.99999,40432574420.0
688010,福光股份,27.16,-2.197,27.77,28.26,28.48,27.09,3241831,89425806,2.01906,337.811,2.537,4360852458.48,4360852458.48
688011,新光光电,59.24,-2.997,61.07,61.98,62.56,57.74,1956853,116569831,1.97338,-157.135,5.679,5894380000.0,5874387862.52
688012,中微公司,318.55,-1.918,324.78,326.98,333.56,317.93,11917414,3861028481,1.26485,93.691,10.158,305120679955.4,300136866454.89996
688013,天臣医疗,24.81,0.04,24.8,24.98,25.3,24.8,887946,22220509,1.09413,23.406,4.069,2013470436.0,2013470436.0
688015,交控科技,17.04,1.429,16.8,16.89,17.28,16.7,2544167,43332453,1.3484,20.53,1.216,3215119843.68,3215119843.68
688016,心脉医疗,85.48,1.956,83.84,83.85,85.75,83.6,1095496,93245067,0.88875,18.383,2.475,10536445761.16,10536445761.16
688017,绿的谐波,273.75,-0.671,275.6,277.0,283.38,272.5,3833135,1060695508,2.09084,395.364,13.915,50186621718.75,50186621718.75
688018,乐鑫科技,115.08,-0.613,115.79,116.28,118.49,114.2,4390011,509475227,1.873,36.51,5.732,26972946509.88,26972946509.88
688019,安集科技,211.0,-1.503,214.22,218.06,218.22,207.13,4598221,974231815,2.01361,45.279,9.949,48183230573.00001,48183230573.00001
688020,方邦股份,130.56,-4.902,137.29,139.2,139.2,129.6,2399373,318256759,2.91105,-103.619,8.259,10761146880.0,10761146880.0
688021,奥福科技,19.81,-2.269,20.27,20.36,20.36,19.79,1041301,20836768,1.36271,104.263,1.714,1513755733.77,1513755733.77
688022,ST瀚川,9.21,1.209,9.1,9.09,9.25,9.04,2180762,19966427,1.27935,51.167,2.36,1569927205.8,1569927205.8
688023,安恒信息,46.27,-2.528,47.47,47.0,47.92,45.8,4397011,205014020,4.30341,-81.175,2.199,4727643866.610001,4727643866.610001
688025,杰普特,419.45,1.316,414.0,422.33,434.69,413.48,2512920,1070005065,2.6438,143.157,15.618,39868480477.35,39868480477.35
688026,洁特生物,27.61,12.51,24.54,24.85,28.28,24.77,14209184,380586583,10.12306,78.886,3.567,3875462933.87,3875462933.87
688027,国盾量子,328.49,-3.103,339.01,342.7,343.0,328.01,1490349,496368302,1.85426,6569.8,10.491,33788810218.489998,26402176801.300003
688028,沃尔德,109.64,-5.686,116.25,116.94,117.49,109.09,9939750,1114466482,6.58484,175.256,8.098,16550048359.999998,16550048359.999998
688029,南微医学,86.76,3.224,84.05,83.7,89.35,83.4,2971222,259478481,1.58172,28.446,3.892,16297642332.72,16297642332.72
688030,山石网科,19.59,1.084,19.38,19.86,20.31,19.4,5792849,114466121,3.21399,-18.244,5.082,3530868140.2799997,3530868140.2799997
688031,星环科技,88.0,-2.644,90.39,91.74,92.0,87.8,3915637,349727038,3.23243,-43.35,15.864,11892911007.999998,10659960608.0
688032,禾迈股份,67.57,0.491,67.24,67.6,68.05,66.79,459222,30996289,0.37012,-51.58,1.528,8383649435.65,8383649435.65
688033,*ST天宜,7.21,-1.097,7.29,7.29,7.37,7.13,2219569,16032628,0.3948,-1.821,3.246,4053451877.1600003,4053451877.1600003
688035,德邦科技,71.6,-4.111,74.67,76.0,76.5,71.12,4923809,358616931,3.46162,94.211,4.242,10184384000.0,10184384000.0
688036,传音控股,53.8,0.58,53.49,53.15,54.65,52.9,6038757,325386869,0.52457,23.805,2.926,61933728521.0,61933728521.0
688037,芯源微,327.27,-3.922,340.63,342.38,347.0,324.68,2484270,828032610,1.22923,909.083,23.498,66141360599.22,66141360599.22
688038,中科通达,18.93,-0.89,19.1,19.18,19.31,18.86,930506,17680855,0.79959,-631.0,3.692,2202948462.0,2202948462.0
688039,当虹科技,34.86,0.23,34.78,35.43,36.13,34.42,4643766,163241156,4.19865,-42.0,3.745,3855565640.64,3855565640.64
688041,海光信息,226.8,-3.849,235.88,236.2,238.0,226.1,17726916,4056998123,0.76267,206.182,20.776,527159879038.8,527159879038.8
688045,必易微,55.2,-3.833,57.4,57.21,57.98,54.88,1423903,79730664,2.01752,324.706,2.671,3895849792.8,3895849792.8
688046,药康生物,37.94,8.462,34.98,34.86,38.78,34.83,16589266,614610126,4.04433,108.4,6.867,15562464428.0,15562464428.0
688047,龙芯中科,98.1,-2.096,100.2,100.53,100.88,97.97,2717123,268233522,0.67759,-86.053,17.131,39338100000.0,39338100000.0
688048,长光华芯,289.7,-2.425,296.9,299.86,302.4,288.68,6166749,1813136640,3.49827,2332.528,16.795,51068299487.1,51068299487.1
688049,炬芯科技,45.78,-2.596,47.0,47.08,47.26,45.66,5241771,242619879,2.97801,38.797,3.814,8058010831.92,8058010831.92
688050,爱博医疗,38.8,2.105,38.0,38.05,39.05,37.98,1953110,75567514,1.00968,27.714,2.601,7505384118.0,7505384118.0
688051,佳华科技,25.03,-1.997,25.54,25.8,25.93,25.03,1226399,31106873,1.58585,-16.045,3.573,1935670020.0,1935670020.0
688052,纳芯微,236.32,-1.681,240.36,241.59,244.48,235.35,1280620,305851209,0.89298,-147.7,4.991,38639559971.04,33890709571.039997
688053,ST思科瑞,39.39,0.0,39.39,39.39,39.88,39.22,432055,17074043,0.43206,-187.571,2.465,3939000000.0,3939000000.0
688055,龙腾光电,3.62,-0.822,3.65,3.67,3.7,3.6,6637106,24158578,0.19911,-58.387,3.103,12066666908.0,12066666908.0
688056,莱伯泰科,49.9,3.291,48.31,49.19,51.84,47.51,4054714,201399870,6.01122,83.167,4.168,3365877754.0,3365877754.0
688057,金达莱,18.51,-1.543,18.8,18.8,19.18,18.51,1992756,37442652,0.72201,54.266,1.614,5108760000.0,5108760000.0
688058,宝兰德,25.6,-2.365,26.22,26.48,26.58,25.51,1035051,26685856,1.36484,-25.347,3.279,1941415526.4,1941415526.4
688059,华锐精密,82.02,-3.164,84.7,85.2,86.37,81.8,2184002,182193805,1.66705,38.507,5.281,11481280579.5,10745439543.84
688060,云涌科技,36.15,-2.561,37.1,37.11,37.59,36.02,387423,14125903,0.64366,-176.514,2.478,2175894817.2000003,2175894817.2000003
688061,灿瑞科技,42.37,-3.857,44.07,44.64,44.74,42.25,1706438,73789756,1.48529,-81.481,2.162,4867863496.67,4867863496.67
688062,迈威生物,27.04,3.96,26.01,26.28,27.92,25.9,8947703,242762566,3.88625,-11.128,13.829,12079584608.0,6225689600.0
688063,派能科技,40.9,1.843,40.16,40.5,41.3,40.1,4227328,172851590,1.72291,116.857,1.078,10035193284.1,10035193284.1
688065,凯赛生物,38.64,1.152,38.2,38.2,39.2,38.15,3287904,127728382,0.5636,47.122,1.569,27870637640.16,22541727426.96
688066,*ST航图,8.8,3.529,8.5,8.6,9.0,8.41,9574257,83707527,3.14073,-1.236,-1.85,2682611861.6,2682611861.6
688067,爱威科技,24.52,-0.041,24.53,24.64,24.86,24.43,914942,22565661,1.3455,57.023,3.174,1667360000.0,1667360000.0
688068,热景生物,94.47,4.967,90.0,90.0,98.0,90.0,3484160,331925381,3.75634,-37.788,3.589,8762481338.52,8762481338.52
688069,德林海,34.72,-2.335,35.55,35.98,35.98,34.56,1080520,37851434,0.68984,38.578,4.357,5438299009.92,5438299009.92
688070,纵横股份,35.37,0.198,35.3,35.29,36.45,35.29,1594214,57024793,1.80299,294.75,5.274,3127433085.0,3127433085.0
688071,华依科技,35.19,-3.324,36.4,36.51,36.95,35.03,1930681,68947765,2.27702,-48.205,2.925,2983750387.56,2983750387.56
688072,拓荆科技,640.0,-2.54,656.68,663.0,675.0,635.73,3387770,2200617467,1.19209,192.771,14.706,186990892800.0,181879870720.0
688073,毕得医药,76.6,3.123,74.28,73.68,79.6,73.41,5238383,402914051,5.76388,43.771,3.376,6961633816.8,6961633816.8
688075,安旭生物,30.96,2.857,30.1,30.11,31.78,29.97,1295212,40325820,1.01919,56.291,0.783,3934483642.7999997,3934483642.7999997
688076,ST诺泰,29.76,1.397,29.35,29.58,29.93,29.35,2643668,78641722,0.83445,28.075,3.05,9428442999.36,9428442999.36
688077,大地熊,27.08,0.669,26.9,27.44,28.0,26.92,2554224,69999724,2.23118,54.16,2.797,3100077888.3199997,3100077888.3199997
688078,龙软科技,30.2,-1.307,30.6,31.2,31.2,29.95,1362477,41414226,1.86915,-41.37,3.328,2201368600.0,2201368600.0
688079,美迪凯,16.24,-3.448,16.82,16.96,17.45,16.1,21160908,353564195,5.21678,-41.641,5.519,6687353938.72,6587450817.92
688080,映翰通,36.65,-1.584,37.24,37.42,37.6,36.41,698605,25677028,0.94847,18.144,2.265,2699497237.8,2699497237.8
688081,兴图新科,25.02,-1.496,25.4,26.0,26.12,25.02,1196687,30491858,1.16138,-37.909,7.069,2578060800.0,2578060800.0
688082,盛美上海,294.28,-3.019,303.44,300.2,303.0,283.0,6466969,1897718280,1.34105,94.929,9.777,142804170883.92,141911518411.6
688083,中望软件,50.11,-0.772,50.5,51.0,51.5,49.75,1088618,54773775,0.6417,417.583,3.261,8500973387.06,8500973387.06
688084,晶品特装,41.05,-2.494,42.1,42.4,42.44,40.91,954840,39524542,1.26203,-178.478,2.045,3105804659.3,3105804659.3
688085,三友医疗,13.26,-0.45,13.32,13.32,13.56,13.21,2247325,30099185,0.64097,69.789,2.27,4863883998.48,4649162497.98
688087,英科再生,32.15,0.626,31.95,32.31,32.64,31.77,1153324,37049701,0.61488,21.013,2.099,6209595353.5,6030334669.5
688088,虹软科技,28.72,-1.374,29.12,29.2,29.28,28.71,2463098,71308849,0.61398,44.875,4.205,11521613888.0,11521613888.0
688089,ST嘉必优,8.42,-0.59,8.47,8.47,8.54,8.42,1012215,8563350,0.60845,9.791,0.915,1400751225.26,1400751225.26
688090,瑞松科技,77.28,-1.303,78.3,78.57,79.65,76.1,4058342,314677747,2.55688,858.667,13.061,12266072095.2,12266072095.2
688091,上海谊众,39.4,1.468,38.83,38.8,40.37,38.7,2223059,88142862,1.07548,123.125,5.464,8144123416.0,8144123416.0
688092,爱科科技,22.5,0.223,22.45,22.61,22.61,22.08,567101,12669960,0.68603,36.885,2.846,1859934150.0,1859934150.0
688093,世华科技,22.05,-0.854,22.24,22.25,22.46,21.93,942774,20836633,0.33625,14.799,2.194,6182440541.55,6182440541.55
688095,福昕软件,55.6,-1.401,56.39,57.07,57.8,55.46,1399749,78633039,1.53213,165.575,1.946,5079589534.400001,5079589534.400001
688096,京源环保,7.84,6.812,7.34,7.4,8.07,7.25,15856899,122482660,6.78353,-26.133,2.208,1832645464.16,1832645464.16
688097,博众精工,41.2,-1.811,41.96,42.44,42.67,41.09,3039600,127012685,0.67966,31.024,3.629,18425696285.600002,18425696285.600002
688098,申联生物,8.46,0.356,8.43,8.47,8.66,8.39,2383058,20360366,0.58032,-169.2,2.506,3474048240.0,3474048240.0
688099,晶晨股份,96.8,7.174,90.32,90.19,98.0,90.16,17807379,1705567730,4.2066,46.538,5.14,40977375516.0,40977375516.0
688100,威胜信息,24.61,0.943,24.38,24.48,24.75,24.15,1662107,40710164,0.33804,18.096,3.361,12100372156.750002,12100372156.750002
688101,三达膜,14.21,-0.56,14.29,14.4,14.4,14.1,1767117,25122710,0.53224,12.465,1.049,4717891457.86,4717891457.86
688102,斯瑞新材,28.73,-1.407,29.14,29.3,29.47,28.67,6124881,177709738,0.78644,143.65,10.864,22440284951.109997,22375133958.840004
688103,国力电子,75.98,-4.632,79.67,80.0,80.35,75.73,1566467,121153109,1.64345,102.676,6.412,7242076704.68,7242076704.68
688105,诺唯赞,27.24,6.865,25.49,25.43,29.16,25.08,24566593,677807691,4.7519,-681.0,3.901,14082673143.36,14082673143.36
688106,金宏气体,24.65,-2.376,25.25,25.5,25.52,24.59,9610053,239159845,1.81132,88.036,3.318,13220433237.8,13078178087.800001
688107,安路科技,28.01,-3.514,29.03,29.25,29.48,27.96,4893290,138838312,1.22073,-41.209,14.514,12614971230.39,11227790769.67
688108,赛诺医疗,14.87,1.502,14.65,14.76,15.07,14.74,5955327,88906118,1.42488,135.182,6.232,6214946240.0,6214946240.0
688109,品茗科技,68.56,-3.802,71.27,71.01,71.83,67.23,651500,44727577,0.82633,116.203,7.008,5405428088.0,5405428088.0
688110,东芯股份,113.81,-3.33,117.73,119.0,119.5,113.8,9821590,1130814907,2.22018,-252.911,12.113,50346970869.71,50346970869.71
688111,金山办公,218.8,0.876,216.9,216.32,219.88,215.68,3922588,855685255,0.84536,55.113,6.734,101526139578.00002,101526139578.00002
688112,鼎阳科技,98.0,-5.995,104.25,104.91,105.17,97.99,9607593,971763477,6.01991,108.889,9.844,15640494534.0,15640494534.0
688113,联测科技,36.95,-1.203,37.4,37.54,37.73,36.8,685914,25424660,1.06512,26.393,2.308,2379489805.05,2379489805.05
688114,华大智造,71.9,0.433,71.59,71.5,74.79,70.26,10897684,792730345,2.62192,-133.148,4.255,29947511544.499996,29884345165.6
688115,思林杰,62.09,-2.374,63.6,63.68,64.83,61.02,1867436,116412385,2.00072,-413.933,4.536,5795356420.0,5795356420.0
688116,天奈科技,33.75,0.059,33.73,33.84,34.66,33.62,7344624,250772770,2.00381,53.571,3.249,12370456721.25,12370456721.25
688117,圣诺生物,18.56,4.27,17.8,18.12,18.9,17.82,11373974,210202585,5.162,18.56,3.575,4089517248.64,4089517248.64
688118,普元信息,19.99,-1.381,20.27,20.39,20.44,19.88,1483001,29781133,1.56423,259.61,2.366,1895194188.8700001,1895194188.8700001
688119,中钢洛耐,3.81,-0.262,3.82,3.85,3.86,3.78,6534173,24874908,0.58082,-28.625,1.571,4286250000.0,4286250000.0
688120,华海清科,227.43,-2.391,233.0,235.0,238.97,226.0,6576531,1513570498,1.32516,73.841,14.268,112869287444.34001,112869287444.34001
688121,*ST卓然,1.02,-6.422,1.09,1.09,1.1,1.01,11411478,11829507,5.63066,-1.229,0.109,238286283.05999997,206720000.34
688122,西部超导,51.94,-0.345,52.12,52.11,52.2,51.68,6244785,324272537,0.96123,40.204,4.67,33743573974.179996,33743573974.179996
688123,聚辰股份,159.68,-3.94,166.23,167.97,167.97,159.01,7038653,1137645899,4.42765,69.426,8.128,25384408481.92,25384408481.92
688125,安达智能,114.1,-0.791,115.01,114.14,118.64,111.59,909080,103639912,1.10589,-86.439,5.137,9404744529.6,9379424598.6
688126,沪硅产业,23.38,-1.183,23.66,23.83,23.95,23.2,33356055,782427808,1.16727,-43.377,3.985,77271446928.34,66811106478.62
688127,蓝特光学,61.05,-1.912,62.24,62.9,63.9,61.0,4533628,282258960,1.11694,63.594,10.377,24780054585.0,24780054585.0
688128,中国电研,22.13,1.467,21.81,21.89,22.2,21.85,1267175,27979653,0.31327,16.765,2.488,8951585000.0,8951585000.0
688129,东来技术,22.61,0.089,22.59,22.89,23.63,22.5,731529,16783024,0.60718,25.122,2.566,2724025667.9999995,2724025667.9999995
688130,晶华微,25.7,-2.946,26.48,26.0,27.43,25.6,1870311,48917569,3.10244,-73.429,2.505,3106901115.8,1549326915.8000002
688131,皓元医药,99.47,1.916,97.6,97.88,101.98,96.32,5608949,560559159,2.63042,88.027,6.587,21210397518.52,21210397518.52
688132,邦彦技术,16.18,-1.939,16.5,16.7,16.7,16.0,1709043,27609674,1.12271,-11.64,2.212,2463003800.72,2463003800.72
688133,泰坦科技,22.38,2.849,21.76,21.79,23.01,21.76,5793339,130325103,3.52314,-117.789,1.357,3680099545.26,3680099545.26
688135,利扬芯片,36.5,-2.744,37.53,37.85,38.33,36.48,8629025,320412049,3.70179,-730.0,5.327,8508293846.5,8508293846.5
688136,科兴制药,24.27,2.97,23.57,24.04,25.09,23.33,12270157,299670320,6.07479,30.722,2.667,4902175950.0,4902175950.0
688137,近岸蛋白,160.39,13.47,141.35,135.7,168.03,132.5,10428439,1584774846,14.91536,-144.495,5.611,11214060286.669998,11214060286.669998
688138,清溢光电,35.96,-4.158,37.52,38.77,38.8,35.8,6593301,243160301,2.09444,57.079,3.947,11320208000.0,11320208000.0
688139,海尔生物,35.85,1.876,35.19,35.19,36.24,35.15,4546822,163494968,1.43663,44.813,2.566,11346271253.7,11346271253.7
688141,杰华特,95.0,-7.749,102.98,104.49,104.49,94.22,19304008,1885589164,4.24387,-59.375,39.644,43212503320.00001,43212503320.00001
688143,长盈通,174.67,-3.085,180.23,188.0,188.0,171.03,11368461,2023790708,9.2899,919.316,16.475,22494142685.34,21375140989.42
688146,中船特气,190.66,-1.34,193.25,195.98,196.0,190.17,7819780,1504418848,5.39404,293.323,16.8,100937647114.9,27640140735.72
688147,微导纳米,101.41,-5.224,107.0,108.3,108.99,101.04,6739358,697043312,1.45099,211.271,15.609,47101608915.229996,47101608915.229996
688148,芳源股份,5.92,0.509,5.89,5.9,6.02,5.84,10476519,62226776,2.05352,-28.19,8.181,3020224473.7599998,3020224473.7599998
688150,莱特光电,39.09,-0.938,39.46,39.5,40.5,39.01,4242737,167857459,1.05426,71.073,7.27,15731285197.650002,15731285197.650002
688151,华强科技,16.65,0.06,16.64,16.73,16.87,16.57,2039041,34108278,0.59188,138.75,1.36,5735925000.0,5735925000.0
688152,麒麟信安,40.69,-1.81,41.44,40.02,41.37,38.81,8620720,344543537,8.46014,-71.386,3.403,4146232712.44,4146232712.44
688153,唯捷创芯,25.37,-2.008,25.89,25.89,26.2,25.24,2334140,59609312,0.55819,253.7,2.518,10917041012.96,10608851986.58
688155,先惠技术,54.87,0.957,54.35,54.25,55.39,53.26,3556112,194235659,2.79218,19.596,2.882,6988234585.41,6988234585.41
688156,路德科技,22.62,-1.866,23.05,23.17,23.37,22.49,2377684,54252517,2.36082,-32.314,2.953,2278154231.34,2278154231.34
688157,松井股份,18.51,-1.908,18.87,18.89,19.06,18.42,2288142,42965838,1.21893,142.385,2.603,3474647148.96,3474647148.96
688158,优刻得,28.0,-1.926,28.55,28.99,29.16,27.99,9397525,267226504,2.29278,-175.0,5.241,12899742268.0,11476469424.0
688159,有方科技,34.97,-4.323,36.55,36.55,36.68,34.9,3447456,122697911,3.7145,116.567,3.282,3245590878.4,3245590878.4
688160,步科股份,94.7,-0.316,95.0,95.03,98.2,94.53,817585,78577801,0.89633,114.096,6.459,8638080008.199999,8638080008.199999
688161,威高骨科,21.79,0.138,21.76,21.88,22.16,21.76,1150972,25264990,0.28774,32.044,2.078,8716000000.0,8716000000.0
688162,巨一科技,25.86,0.233,25.8,25.71,26.48,25.68,1550285,40439282,1.13076,43.831,1.465,3545426041.5000005,3545426041.5000005
688163,赛伦生物,40.0,5.263,38.0,37.89,40.43,37.5,2782625,109086822,2.57127,83.333,3.864,4328800000.0,4328800000.0
688165,埃夫特,14.91,-0.6,15.0,15.05,15.59,14.86,6770885,102829106,1.29765,-15.695,6.685,7779739800.0,7779739800.0
688166,博瑞医药,35.81,4.22,34.36,34.37,36.55,34.23,12909438,459877329,2.96227,275.462,5.113,15605818627.710001,15605818627.710001
688167,炬光科技,282.88,-0.485,284.26,288.8,288.94,279.1,3803672,1079841052,2.92278,-657.86,16.191,36813712116.479996,36813712116.479996
688168,安博通,41.88,-4.797,43.99,44.24,44.42,41.62,4630222,196820259,4.2849,-20.94,4.687,4525511129.400001,4525511129.400001
688169,石头科技,118.76,3.486,114.76,114.8,119.4,113.82,4912784,577739046,1.89268,22.45,2.124,30826269077.76,30826269077.76
688170,德龙激光,64.16,-0.604,64.55,64.89,67.6,63.8,3381468,221284308,3.27154,256.64,5.439,6631577600.0,6631577600.0
688171,纬德信息,23.99,0.335,23.91,23.95,25.0,23.51,3263367,79042570,2.79276,171.357,3.44,2803249732.4,2803249732.4
688172,燕东微,42.43,-3.678,44.05,44.46,44.55,42.23,5790726,248995999,0.48306,-136.871,3.345,60573835855.71001,50863136929.73
688173,希荻微,12.73,-4.069,13.27,13.35,13.43,12.66,7221434,93079939,1.75517,-45.464,3.525,5287163579.08,5237595734.22
688175,高凌信息,28.99,3.278,28.07,27.8,29.49,26.71,11487581,323593328,6.83329,-90.594,2.853,4873569779.0,4873569779.0
688176,亚虹医药,14.6,6.182,13.75,13.76,15.16,13.76,22926418,336593565,4.00677,-19.73,6.17,8354005652.8,8354005652.8
688177,百奥泰,21.03,4.057,20.21,20.01,21.34,20.01,4997608,104723464,1.20692,-26.288,70.264,8708102400.0,8708102400.0
688178,万德斯,28.85,-2.369,29.55,29.68,30.07,28.8,593936,17386541,0.69877,-21.209,2.668,2452187799.4,2452187799.4
688179,阿拉丁,22.56,-0.044,22.57,22.5,23.84,22.28,22861422,527609446,6.30198,72.774,6.067,8183999425.92,8183999425.92
688180,君实生物,35.66,2.061,34.94,34.95,36.59,34.7,18107133,650932138,2.36264,-40.989,6.16,36611760799.86,27329616137.859997
688181,八亿时空,42.3,-2.982,43.6,44.31,46.0,42.21,6867102,301528619,5.16208,68.226,2.701,5627163120.3,5627163120.3
688182,灿勤科技,26.07,-3.122,26.91,26.98,27.38,26.05,3689351,97992615,0.92234,86.9,4.554,10428000000.0,10428000000.0
688183,生益电子,108.0,-2.262,110.5,112.53,112.7,107.5,7890433,859315266,0.94204,60.0,14.267,92908195236.00002,90459853272.0
688184,ST帕瓦,10.67,-1.112,10.79,10.78,10.85,10.6,332340,3550527,0.33854,-2.447,1.52,1672287055.78,1047451855.7800001
688185,康希诺,102.64,20.005,85.53,86.44,102.64,85.67,10661744,1065144349,9.32191,933.091,5.094,25356575734.640003,11739234558.64
688186,广大特材,14.11,-0.423,14.17,14.24,14.35,14.03,2826635,40033508,1.00775,15.854,0.861,3957704813.16,3957704813.16
688187,时代电气,44.6,0.745,44.27,44.53,44.75,44.14,1632480,72790144,0.18788,14.916,1.4,59349372175.200005,38753275035.2
688188,柏楚电子,97.97,3.126,95.0,95.02,98.67,95.02,2590966,252890628,0.63887,25.381,6.267,39732452893.71,39732452893.71
688189,ST南新,6.44,0.468,6.41,6.4,6.47,6.37,1729596,11108728,0.63395,-12.908,2.251,1757021426.16,1757021426.16
688190,云路股份,65.78,-2.026,67.14,67.18,67.7,65.39,552109,36652794,0.46009,26.814,2.943,7893600000.0,7893600000.0
688191,智洋创新,19.45,-2.75,20.0,20.0,20.29,19.44,3649310,72196650,1.11259,72.037,7.624,6379653254.1,6379653254.1
688192,迪哲医药,58.01,3.923,55.82,57.3,60.0,55.57,8285178,478891541,1.79638,-33.924,23.879,26984270494.420002,26755029476.92
688193,仁度生物,52.19,4.464,49.96,50.37,55.06,49.96,993614,51949230,2.4797,200.731,2.365,2091246515.3,2091246515.3
688195,腾景科技,180.9,-0.188,181.24,187.5,189.89,180.62,5904963,1089901612,3.26079,328.909,31.435,32759181000.0,32759181000.0
688196,卓越新能,30.1,-1.73,30.63,30.85,31.39,30.05,2090921,63875487,1.64392,23.516,1.232,3828442929.4999995,3828442929.4999995
688197,首药控股,37.7,0.106,37.66,37.99,39.08,37.25,2048173,78328512,3.20003,-43.333,9.056,5606719231.099999,2412984051.4
688198,佰仁医疗,68.58,0.263,68.4,68.77,69.68,68.0,399578,27472784,0.29008,48.638,7.535,9446766961.140001,9446766961.140001
688199,久日新材,25.1,-0.908,25.33,25.78,26.3,24.9,4806357,123117860,2.98111,147.647,1.551,4046804000.1,4046804000.1
688200,华峰测控,374.0,-6.263,398.99,399.01,401.66,370.0,5236919,1989486065,2.60391,94.444,10.328,75217913958.0,75217913958.0
688201,ST信安,7.69,-0.13,7.7,7.69,7.75,7.59,1845606,14126723,0.58193,118.673,1.918,2438912845.04,2438912845.04
688202,美迪西,107.64,3.54,103.96,104.92,111.17,102.38,8079061,868135862,6.01335,-84.756,7.221,14461669085.76,14461669085.76
688203,海正生材,18.95,-7.108,20.4,20.35,20.41,18.77,21480858,415467961,10.59851,379.0,2.569,3840749388.6,3840749388.6
688205,德科立,209.0,0.874,207.19,214.88,217.98,208.0,8502037,1798502329,5.33922,464.444,13.565,33280634992.0,33280634992.0
688206,概伦电子,34.34,-2.388,35.18,35.55,35.59,34.01,3191787,110413714,0.73109,429.25,9.087,18235022477.0,14992117193.9
688207,格灵深瞳,19.47,-0.966,19.66,19.77,19.97,19.3,6709740,130985803,2.5909,-26.671,2.043,5042207172.09,5042207172.09
688208,XD道通科,24.85,-0.161,24.89,25.0,25.3,24.84,2910284,72913971,0.43425,17.5,4.453,16654132313.349998,16654132313.349998
688209,英集芯,31.79,-2.004,32.44,32.65,33.2,31.6,9790896,315481646,2.25709,77.537,5.946,13789994917.71,13789994917.71
688210,统联精密,27.19,-0.947,27.45,27.88,27.88,26.72,1941380,52774308,1.19352,-906.333,3.563,4422739212.5199995,4422739212.5199995
688211,中科微至,31.85,-1.758,32.42,32.5,32.55,31.8,720974,23151044,0.54997,-43.63,1.178,4175307654.7,4175307654.7
688212,澳华内镜,28.12,1.042,27.83,28.17,28.9,27.86,1779205,50466358,1.32121,312.444,3.097,3786786830.0,3786786830.0
688213,思特威,97.88,4.117,94.01,94.4,98.61,94.4,8348275,815700292,2.58053,39.309,7.297,39377787137.0,31665107510.879997
688215,瑞晟智能,43.28,-1.547,43.96,44.16,44.27,42.68,935549,40617908,1.03546,75.93,7.829,3910402576.08,3910402576.08
688216,气派科技,37.88,-7.043,40.75,40.99,41.0,37.77,6985564,271918020,6.57516,-53.352,5.733,4333635679.48,4024436391.48
688217,睿昂基因,25.65,-0.117,25.68,25.41,25.86,25.16,984788,25100776,1.76309,-28.187,1.721,1432703732.3999999,1432703732.3999999
688218,江苏北人,41.0,7.753,38.05,38.71,41.31,38.05,5169579,206929758,4.43835,-59.42,5.417,4775488858.0,4775488858.0
688219,会通股份,10.19,0.197,10.17,10.21,10.34,10.18,2762979,28312156,0.50361,26.816,1.854,5590574346.0,5590574346.0
688220,翱捷科技,90.22,-3.549,93.54,94.07,94.09,89.89,5857507,534251643,1.40031,-93.979,6.458,37739106205.58,37739106205.58
688221,前沿生物,16.87,2.741,16.42,16.42,17.3,16.36,14619284,247070499,3.90286,-23.431,6.112,6319141876.110001,6319141876.110001
688222,成都先导,44.69,2.312,43.68,43.5,46.22,42.81,27817271,1256228417,6.93399,165.519,11.751,17928408409.899998,17928408409.899998
688223,晶科能源,3.83,2.406,3.74,3.76,3.87,3.75,78341287,298691095,0.76507,-5.551,1.687,39218016518.509995,39218016518.509995
688225,亚信安全,15.7,-3.563,16.28,15.99,16.02,15.01,14789642,229523030,3.69732,-13.613,4.308,6280157000.0,6280157000.0
688226,威腾电气,30.49,2.419,29.77,30.36,32.2,30.0,8630667,268810454,4.57192,190.563,2.973,5978654273.58,5755765604.8
688227,品高股份,70.31,-3.724,73.03,73.4,74.03,70.05,2239708,159710317,1.98107,-152.848,6.281,7948916385.25,7948916385.25
688228,开普云,89.6,-1.754,91.2,91.5,93.8,89.28,2632311,241382401,3.89679,-527.059,4.994,6052548096.0,6052548096.0
688229,博睿数据,58.45,-3.164,60.36,61.15,61.32,58.13,495483,29165874,1.11595,-26.329,7.597,2595180000.0,2595180000.0
688230,芯导科技,58.0,-1.861,59.1,59.4,60.29,57.82,726356,42627350,0.61765,64.444,2.971,6820800000.0,6820800000.0
688231,隆达股份,31.31,-3.065,32.3,32.31,32.9,31.24,2487838,79237599,0.77847,101.0,3.509,10006027538.59,10006027538.59
688232,新点软件,17.66,0.0,17.66,17.74,17.8,17.49,1690391,29856551,0.525,160.545,1.086,5686201678.5,5686201678.5
688233,神工股份,87.92,-5.412,92.95,93.9,93.9,87.8,4739733,425026310,2.78307,146.533,7.843,14973280309.119999,14973280309.119999
688234,天岳先进,104.39,-4.229,109.0,109.52,109.79,104.3,6904703,731778046,1.60682,-222.106,7.116,50589329808.16,44857535883.16
688235,百济神州,264.41,1.908,259.46,258.03,267.37,257.57,3233294,854794848,2.81021,256.709,11.511,407795624708.21,30421761296.600002
688236,春立医疗,14.23,0.85,14.11,14.08,14.43,14.08,1307777,18720513,0.45342,20.042,1.791,5458179754.999999,4104330440.0
688237,超卓航科,58.93,0.908,58.4,58.8,59.1,57.95,956443,56070959,1.06648,420.929,4.34,5284957431.36,5284957431.36
688238,和元生物,8.85,3.63,8.54,8.57,9.33,8.49,56095651,504073688,8.66432,-23.919,4.391,5743974795.0,5729782935.0
688239,航宇科技,51.85,-2.17,53.0,53.5,53.8,51.6,3969658,208197025,2.0793,52.908,4.417,9898831376.2,9898831376.2
688244,永信至诚,22.54,6.121,21.24,21.48,22.56,19.74,22226852,473563360,14.72352,-70.438,3.708,3402672638.2599998,3402672638.2599998
688246,嘉和美康,17.69,1.086,17.5,17.57,17.95,17.44,2417588,42694539,1.75715,-9.72,1.988,2433889228.62,2433889228.62
688247,宣泰医药,10.09,2.229,9.87,9.89,10.33,9.82,7552306,76257403,1.66593,91.727,3.468,4574200600.0,4574200600.0
688248,南网科技,49.76,0.729,49.4,49.89,51.3,49.04,3697893,185560916,0.65484,66.347,8.478,28099472000.0,28099472000.0
688249,晶合集成,32.81,-3.727,34.08,34.66,34.7,32.66,14262130,474525589,0.71036,91.139,3.148,73323368360.09999,65873729901.1
688251,井松智能,18.45,-2.07,18.84,18.98,19.1,18.39,1505324,28170628,1.50678,59.516,2.285,1856115479.25,1843215700.5
688252,天德钰,20.4,-2.252,20.87,20.84,21.08,20.24,3024419,62147986,0.73943,35.789,3.327,8344035356.400001,8344035356.400001
688253,英诺特,54.32,-0.055,54.35,55.38,55.38,54.01,738371,40266406,0.53517,51.245,3.694,7494437186.88,7494437186.88
688255,凯尔达,25.98,-1.851,26.47,26.59,26.62,25.9,1269277,33252850,1.15537,103.92,2.67,2854133442.6,2854133442.6
688256,寒武纪,1009.01,-3.536,1046.0,1044.04,1052.0,998.8,8588771,8691555481,1.36578,204.667,46.809,634519982612.08,634519982612.08
688257,新锐股份,53.58,-3.494,55.52,55.6,56.14,53.37,8862453,482220846,2.49462,59.421,6.632,19035006488.82,19035006488.82
688258,卓易信息,83.0,-2.318,84.97,86.25,86.25,82.56,1748406,146156529,1.44327,125.758,10.132,10054805671.0,10054805671.0
688259,创耀科技,31.99,-2.201,32.71,32.86,33.26,31.93,1153641,37289810,1.0328,45.056,2.27,3573283000.0,3573283000.0
688260,昀冢科技,97.12,-3.651,100.8,102.59,102.59,96.57,3561257,351750613,2.96771,-61.317,83.53,11654400000.0,11654400000.0
688261,东微半导,72.72,-2.975,74.95,76.0,76.5,72.51,3160333,232848839,2.58839,191.368,2.949,8918768179.44,8878863952.08
688262,国芯科技,27.05,-3.942,28.16,28.52,28.56,27.02,7980941,219323923,2.37528,-35.13,4.738,9088797646.65,9088797646.65
688265,南模生物,64.98,19.867,54.21,54.99,65.05,54.0,6711332,412269918,8.6083,154.714,2.949,5066069074.74,5066069074.74
688266,泽璟制药,110.0,3.131,106.66,106.1,113.68,105.12,5086056,562524600,1.92138,-177.419,16.924,29117900460.0,29117900460.0
688267,中触媒,21.7,-0.504,21.81,21.97,22.04,21.47,1346101,29228138,0.59004,18.39,1.723,4950557579.8,4950557579.8
688268,华特气体,120.85,-2.027,123.35,125.49,125.49,120.32,2129300,259680456,1.66766,106.947,5.801,15430374292.3,15430374292.3
688269,凯立新材,26.48,-0.226,26.54,27.0,27.0,26.1,919198,24286920,0.70327,31.904,3.246,3461041920.0,3461041920.0
688270,ST臻镭,53.2,-1.754,54.15,54.3,54.7,53.13,2518055,135431667,0.84071,85.806,6.836,15934179007.6,15934179007.6
688271,联影医疗,107.37,2.16,105.1,104.63,107.78,104.43,5361127,571186041,0.6505,47.092,4.017,88489843171.56,88489843171.56
688272,富吉瑞,28.33,-1.598,28.79,28.9,30.16,28.28,1041164,30046337,1.36995,-26.231,5.582,2153080000.0,2153080000.0
688273,麦澜德,29.5,0.272,29.42,29.44,30.0,29.33,760084,22549814,0.76008,28.117,2.209,2950000000.0,2950000000.0
688275,万润新能,68.33,0.044,68.3,68.3,69.49,66.87,3408832,233210165,2.7477,-18.368,1.535,8617674576.789999,8477100976.04
688276,百克生物,17.95,2.571,17.5,17.53,18.33,17.4,4555303,82250882,1.10123,-28.047,1.957,7425153884.1,7425153884.1
688277,天智航,15.64,1.034,15.48,15.52,15.94,15.32,5950124,93556335,1.27563,-39.1,6.114,7295197594.76,7295197594.76
688278,特宝生物,52.89,3.301,51.2,51.08,53.33,51.04,3074870,161713652,0.75329,20.905,6.956,21589141597.199997,21589141597.199997
688279,峰岹科技,199.31,-2.457,204.33,205.5,205.5,198.28,920058,184650352,0.98341,92.273,4.384,22943387284.8,18647060924.8
688280,精进电动,4.93,-1.4,5.0,5.02,5.05,4.91,7126960,35374943,1.36914,19.72,5.209,2909792818.31,2566282634.85
688281,华秦科技,48.47,-1.584,49.25,49.4,50.37,48.36,2546482,125352956,0.66732,42.894,3.823,18496100864.15,18496100864.15
688282,理工导航,50.38,-0.709,50.74,51.18,51.5,50.31,365399,18585442,0.41007,-458.0,3.494,4489220736.0,4489220736.0
688283,坤恒顺维,28.84,-2.204,29.49,29.67,29.83,28.5,2436488,70627914,2.0004,73.949,3.638,3512712000.0,3512712000.0
688285,高铁电气,7.6,-0.913,7.67,7.68,7.74,7.58,1286851,9828363,0.34198,55.556,1.665,2859803338.7999997,2859803338.7999997
688286,敏芯股份,51.37,-2.966,52.94,53.8,54.0,50.32,5434348,279501393,6.93922,79.031,3.883,4022965573.77,4022965573.77
688288,鸿泉技术,19.48,-1.467,19.77,19.95,20.01,19.45,1066691,20968441,1.06868,64.933,2.635,1944370953.9199998,1944370953.9199998
688289,圣湘生物,16.72,2.766,16.27,16.45,16.9,16.33,6385729,106839912,1.11068,49.176,1.374,9612960082.880001,9612960082.880001
688290,景业智能,56.48,-0.563,56.8,56.8,58.3,56.42,503199,28736889,0.49242,-176.5,4.562,5771675046.719999,5771675046.719999
688291,金橙子,39.36,-2.959,40.56,40.74,41.0,39.28,1244151,49742053,1.21183,106.378,3.943,4040961312.0,4040961312.0
688292,浩瀚深度,22.05,-2.863,22.7,22.8,22.94,21.74,6352149,140399040,4.01144,-1102.5,3.659,3491638469.55,3491638469.55
688293,奥浦迈,79.61,6.773,74.56,74.12,82.12,73.68,8067846,633336718,6.88584,215.162,3.604,11320080182.390001,9327561217.78
688295,中复神鹰,35.6,1.079,35.22,35.48,35.91,35.26,2722916,97247850,0.30255,323.636,6.728,32040000000.0,32040000000.0
688296,和达科技,25.6,1.547,25.21,26.0,26.79,24.85,6823232,175776183,6.35351,-39.385,4.915,2749264895.9999995,2749264895.9999995
688297,中无人机,41.79,0.82,41.45,41.48,42.0,41.2,4300030,179214827,0.63704,321.462,5.084,28208250000.0,28208250000.0
688298,东方生物,19.37,2.378,18.92,19.1,19.63,18.9,2085650,40491600,1.03455,-6.5,0.679,3904992000.0,3904992000.0
688299,长阳科技,13.15,-1.053,13.29,13.36,13.45,13.12,3517314,46512119,1.22387,-25.784,1.924,3779216556.1000004,3779216556.1000004
688300,联瑞新材,144.3,-2.946,148.68,149.95,151.57,143.1,6197446,908273486,2.56656,119.256,20.105,34844004117.0,34844004117.0
688301,奕瑞科技,83.2,-0.621,83.72,84.65,85.1,82.66,3347040,279677980,1.06795,26.0,3.379,26075661664.0,26075661664.0
688302,海创药业,33.34,3.252,32.29,32.68,33.8,32.25,1630228,54336860,1.64644,-23.986,3.277,3301180037.32,3301180037.32
688303,大全能源,15.99,1.847,15.7,15.71,16.16,15.63,11220811,178077165,0.5262,-30.17,0.912,34097760579.87,34097760579.87
688305,科德数控,54.4,-0.911,54.9,55.19,55.41,54.33,1011417,55316949,0.76499,81.388,3.785,7211188003.200001,7192429523.200001
688306,均普智能,9.88,-0.403,9.92,9.94,10.15,9.83,10690057,106586949,0.87033,978.218,7.037,12135434064.0,12135434064.0
688307,中润光学,43.93,-2.029,44.84,44.15,46.19,43.93,2348832,105490006,1.87816,61.873,6.014,5493912158.0,5493912158.0
688308,欧科亿,77.11,-4.092,80.4,81.11,82.77,77.05,4328540,341122943,2.72609,118.631,4.08,12243657503.88,12243657503.88
688309,恒誉科技,74.0,0.393,73.71,73.58,74.65,72.68,956887,70697186,1.20513,177.076,6.998,5875693906.0,5875693906.0
688310,迈得医疗,15.22,-2.436,15.6,15.69,15.78,15.22,1153725,17794224,0.7021,38.05,3.224,2501020412.0,2501020412.0
688311,盟升电子,23.83,-1.407,24.17,24.4,24.4,23.76,2055315,49322437,1.17375,-238.3,2.374,4172799595.5299997,4172799595.5299997
688312,燕麦科技,47.07,-5.728,49.93,50.18,50.94,46.96,8187710,397085458,5.564,49.547,4.667,6926589568.53,6926589568.53
688313,仕佳光子,154.48,0.507,153.7,155.95,156.42,152.46,12383543,1913895713,2.7398,187.59,40.667,69822847949.44,69822847949.44
688314,康拓医疗,30.2,-1.243,30.58,30.75,30.94,30.19,706570,21526779,0.86559,24.959,3.306,2465173814.4,2465173814.4
688315,诺禾致源,19.77,4.603,18.9,18.69,21.17,18.57,30215584,600089627,7.25987,48.22,3.069,8228274000.0,8228274000.0
688316,青云科技,44.4,-3.057,45.8,46.4,46.7,44.31,1235517,55554732,2.57947,-31.865,68.213,2126676927.6000001,2126676927.6000001
688317,之江生物,19.5,7.735,18.1,18.22,21.28,18.02,10284911,202672503,5.41757,-102.632,1.135,3701952383.9999995,3701952383.9999995
688318,财富趋势,74.56,-3.043,76.9,77.89,77.89,74.0,3918568,294972450,1.09284,60.618,6.98,26734774905.6,26734774905.6
688319,欧林生物,31.18,0.581,31.0,31.17,32.64,31.01,6806028,216698427,1.6788,567.942,14.541,12640661974.0,12640661974.0
688320,禾川科技,35.13,-3.09,36.25,36.99,36.99,35.1,2938209,105137937,1.94566,-39.92,4.275,5305110156.84,5305110156.84
688321,微芯生物,25.22,1.204,24.92,24.85,25.85,24.85,8068655,205037937,1.82161,201.76,4.604,11170988211.24,11170988211.24
688322,奥比中光,84.4,-0.823,85.1,86.0,87.38,84.14,3879360,331287834,1.2113,263.75,8.725,34843251380.8,27030264044.8
688323,瑞华泰,23.47,-2.775,24.14,24.17,24.72,23.26,7211309,171959219,3.59849,-46.02,3.881,4703347795.889999,4703347795.889999
688325,赛微微电,107.5,-1.376,109.0,108.98,111.66,107.5,680273,74132741,0.82777,92.172,5.504,9295140902.5,8834497812.5
688326,经纬恒润,56.5,0.071,56.46,56.45,57.33,56.2,674214,38175229,0.60401,63.483,1.822,6776176080.0,6306728936.5
688327,云从科技,9.7,-0.103,9.71,9.72,9.78,9.63,9679121,93942852,1.15936,-17.963,13.955,10087760691.3,8098218135.3
688328,深科达,71.51,-4.641,74.99,75.0,75.29,71.3,3306176,241071827,3.47812,275.038,7.745,6797475655.45,6797475655.45
688329,艾隆科技,23.95,0.377,23.86,23.72,24.58,23.72,1669607,40321432,2.1627,95.8,2.391,1848940000.0,1848940000.0
688330,宏力达,36.7,-0.407,36.85,36.84,37.8,36.6,1110916,41144515,0.79351,7.983,1.114,5138000000.0,5138000000.0
688331,荣昌生物,117.34,0.574,116.67,116.0,120.42,113.68,6898354,808978671,1.9383,90.961,7.967,66235787855.22,41760865270.96
688332,中科蓝讯,85.6,-2.539,87.83,87.88,88.78,85.2,4377624,377240585,2.45265,7.285,2.683,15278344761.6,15278344761.6
688333,铂力特,97.9,-3.069,101.0,101.39,101.5,97.49,6793325,672443155,2.4764,129.893,5.122,26856140834.6,26856140834.6
688334,西高院,17.98,0.223,17.94,18.05,18.16,17.92,1152494,20812644,0.36919,22.884,1.908,5692098798.68,5612835820.62
688335,复洁科技,17.46,0.46,17.38,17.39,17.67,17.21,2106295,36890164,1.42284,249.429,2.323,2584683976.32,2584683976.32
688336,三生国健,41.43,1.844,40.68,40.83,42.19,39.91,10092393,417058237,1.1261,8.815,4.366,37130619523.47,37130619523.47
688337,普源精电,47.8,-3.9,49.74,49.74,50.33,47.41,9911544,481434297,5.32653,108.636,3.354,10452742292.6,8894564441.2
688338,赛科希德,31.75,0.253,31.67,31.94,32.47,31.6,1699446,54429625,1.6011,37.353,1.976,3370021200.0,3370021200.0
688339,亿华通,20.42,2.51,19.92,20.21,20.49,19.52,9753051,196030047,4.98146,-6.673,2.618,4911665094.0199995,3997972969.98
688343,云天励飞,60.0,-4.046,62.53,62.93,63.0,59.92,6646806,404087693,1.84837,-50.847,6.052,21576202799.999996,21576202799.999996
688345,博力威,46.94,-0.297,47.08,47.45,48.08,46.61,1269157,60147962,1.25181,83.821,3.772,4781887639.6,4759065411.6
688347,华虹宏力,207.92,-5.103,219.1,219.5,221.05,207.19,13627186,2875397374,3.34204,945.091,8.48,400972637568.48,84779380000.0
688348,昱能科技,30.47,0.994,30.17,30.18,30.56,29.92,827750,25047229,0.52967,-35.023,1.459,4761773444.45,4761773444.45
688349,三一重能,13.24,0.838,13.13,13.15,13.34,13.1,6221484,82291391,0.39724,22.536,1.51,21095772016.2,20736330377.8
688350,富淼科技,29.0,-0.753,29.22,29.19,29.85,28.91,1407808,41392412,0.9828,223.077,2.25,4154094212.0,4154094212.0
688351,微电生理,17.06,0.53,16.97,17.1,17.38,16.99,2298589,39486460,0.48844,157.235,4.426,8028436000.0,8028436000.0
688352,颀中科技,17.18,-5.76,18.23,18.3,18.33,17.17,15979495,282508439,4.36101,78.091,3.544,20436876114.46,6295053199.76
688353,华盛锂电,80.57,2.052,78.95,80.0,82.28,78.75,2816767,227279906,1.766,895.222,3.52,12850915000.0,12850915000.0
688355,明志科技,16.7,-1.649,16.98,16.98,17.1,16.66,705804,11888811,0.5694,25.692,1.953,2070066402.4,2070066402.4
688356,键凯科技,106.41,11.087,95.79,96.0,110.65,94.0,8162817,860539935,13.45874,104.324,4.967,6453840987.0,6453840987.0
688357,建龙微纳,26.31,-2.121,26.88,27.02,27.18,26.07,678972,17960642,0.67857,26.847,1.513,2632575311.25,2632575311.25
688358,祥生医疗,28.95,0.173,28.9,28.99,29.21,28.84,499233,14493034,0.44584,27.837,2.373,3246036496.35,3241693996.35
688359,三孚新科,105.0,-0.943,106.0,107.73,108.88,103.81,3456130,366861314,3.46722,-210.0,14.528,10466415435.0,10466415435.0
688360,德马科技,15.77,-1.622,16.03,16.21,16.39,15.72,3764751,60316530,1.42742,43.806,2.776,4159269168.5899997,4159269168.5899997
688361,中科飞测,349.09,-1.587,354.72,356.63,367.12,345.74,5327145,1882340460,1.51317,1939.389,24.182,122897717829.39,122897717829.39
688362,甬矽电子,54.09,-4.771,56.8,57.14,57.52,53.53,12651444,693973248,2.78617,270.45,6.412,24561162859.5,24561162859.5
688363,华熙生物,34.81,2.082,34.1,34.14,35.13,34.13,3696839,128625158,0.76749,57.066,2.365,16767219604.02,16767219604.02
688365,光云科技,15.46,-2.461,15.85,15.95,16.26,15.43,11356025,178004308,2.66392,-257.667,6.836,6590453974.64,6590453974.64
688366,昊海生科,30.38,0.93,30.1,30.37,30.65,29.81,556015,16899200,0.28653,28.13,1.311,6951922084.099999,5895295354.900001
688367,工大高科,29.17,-1.619,29.65,29.77,29.81,29.0,737012,21632506,0.8411,265.182,4.335,2556009582.0,2556009582.0
688368,晶丰明源,120.73,-4.952,127.02,127.47,128.16,120.12,3475806,426984697,2.73788,301.825,4.898,24605606071.16,15326958784.990002
688369,致远互联,19.49,-1.166,19.72,19.72,19.92,19.3,2568785,50116890,2.2295,-9.697,3.066,2245600203.79,2245600203.79
688370,丛麟科技,28.65,-0.07,28.67,29.5,29.98,28.12,1551183,45179299,1.13136,168.529,1.496,3928140733.3500004,3928140733.3500004
688371,菲沃泰,21.81,-3.751,22.66,22.83,22.89,21.73,4558076,101459438,1.3587,242.333,3.823,7316652084.360001,7316652084.360001
688372,伟测科技,99.85,-3.48,103.45,105.0,105.0,99.74,4897864,496341770,2.8982,48.946,3.991,16874303520.500002,16874303520.500002
688373,盟科药业,5.78,0.873,5.73,5.73,5.91,5.66,10717220,62300109,1.63315,-15.622,23.278,3793000036.4,3793000036.4
688375,国博电子,64.02,-1.81,65.2,65.31,65.8,63.34,2692775,173271314,0.4518,75.318,6.046,38156873898.0,38156873898.0
688376,美埃科技,55.97,-2.15,57.2,57.26,58.3,55.62,952782,54004161,0.70445,62.189,3.799,7570051305.68,7570051305.68
688377,迪威尔,16.74,-0.416,16.81,16.92,17.19,16.64,1972724,33271847,0.84459,27.0,2.074,3909983009.58,3909983009.58
688378,奥来德,45.1,-2.105,46.07,46.6,48.5,44.91,8856383,412423088,3.38773,155.517,5.614,11790274896.4,11790274896.4
688379,华光新材,52.4,-6.127,55.82,56.02,56.45,51.9,3409265,183202348,3.58951,24.037,3.48,4976876596.400001,4976876596.400001
688380,中微半导,39.33,-3.223,40.64,40.58,41.0,39.22,5195960,206949649,1.29781,55.394,4.878,15746355450.0,15746355450.0
688381,帝奥微,41.4,-2.035,42.26,43.47,43.58,41.28,6535563,276101382,2.64063,-147.857,3.853,10246500000.0,10246500000.0
688382,益方生物,19.07,4.78,18.2,18.22,19.49,18.1,16437006,312449022,2.83596,-34.806,7.833,11052819516.28,11052819516.28
688383,新益昌,125.8,-2.481,129.0,131.99,132.5,125.68,1510559,193889625,1.48609,-99.841,9.979,12787129700.0,12787129700.0
688385,复旦微电,56.18,-2.33,57.52,57.69,57.9,56.02,8066472,456114340,1.49548,200.643,6.626,46276547465.0,30302888065.0
688386,泛亚微透,45.31,-4.126,47.26,47.3,47.88,45.3,2007638,92519169,2.01552,38.076,3.018,4513281886.98,4513281886.98
688387,信科移动,11.46,-0.261,11.49,11.58,11.68,11.33,19803559,227797811,0.57926,-143.25,6.58,39178875000.0,39178875000.0
688388,嘉元科技,27.05,-3.737,28.1,28.3,28.45,27.01,22298984,613285715,3.37911,208.077,2.138,17850492654.35,17850492654.35
688389,普门科技,11.38,1.066,11.26,11.3,11.47,11.25,2637463,29999929,0.61553,26.465,2.347,4876167607.4,4876167607.4
688390,固德威,55.36,1.022,54.8,55.0,56.03,54.84,4607286,255178138,1.89504,98.857,4.397,13459296532.16,13459296532.16
688391,钜泉科技,26.16,-1.096,26.45,26.79,26.85,25.87,1039455,27241531,0.899,70.172,1.639,3024711283.2000003,3024711283.2000003
688392,骄成超声,156.44,-3.193,161.6,162.52,163.28,153.12,2613648,411218917,2.25834,150.423,9.57,18105326838.4,18105326838.4
688393,安必平,22.45,0.944,22.24,22.38,23.28,22.2,2752641,62519923,2.94187,-44.9,1.847,2100594842.55,2100594842.55
688395,正弦电气,26.2,-0.494,26.33,26.55,27.09,26.2,1142311,30356271,1.3191,56.957,2.866,2268860264.0,2268860264.0
688396,华润微,55.1,-3.146,56.89,57.37,57.6,54.91,11503626,640200978,0.8661,110.665,3.118,73184408468.0,73184408468.0
688398,赛特新材,22.13,-2.981,22.81,22.81,23.48,22.1,1319335,29940381,0.78619,158.071,3.635,3713728356.65,3713728356.65
688399,硕世生物,27.54,2.838,26.78,27.11,28.16,26.75,1623456,44972088,1.30787,-56.204,1.161,3418544248.3799996,3418544248.3799996
688400,凌云光,41.57,-2.211,42.51,42.32,43.11,41.47,5615066,236709060,1.18026,118.771,2.52,19776912742.649998,19776912742.649998
688401,路维光电,64.0,-2.558,65.68,66.3,66.5,63.74,2958024,191172916,1.52988,48.855,7.854,13143662592.0,12374372800.0
688403,汇成股份,21.1,-5.169,22.25,22.28,22.45,20.92,40762212,872310955,4.10455,111.053,4.65,20954371408.1,20954371408.1
688408,中信博,22.98,1.997,22.53,22.65,23.17,22.49,2470705,56434216,1.12784,-459.6,1.296,5034134060.28,5034134060.28
688409,富创精密,170.1,-4.855,178.78,180.79,181.08,168.6,4517503,782415830,1.47529,-5670.0,11.244,52086452147.1,52086452147.1
688410,XD山外山,9.38,2.964,9.11,9.21,9.49,9.18,8762117,82088083,1.95827,20.44,2.317,4196995360.6,4196995360.6
688411,海博思创,158.86,2.556,154.9,155.5,160.48,154.65,2147307,338792742,1.6197,29.31,5.602,28984775246.96,21060749485.36
688416,恒烁股份,72.63,-3.967,75.63,76.01,77.0,72.51,3718741,276261168,3.44709,-60.025,5.472,7835374805.22,7835374805.22
688418,震有科技,28.85,-3.382,29.86,30.1,30.28,28.75,2844252,83515774,1.47711,-83.72,7.595,5555201190.900001,5555201190.900001
688419,耐科装备,47.48,-4.023,49.47,50.0,50.79,47.12,2047645,99575402,1.78753,67.829,5.222,5438913244.12,5438913244.12
688420,美腾科技,22.9,0.527,22.78,23.08,23.15,22.62,682706,15590422,0.77203,-327.143,1.442,2025047000.0,2025047000.0
688425,铁建重工,3.95,0.509,3.93,3.93,3.97,3.92,11178581,44131455,0.20959,14.107,1.13,21067313150.0,21067313150.0
688426,康为世纪,22.58,6.359,21.23,21.34,23.29,21.22,4178847,92979742,3.72355,-23.112,1.927,2540108107.28,2534098485.44
688428,诺诚健华,29.11,0.796,28.88,29.02,30.16,28.72,14151890,416199304,5.17618,76.605,6.716,51515621726.28999,7958787645.440001
688429,时创能源,9.93,-0.201,9.95,10.05,10.05,9.79,931410,9267645,0.23285,-11.964,3.513,3972007944.0,3972007944.0
688432,有研硅,47.09,-4.211,49.16,49.9,49.98,47.02,41784023,1998824494,3.34191,279.964,12.902,58876714493.22,58876714493.22
688433,华曙高科,78.78,-2.717,80.98,81.35,81.92,78.58,3160111,251546123,0.75915,463.412,15.302,32793777463.98,32793777463.98
688435,英方软件,29.74,-2.364,30.46,30.79,30.85,29.7,1743581,52457218,3.11086,-165.222,2.308,2483290000.0,1666871981.0
688439,振华风光,36.7,-0.918,37.04,37.28,37.32,36.66,1468859,54147540,0.73443,43.166,1.472,7340000000.0,7340000000.0
688443,智翔金泰,25.3,4.805,24.14,24.29,25.62,24.14,5602509,141244595,3.90718,-17.329,7.239,9277004000.0,3627767000.0
688448,磁谷科技,67.29,3.221,65.19,65.31,67.5,64.33,2151735,142997492,2.20648,480.643,6.396,6562049472.6,6562049472.6
688449,联芸科技,55.8,-3.276,57.69,57.16,58.33,55.55,4574653,258208218,1.56023,180.0,10.554,25668000000.0,16360790733.0
688450,光格科技,31.34,-2.55,32.16,32.42,32.76,31.2,1185155,37660974,2.42211,-31.03,2.229,2068440000.0,1533487260.48
688455,科捷智能,17.37,-1.195,17.58,17.7,17.9,17.27,1974928,34530619,1.17534,91.421,2.81,2918692668.42,2918692668.42
688456,有研粉材,67.18,-3.974,69.96,70.5,70.89,67.11,3779957,258621381,3.6465,100.269,5.426,6963878800.0,6963878800.0
688458,美芯晟,36.81,-2.645,37.81,38.37,38.74,36.63,1301799,48658921,1.38886,-283.154,2.254,4105663313.49,3450259791.09
688459,哈铁科技,8.23,-0.604,8.28,8.28,8.31,8.22,723583,5969627,0.15075,35.566,1.162,3950400000.0,3950400000.0
688466,金科环境,14.0,-1.823,14.26,14.27,14.38,13.98,924628,13048646,0.75694,45.161,1.515,1710158128.0000002,1710158128.0000002
688468,科美诊断,6.69,1.672,6.58,6.59,6.77,6.58,3779254,25243624,0.9422,60.818,1.881,2683412520.0,2683412520.0
688469,芯联集成,8.86,-1.556,9.0,9.13,9.17,8.81,139371687,1246627272,2.36601,-110.75,5.563,74270608343.92,52190427828.5
688472,阿特斯,8.42,1.08,8.33,8.43,8.49,8.31,24405039,205131212,0.66989,30.071,1.35,30675239743.04,30675239743.04
688475,萤石网络,27.1,0.408,26.99,27.0,27.25,26.96,2383833,64672385,0.30271,37.665,3.626,21341250000.0,21341250000.0
688478,晶升股份,46.05,-5.403,48.68,49.0,49.45,45.81,5612908,263953703,4.05656,-164.464,4.241,6371758720.8,6371758720.8
688479,友车科技,34.11,-1.729,34.71,34.83,35.35,33.79,1269036,43602878,1.46668,113.7,3.717,6867173919.6,2951345919.6
688480,赛恩斯,65.5,0.076,65.45,65.45,66.48,64.89,496657,32571976,0.51151,59.009,5.178,6359794484.5,6359794484.5
688484,南芯科技,32.03,-2.258,32.77,32.97,33.11,32.01,2643729,85468884,0.61538,57.196,3.42,13760430016.34,13760430016.34
688485,九州一轨,101.44,-3.464,105.08,106.25,107.0,101.0,6356926,658177167,4.22972,-1014.4,12.328,15245626769.28,15245626769.28
688486,龙迅股份,47.03,-0.021,47.04,47.09,47.96,46.25,3683531,173235376,1.97125,36.177,5.779,8788552959.27,8788136179.41
688488,艾迪药业,16.63,3.164,16.12,16.2,17.16,16.17,10644124,177946273,2.5296,-358.405,7.649,6997618097.04,6997618097.04
688489,三未信安,27.4,-1.368,27.78,28.22,28.34,26.96,2446038,67228553,1.45357,-72.143,2.618,4646452133.0,4610802047.799999
688496,*ST清越,0.58,0.0,0.58,0.0,0.0,0.0,0,0,0.0,-2.522,0.368,261000000.0,138008448.0
688498,源杰科技,1613.0,-1.556,1638.5,1644.2,1648.18,1612.88,1911190,3108372236,1.55518,720.089,63.921,200819108101.0,198225028272.0
688499,利元亨,42.19,1.565,41.54,41.02,43.2,39.69,15356771,636966065,9.10147,136.097,3.008,7118655836.9,7118655836.9
688500,慧辰股份,30.27,-1.88,30.85,31.02,31.05,29.84,1320996,40203318,1.76209,-55.036,3.234,2299243756.2599998,2269264348.26
688501,青达环保,14.9,-2.614,15.3,15.21,15.46,14.85,3016602,45566472,1.73451,10.493,2.272,2591354360.0,2591354360.0
688502,茂莱光学,404.0,-2.55,414.57,417.25,423.01,401.14,806466,330641101,1.52737,458.258,18.001,21331544208.0,21331544208.0
688503,聚和材料,69.56,-3.79,72.3,72.95,73.0,69.4,6898013,487379109,2.85002,38.22,3.499,16835860207.08,16835860207.08
688505,复旦张江,8.55,3.888,8.23,8.3,8.67,8.21,12606216,107782320,1.77409,-57.0,4.117,8862691455.0,6075391455.0
688506,百利天恒,242.0,2.542,236.0,234.36,246.88,234.36,1493787,361305082,0.3618,-92.72,21.672,99915463714.0,99915463714.0
688507,索辰科技,133.15,-1.099,134.63,136.0,138.63,132.83,2109454,284059752,4.2844,369.861,4.374,11864834589.6,6555737449.5
688508,芯朋微,76.59,-2.619,78.65,79.5,79.64,76.45,3554365,276316958,2.68415,52.821,3.504,10142074300.140001,10142074300.140001
688509,正元地信,4.17,-1.882,4.25,4.24,4.26,4.17,4142992,17418995,1.07668,-18.92,3.034,3210900000.0,1604583474.0
688510,航亚科技,23.5,1.293,23.2,23.44,23.87,23.27,3020592,71146099,1.16211,60.256,5.025,6108181287.999999,6108181287.999999
688511,天微电子,21.73,-2.205,22.22,22.51,22.58,21.6,1239649,27265712,0.92734,65.472,3.554,2904820441.0499997,2904820441.0499997
688512,慧智微,16.28,-1.154,16.47,16.83,17.3,16.26,23458131,391200661,7.16788,-33.224,5.245,8032266611.6,5327914834.88
688513,苑东生物,51.16,1.589,50.36,50.8,52.5,50.37,2320174,119291448,1.31431,31.387,3.079,9031390216.960001,9031390216.960001
688515,裕太微,137.58,-4.059,143.4,145.75,145.76,137.0,1970679,275679480,3.95565,-81.893,7.652,11006400000.0,6854153051.999999
688516,奥特维,41.93,-1.271,42.47,42.86,42.96,41.8,4453729,188291591,1.41496,29.738,3.628,13197906003.94,13197906003.94
688517,金冠电气,18.7,2.354,18.27,18.2,18.97,17.93,6842194,126618268,5.00844,31.695,3.42,2554666540.8,2554666540.8
688518,联赢激光,20.1,-0.985,20.3,20.55,20.79,19.97,7310998,148886190,2.14195,41.02,2.075,6860634409.5,6860634409.5
688519,南亚新材,272.65,-1.264,276.14,279.02,284.36,271.57,3975627,1101477203,1.69046,254.813,19.587,64121947511.299995,64121947511.299995
688520,神州细胞,37.05,5.196,35.22,35.22,37.88,35.13,4405776,163329902,0.98932,-28.068,-117.619,17425938203.7,16499688203.7
688521,芯原股份,171.68,-11.341,193.64,197.0,199.89,171.5,30671770,5461671075,5.83207,-166.68,30.863,90289134068.64,90289134068.64
688522,纳睿雷达,17.82,-0.224,17.86,17.9,18.02,17.7,2338819,41738674,1.35832,49.5,3.207,7556437813.320001,3068327540.52
688523,航天环宇,37.42,-0.452,37.59,37.87,38.48,37.24,1834984,69457942,0.45099,319.829,9.045,15225449600.0,15225449600.0
688525,佰维存储,192.35,-3.147,198.6,200.0,200.77,192.05,13276166,2582901089,2.78424,102.861,7.222,91718639431.7,91718639431.7
688526,科前生物,12.34,1.564,12.15,12.16,12.35,12.15,1020299,12514767,0.21889,13.711,1.427,5752020211.04,5752020211.04
688528,秦川物联,10.29,-1.248,10.42,10.51,10.57,10.28,1151585,11977313,0.68547,-14.096,3.987,1728720000.0,1728720000.0
688529,豪森智能,14.79,-1.728,15.05,15.18,15.3,14.78,1319354,19741785,0.78451,-2.641,3.753,2487322344.87,2487322344.87
688530,欧莱新材,54.76,-3.879,56.97,57.5,58.37,54.66,4920005,274839277,7.05086,-219.04,10.006,8764054562.24,3821085116.64
688531,日联科技,124.56,-4.037,129.8,131.0,133.38,124.0,3166101,403391192,1.91197,116.411,6.014,20626381041.84,20626381041.84
688533,上声电子,19.91,-0.15,19.94,20.12,20.2,19.89,454862,9098550,0.2757,17.777,1.885,3284893340.19,3284893340.19
688535,华海诚科,97.38,-4.012,101.45,102.5,102.79,96.88,4726017,468082202,3.53919,324.6,6.249,13952026989.0,13003519593.78
688536,思瑞浦,327.0,-3.111,337.5,342.0,342.0,326.0,2097744,694934267,1.54645,251.538,6.82,45150682940.99999,44357216133.0
688538,和辉光电,2.07,0.976,2.05,2.06,2.08,2.04,44042307,90914414,0.76566,-14.786,3.99,28585535883.75,11907127950.75
688539,高华科技,23.41,-2.091,23.91,24.1,24.15,23.36,1079322,25607198,0.58053,73.156,2.559,4352387200.0,4352387200.0
688543,国科军工,42.19,1.175,41.7,42.0,42.48,41.7,3587030,151258248,1.43132,35.754,4.577,10573254168.27,10573254168.27
688545,兴福电子,68.7,-4.117,71.65,72.22,72.33,68.6,4558542,318539016,2.50126,116.441,8.327,24732000000.0,12520575000.0
688548,广钢气体,30.72,-3.79,31.93,32.18,32.37,30.69,15813895,492527653,1.19857,139.636,6.558,40531922565.12,40531922565.12
688549,中巨芯,20.91,-3.729,21.72,22.0,22.08,20.82,28161323,596285216,1.9063,-1900.909,10.237,30889841160.0,30889841160.0
688550,瑞联新材,35.72,-1.598,36.3,36.44,36.67,35.58,1664386,60008689,0.94531,19.955,1.894,6289153103.5199995,6289153103.5199995
688551,科威尔,36.88,-4.332,38.55,38.87,39.55,36.63,3236045,123069711,2.969,48.526,3.066,4019721179.92,4019721179.92
688552,航天南湖,28.98,-0.275,29.06,29.08,29.54,28.96,1454198,42436518,0.4312,322.0,3.786,9773447040.0,9773447040.0
688553,汇宇制药,12.85,5.588,12.17,12.25,13.1,12.06,18942304,242602341,3.73312,-214.167,2.156,8042826038.150001,6520239728.2
688556,高测股份,7.47,-1.06,7.55,7.56,7.68,7.45,12353895,93190296,1.48703,-149.4,1.8,6205881286.98,6205881286.98
688557,兰剑智能,20.86,-0.525,20.97,21.19,21.23,20.75,752318,15763409,0.50722,19.495,2.531,3094007934.0800004,3094007934.0800004
688558,国盛智科,32.8,-2.381,33.6,33.8,33.96,32.56,952062,31511740,0.72126,27.333,2.53,4329600000.0,4329600000.0
688559,海目星,48.8,-1.91,49.75,49.83,51.09,48.8,11209795,557126727,4.52447,-13.556,4.883,12090641347.199999,12090641347.199999
688560,明冠新材,12.78,-0.234,12.81,12.86,13.14,12.77,1932150,24876387,0.95983,-17.04,1.004,2572638512.04,2572638512.04
688561,奇安信,29.9,0.134,29.86,29.71,30.37,28.85,15089967,446218217,2.21179,-15.82,2.898,20399356477.5,20399356477.5
688562,航天软件,14.26,-1.451,14.47,14.5,14.54,14.2,1971726,28246110,0.49293,-475.333,3.508,5704000000.0,5704000000.0
688563,航材股份,50.09,-0.06,50.12,50.45,50.76,49.8,2187420,109934328,1.61382,42.092,2.153,22508419759.320004,6789332540.66
688565,力源科技,11.58,-1.11,11.71,11.76,11.79,11.43,1445574,16727428,0.96545,193.0,3.493,1733873400.0,1733873400.0
688566,吉贝尔,27.46,-1.223,27.8,27.7,28.15,27.2,2814381,77859937,1.39948,20.962,2.195,5522250622.5,5522250622.5
688567,孚能科技,9.2,1.21,9.09,9.16,9.35,9.09,12958362,119650364,1.06033,-15.082,1.264,11243355742.0,11243355742.0
688568,中科星图,29.19,0.069,29.17,29.3,29.4,28.91,4866231,141855272,0.6022,729.75,6.824,23587823441.280003,23587823441.280003
688569,铁科轨道,18.5,0.217,18.46,18.68,18.7,18.42,570458,10562961,0.27079,22.84,1.307,3897333950.0,3897333950.0
688570,天玛智控,14.65,0.48,14.58,14.6,14.69,14.53,467263,6828434,0.24828,63.696,1.488,6343450000.0,2757130000.0
688571,杭华股份,8.11,-1.935,8.27,8.38,8.42,8.11,2922856,24001622,0.68908,31.192,2.067,3440024377.0,3440024377.0
688573,信宇人,17.08,0.708,16.96,17.15,17.29,16.56,6476753,110110268,12.17064,-3.43,5.553,1669644947.0400002,908933123.0
688575,亚辉龙,10.53,2.233,10.3,10.35,10.65,10.3,8484316,89439583,1.48478,263.25,2.187,6017034699.0,6017034699.0
688576,西山科技,39.85,-0.125,39.9,39.93,40.76,39.75,422391,16956174,1.30696,34.652,1.602,2695581081.6499996,1287893659.6
688577,浙海德曼,39.23,0.128,39.18,39.2,40.54,39.0,740540,29326065,0.47534,87.178,5.978,6111705252.6,6111705252.6
688578,艾力斯,111.58,5.016,106.25,105.5,112.36,105.2,9574765,1056524041,2.12773,22.959,5.934,50211000000.0,50211000000.0
688579,地纬智能,7.84,-1.259,7.94,7.95,8.01,7.81,2622199,20666818,0.65553,52.162,2.275,3136078400.0000005,3136078400.0000005
688580,伟思医疗,42.25,-0.377,42.41,42.96,43.0,41.98,796444,33867690,0.83161,29.34,2.393,4046336917.9999995,4046336917.9999995
688581,安杰思,56.39,-0.195,56.5,56.5,57.63,56.24,766417,43748919,1.86122,20.456,1.787,4552965591.84,2322043096.42
688582,芯动联科,35.92,-2.179,36.72,36.9,36.94,35.62,2656529,96045313,0.66126,47.263,5.696,14430466891.52,14430466891.52
688583,思看科技,77.53,-3.208,80.1,80.79,80.9,77.11,1108852,86964612,2.57126,69.847,8.088,9595112800.0,3343467217.0699997
688584,上海合晶,26.37,-4.144,27.51,27.37,27.84,26.34,7225156,193438232,2.10462,138.789,4.299,17646681432.24,9052827065.1
688585,上纬新材,126.81,-3.206,131.01,131.8,131.8,126.75,1758749,226318831,0.43602,1268.1,43.45,51150300727.68,51150300727.68
688586,江航装备,10.9,-0.092,10.91,10.96,11.04,10.86,2730858,29900663,0.34509,155.714,3.47,8625596800.4,8625596800.4
688588,凌志软件,8.85,-2.21,9.05,9.1,9.12,8.84,2371101,21118085,0.60796,32.418,3.059,3451588526.5499997,3451588526.5499997
688589,力合微,20.13,-2.376,20.62,20.77,20.84,20.05,2102112,42746658,1.44646,143.786,3.052,2925463067.3399997,2925463067.3399997
688590,新致软件,11.84,-2.551,12.15,12.27,12.27,11.83,3805460,45439764,1.35177,-24.667,2.089,3704323316.8,3333163458.5600004
688591,泰凌微,30.5,-1.961,31.11,31.15,31.42,30.37,3486996,107464117,1.77592,56.481,2.922,7367699834.500001,5988639284.5
688592,司南导航,22.1,-2.126,22.58,22.99,22.99,22.0,988932,22018886,1.78716,110.5,2.694,2566844523.1,1222914373.2
688593,新相微,30.89,3.207,29.93,30.03,32.39,29.84,13882319,433900748,3.02099,1544.5,9.223,14194863536.68,14194863536.68
688595,芯海科技,29.82,-2.835,30.69,31.1,31.1,29.72,1833759,55244370,1.27262,-39.76,6.571,4296868945.32,4296868945.32
688596,正帆科技,57.93,-3.353,59.94,60.59,61.5,57.8,9425400,558166550,2.96704,120.688,5.553,18402650153.31,18402650153.31
688597,煜邦电力,6.2,-1.743,6.31,6.36,6.37,6.19,3316581,20754778,0.9869,28.182,2.744,2083573711.2,2083573711.2
688598,金博股份,32.18,-3.768,33.44,34.0,34.2,32.16,8531255,281875503,4.19071,-5.132,1.754,6679702872.88,6551063322.88
688599,天合光能,10.99,1.759,10.8,10.87,11.12,10.77,26108556,286002785,1.11453,-3.392,1.264,25744818869.14,25744818869.14
688600,皖仪科技,34.91,-0.114,34.95,35.79,35.79,34.28,2637831,91830362,1.95818,79.341,5.895,4702673385.9,4702673385.9
688601,力芯微,57.46,-3.266,59.4,59.4,59.99,57.13,2607858,152041876,1.95064,205.214,6.162,7681982542.0,7681982542.0
688602,康鹏科技,6.8,-1.306,6.89,6.88,6.96,6.78,4552930,31240194,0.87662,-56.667,1.314,3531750000.0,3531750000.0
688603,天承科技,111.5,-0.977,112.6,113.6,118.88,111.01,3883764,446772308,3.11387,160.57,11.197,13906784426.0,13906784426.0
688605,先锋精科,79.91,-4.334,83.53,84.3,84.3,78.11,3848412,309988673,3.55178,85.925,9.617,16172174292.96,8658386744.3
688606,奥泰生物,49.8,6.821,46.62,46.74,51.49,46.32,1090038,53840669,1.44081,17.914,1.002,3767586779.4,3767586779.4
688607,康众科技,35.55,-1.332,36.03,36.26,36.71,35.48,1062085,38218714,1.20515,-444.375,3.739,3132986909.85,3132986909.85
688608,恒玄科技,109.61,0.791,108.75,109.98,111.28,107.77,4498593,493026955,1.89905,30.949,3.691,25965079611.67,25965079611.67
688609,九联科技,8.82,-1.232,8.93,9.0,9.05,8.79,9542224,84638529,1.90844,-20.802,4.677,4603624560.36,4410000000.0
688610,埃科光电,144.79,-5.13,152.62,154.0,156.26,144.06,964903,143013817,2.3573,150.823,5.999,9845720000.0,5926626520.719999
688611,杭州柯林,62.73,-0.9,63.3,63.8,64.85,61.4,727873,46117183,0.47453,-3136.5,11.402,9622129608.0,9622129608.0
688612,威迈斯,32.94,-0.723,33.18,33.5,33.57,32.53,2153320,70834393,0.83885,24.767,3.841,13807904753.52,8455676951.34
688613,奥精医疗,20.1,-1.951,20.5,20.7,21.04,20.08,5121898,104963729,3.73838,201.0,1.917,2753872538.4,2753872538.4
688615,合合信息,83.21,-1.666,84.62,85.35,85.35,83.15,2673855,223535706,1.94748,25.682,5.493,16309160000.0,11424595037.82
688616,西力科技,11.11,-0.537,11.17,11.3,11.33,11.03,1306943,14565870,0.7286,18.831,2.249,1992892524.1499999,1992892524.1499999
688617,惠泰医疗,248.25,3.425,240.03,239.5,251.5,238.79,1702446,423635139,1.20289,42.655,11.38,35134614466.5,35134614466.5
688618,三旺通信,27.96,-2.544,28.69,28.97,29.51,27.77,1065764,30181080,0.96846,84.727,3.801,3076937830.08,3076937830.08
688619,罗普特,13.53,-3.77,14.06,14.06,14.28,13.53,2566164,35285372,1.38384,-10.57,3.874,2508976708.2599998,2508976708.2599998
688620,安凯微,16.15,-3.754,16.78,16.86,16.86,15.99,15066698,246068848,3.84355,-44.861,4.823,6330800000.0,6330800000.0
688621,阳光诺和,71.0,0.07,70.95,70.65,72.25,69.6,1542082,109619615,1.37686,38.172,6.618,7952000000.0,7952000000.0
688622,*ST禾信,119.6,-12.059,136.0,134.64,135.88,119.58,1273797,160894454,1.80769,-88.593,29.653,8427676311.599999,8427676311.599999
688623,双元科技,63.4,0.269,63.23,63.23,64.48,62.31,637637,40678798,1.79517,59.252,2.562,5421468217.8,2251941625.6
688625,呈和科技,66.58,-2.246,68.11,69.32,70.27,66.07,5712257,388243342,2.19984,44.685,10.517,17288624865.2,17288624865.2
688626,翔宇医疗,41.95,-0.238,42.05,42.23,43.12,41.85,1997972,85007651,1.24873,82.255,3.196,6712000000.0,6712000000.0
688627,精智达,422.8,-4.142,441.07,442.01,448.8,422.04,2578517,1109908894,2.73937,601.936,24.067,43018081960.00001,39797383511.2
688628,优利德,85.99,-2.362,88.07,89.16,90.2,85.8,7796334,683182165,6.93668,63.228,7.284,9664664439.12,9664664439.12
688629,XD华丰科,101.35,-2.903,104.38,105.8,106.06,101.01,8776134,899574533,1.90375,129.936,16.149,47457640804.1,46721623421.85
688630,芯碁微装,388.68,-2.138,397.17,398.0,404.97,384.05,2054232,804997215,1.5593,175.873,10.844,56943608486.88,51204981494.880005
688631,莱斯信息,35.88,0.448,35.72,35.52,36.29,35.41,822446,29402402,0.50312,105.529,3.169,5865303600.0,5865303600.0
688633,星球石墨,21.77,-0.366,21.85,21.96,22.04,21.71,1127770,24639853,0.66183,18.607,1.55,3709621715.1000004,3709621715.1000004
688635,长进光子,251.5,-2.783,258.7,267.0,267.0,250.58,948083,241373084,5.33935,183.577,15.613,23558005000.0,4465764025.5
688636,智明达,19.46,-1.717,19.8,20.13,20.3,19.44,3551702,70126365,2.04231,31.902,2.359,3384218621.84,3384218621.84
688638,誉辰智能,34.71,-1.755,35.33,35.5,35.84,34.53,683417,23928860,2.58273,-12.776,2.628,1943760000.0,918462073.62
688639,华恒生物,19.11,7.601,17.76,18.02,19.54,17.95,10925979,207756928,4.36837,36.057,1.766,4779710893.23,4779710893.23
688646,逸飞激光,71.25,-2.089,72.77,72.78,73.77,70.86,1391138,99709017,2.29061,-131.944,4.716,6709085820.000001,4327167183.75
688648,中邮科技,28.54,-0.175,28.59,28.51,28.97,28.2,1111462,31725456,1.59856,6.191,1.823,3881440000.0,1984355490.96
688651,盛邦安全,24.96,-2.347,25.56,25.63,26.09,24.87,2335454,58892369,4.96714,-39.0,2.88,2558224281.6,1173570552.96
688652,京仪装备,130.68,-2.97,134.68,135.68,137.98,130.28,2581379,343785297,2.13779,148.5,9.662,21954240000.0,15779610000.0
688653,康希通信,14.28,-2.725,14.68,14.93,15.11,14.26,9322382,135500637,2.94628,-137.176,4.132,6061574399.999999,4518357605.16
688655,迅捷兴,71.9,-5.02,75.7,75.99,77.49,71.53,14501486,1078909932,10.87149,-422.941,14.247,9590741000.0,9590741000.0
688656,浩欧博,131.72,-0.235,132.03,134.03,137.0,130.14,805088,107647329,1.26748,356.0,10.065,8366672758.120001,8366672758.120001
688657,浩辰软件,33.38,-1.184,33.78,33.93,33.97,33.22,771791,25823213,1.2929,42.795,2.276,3185132017.36,1992603845.3400002
688658,悦康药业,14.04,8.25,12.97,13.0,14.49,12.88,24126318,333633059,5.3614,-23.797,1.968,6318000000.0,6318000000.0
688659,元琛科技,9.1,-2.465,9.33,9.4,9.48,8.93,3128741,28524714,1.95546,-47.895,2.936,1456000000.0,1456000000.0
688660,电气风电,9.04,3.196,8.76,8.76,9.27,8.74,28091226,253539466,2.10684,-12.216,3.337,12053333936.0,12053333936.0
688661,和林微纳,92.52,-4.717,97.1,98.99,99.12,92.01,2433496,229846151,1.60217,471.8,11.626,14052661661.52,14052661661.52
688662,富信科技,110.5,-3.147,114.09,116.03,118.88,110.1,11540195,1314665111,10.0607,240.217,17.636,12674973662.0,12674973662.0
688663,新风光,56.98,1.154,56.33,56.58,57.6,55.9,2358738,134157407,1.19582,82.58,8.004,11239190128.32,11239190128.32
688665,四方光电,41.08,-3.568,42.6,42.63,43.09,41.04,819846,34069115,0.81019,31.121,3.42,4156981368.28,4156981368.28
688667,菱电电控,97.99,-4.67,102.79,103.23,103.26,97.74,665925,66361985,1.26372,37.544,2.845,5163627831.429999,5163627831.429999
688668,XD鼎通科,206.41,-1.798,210.19,213.0,215.0,205.05,3267690,683149581,2.34629,119.312,13.695,28746845784.46,28746845784.46
688669,聚石化学,60.5,-3.432,62.65,63.0,63.47,60.28,1177517,72399444,0.97048,-47.395,7.051,7340666707.0,7340666707.0
688670,金迪克,18.73,2.574,18.26,18.86,19.5,18.29,2584069,48767471,2.09746,-12.917,2.202,2307536000.0,2307536000.0
688671,碧兴物联,24.97,-3.217,25.8,25.8,25.97,24.7,1167738,29468516,2.17164,-22.908,1.987,1960616933.0000002,1342689886.3400002
688676,金盘科技,61.53,-0.032,61.55,61.9,62.5,60.97,4548819,280310460,0.98933,42.729,5.545,28290718291.29,28290718291.29
688677,海泰新光,76.06,-0.445,76.4,77.0,79.2,75.6,3260945,252360305,2.72024,52.819,6.809,9117844620.0,9117844620.0
688678,福立旺,31.15,-2.656,32.0,32.45,32.58,31.0,23043709,730941831,5.71653,141.591,5.376,12556767506.15,12556767506.15
688679,通源环境,38.3,-1.517,38.89,39.1,39.6,38.22,1388139,53776289,1.0541,-119.688,4.622,5043714552.5,5043714552.5
688680,海优新材,38.81,0.622,38.57,38.57,39.69,38.57,1351331,52797828,1.38497,-6.523,2.291,3786728879.98,3786728879.98
688681,科汇股份,15.49,-1.149,15.67,15.77,15.81,15.47,1122275,17508992,1.0722,34.422,2.65,1621338299.9999998,1621338299.9999998
688682,霍莱沃,33.65,1.355,33.2,33.7,35.14,33.18,4892253,167261937,4.80391,-146.304,5.755,3426878816.75,3426878816.75
688683,莱尔科技,29.39,-3.003,30.3,30.0,30.88,29.33,985043,29412460,0.61146,108.852,3.914,4734664342.0,4734664342.0
688685,迈信林,41.11,3.552,39.7,40.6,41.94,39.02,13374416,542821913,9.10743,342.583,7.468,6037072030.37,6037072030.37
688686,奥普特,128.4,-2.089,131.14,130.74,132.49,128.1,635392,82586281,0.51981,84.097,4.921,15695032422.0,15695032422.0
688687,凯因科技,18.91,2.716,18.41,18.39,19.05,18.32,5290767,99937765,3.09502,105.056,1.895,3232559020.02,3232559020.02
688689,银河微电,37.79,-4.979,39.77,40.15,40.23,37.72,4716419,181925584,3.25477,59.984,3.997,5476074642.65,5476074642.65
688690,纳微科技,44.98,-0.663,45.28,45.68,46.75,44.81,11252784,512909024,2.78662,132.528,8.73,18163588129.7,18163588129.7
688691,灿芯股份,58.32,-5.063,61.43,61.58,62.48,58.32,2969650,177299005,4.06996,-63.44,5.952,6998400000.0,4255319383.2000003
688692,达梦数据,182.72,-2.767,187.92,188.0,189.8,180.9,983202,181146688,1.3257,40.07,5.339,20691212800.0,13551375445.76
688693,锴威特,70.2,-2.864,72.27,72.99,74.39,70.0,821155,58535162,2.1107,-56.613,6.799,5172631612.2,2731089862.8
688695,中创股份,19.86,-2.647,20.4,20.4,20.59,19.83,1279892,25681087,2.397,-60.182,2.247,1689120367.08,1060434193.0799999
688696,极米科技,84.79,4.679,81.0,81.1,86.86,81.1,1891470,160531603,2.70133,39.808,2.019,5936995800.0,5936995800.0
688697,纽威数控,14.35,-1.645,14.59,14.71,14.83,14.35,3881201,56584915,0.60619,21.418,5.044,9187827604.199999,9187827604.199999
688698,伟创电气,41.58,-1.399,42.17,42.38,42.98,41.56,1802344,75887591,0.83817,33.532,3.711,8941079374.92,8941079374.92
688699,XD明微电,63.34,-4.508,66.33,67.0,67.01,62.6,3636417,233982507,3.30389,-143.955,5.435,6971494297.599999,6971494297.599999
688700,东威科技,60.36,-1.566,61.32,62.4,63.8,60.26,7767651,480077970,2.60309,147.22,9.293,18011506089.600002,18011506089.600002
688701,卓锦股份,8.68,-1.476,8.81,8.84,9.0,8.64,2094862,18483329,1.5601,-19.289,10.581,1165527588.96,1165527588.96
688702,盛科通信,284.91,-6.36,304.26,309.25,310.0,284.02,7554317,2193896003,3.61384,-770.027,51.907,116813100000.0,59557206330.06
688707,振华新材,10.78,4.762,10.29,10.35,11.07,10.24,15315020,163973393,3.01038,-12.682,1.438,5484219409.900001,5484219409.900001
688708,佳驰科技,38.3,-0.234,38.39,38.58,38.99,37.85,963286,36891802,0.67483,34.818,4.523,15338292080.000002,5467093284.999999
688709,成都华微,24.61,-4.797,25.85,25.6,25.99,24.59,4586991,114555050,2.06858,102.542,5.541,15672805309.86,5457175237.11
688710,益诺思,105.2,8.678,96.8,99.05,107.99,95.31,5605362,572886552,6.06272,-478.182,6.267,14831055498.0,9726393186.800001
688711,宏微科技,25.49,-4.817,26.78,26.94,27.15,25.4,6714820,174460545,3.09792,318.625,5.207,5525021964.209999,5525021964.209999
688712,北芯生命,30.92,1.311,30.52,31.35,31.95,30.58,1902699,59418535,4.17259,140.545,7.077,12893640000.0,1409952000.0
688716,中研股份,25.52,-1.467,25.9,26.12,26.16,25.45,978196,25118107,1.39888,255.2,2.708,3105273600.0,1784541378.4
688717,艾罗能源,41.14,0.341,41.0,41.33,41.8,40.8,4230537,174677087,4.27121,54.132,1.521,6582400000.0,4074826821.12
688718,唯赛勃,14.67,-1.212,14.85,14.99,14.99,14.52,1150488,16955379,0.66213,56.423,3.113,2548976886.63,2548976886.63
688719,爱科赛博,56.0,-4.762,58.8,59.99,59.99,55.52,3473021,197158893,3.61173,-136.585,3.887,6461583408.0,5384931888.0
688720,艾森股份,62.03,-5.5,65.64,67.43,67.43,61.88,3463566,219566409,4.42972,105.136,7.247,7607233961.43,4850086248.92
688721,龙图光罩,37.91,-4.437,39.67,39.96,40.58,37.88,2075617,80392822,3.76336,90.262,4.103,5060985000.0,2090861223.9
688722,同益中,14.56,0.622,14.47,14.46,14.67,14.38,2377019,34588539,1.06067,29.714,2.213,3262971712.0,3262971712.0
688726,拉普拉斯,44.52,-1.744,45.31,45.4,46.19,44.52,3948420,177706351,1.79535,28.909,4.2,18045121934.28,9791037582.480001
688727,恒坤新材,43.45,-4.211,45.36,45.64,45.94,43.37,1849283,81860230,3.42281,172.216,7.549,19522936620.0,2347527245.25
688728,格科微,13.95,-0.712,14.05,14.19,14.19,13.88,15156454,212427486,0.58321,697.5,4.589,36278184004.65,36253143754.65
688729,屹唐股份,21.95,-2.833,22.59,22.8,22.85,21.87,24372810,540439150,1.39414,91.458,7.103,64874542000.0,38373803620.65
688733,壹石通,27.6,-1.884,28.13,28.45,28.6,27.38,3338966,93402594,1.67136,-250.909,2.641,5513795244.0,5513795244.0
688737,中自科技,16.76,-1.874,17.08,17.18,17.34,16.72,1495011,25320494,1.25038,-35.66,1.172,2003901170.84,2003901170.84
688739,成大生物,21.02,2.287,20.55,20.57,21.17,20.57,2439769,51281278,0.58585,65.688,0.938,8753779000.0,8753779000.0
688750,金天钛业,13.79,-0.433,13.85,13.86,13.96,13.75,1023042,14152715,0.43923,107.566,2.565,6377875000.0,3211943715.54
688755,汉邦科技,30.24,3.526,29.21,28.91,30.5,28.82,3740499,112137193,4.6834,39.789,2.692,3459456000.0,2415182888.16
688757,胜科纳米,27.5,-4.114,28.68,28.7,29.1,27.33,7501354,209311126,4.13936,171.875,12.53,11091065865.0,4983559542.5
688758,赛分科技,30.13,0.333,30.03,30.01,30.95,29.52,17716603,534151111,5.94151,98.175,9.041,12548062850.92,8984274037.359999
688759,必贝特,21.69,0.556,21.57,21.53,22.49,21.41,4303085,94608488,5.97651,-54.225,6.128,9761295090.33,1561680000.0
688765,禾元生物,39.84,0.937,39.47,39.48,40.86,39.33,4350272,174767705,6.04449,-71.784,5.009,14242800000.0,2867318504.6400003
688766,普冉股份,356.64,-5.626,377.9,381.5,383.82,356.6,6481260,2359281583,4.35851,254.743,15.866,53033635141.92,53033635141.92
688767,博拓生物,40.2,-0.643,40.46,40.7,41.8,40.14,2005609,81950850,1.34304,118.235,2.804,6003200026.8,6003200026.8
688768,容知日新,52.3,0.0,52.3,52.3,52.88,50.58,1751940,90710439,2.00764,54.479,4.434,4601809689.900001,4563883612.7
688772,珠海冠宇,14.34,1.2,14.17,14.19,14.61,14.01,20314990,292165140,1.78471,34.143,2.4,16322929808.16,16322929808.16
688775,影石创新,90.18,-0.54,90.67,90.68,91.97,89.79,2853656,258642613,1.10028,36.959,6.87,36162180000.0,23388925271.58
688776,国光电气,47.4,-2.909,48.82,49.08,49.58,47.38,2333064,112542512,2.1526,-52.088,3.069,5137374060.6,5137374060.6
688777,中控技术,80.05,2.001,78.48,81.0,81.39,79.14,9196795,737589439,1.16829,142.946,6.427,63334721636.35,63015289155.75001
688778,厦钨新能,43.87,4.031,42.17,41.94,44.58,41.7,10489434,458373612,2.07839,29.247,2.328,22140797811.210003,22140797811.210003
688779,五矿新能,7.45,1.776,7.32,7.35,7.55,7.3,17676384,131792653,0.91625,62.083,1.965,14372688880.8,14372688880.8
688781,视涯科技,40.21,-2.545,41.26,41.59,42.47,40.15,3683289,151100292,8.84789,-167.542,9.914,40210000000.0,1673902130.21
688783,西安奕材,26.92,-3.096,27.78,27.78,28.14,26.83,14692133,400636637,5.46379,-128.19,8.949,108697576000.0,7238788000.0
688785,恒运昌,346.48,-3.985,360.86,365.0,365.0,346.01,377522,133464528,2.78728,154.679,10.599,23457280858.24,4692880343.04
688786,悦安新材,26.12,-2.136,26.69,26.77,27.2,25.61,3054431,80118561,1.7623,45.034,5.703,4527130415.2,4527130415.2
688787,海天瑞声,85.02,-3.824,88.4,91.11,91.11,84.16,1736586,149940969,2.87871,354.25,7.018,5128846803.6,5128846803.6
688788,科思科技,27.61,1.284,27.26,28.3,29.53,27.58,3528718,100498345,1.61199,-14.766,3.655,6043944161.31,6043944161.31
688789,宏华数科,50.0,-1.826,50.93,50.93,51.35,48.0,3188546,157237005,1.7689,16.949,2.649,9012805350.0,9012805350.0
688790,昂瑞微,97.12,-2.441,99.55,99.72,100.65,96.78,1286637,125884843,6.46345,-62.658,3.29,9666517538.56,1933303546.5600002
688793,倍轻松,18.32,-2.553,18.8,18.95,19.59,18.32,2663221,50171706,3.13309,-15.658,8.363,1557257140.0800002,1557257140.0800002
688795,摩尔线程,393.94,-3.795,409.48,410.02,414.0,388.58,4027278,1593292274,7.19157,-159.49,15.206,185162915804.97998,22060640000.0
688796,百奥赛图,126.77,4.166,121.7,121.62,128.75,120.0,3269423,407679625,8.46836,294.814,23.394,56653312703.4,4894272521.46
688797,臻宝科技,241.6,-5.632,256.02,258.03,258.99,241.58,2008877,497070224,6.88144,0.0,12.82,37518135513.6,7052955836.8
688798,艾为电子,53.78,-1.628,54.67,54.8,55.78,53.68,1711509,92913940,1.26084,39.544,2.988,12537677566.22,7300290969.34
688799,华纳药厂,57.21,1.096,56.59,56.42,59.77,54.47,3234009,187467242,2.42,31.608,3.6,7645372770.0,7645372770.0
688800,瑞可达,56.18,-2.313,57.51,58.11,58.8,55.91,6358981,362425588,2.20502,38.479,6.766,16201582895.96,16201582895.96
688801,燧原科技,420.4,-4.714,441.2,444.33,448.99,412.18,1808194,766996621,10.10146,-140.133,68.431,180919866451.19998,7525296629.999999
688802,沐曦股份,497.08,-4.124,518.46,523.95,524.97,490.0,2830921,1418127762,8.71198,-203.721,14.338,198881708000.0,16152406323.480001
688805,健信超导,38.83,0.857,38.5,38.9,39.85,38.8,867652,34080248,2.58723,64.717,5.326,6511014399.999999,1302202880.0
688806,泰诺麦博,30.67,19.992,25.56,25.35,30.67,25.35,12037504,350550251,23.59108,-19.66,275.067,14124951647.300001,1564956992.2
688807,优迅股份,300.21,-3.177,310.06,311.52,316.52,299.0,892394,272760219,5.57746,204.224,13.282,24016800000.0,4803360000.0
688808,联讯仪器,1546.63,3.384,1496.0,1500.0,1566.99,1489.62,1471347,2258736399,5.15208,684.35,69.371,235005273582.21,44169112702.590004
688809,强一股份,488.64,-1.033,493.74,490.0,504.8,482.11,970358,477492757,3.74483,120.355,15.207,63307856352.0,12661593747.84
688811,有研复材,18.67,-2.862,19.22,19.4,19.41,18.6,4015553,75761848,4.35876,0.0,5.963,9366246205.35,1719994230.99
688813,泰金新能,128.09,-7.148,137.95,139.39,139.39,127.26,3924053,518231014,13.0467,75.347,11.235,20494400000.0,3852559855.84
688816,易思维,46.26,0.238,46.15,46.38,47.57,45.94,273625,12763878,1.33242,44.057,2.585,4626000000.0,949996192.68
688818,电科蓝天,39.46,-1.547,40.08,40.19,40.37,39.33,3781835,150258261,2.66287,188.623,12.451,68539016699.4,5604149409.740001
688819,天能股份,20.78,0.386,20.7,20.5,20.97,20.5,1385093,28804799,0.14248,12.671,1.2,20200238000.0,20200238000.0
688820,盛合晶微,115.78,-4.322,121.01,122.32,122.67,115.6,6527203,767621826,3.77507,0.0,11.179,215671984950.65997,20018668006.54
688825,长鑫科技,54.79,-1.368,55.55,55.55,55.85,54.38,116869999,6413280931,2.59536,1826.333,27.608,3719369788428.8003,246721505221.09
688826,频准激光,718.95,-2.548,737.75,747.7,747.7,708.06,505255,364761553,6.63259,135.395,50.209,28758000000.0,5476789989.9
688828,国仪公司,82.68,-1.688,84.1,85.49,85.88,82.5,1555533,131014623,5.97385,-4134.0,42.839,33072826800.0,2152907248.44
688835,高凯技术,340.47,-4.897,358.0,359.1,365.86,340.0,1887956,667137971,10.05152,187.071,40.192,34030217552.760002,6394974808.950001
688836,宇树科技,450.4,-0.137,451.02,451.99,459.9,446.5,1641828,742926433,5.4568,0.0,56.941,182170738736.0,13551509088.0
688837,信诺维,49.4,13.277,43.61,43.2,50.33,43.2,18122105,856739045,37.2929,89.818,40.166,21513157341.0,2400542908.4
688981,中芯国际,111.99,-4.697,117.51,117.77,118.18,111.29,42874573,4856437593,2.14309,177.762,5.593,958897082736.09,224046511868.91
000001,平安银行,11.57,1.938,11.35,11.36,11.65,11.33,104535745,1205814858,0.53869,5.589,0.479,224526473550.86,224523775345.87
000002,万 科Ａ,4.26,4.412,4.08,3.8,4.4,3.67,1309443983,5158052404,13.47842,-0.572,0.498,50824822346.46,41386382036.04
000006,深振业Ａ,7.51,-1.444,7.62,6.92,7.59,6.86,62574824,449727421,4.63519,-239.936,1.925,10138462795.46,10138462795.46
000007,全新好,10.96,-1.083,11.08,11.07,11.23,10.76,5373000,58687501,1.55088,1957.143,21.273,3797070562.24,3797070562.24
000008,神州高铁,2.4,0.418,2.39,2.39,2.41,2.37,15657402,37479609,0.57642,-7.805,3.056,6519306439.2,6519112684.799999
000009,中国宝安,6.93,1.02,6.86,6.88,6.97,6.84,10682784,73791093,0.4147,88.056,1.833,17873952777.45,17851821822.45
000010,*ST美丽,1.44,-2.041,1.47,1.48,1.48,1.42,13430900,19306063,1.41163,-47.841,6.615,1655499300.48,1370078064.0
000011,深物业A,12.24,9.973,11.13,10.1,12.24,10.02,89876898,971267913,17.07143,215.114,2.202,7294784086.08,6444060646.320001
000012,南 玻Ａ,3.69,0.545,3.67,3.67,3.71,3.64,14804206,54455693,0.75558,92.25,0.888,11226709912.59,7229878246.620001
000014,沙河股份,11.24,-2.684,11.55,11.02,11.43,10.45,25886180,283039790,10.69473,-18.129,1.974,2720599557.7599998,2720599557.7599998
000016,*ST康佳A,0.0,0.0,2.46,0.0,0.0,0.0,0,0,0.0,-0.471,-0.528,5923545703.679999,3927620748.0
000017,深中华A,7.4,-1.333,7.5,7.65,7.66,7.31,30125000,223295765,6.83382,123.953,12.942,5099968504.2,3262082437.4
000019,深粮控股,7.01,4.627,6.7,6.77,7.27,6.64,26864848,186827599,6.45465,33.223,1.628,8079272130.540001,2917624438.07
000020,深华发Ａ,14.28,-2.526,14.65,13.72,14.59,13.72,30756117,434352383,16.97682,114.058,9.036,4043542321.56,2587041783.48
000021,深科技,32.83,-2.841,33.79,34.01,34.08,32.8,39514791,1311080439,2.4937,45.27,3.907,52029015582.46,52021983396.46001
000025,特 力Ａ,15.21,-1.105,15.38,15.06,15.42,14.7,8432901,126749412,2.14699,45.896,3.43,6556397047.200001,5974158247.200001
000026,飞亚达,18.86,0.856,18.7,18.84,19.21,18.55,4563103,86168457,1.25209,87.599,2.264,7652709172.02,6873297266.339999
000027,深圳能源,6.28,0.641,6.24,6.24,6.29,6.21,14055848,88062331,0.29545,20.258,0.892,29876408672.48,29876408672.48
000028,国药一致,19.66,1.497,19.37,19.4,19.67,19.35,1736751,33969494,0.33027,9.637,0.638,12036276341.44,10338389552.119999
000029,深深房Ａ,22.71,2.667,22.12,21.51,23.1,21.31,10168135,226615964,1.14036,229.858,6.427,22974798600.0,20249598600.0
000030,富奥股份,3.93,1.028,3.89,3.89,3.94,3.86,6391840,24986015,0.38256,9.585,0.81,6758856620.849999,6566277974.849999
000031,大悦城,2.46,1.235,2.43,2.36,2.5,2.22,131195824,309595293,3.06081,-4.473,1.069,10544330813.94,10544309564.46
000032,深桑达Ａ,13.09,-2.167,13.38,13.53,13.57,13.07,21562802,284180761,1.77445,-117.189,2.197,15906697180.99,15906697180.99
000034,神州数码,23.21,-1.985,23.68,23.59,23.7,23.13,13642837,318202256,1.60665,30.1,2.065,23598527578.230003,19708721389.61
000035,中国天楹,4.74,1.717,4.66,4.66,4.75,4.64,18637041,87675866,0.80571,39.5,1.045,11319275325.06,10964210713.02
000036,华联控股,4.08,-3.088,4.21,4.13,4.16,3.85,134136557,536321910,9.56082,81.6,1.113,5727580398.0,5724163422.48
000037,深南电A,9.15,1.667,9.0,9.0,9.29,8.91,15576680,141833215,4.59614,34.244,3.286,5515277753.400001,3101009572.5
000039,中集集团,8.6,0.585,8.55,8.56,8.67,8.53,10794669,92940289,0.46905,286.667,0.901,46375675311.0,19792101412.6
000042,中洲控股,8.46,1.928,8.3,8.25,8.49,7.97,11089729,91741435,1.66978,-6.233,1.693,5624471435.940001,5618643240.42
000045,深纺织Ａ,11.13,-0.714,11.21,11.25,11.28,11.07,3970200,44334356,0.86871,79.5,1.875,5637588179.37,5086653179.37
000048,京基智农,18.0,0.446,17.92,18.25,18.38,17.91,7861186,142293700,1.4852,60.708,2.741,9543649500.0,9527449500.0
000049,德赛电池,22.4,1.864,21.99,22.06,22.55,21.95,5295786,118353568,1.37719,29.478,1.261,8615903161.6,8613580908.800001
000050,深天马Ａ,6.31,0.318,6.29,6.31,6.38,6.28,14585266,92185253,0.5988,92.522,0.582,15369744029.689999,15369607575.94
000055,方大集团,3.86,-0.515,3.88,3.88,3.9,3.78,14903910,57100953,2.2052,-8.042,0.747,4145154516.2200003,2608798095.94
000056,*ST皇庭,2.7,0.0,2.7,2.7,2.73,2.64,17593478,47257769,1.94676,-1.179,-1.207,3192826194.0000005,2440079661.6
000058,深 赛 格,7.28,-0.137,7.29,7.26,7.28,6.95,18360837,130840342,1.86454,129.078,4.405,8963140892.16,7168901951.12
000059,华锦股份,5.55,1.463,5.47,5.51,5.6,5.5,25529179,141757962,1.59616,-5.045,0.88,8876906080.35,8876742077.85
000060,中金岭南,5.84,0.172,5.83,5.84,5.87,5.81,34844623,203380136,0.78459,27.81,1.281,25936447154.72,25936031054.719997
000061,农 产 品,6.03,3.253,5.84,5.86,6.09,5.82,19158427,114162452,1.06773,28.632,1.385,11969316023.939999,10819710332.64
000062,深圳华强,21.32,-1.57,21.66,21.81,21.9,21.27,9401476,201788675,0.89987,48.17,3.232,22298786745.04,22274323238.960003
000063,中兴通讯,30.58,-0.456,30.72,30.88,30.9,30.53,31066864,952400874,0.77135,26.137,1.932,146280496844.46,123164657274.56
000065,北方国际,9.73,1.249,9.61,9.67,9.79,9.58,12704000,123281236,1.19284,14.309,1.015,11300832207.07,10362630715.289999
000066,中国长城,14.1,-2.219,14.42,14.43,14.52,14.03,85862801,1217461624,2.66193,-829.412,4.014,45483767140.8,45480816715.799995
000068,华控赛格,3.41,-3.672,3.54,3.47,3.48,3.23,78562184,262906446,7.80415,-32.852,6.11,3432749692.24,3432749692.24
000069,华侨城Ａ,1.97,0.0,1.97,1.92,2.0,1.78,233993035,444764615,3.39189,-1.071,0.497,15834383364.41,13590245508.57
000070,特发信息,16.3,0.679,16.19,16.45,16.88,16.01,49469306,813605628,5.77429,-29.615,13.342,14154805068.699999,13964487768.300001
000078,ST海王,1.49,0.0,1.49,1.49,1.5,1.47,37006570,54813590,1.40721,-6.963,3.831,3920373652.9300003,3918382498.88
000088,盐 田 港,4.66,0.648,4.63,4.62,4.68,4.61,21443963,99849781,0.67798,16.643,1.339,24229592392.36,14739210657.72
000089,深圳机场,6.69,1.517,6.59,6.61,6.72,6.57,16940465,112996787,0.82605,26.123,1.14,13719648015.21,13719648015.21
000090,天健集团,3.64,0.0,3.64,3.53,3.68,3.38,71611986,252993202,3.83267,52.374,0.616,6801505379.76,6801194159.76
000096,广聚能源,7.99,0.63,7.94,7.91,7.99,7.86,2863200,22729818,0.56048,36.753,1.522,4218720000.0,4081675520.0000005
000099,中信海直,12.67,0.876,12.56,12.58,12.72,12.52,4016703,50725126,0.51777,31.675,1.773,9829007635.79,9829007635.79
000100,TCL科技,4.79,0.419,4.77,4.79,4.84,4.76,208331822,1000559242,1.0357,20.532,1.68,105123333363.29,96350755330.43999
000151,中成股份,10.06,0.0,10.06,10.04,10.12,9.88,6649145,66418443,2.15927,9.402,4.001,3530117237.16,3097823031.7000003
000153,丰原药业,6.11,0.493,6.08,6.1,6.17,6.08,7456660,45752047,1.618,28.565,1.313,2839228539.42,2815829683.4199996
000155,川能动力,10.88,1.021,10.77,10.76,10.93,10.73,11554700,125526402,0.62587,40.296,1.796,20086311560.96,20086311560.96
000156,华数传媒,6.98,-1.133,7.06,7.05,7.12,6.93,7636698,53534323,0.44925,27.92,0.863,12933468445.16,11865133621.46
000157,中联重科,5.97,1.877,5.86,5.88,5.99,5.85,49746867,295437166,0.70359,10.661,0.896,51631755358.920006,42210391657.10999
000158,常山北明,12.17,-0.164,12.19,12.3,12.3,12.13,10731416,130855767,0.67466,608.5,3.708,19455165494.57,19358133159.65
000159,国际实业,5.45,-0.909,5.5,5.5,5.54,5.39,6679490,36454004,1.38963,68.9,1.273,2619738661.85,2619643286.85
000166,申万宏源,4.38,0.459,4.36,4.36,4.4,4.35,41456073,181483466,0.18396,11.526,0.954,109674957172.8,98705522044.07999
000301,东方盛虹,12.89,0.703,12.8,12.79,13.04,12.73,15537865,200361212,0.23512,644.5,2.25,85218786538.29999,85181928266.47
000333,美的集团,80.1,-1.91,81.66,81.66,81.8,79.31,40171160,3231685974,0.58338,13.81,2.886,611157702987.0,551567829678.3
000338,潍柴动力,25.1,0.4,25.0,25.17,25.55,24.91,56426952,1426746221,1.13847,19.764,2.257,216869537587.1,124405452829.3
000400,许继电气,21.61,2.758,21.03,21.03,21.78,21.0,20525607,441469007,2.0221,18.741,1.78,22011043544.79,21935567810.49
000401,金隅冀东,3.66,1.95,3.59,3.59,3.66,3.52,13849552,50009576,0.52633,44.634,0.374,9721497976.08,9630758158.08
000402,金 融 街,2.74,1.107,2.71,2.64,2.78,2.5,172884690,456111099,5.78468,-1.522,0.422,8189667945.179999,8188948051.28
000403,派林生物,10.06,3.285,9.74,9.74,10.12,9.69,7211680,72244425,0.76664,22.864,1.187,9560997703.16,9463268837.220001
000404,长虹华意,6.84,1.484,6.74,6.77,6.85,6.74,4030856,27403652,0.58167,9.578,1.109,4760612496.360001,4740017126.4
000407,胜利股份,4.25,1.19,4.2,4.22,4.25,4.19,11152000,47183980,1.27338,24.011,1.199,3740359788.0,3722074401.0
000408,藏格矿业,70.66,1.232,69.8,70.5,71.65,70.25,7091585,503413637,0.45201,28.724,6.447,110859516517.64,110858350627.64
000409,云鼎科技,8.61,-2.048,8.79,8.86,8.86,8.59,4544300,39386522,0.7696,69.38,3.506,5834681917.05,5083980571.74
000410,沈阳机床,5.11,-0.584,5.14,5.16,5.18,5.09,14191400,72712784,0.72,-1310.256,3.229,13536763075.99,10071903681.63
000411,英特集团,10.02,0.401,9.98,10.02,10.12,9.95,4011912,40313228,0.71167,10.438,1.025,5659788442.92,5648634078.72
000415,渤海租赁,4.13,1.474,4.07,4.07,4.16,4.06,38451221,158341939,0.713,-62.957,0.818,25542072894.66,22272734336.79
000417,合百集团,5.64,-0.353,5.66,5.7,5.71,5.59,17343755,97842269,2.22633,27.459,0.924,4398546888.0,4393714823.64
000419,通程控股,5.1,0.791,5.06,5.06,5.13,5.0,4943973,25085105,0.90952,22.546,0.821,2772271540.5,2772271540.5
000420,吉林化纤,3.44,-0.865,3.47,3.47,3.48,3.39,37673100,129427507,1.53219,373.913,1.903,8458507099.92,8458187179.92
000421,南京公用,5.74,0.702,5.7,5.74,5.74,5.66,5494600,31384657,0.9569,68.66,1.184,3297146313.1600003,3295954046.2799997
000422,湖北宜化,11.52,0.348,11.48,11.48,11.56,11.46,6348392,73097776,0.59488,15.459,2.044,12521653655.04,12293745546.240002
000423,东阿阿胶,45.95,1.569,45.24,45.26,46.12,45.26,4340786,198618720,0.67963,17.019,2.894,29400042562.8,29348278463.35
000425,徐工机械,7.2,2.128,7.05,7.05,7.24,7.0,108267925,772828138,1.20323,12.632,1.306,84320715232.8,64786211236.8
000426,兴业银锡,31.5,-0.222,31.57,31.62,31.82,31.3,20097149,633923358,1.13212,32.819,4.847,55932525778.5,55918027116.0
000428,华天酒店,3.83,0.0,3.83,3.85,3.88,3.81,24716024,95093908,2.42569,-18.565,3.183,3902486580.0,3902486580.0
000429,粤高速Ａ,12.46,1.466,12.28,12.27,12.49,12.26,5059812,62865815,0.38822,14.488,2.462,26051444329.960003,16239490628.76
000430,张家界,6.66,0.301,6.64,6.71,6.71,6.6,8151645,54162288,2.19984,-9.794,2.963,5392171577.52,2467906196.76
000488,ST晨鸣,2.13,2.404,2.08,2.23,2.23,2.12,18879675,40883280,1.11095,-0.753,40.189,6265301706.0,3619752531.42
000498,山东路桥,5.87,4.635,5.61,5.63,5.92,5.62,51750512,299833725,3.57061,5.055,0.505,9112834680.88,8507671462.7300005
000501,武商集团,7.14,1.133,7.06,7.06,7.16,7.01,4617900,32774222,0.60106,29.75,0.499,5490608099.34,5485618381.740001
000503,国新健康,7.69,-0.389,7.72,7.46,7.86,7.36,55401758,419071340,5.65765,-18.638,6.738,7530451509.679999,7530320779.679999
000504,南华生物,12.42,10.009,11.29,10.79,12.42,10.59,74092133,860444296,22.51203,138.0,15.084,4098886877.1600003,4087700183.16
000505,京粮控股,6.28,3.46,6.07,6.16,6.4,6.09,25266917,157509235,3.8169,-16.973,1.59,4565247576.28,4157204576.28
000506,招金黄金,16.71,0.784,16.58,16.68,16.9,16.56,23822641,398431958,2.56514,98.294,17.211,15523886786.31,15518693318.310001
000507,珠海港,4.94,0.203,4.93,4.93,4.96,4.9,5545515,27374691,0.61456,21.012,0.531,4543490381.3,4457631007.7
000509,华塑控股,3.39,-3.419,3.51,3.51,3.55,3.37,26189050,89831186,2.44045,-339.0,34.381,3637904096.2799997,3637893099.1200004
000510,新金路,16.85,-2.432,17.27,17.27,17.61,16.66,20473182,348119954,3.37292,-47.438,10.835,10927959474.65,10227727445.199999
000513,丽珠集团,32.9,2.079,32.23,31.65,33.38,31.17,46168173,1505735915,8.13319,14.493,2.186,29212145925.9,18675743825.2
000514,渝 开 发,4.6,1.099,4.55,4.48,4.66,4.23,36632644,162997681,4.34154,575.0,1.071,3881346439.0000005,3881346439.0000005
000516,国际医学,4.37,2.342,4.27,4.29,4.42,4.28,25020400,108976107,1.13484,-31.214,3.008,9783978810.61,9634750337.57
000517,荣安地产,2.07,0.0,2.07,2.1,2.11,1.96,58105136,118298087,2.33168,-5.753,1.459,6590719543.95,5158411881.12
000518,四环生物,3.59,0.0,3.59,3.63,3.63,3.56,11656610,41733695,1.13222,-99.722,11.971,3696106836.98,3696033137.8700004
000519,中兵红箭,14.3,-0.694,14.4,14.5,14.54,14.24,24324400,349584761,1.74674,478.261,1.918,19913593442.6,19913593442.6
000520,凤凰航运,4.0,-0.744,4.03,4.03,4.06,3.99,12183200,48907604,1.20377,-92.166,9.054,4048333820.0,4048333820.0
000521,长虹美菱,4.35,1.399,4.29,4.31,4.36,4.28,6323522,27326195,0.72245,10.886,0.763,4480168160.25,3807506558.4
000523,红棉股份,3.3,4.101,3.17,3.26,3.37,3.19,148137142,486603993,8.2536,75.688,3.036,6057045921.3,5922899578.2
000524,岭南控股,8.76,0.114,8.75,8.78,8.81,8.68,4111000,35951039,0.61357,87.6,2.562,5871027309.72,5869274521.32
000525,红太阳,4.44,1.139,4.39,4.41,4.47,4.4,9835408,43658612,0.88467,-15.31,2.206,5785047566.04,4936214422.2
000526,学大教育,35.82,2.901,34.81,34.91,35.97,34.6,1640952,58002891,1.35087,21.819,3.528,4365064924.38,4351181092.38
000528,柳 工,7.52,2.174,7.36,7.37,7.55,7.36,21592972,161357654,1.05965,9.426,0.817,15345126240.960001,15323840437.28
000529,广弘控股,5.04,0.199,5.03,5.04,5.07,4.99,2702421,13602354,0.47421,24.0,0.924,2942303263.2,2872217260.0800004
000530,冰山冷热,5.15,-1.152,5.21,5.21,5.24,5.1,8980100,46244799,1.49639,73.571,1.375,4342544411.05,3090601133.75
000531,穗恒运Ａ,5.55,1.093,5.49,5.52,5.55,5.48,4073539,22483817,0.44777,18.974,0.835,5779777392.599999,5049087458.4
000532,华金资本,12.26,-1.841,12.49,12.55,12.72,12.22,16717831,206502115,4.8662,25.86,2.569,4226124248.4,4211919885.96
000533,顺钠股份,9.92,-0.998,10.02,10.1,10.13,9.84,18325444,182660690,2.67563,67.209,6.714,6852894719.999999,6794231808.0
000534,万泽股份,21.63,-1.503,21.96,21.97,22.14,21.61,7096369,155028189,1.40652,54.415,5.894,11021534401.08,10913028046.83
000536,华映科技,3.34,-1.183,3.38,3.39,3.4,3.31,35054993,117032653,1.26863,-8.954,17.119,9238549562.02,9229129198.9
000537,绿发电力,7.38,1.235,7.29,7.29,7.4,7.26,9897400,72735265,0.48146,18.923,0.764,15171198094.619999,15171198094.619999
000538,云南白药,50.44,0.398,50.24,50.25,50.55,49.97,7152730,359786806,0.40091,17.453,2.197,89998205695.31999,89991637902.92
000539,粤电力Ａ,5.09,0.992,5.04,5.04,5.11,4.98,34888600,176666723,1.3653,44.532,1.174,26723945488.74,13006919315.91
000541,佛山照明,4.89,0.617,4.86,4.88,4.9,4.85,3079011,15001953,0.25205,34.954,1.109,7509955544.7,5973585246.75
000543,皖能电力,7.15,1.275,7.06,7.05,7.16,7.02,18583631,132104003,0.81979,7.526,0.904,16208072816.65,16208072816.65
000544,中原环保,7.23,0.277,7.21,7.23,7.26,7.2,2347900,16976525,0.24089,6.825,0.748,7046968848.24,7046968848.24
000545,金浦钛业,2.21,-0.45,2.22,2.24,2.26,2.18,27307100,60288246,2.77116,-4.411,3.41,2180901142.16,2177740842.16
000546,金圆股份,4.33,0.231,4.32,4.34,4.38,4.29,6883700,29843537,0.98804,-13.531,0.92,3367216974.46,3016733541.98
000547,航天发展,13.68,-1.37,13.87,14.02,14.08,13.61,36363077,501275365,2.28825,-16.683,5.976,21867045919.920002,21739176128.16
000548,湖南投资,4.64,0.0,4.64,4.66,4.69,4.61,3781400,17563417,0.75747,55.042,1.124,2316361363.04,2316361363.04
000550,江铃汽车,16.5,1.351,16.28,16.22,16.79,16.2,5556895,91742994,1.0718,11.957,1.191,14243031000.0,8554642140.0
000551,创元科技,11.66,-0.257,11.69,11.7,11.81,11.58,6676765,77997164,1.37847,19.099,1.845,5651987316.36,5647660651.820001
000552,甘肃能化,2.5,1.626,2.46,2.46,2.51,2.46,49521260,123322945,1.32914,-62.5,0.807,13379541939.999998,9314533855.0
000553,安道麦A,5.48,1.67,5.39,5.46,5.51,5.4,4721014,25818392,0.21685,-12.21,0.724,12767368477.68,11930354346.28
000554,泰山石油,6.19,0.0,6.19,6.18,6.23,6.14,6431494,39748001,1.78998,19.242,2.439,2955384042.42,2224096693.43
000555,神州信息,10.07,0.199,10.05,10.18,10.19,10.0,14935300,150754028,1.53196,171.55,1.796,9826048580.59,9817413052.09
000557,西部创业,3.64,0.831,3.61,3.62,3.66,3.59,5519343,20048306,0.37858,18.146,0.831,5308484035.4,5306814960.72
000558,天府文旅,3.52,-1.124,3.56,3.55,3.56,3.47,19202600,67412704,1.4901,-218.634,4.426,4538068300.48,4536153188.16
000559,万向钱潮,10.87,1.022,10.76,10.79,11.35,10.65,58451447,640528944,1.75684,35.065,4.378,36186458748.28,36165349425.68
000560,我爱我家,3.7,-1.596,3.76,3.38,3.83,3.38,769417829,2736655375,32.84337,-90.244,0.931,8715353148.7,8667946040.300001
000561,烽火电子,7.54,-0.659,7.59,7.64,7.71,7.51,5813900,44041160,0.74898,-19.333,2.299,6514697514.5199995,5852905094.400001
000563,陕国投Ａ,2.91,0.692,2.89,2.89,2.92,2.87,27392123,79557848,0.53563,10.389,0.787,14881653741.78,14881653741.78
000564,供销大集,1.47,1.379,1.45,1.45,1.48,1.44,172234919,251581441,1.14102,-15.875,1.85,26545353130.379997,22189472901.750004
000565,渝三峡Ａ,6.34,-0.938,6.4,6.42,6.52,6.33,6963248,44618560,1.60594,317.0,2.142,2748974674.7999997,2748974674.7999997
000566,海南海药,4.62,0.217,4.61,4.67,4.71,4.59,62196704,289325070,4.7967,-13.941,-45.472,5993826882.12,5990548594.8
000567,海德股份,5.88,0.0,5.88,5.9,5.95,5.83,12100600,71342915,0.62094,29.848,1.654,11493001871.4,11458735636.32
000568,泸州老窖,72.28,4.18,69.38,69.5,73.18,69.32,14157762,1013579627,0.96235,9.821,2.326,106389037745.64,106335519754.36
000570,苏常柴Ａ,5.28,0.19,5.27,5.3,5.33,5.25,6176973,32657005,1.11158,73.333,1.052,3726056436.96,2934056436.96
000571,新大洲A,6.47,-1.522,6.57,6.57,6.58,6.46,10131965,65945029,1.24473,-35.413,-446.207,5429164630.0,5266529210.5
000572,海马汽车,4.03,0.75,4.0,4.03,4.19,3.95,130270014,530186143,7.9324,-44.678,4.39,6627884796.78,6618279860.01
000573,粤宏远Ａ,3.9,-0.763,3.93,3.87,3.94,3.76,16929661,65284834,2.67637,35.455,1.55,2489294355.6,2466983294.1
000576,甘化科工,8.3,0.728,8.24,8.29,8.36,8.22,5285383,43828748,1.21835,48.824,2.148,3622271176.2,3600666666.2999997
000581,威孚高科,18.21,1.618,17.92,18.02,18.25,17.94,4655614,84523834,0.58643,16.555,0.879,17605167469.530003,14456756002.289999
000582,北部湾港,8.97,0.0,8.97,9.0,9.03,8.9,23434490,210028985,1.08652,20.157,1.099,22578247785.6,19346928560.309998
000586,汇源通信,12.51,-2.036,12.77,12.89,13.0,12.47,4716700,59489136,2.46702,-1303.125,7.672,2419934400.0,2391786900.0
000589,贵州轮胎,4.2,0.478,4.18,4.19,4.21,4.18,10699897,44879001,0.69295,10.5,0.709,6528438436.8,6485264956.8
000590,古汉医药,9.1,-0.438,9.14,9.19,9.37,9.08,2978309,27347220,1.24433,-43.128,4.091,2179188529.7000003,2178094345.7000003
000591,太阳能,4.17,0.482,4.15,4.14,4.19,4.14,24366476,101506720,0.62424,19.867,0.672,16283236905.749998,16277161428.419998
000592,平潭发展,8.53,-2.403,8.74,8.73,8.91,8.43,317546463,2747598991,16.58126,-142.881,9.668,16478091008.76,16335738589.97
000593,德龙汇能,20.11,0.55,20.0,20.36,20.95,20.0,10657644,217159578,2.97298,352.807,8.034,7212069590.99,7209093512.09
000595,新能股份,5.51,1.101,5.45,5.42,5.58,5.37,17836104,97675150,1.56642,78.714,12.242,6273996576.66,6273996576.66
000596,古井贡酒,93.55,5.077,89.03,89.03,97.8,89.0,5208317,487152125,1.27467,13.942,1.987,49450530000.0,38224530000.0
000597,东北制药,4.76,1.493,4.69,4.7,4.79,4.68,12827229,61032457,0.91025,26.444,1.227,6792178541.4,6707809788.12
000598,兴蓉环境,7.06,0.713,7.01,7.03,7.09,7.01,10278400,72651494,0.34451,10.495,1.051,21065936670.260002,21063349003.76
000599,青岛双星,4.47,0.903,4.43,4.47,4.5,4.41,8853600,39450162,1.08401,-10.15,1.764,10920715641.93,3650837240.64
000600,建投能源,7.17,2.869,6.97,6.97,7.19,6.94,19078501,135457682,1.75024,6.901,1.187,14586473446.35,7815664780.92
000601,韶能股份,6.05,0.498,6.02,6.02,6.08,6.0,16197505,97751025,1.53682,60.5,1.517,6437713820.45,6376462483.05
000603,盛达资源,30.9,-0.579,31.08,31.0,31.36,30.84,15339490,476518587,2.30075,40.13,5.676,21320052791.4,20601535493.1
000605,渤海股份,6.04,-0.33,6.06,6.1,6.12,5.99,2706200,16352925,0.76737,249.587,1.004,2130057944.0000002,2130057944.0000002
000607,华媒控股,3.96,-4.116,4.13,4.03,4.13,3.93,77168915,309002469,8.71904,-11.314,3.363,4030085703.6,3504846185.28
000608,阳光股份,7.05,-1.811,7.18,7.18,7.2,7.03,13101000,92648506,2.27113,-24.227,2.611,5286888828.45,4066787628.4500003
000609,*ST中迪,9.37,0.321,9.34,9.34,9.38,9.14,2604900,24123373,0.89604,-6.693,-18.591,2804117941.14,2723981016.14
000610,*ST西旅,7.5,0.536,7.46,7.58,7.72,7.28,7052300,52726953,2.99455,-6.097,-15.71,1775609257.5,1766282205.0
000612,焦作万方,10.44,-1.787,10.63,10.55,10.61,10.42,25664624,269477909,2.15271,11.626,1.537,12446561673.359999,12446561673.359999
000615,*ST美谷,3.28,0.923,3.25,3.25,3.28,3.24,2654224,8670629,0.28691,-5.655,3.564,5862976033.04,3034303934.6400003
000617,中油资本,6.56,0.0,6.56,6.57,6.59,6.54,35160631,230891127,0.27812,19.294,0.775,82932038758.23999,82932038758.23999
000619,海螺新材,5.2,-0.952,5.25,5.26,5.28,5.14,4132800,21497058,1.148,-26.804,0.93,2294077921.2,1872000000.0
000620,盈新发展,3.06,-1.608,3.11,3.12,3.14,3.01,199134540,609070022,4.26253,-15.3,4.831,17967754022.4,14295551373.9
000623,吉林敖东,17.41,1.221,17.2,17.27,17.43,17.22,6062042,105112336,0.50898,8.528,0.651,20820538687.670002,20735715966.38
000625,长安汽车,7.11,0.708,7.06,7.05,7.18,6.99,76496773,542919468,0.92532,17.341,0.927,70480758446.28,58778521556.759995
000626,远大控股,8.74,1.865,8.58,8.63,8.87,8.61,10225200,89473406,2.02755,-33.615,1.885,4427918791.36,4407693618.54
000628,高新发展,54.09,-1.043,54.66,55.12,56.16,53.6,5796285,316133941,3.01515,174.484,8.587,19054825200.0,10398185062.65
000629,钒钛股份,2.83,1.799,2.78,2.79,2.84,2.78,49393515,138891075,0.53166,-280.198,2.095,26293382401.350002,26291957736.9
000630,铜陵有色,5.78,-0.173,5.79,5.79,5.81,5.76,78288321,452974263,0.70258,30.421,2.036,77506745327.8,64406549716.18001
000631,顺发恒能,3.04,0.0,3.04,3.04,3.07,2.96,14755920,44447779,0.64156,101.333,1.265,6992000258.400001,6992000258.400001
000632,ST三木,3.8,2.703,3.7,3.71,3.8,3.67,9570400,35931863,2.05602,-1.973,-2.423,1768974365.9999998,1768830102.8
000633,合金投资,5.29,-0.936,5.34,5.36,5.4,5.26,4919500,26129514,1.27744,268.528,10.171,2037212713.17,2037212713.17
000635,英 力 特,7.58,-0.263,7.6,7.61,7.66,7.5,9002400,68236524,2.45417,-4.679,3.036,2987532862.34,2780494205.2799997
000636,风华高科,49.61,-3.124,51.21,51.52,51.69,49.54,53429662,2679565258,4.65622,198.44,4.499,56926999686.59,56926977362.090004
000637,茂化实华,4.2,-0.943,4.24,4.26,4.29,4.19,4782400,20220119,1.31172,-15.556,4.603,2183476495.2000003,1531275081.0
000639,ST西王,1.54,2.667,1.5,1.52,1.56,1.51,19993580,30741607,1.85224,-1.338,0.935,1662319266.3,1662316420.3799999
000650,仁和药业,5.24,1.946,5.14,5.16,5.26,5.14,18348597,95821874,1.37816,18.714,1.126,7335676346.16,6976461770.16
000651,格力电器,38.28,0.472,38.1,38.13,38.3,37.97,18515561,706432060,0.33586,7.362,1.444,214421811765.48,211033543695.48
000652,泰达股份,3.33,-0.299,3.34,3.36,3.36,3.3,9999100,33299669,0.6857,-17.156,0.897,4859582096.79,4855880825.099999
000655,金岭矿业,7.25,0.555,7.21,7.22,7.27,7.12,6866300,49642340,1.15334,16.1,1.22,4316216667.5,4316216667.5
000656,金科股份,1.28,1.587,1.26,1.25,1.28,1.22,283444696,354781136,3.73588,0.462,3.246,13553576488.960001,9711483688.96
000657,中钨高新,52.74,-1.769,53.69,53.9,54.09,52.61,24679805,1313523382,1.69801,90.931,10.654,120172561297.20001,76655058849.18
000659,珠海中富,2.74,0.366,2.73,2.73,2.76,2.68,19159220,52172022,1.49018,-30.58,51.601,3522824904.7999997,3522824904.7999997
000661,长春高新,71.83,1.814,70.55,70.56,72.56,70.21,5187910,372782468,1.31414,184.179,1.307,29302152708.07,28356870051.73
000663,永安林业,6.08,-0.328,6.1,6.14,6.19,6.0,7194900,43749825,2.34896,-21.714,2.248,2045296508.16,1862311271.68
000665,湖北广电,4.11,-1.675,4.18,4.2,4.21,4.03,26349683,107998962,2.31723,-4.281,1.529,4673684424.45,4673562295.8
000668,荣丰控股,18.69,9.941,17.0,16.95,18.7,16.6,8295701,145724173,5.64941,103.833,3.818,2808930734.61,2744474924.1
000669,ST金鸿,4.05,0.998,4.01,4.04,4.08,4.02,1935100,7809202,0.2844,101.25,37.259,2755655627.8500004,2755655627.8500004
000670,盈方微,7.29,-4.079,7.6,7.65,7.68,7.2,49750400,366070163,5.99078,-72.321,190.339,6166935237.33,6053981061.33
000672,上峰材料,14.84,1.297,14.65,14.77,14.89,14.57,10462626,154521561,1.07929,21.953,1.445,14385828478.000002,14385828478.000002
000676,智度股份,6.56,-1.353,6.65,6.6,6.69,6.53,51761800,341983085,4.11125,58.053,1.918,8264217250.400001,8259225857.920001
000677,ST海龙,1.74,-1.136,1.76,1.76,1.77,1.71,13455625,23415620,1.5574,435.0,2.858,1503321629.5200002,1503321629.5200002
000678,襄阳轴承,12.89,9.983,11.72,10.69,12.89,10.69,90317836,1074985690,19.6509,-117.182,7.62,5924396063.33,5924396063.33
000679,大连友谊,6.29,-0.475,6.32,6.36,6.37,6.27,4336300,27383581,1.21669,-23.296,17.819,2241756000.0,2241756000.0
000680,山推股份,9.06,2.721,8.82,8.82,9.12,8.82,14550548,130900266,1.10687,11.193,2.038,13591292064.720001,11910009155.82
000681,视觉中国,15.62,-1.513,15.86,15.99,16.1,15.61,11344009,178878207,1.67777,131.481,2.986,10943019550.320002,10561229371.66
000682,东方电子,10.62,3.711,10.24,10.3,10.75,10.26,16069299,169908010,1.19866,15.613,2.278,14238520814.34,14237172201.779999
000683,博源化工,5.79,3.763,5.58,5.59,5.82,5.57,59163728,339429296,1.77213,23.16,1.745,21520454732.4,19330295825.670002
000685,中山公用,10.67,0.471,10.62,10.64,10.71,10.6,5889459,62807397,0.47245,8.336,0.808,15660691157.1,13301029299.8
000686,东北证券,7.53,0.266,7.51,7.53,7.55,7.51,7650127,57615241,0.32687,12.145,0.862,17623610449.95,17623610449.95
000688,国城矿业,24.24,0.373,24.15,24.15,24.44,23.93,7409460,179448016,0.62524,25.062,8.486,28726041193.44,28725936476.64
000690,宝新能源,5.21,1.165,5.15,5.14,5.25,5.07,43426432,225407325,1.99711,11.085,0.873,11336375761.02,11328979452.25
000691,亚太实业,9.0,0.223,8.98,9.16,9.4,8.81,8500100,76954806,2.62941,-81.227,9.71,4364145000.0,2909430000.0
000692,惠天热电,4.59,10.072,4.17,4.2,4.59,4.18,37721197,170711391,7.07937,-45.717,62.791,2445703359.84,2445703359.84
000695,滨海能源,12.77,-0.468,12.83,12.86,13.02,12.75,2973217,38234063,1.33933,-32.191,8.517,2959474815.03,2834852385.03
000697,炼石航空,9.16,0.219,9.14,9.4,9.41,9.05,6387505,58457949,0.97802,-17.947,3.931,12788168828.0,5982463307.68
000698,ST沈化,3.72,1.639,3.66,3.69,3.75,3.66,4050505,15054440,0.51552,-286.154,2.086,3048593549.4,2922857549.4
000700,模塑科技,12.28,1.572,12.09,12.1,12.65,11.63,69982095,859565121,7.62319,23.346,2.719,11273228976.92,11273228976.92
000701,厦门信达,5.07,-1.17,5.13,5.13,5.16,5.03,12825800,65159874,1.92076,-31.047,-14.67,3388347447.42,3385475419.17
000702,正虹科技,5.87,0.342,5.85,5.89,5.95,5.8,6178800,36250331,1.78256,-142.476,6.267,2034688444.76,2034688444.76
000703,恒逸石化,15.63,-0.382,15.69,15.66,15.87,15.42,70277123,1099932781,1.71789,195.375,2.156,64264135569.84,63940827066.090004
000705,浙江震元,7.13,0.0,7.13,7.14,7.24,7.12,4046929,28995161,1.43526,101.857,1.229,2382299029.1800003,2010412375.1000001
000707,双环科技,4.62,0.654,4.59,4.62,4.65,4.57,5042300,23301707,0.91561,-26.736,0.996,2701393431.66,2544250581.18
000708,中信特钢,13.11,2.422,12.8,12.8,13.14,12.76,12943267,168245818,0.25645,11.205,1.509,66168255224.16,66167960249.159996
000709,河钢股份,2.04,2.0,2.0,2.0,2.05,1.99,80066438,162097832,0.77468,26.221,0.406,21087727027.68,21084241291.92
000710,贝瑞基因,10.87,10.02,9.88,9.92,10.87,9.92,25235969,268548893,7.52129,-19.522,2.702,3842778324.55,3647182381.46
000711,京蓝科技,4.63,-1.068,4.68,4.74,4.77,4.6,48902140,227723363,2.07475,-62.822,18.73,13674692142.49,10912978801.800001
000712,锦龙股份,9.77,-0.509,9.82,9.95,9.95,9.69,26472477,258560708,2.95539,30.531,3.264,8753920000.0,8751322401.25
000713,国投丰乐,6.3,3.96,6.06,6.07,6.38,6.07,19397697,121212001,3.15916,58.605,1.626,5028782686.2,3868294374.0
000715,中兴商业,5.33,0.566,5.3,5.32,5.37,5.24,4879570,25897582,1.00355,25.381,1.422,2880516535.2599998,2591611523.15
000716,黑芝麻,4.94,0.0,4.94,4.97,4.99,4.89,15379486,75984227,2.09039,-76.471,1.472,3719247207.0,3634477236.7799997
000717,中南股份,2.19,0.922,2.17,2.17,2.2,2.13,19759795,42793614,0.81527,-4.602,0.79,5308221842.099999,5307896627.099999
000718,苏宁环球,2.13,0.948,2.11,2.12,2.14,2.01,64875663,134540144,2.84281,349.18,0.704,6463775497.92,4860858349.86
000719,中原传媒,11.95,0.589,11.88,11.88,12.05,11.76,3955400,47158721,0.59288,8.918,1.013,12227284800.55,7972413138.849999
000720,新能泰山,3.64,1.393,3.59,3.63,3.64,3.56,19940700,71699600,1.58696,-9.964,2.451,4573774918.44,4573774918.44
000721,西安饮食,6.1,0.66,6.06,6.06,6.12,5.96,11201302,67832902,2.18622,-23.931,33.72,3500877278.8,3125397878.8
000722,湖南发展,13.0,0.932,12.88,12.99,13.6,12.92,22607700,298305289,4.87069,81.25,2.196,8317261498.0,6034057666.0
000723,美锦能源,3.51,1.153,3.47,3.47,3.52,3.45,26910132,93996254,0.61227,-14.04,1.282,15456292939.619999,15427067907.42
000725,京东方Ａ,5.72,0.175,5.71,5.73,5.88,5.69,906270862,5227446291,2.56247,35.75,1.592,211893556526.08,202300007149.24
000726,鲁 泰Ａ,5.97,0.0,5.97,5.95,5.99,5.94,4499700,26862107,0.76358,8.178,0.494,4880627873.79,3518054434.5
000727,冠捷科技,2.18,0.0,2.18,2.18,2.19,2.15,43294617,94104268,0.95582,-12.587,5.909,9874456016.4,9874456016.4
000728,国元证券,7.25,0.694,7.2,7.22,7.28,7.22,12400970,89895555,0.28418,12.946,0.819,31637389709.75,31637389709.75
000729,燕京啤酒,11.0,1.758,10.81,10.8,11.1,10.76,15865894,174009125,0.63221,18.456,1.837,31003932751.000004,27605673337.0
000731,四川美丰,7.97,-0.747,8.03,8.0,8.12,7.94,8993000,72013057,1.63859,-36.326,1.151,4374142423.0,4374142423.0
000733,振华科技,39.13,0.231,39.04,39.19,39.33,38.71,5993699,234158992,1.08173,21.147,1.374,21684649835.03,21681310089.53
000735,罗 牛 山,5.69,-1.215,5.76,5.76,5.81,5.65,37453260,213325446,3.25427,42.622,1.645,6552112258.820001,6548606871.73
000736,中交发展,4.85,1.042,4.8,4.69,4.88,4.36,40115229,187213694,5.36947,-2.118,2.954,3623427244.85,3623427244.85
000737,北方铜业,13.44,0.074,13.43,13.43,13.51,13.34,38532850,517698327,2.02321,32.386,3.239,25599388886.4,25597052342.4
000738,航发控制,18.75,0.428,18.67,18.65,18.97,18.65,7708300,145059403,0.5861,75.0,1.959,24659700018.75,24659700018.75
000739,普洛药业,27.74,4.443,26.56,25.77,27.89,25.23,21579866,575333692,1.86358,35.919,4.893,32135224798.24,32122357516.02
000750,国海证券,3.61,0.557,3.59,3.59,3.62,3.58,24322060,87587039,0.41962,30.083,1.005,23054089861.969997,20924296356.97
000751,锌业股份,4.39,0.228,4.38,4.38,4.41,4.36,12445999,54633007,0.77035,109.75,1.933,7092618312.05,7092616007.299999
000752,*ST西发,8.72,0.461,8.68,8.68,8.78,8.63,1690100,14714950,0.64078,15.971,3.616,2299974041.52,2299974041.52
000753,漳州发展,5.44,0.0,5.44,5.47,5.49,5.33,53593301,290891791,5.40538,115.745,1.965,5393657026.240001,5393657026.240001
000755,山西高速,4.73,1.068,4.68,4.7,4.73,4.67,2309000,10891454,0.15736,14.916,1.268,6940377227.08,6940377227.08
000756,新华制药,14.6,4.435,13.98,14.0,14.87,13.91,55215291,801651700,11.06801,34.762,1.93,10171578151.0,7283544500.599999
000757,浩物股份,4.3,0.0,4.3,4.31,4.37,4.26,5554700,23988576,1.04271,47.778,1.421,2290679208.5,2290679208.5
000758,中色股份,5.72,0.175,5.71,5.7,5.75,5.69,11672018,66849070,0.58879,23.953,1.747,11381347503.24,11339202915.04
000759,中百集团,6.15,0.82,6.1,6.29,6.3,5.98,51601120,315552790,7.86955,-4.212,7.684,4034581338.9,4032592053.75
000761,本钢板材,2.35,3.524,2.27,2.28,2.37,2.23,28295898,65146938,0.76302,-2.448,1.895,9654716739.7,8714716739.7
000762,西藏矿业,20.74,1.22,20.49,20.5,20.89,20.32,5826674,120355272,1.11879,-345.667,3.614,10801791037.6,10801404817.32
000766,通化金马,15.16,-0.066,15.17,15.19,15.31,15.07,6621100,100502374,0.68569,379.0,6.322,14652059758.12,14638701508.96
000767,晋控电力,3.28,0.306,3.27,3.27,3.29,3.25,32630194,106874297,1.12045,-256.25,1.668,10092370478.32,9552168310.08
000768,中航西飞,23.12,2.756,22.5,22.51,23.38,22.51,31835349,733853015,1.14664,55.724,2.87,64287706321.200005,64190691888.079994
000776,广发证券,19.88,0.709,19.74,19.8,19.92,19.72,27349025,542609047,0.46322,11.833,1.126,155557928758.68,117372500302.68001
000777,中核科技,16.12,0.124,16.1,16.19,16.24,16.05,1753714,28288673,0.4574,36.636,2.446,6180691599.16,6180582531.240001
000778,新兴铸管,3.56,0.85,3.53,3.53,3.57,3.51,33460096,118629069,0.85939,14.902,0.538,14108928934.599998,13860686592.4
000779,甘咨询,8.39,-0.71,8.45,8.5,8.5,8.37,13028000,109667053,2.80305,26.178,0.971,3899919102.28,3899501615.88
000782,恒申新材,8.1,-0.246,8.12,8.22,8.31,8.06,8852200,72194566,1.67611,-36.818,3.53,5561310222.9,4277930946.3
000783,长江证券,7.94,0.0,7.94,7.99,8.0,7.9,36072590,286503371,0.6523,12.603,1.19,43908779207.119995,43908779207.119995
000785,居然智家,2.3,0.437,2.29,2.28,2.32,2.22,69733400,158306367,1.12605,-13.529,0.744,14322212272.2,14243290805.9
000786,北新建材,16.6,2.217,16.24,16.15,16.74,15.55,34831156,567579013,2.06162,9.668,1.033,28257118297.199997,28045830177.2
000788,北大医药,5.46,0.368,5.44,5.46,5.51,5.42,9283910,50774315,1.55774,39.252,2.144,3254091340.5,3254091340.5
000789,万年青,4.17,0.0,4.17,4.19,4.2,4.09,6313834,26228325,0.79178,110.317,0.527,3325242296.5499997,3325242296.5499997
000790,华神科技,4.42,-0.45,4.44,4.35,4.51,4.35,63201786,280397871,10.15057,-8.667,3.818,2756839588.88,2752080906.38
000791,甘肃能源,7.06,0.857,7.0,6.99,7.08,6.98,9430429,66474505,0.4872,11.164,1.51,22901508578.519997,13665563939.16
000792,盐湖股份,23.83,1.404,23.5,23.49,24.02,23.45,44895130,1068890994,0.84844,14.878,2.641,126098173652.03,126096876227.68
000793,ST华闻,1.99,-0.5,2.0,2.0,2.01,1.99,6248100,12473490,0.23448,-25.448,3.297,8743940609.949999,5302759294.37
000795,英洛华,8.21,0.367,8.18,8.17,8.22,8.17,4607595,37766512,0.41277,36.04,3.47,9164418361.94,9164404511.67
000796,凯撒旅业,3.52,0.86,3.49,3.53,3.54,3.46,27132675,95340717,2.03887,176.0,6.377,5645336984.32,4684306274.56
000797,中国武夷,2.72,0.741,2.7,2.64,2.74,2.5,79767002,209202430,5.07884,-9.477,0.998,4272451470.2400002,4271961358.88
000798,中水渔业,9.79,1.979,9.6,9.71,9.89,9.65,11157551,108958700,3.04988,42.77,6.562,3581756790.48,3581536515.48
000799,酒鬼酒,36.67,1.833,36.01,36.02,37.43,35.8,5561534,204062705,1.71178,-350.909,3.262,11915145696.6,11913992425.1
000800,一汽解放,5.88,0.685,5.84,5.83,5.9,5.78,11364118,66532206,0.23095,39.946,1.097,28937132133.0,28933333994.04
000801,四川九洲,11.41,-0.955,11.52,11.57,11.59,11.4,5784923,66472632,0.56942,65.014,3.975,11596265500.19,11591875091.929998
000802,北京文化,3.85,-1.535,3.91,3.91,3.93,3.81,33636300,129543993,4.7008,-6.769,4.657,2756215981.75,2754844419.25
000803,山高环能,7.24,5.539,6.86,6.93,7.36,6.9,12321744,88638016,2.65047,120.667,2.234,3375984147.72,3365793666.72
000807,云铝股份,26.2,-1.02,26.47,25.99,26.35,25.86,39698374,1037449854,1.14473,14.971,2.381,90860484011.0,90859511886.2
000809,和展能源,3.42,-1.441,3.47,3.48,3.52,3.4,17217550,59092551,2.0875,-42.75,1.059,2820786222.06,2820786222.06
000810,创维数字,9.1,0.0,9.1,9.1,9.16,9.05,7985459,72729434,0.71416,57.741,1.591,10466779768.9,10175238027.5
000811,冰轮环境,36.79,-2.878,37.88,38.0,38.38,36.72,18730878,695264915,1.90126,64.544,5.613,36513265068.15,36244792544.87
000812,陕西金叶,3.72,-0.535,3.74,3.76,3.8,3.69,17386975,64660142,2.29947,-12.576,1.869,2813552015.64,2812802413.32
000813,德展健康,3.23,0.937,3.2,3.21,3.25,3.19,19946892,64310011,0.95137,-19.78,1.48,6773650894.2,6772173169.2
000815,美利云,14.25,-1.452,14.46,14.65,14.75,14.19,17110297,246216441,2.46098,148.747,6.99,9907498248.75,9907498248.75
000816,智慧农业,2.79,0.0,2.79,2.8,2.8,2.76,18869130,52524884,1.3108,-58.985,2.038,4037167157.22,4016230310.88
000818,航锦科技,11.26,-0.442,11.31,11.31,11.38,11.17,8047489,90656420,1.22263,-48.957,3.392,7431600439.14,7411460803.14
000819,岳阳兴长,12.2,0.082,12.19,12.26,12.35,12.15,2310800,28292979,0.63133,-87.143,2.131,4465445293.2,4465445293.2
000820,神雾节能,3.59,0.843,3.56,3.64,3.73,3.58,11797615,42737879,3.9727,-36.153,29.33,2321133092.6099997,1066111088.43
000821,ST京机,7.28,-0.137,7.29,7.3,7.34,7.24,3616203,26302807,0.60413,22.75,1.087,4534528383.84,4357631227.04
000822,山东海化,4.28,1.182,4.23,4.25,4.31,4.24,6828298,29216615,0.76286,-2.761,1.074,3830993443.2799997,3830993443.2799997
000823,超声电子,23.28,-4.59,24.4,24.5,24.6,23.06,124168416,2935099768,20.87102,56.191,2.485,13850550328.08,13850020847.759998
000825,太钢不锈,3.39,1.194,3.35,3.36,3.41,3.34,25719072,86920155,0.45151,376.667,0.59,19310280028.44,19310280028.44
000826,*ST启环,1.72,-0.578,1.73,1.74,1.75,1.71,10284200,17837246,0.72162,-0.765,-0.912,2451607586.56,2451263820.48
000828,东莞控股,9.97,0.605,9.91,9.93,10.01,9.88,3700192,36899068,0.35595,12.585,0.999,10363984410.24,10363984410.24
000829,天音控股,9.14,-0.109,9.15,9.26,9.27,8.9,20925556,190475395,2.04325,-435.238,3.199,9369418003.32,9360545174.66
000830,鲁西化工,11.43,1.872,11.22,11.24,11.5,11.23,16754338,191150084,0.87987,24.013,1.114,21766366295.73,21764757031.74
000831,中国稀土,52.73,-0.939,53.23,53.88,53.99,52.48,12813336,681930356,1.20741,324.293,11.053,55958173153.11,55958173153.11
000833,粤桂股份,18.76,1.901,18.41,18.53,19.0,18.43,14822732,278243985,3.26703,31.35,3.598,16041994694.880001,8511536791.5199995
000837,秦川机床,9.47,-0.421,9.51,9.52,9.63,9.46,6638319,63200541,0.65896,182.115,1.955,9689191076.390001,9540054201.89
000838,*ST发展,2.45,9.865,2.23,2.31,2.45,2.31,50673250,120842766,4.60472,-4.279,-10.769,2696132316.4999995,2696132316.4999995
000839,国安股份,2.85,-1.384,2.89,2.87,2.91,2.8,72270255,205154500,1.84371,118.75,9.155,11171505103.199999,11171505103.199999
000848,承德露露,8.14,2.519,7.94,7.96,8.22,7.93,13188425,106787742,1.30499,13.567,2.575,8302800602.36,8226398562.36
000850,华茂股份,4.17,-9.935,4.63,4.39,4.5,4.17,158514020,671892787,16.80288,18.13,0.865,3935083087.5299997,3933871160.4300003
000852,石化机械,5.31,0.568,5.28,5.26,5.35,5.25,9551688,50553440,1.00517,465.789,1.612,5075139422.16,5045874615.63
000856,冀东装备,8.88,-0.225,8.9,8.97,9.0,8.81,3297100,29358723,1.45247,77.217,4.783,2015760000.0,2015760000.0
000858,五 粮 液,70.06,1.876,68.77,68.84,70.47,68.68,19488531,1358338217,0.50209,30.371,2.295,271945456830.30002,271938828173.46
000859,国风新材,8.53,-1.044,8.62,8.66,8.8,8.5,19877967,171441007,2.21872,-106.625,2.844,7642677591.63,7642204176.629999
000860,顺鑫农业,10.38,2.874,10.09,10.13,10.48,10.11,11083523,114397920,1.49421,-50.536,1.134,7699541345.82,7699541345.82
000862,银星能源,5.34,0.376,5.32,5.39,5.41,5.3,9962900,53213118,1.39695,110.331,1.114,4901878076.64,3808427065.2599998
000863,三湘印象,4.46,-1.327,4.52,4.52,4.52,4.27,26233130,115299353,2.25213,-40.545,1.214,5265920037.6,5195070743.28
000868,安凯客车,4.15,-0.718,4.18,4.24,4.31,4.04,74898039,313203883,7.972,-69.167,4.854,3898986150.25,3898983037.75
000869,张 裕Ａ,17.05,1.73,16.76,16.78,17.14,16.78,1534999,26066550,0.33741,155.0,1.067,10967926182.4,7756657436.0
000875,电投绿能,4.68,1.739,4.6,4.6,4.7,4.58,24701082,115122852,0.73901,33.429,0.961,16975626529.679998,15642618577.56
000876,新 希 望,6.92,0.435,6.89,6.86,6.93,6.81,18994520,130610254,0.4221,-16.878,1.91,34338016515.8,31140057221.48
000877,天山股份,3.76,1.897,3.69,3.7,3.8,3.62,22272689,82798616,0.31324,-3.667,0.371,26735448769.44,26735443129.440002
000878,云南铜业,16.04,0.564,15.95,15.95,16.12,15.88,21557972,345094834,1.07595,27.852,2.04,38899952001.6,32138077792.4
000880,潍柴重机,23.86,1.145,23.59,23.9,24.35,23.52,12720415,303756573,5.60305,45.885,4.976,11067433322.4,5416859448.000001
000881,中广核技,6.4,0.471,6.37,6.39,6.45,6.36,3543600,22655135,0.39211,-21.073,1.232,6050725216.0,5783877446.400001
000882,华联股份,1.55,1.307,1.53,1.56,1.56,1.48,77337000,117614666,2.82702,-14.432,0.671,4242895517.8500004,4240236018.55
000883,湖北能源,4.39,1.386,4.33,4.34,4.4,4.32,23491516,102769993,0.36255,15.138,0.835,31078511695.7,28445052100.31
000885,城发环境,11.7,0.775,11.61,11.65,11.76,11.58,1998330,23361418,0.31123,6.077,0.766,7512315583.499999,7512315583.499999
000886,海南高速,4.73,0.853,4.69,4.76,4.79,4.64,13953717,65752219,1.42438,30.321,1.438,4677157859.0,4633682527.54
000887,中鼎股份,18.32,-0.705,18.45,18.51,18.69,18.28,13884157,255838376,1.05634,15.14,1.633,24118092165.04,24079269538.56
000888,峨眉山Ａ,9.06,-0.22,9.08,9.09,9.11,9.01,7384226,66865224,1.40141,21.695,1.762,4773832704.12,4773832704.12
000889,中嘉博创,3.62,-2.162,3.7,3.7,3.71,3.61,18818100,68451873,2.1635,-127.915,17.019,3389373839.92,3148674012.6200004
000890,法尔胜,6.96,-1.695,7.08,7.16,7.16,6.93,10088200,70589573,2.40487,-43.5,1881.081,2919747617.28,2919657680.16
000892,欢瑞世纪,4.53,-1.092,4.58,4.6,4.64,4.42,99629000,451958631,14.01648,-17.43,8.789,4443841542.69,3219918582.12
000893,亚钾国际,36.84,2.476,35.95,35.95,36.97,35.82,9263982,339827778,1.1421,20.121,2.33,34042045729.08,29882335856.16
000895,双汇发展,23.66,1.068,23.41,23.45,23.7,23.35,7144276,168466694,0.20623,16.059,3.922,81973884299.58,81963259871.22
000897,津滨发展,1.96,0.513,1.95,1.95,1.99,1.83,76421500,146139285,4.72542,-73.408,1.055,3169853578.6400003,3169793602.6400003
000898,鞍钢股份,2.06,1.98,2.02,2.03,2.08,1.99,52313455,106781189,0.65741,-4.747,0.464,19300595791.48,16392466496.48
000899,赣能股份,9.08,1.001,8.99,9.03,9.11,8.98,5360261,48580205,0.54939,8.816,1.458,8859154060.8,8859154060.8
000900,现代投资,3.59,0.843,3.56,3.56,3.6,3.55,11382023,40747229,0.74993,14.99,0.497,5449003719.059999,5448731776.56
000901,航天科技,13.68,-0.941,13.81,13.86,13.95,13.6,6639663,91301726,0.83184,155.455,2.582,10919395234.079998,10919284426.08
000902,新洋丰,13.5,1.048,13.36,13.44,13.63,13.37,3683187,49723719,0.3223,10.547,1.353,16938912537.0,15427576494.0
000903,ST云动,1.97,2.604,1.92,1.93,1.99,1.91,13884900,27127627,0.72307,-3.863,7.783,3782915446.56,3782915446.56
000905,厦门港务,9.15,-0.218,9.17,9.16,9.33,9.01,19551613,179409469,2.63567,32.997,1.519,14112117403.949999,6787544087.55
000906,浙商中拓,6.11,-0.972,6.17,6.18,6.19,6.08,5536800,33883740,0.78681,23.5,0.885,4336042023.690001,4299616195.55
000908,石药景峰,5.99,0.672,5.95,5.97,6.08,5.97,10870900,65450879,1.23565,-65.18,5.044,10539696724.980001,5269848362.490001
000909,*ST数源,5.25,1.156,5.19,5.21,5.32,5.19,2573700,13546738,0.58799,-5.258,3.8,2297999786.25,2297980492.5
000910,大亚圣象,6.15,-4.503,6.44,6.46,6.53,5.92,64133769,394590723,11.7196,307.5,0.53,3366494625.0,3365496018.75
000911,*ST广糖,5.4,9.98,4.91,5.07,5.4,5.03,11133100,58329029,2.78105,-17.97,-26.252,2161727017.2000003,2161727017.2000003
000912,泸天化,3.88,0.0,3.88,3.89,3.92,3.85,26576073,103266657,1.6949,194.0,0.957,6083840000.0,6083840000.0
000913,钱江摩托,10.7,1.905,10.5,10.59,10.77,10.5,3154947,33686229,0.6066,5.73,1.084,5632597700.0,5565098622.5
000915,华特达因,23.83,1.06,23.58,23.7,23.84,23.56,1003016,23820462,0.42841,10.452,2.135,5584119287.55,5579147753.8
000917,电广传媒,6.77,-0.587,6.81,6.81,6.87,6.68,14609000,99017061,1.03065,69.794,0.933,9596856408.26,9596199887.51
000919,金陵药业,6.5,1.089,6.43,6.45,6.53,6.42,7401831,48100851,1.19054,74.971,1.073,4042509432.0,4041166856.9999995
000920,沃顿科技,12.43,2.22,12.16,12.29,12.95,12.24,18429900,231693199,3.8997,26.447,2.903,5874680496.74,5874391499.240001
000921,海信家电,26.78,1.057,26.5,26.6,26.95,26.39,4073874,108685473,0.44101,11.494,2.124,37086582159.38,24738371024.38
000922,佳电股份,11.93,-0.5,11.99,12.0,12.09,11.87,3331246,39853950,0.47256,32.243,2.108,9949407455.12,8409805391.79
000923,河钢资源,15.73,1.812,15.45,15.53,15.95,15.4,9429052,148204833,1.50168,18.101,1.056,10267426556.53,9876888298.42
000925,众合科技,7.86,-0.506,7.9,7.93,8.08,7.82,19745365,156184643,2.94265,-87.333,1.643,5315119154.460001,5274111058.559999
000926,福星股份,2.2,1.852,2.16,2.17,2.22,2.03,70371120,149657822,4.47309,-0.849,1.156,3504522502.7999997,3461060119.0
000927,中国铁物,2.47,1.646,2.43,2.45,2.49,2.42,42934900,105673678,0.70963,25.945,1.531,14944373493.27,14944365935.07
000928,中钢国际,5.34,0.945,5.29,5.31,5.35,5.26,8999100,47803386,0.62728,15.789,0.903,7661002276.139999,7660908559.139999
000929,兰州黄河,9.4,-0.529,9.45,9.51,9.71,9.37,3130300,29668500,1.68516,-19.048,5.141,1746200400.0,1746117191.2
000930,中粮科技,5.16,2.789,5.02,5.05,5.19,5.04,36096677,185228659,1.94455,249.275,0.929,9579242763.359999,9578523309.72
000931,中 关 村,4.58,1.327,4.52,4.51,4.61,4.51,15948789,73008441,2.12359,72.013,2.169,3449321577.56,3439715256.56
000932,华菱钢铁,3.54,2.907,3.44,3.45,3.55,3.42,83959603,293543622,1.22522,9.333,0.444,24258236426.4,24258236426.4
000933,神火股份,26.22,0.46,26.1,25.72,26.33,25.61,29564444,771502103,1.3154,14.486,2.13,58968895341.78,58931271214.979996
000935,四川双马,19.45,1.302,19.2,19.2,19.68,19.12,3446934,66984372,0.4515,49.872,1.917,14848914476.85,14848914476.85
000936,华西股份,5.49,0.919,5.44,5.48,5.58,5.36,12951885,71039484,1.46202,68.625,0.991,4864210749.63,4863521480.13
000937,冀中能源,4.4,0.917,4.36,4.34,4.41,4.33,23857941,104673673,0.63171,25.375,0.893,17102366754.0,16617627338.4
000938,紫光股份,31.02,-1.618,31.53,31.75,31.85,30.91,71956610,2245996331,2.5159,52.639,4.965,88719677691.48,88719454347.48
000948,南天信息,13.14,-0.605,13.22,13.27,13.29,13.05,3119784,41040232,0.80181,140.685,1.874,5123138490.360001,5112689391.54
000949,新乡化纤,6.44,0.468,6.41,6.44,6.53,6.35,26269676,169685851,1.58585,53.891,1.523,10670435497.679998,10667869969.12
000950,重药控股,5.25,0.962,5.2,5.2,5.26,5.18,15669203,82051463,0.91484,23.864,0.766,8992085004.0,8992085004.0
000951,中国重汽,20.23,1.556,19.92,19.92,20.29,19.89,8652879,174354462,0.7402,14.246,1.429,23648767858.73,23648767858.73
000952,广济药业,6.57,-0.455,6.6,6.58,6.68,6.55,5708100,37720433,1.65936,-5.657,3.782,2260079599.23,2260044094.95
000953,中哲精化,5.98,-0.333,6.0,6.01,6.07,5.94,3894700,23348764,1.06377,299.0,14.161,2189410726.1,2189410726.1
000955,欣龙控股,4.1,0.244,4.09,4.12,4.25,4.03,9527000,39193475,1.76979,3153.846,3.418,2207419500.0,2207082787.5
000957,中通客车,9.86,0.0,9.86,9.88,10.02,9.66,12658778,124411301,2.13505,15.251,1.731,5846032808.96,5846032808.96
000958,电投产融,4.94,0.407,4.92,4.91,4.98,4.91,11192576,55390211,0.20791,19.441,1.779,90483633267.81999,26594087488.8
000959,首钢股份,3.51,1.739,3.45,3.45,3.53,3.43,22322172,77852228,0.29956,27.336,0.541,27219935468.7,26155141988.04
000960,锡业股份,30.46,-0.458,30.6,30.7,30.8,30.33,12737093,389171723,0.77409,26.347,2.335,50119857257.92,50119857257.92
000962,东方钽业,54.27,-2.128,55.45,55.67,56.56,54.05,9732020,536286867,1.89154,105.481,7.116,28621192633.2,27922065273.63
000963,华东医药,27.69,3.128,26.85,26.73,27.72,26.69,32837967,902938211,1.87323,14.212,1.909,48560973321.12,48540932683.619995
000965,天保基建,3.5,0.287,3.49,3.43,3.53,3.25,51753192,175968491,4.66316,202.312,0.708,3884408132.5,3884408132.5
000966,长源电力,3.98,0.759,3.95,3.96,3.99,3.93,23097999,91731501,0.66354,-209.474,1.023,13854519363.68,13854519363.68
000967,盈峰环境,7.79,-3.827,8.1,7.97,8.07,7.78,53627704,422894190,1.59717,45.824,1.4,26168080915.59,26156238020.08
000968,蓝焰控股,6.83,0.0,6.83,6.86,6.86,6.79,10444567,71276914,1.07954,19.514,1.033,6608043167.8,6608043167.8
000969,安泰科技,16.0,-1.538,16.25,16.35,16.39,15.99,10404563,167586312,0.99968,45.597,2.878,16808310352.0,16652683536.0
000970,中科三环,10.95,-0.364,10.99,10.99,11.03,10.9,9269229,101541878,0.76244,144.269,2.036,13312197214.35,13312197214.35
000972,中基健康,3.94,2.073,3.86,3.88,3.96,3.86,9274101,36188193,1.20242,-65.776,-76.357,3038857301.26,3038857301.26
000973,佛塑科技,11.56,1.404,11.4,11.51,11.72,11.4,17222181,199403439,1.70223,103.491,2.998,28417217014.96,11695774234.56
000975,山金国际,22.76,2.2,22.27,22.3,22.83,22.11,31624554,713772175,1.25334,21.261,3.964,63102724443.36,57428369234.920006
000977,浪潮信息,65.93,-1.861,67.18,67.53,67.89,65.9,33177233,2206841624,2.2617,40.226,3.946,96816665864.15001,96713749727.51999
000978,桂林旅游,7.08,-2.613,7.27,7.27,7.33,7.05,62032701,442156694,13.25141,300.0,3.073,3314360400.0,3314300666.04
000980,众泰汽车,2.26,1.802,2.22,2.25,2.34,2.14,502837787,1130605612,9.97202,-32.286,58.398,11396157890.14,11396017996.14
000981,山子高科,2.69,-2.536,2.76,2.72,2.79,2.67,352068194,952841891,3.70078,24.455,9.311,26893196688.72,25590927890.17
000983,山西焦煤,6.48,1.727,6.37,6.36,6.52,6.34,41390863,267426151,0.72909,30.638,0.989,36787614862.32,36787425322.32
000985,大庆华科,17.1,-0.812,17.24,17.25,17.5,17.0,1285200,22026128,0.99136,298.429,3.636,2216835450.0,2216835450.0
000987,越秀资本,7.2,0.84,7.14,7.16,7.24,7.12,12757875,91583684,0.25452,10.3,1.066,36123353726.4,36090342597.6
000988,华工科技,92.25,-2.122,94.25,94.99,94.99,91.82,24257120,2257799975,2.41368,62.755,7.757,92757624720.75,92709926858.25
000989,九芝堂,8.75,2.339,8.55,8.55,8.79,8.53,14500300,126031527,1.97484,33.27,2.036,7489492605.0,6424689713.75
000990,诚志股份,6.17,0.653,6.13,6.11,6.2,6.08,21650134,133360014,1.27254,-95.956,0.583,10497221827.33,10497221827.33
000993,闽东电力,17.09,4.975,16.28,16.81,17.27,16.56,65997207,1120190811,14.4114,131.462,3.101,7826390365.95,7826390365.95
000995,皇台酒业,11.4,1.064,11.28,11.42,11.67,11.21,12448400,142666128,7.01682,142.5,13.169,2022451200.0,2022451200.0
000997,新 大 陆,19.33,0.104,19.31,19.47,19.54,19.21,5943214,115138521,0.58993,19.226,2.547,19583182696.95,19473803234.73
000998,隆平高科,8.66,3.341,8.38,8.44,8.71,8.38,27577850,236569135,2.09709,72.167,1.925,12725420208.26,11388337728.359999
000999,华润三九,24.19,3.2,23.44,23.44,24.25,23.42,11093747,265729006,0.66727,11.743,1.763,40257429985.02,40217346018.090004
001201,东瑞股份,15.82,0.636,15.72,16.03,17.26,15.6,17216401,281124781,8.10155,-25.111,1.48,4078142895.82,3361866988.9
001202,炬申股份,14.88,-0.932,15.02,15.02,15.15,14.82,950510,14203022,0.81363,33.818,2.821,2480363716.8,1738340450.3999999
001203,大中矿业,22.28,3.053,21.62,21.65,22.47,21.5,13097283,290390620,1.00289,44.56,4.745,34157032091.8,29096758098.16
001205,盛航股份,14.44,0.208,14.41,14.59,14.68,14.3,2494000,36003812,1.49804,24.991,1.251,2714771117.6,2404033710.76
001206,依依股份,18.62,9.982,16.93,18.31,18.62,18.31,4644737,86373023,4.34638,18.62,1.875,3442722704.96,1989816207.96
001207,联科科技,19.0,-0.419,19.08,18.96,19.21,18.76,4172305,79196115,1.42583,13.167,2.385,5759617136.0,5559819748.0
001208,华菱线缆,12.92,-1.072,13.06,13.22,13.23,12.87,5389500,70091598,1.69091,64.6,2.817,8247487581.44,4118038848.44
001209,洪兴股份,18.87,1.071,18.67,18.95,19.0,18.58,2261200,42462896,2.35231,117.938,1.925,2481833726.4,1813908866.52
001210,金房能源,27.2,-0.073,27.22,27.34,27.54,26.54,3755503,101236488,2.8148,31.731,4.195,5971426691.2,3629021035.2
001211,双枪科技,29.52,6.725,27.66,27.51,29.69,27.1,9884229,283364285,10.58948,984.0,3.412,2952000000.0,2755400401.44
001212,中旗新材,36.18,-1.631,36.78,36.87,37.4,35.74,3481518,126730889,1.92747,-201.0,3.798,7270719196.320001,6535064924.820001
001213,中铁特货,3.51,0.573,3.49,3.5,3.52,3.48,5502381,19281826,0.1238,35.1,0.813,15599999998.44,15599999998.44
001215,千味央厨,32.44,0.433,32.3,32.59,32.59,31.93,1171098,37729362,1.20854,49.152,1.688,3151884868.2400002,3143489266.48
001216,华瓷股份,26.18,-10.003,29.09,28.8,28.99,26.18,26973690,719082131,10.92777,29.75,3.048,7643469288.84,6462171689.82
001217,华尔泰,11.16,-0.446,11.21,11.22,11.46,11.11,4857400,54635079,1.47831,-124.0,1.701,3703669200.0,3666938816.52
001218,丽臣实业,23.46,-0.551,23.59,23.69,23.81,23.33,1059120,24959901,0.88453,18.621,1.296,3149698779.6,2809066617.6
001219,青岛食品,12.94,0.31,12.9,12.93,13.0,12.8,1685780,21752441,0.88633,22.702,2.342,2523089725.0,2461155650.0
001220,世盟股份,31.28,-0.382,31.4,31.43,31.64,30.9,921167,28754063,3.99249,15.562,1.869,2886831200.0,721707800.0
001221,悍高集团,32.64,0.648,32.43,32.94,33.88,31.98,4444437,145546310,5.78179,17.455,4.294,13056326399.999998,2509022242.56
001222,源飞宠物,15.38,0.72,15.27,15.39,15.67,15.26,3166025,48861054,2.78808,25.004,2.052,2935888200.0,1746487527.28
001223,欧克科技,40.94,-2.361,41.93,42.54,42.94,40.78,1263880,52438540,1.80981,93.534,2.823,5350563232.0,2859036712.0
001225,和泰机电,33.9,1.649,33.35,33.35,36.5,33.35,2777080,96177539,3.08571,63.962,2.25,3111990168.0,3050932878.0
001226,拓山重工,45.7,-4.453,47.83,48.3,48.39,45.53,1126892,52434857,3.17422,169.259,4.546,3412268190.0,1622413979.9999998
001227,兰州银行,2.11,0.957,2.09,2.09,2.12,2.08,54668346,114941562,1.29643,7.396,0.387,12017921024.480001,8897510097.300001
001228,永泰运,37.9,0.611,37.67,37.35,38.64,37.35,2599200,98722030,3.25451,36.796,2.301,3936468681.1,3026868681.1
001229,魅视科技,37.13,-3.383,38.43,38.55,38.9,37.03,2448700,91794262,3.32022,53.812,5.33,5325633872.999999,2738382278.78
001230,劲旅环境,18.97,-1.043,19.17,19.48,19.49,18.94,2842764,54312949,2.5848,15.056,1.764,3562119806.63,2086323976.66
001231,农心科技,22.52,-1.271,22.81,22.82,23.07,22.51,733000,16687272,1.4383,33.118,2.148,2244785380.2000003,1147685296.2
001232,嘉立创,184.73,-1.948,188.4,188.09,189.8,184.02,2154148,399408619,4.87292,71.05,12.462,102628598800.00002,8166275796.7699995
001233,海安集团,43.8,0.413,43.62,43.82,44.7,43.6,1429175,63075752,3.7896,11.231,1.679,8145632029.2,1651834962.6000001
001234,泰慕士,25.8,-10.01,28.67,28.35,28.38,25.8,11007900,289864061,12.02504,58.636,3.037,2801611680.0,2361770700.0
001236,弘业期货,7.84,-0.127,7.85,7.85,7.95,7.74,6285411,49198625,0.82912,1960.0,4.213,7900977779.52,5943329779.5199995
001237,惠康科技,49.05,-0.668,49.38,49.57,50.08,49.02,779377,38421485,2.23599,0.0,2.137,7276637641.499999,1709688173.4
001238,浙江正特,25.9,-0.88,26.13,26.35,26.49,25.52,822630,21390951,0.56568,78.485,3.439,4018333200.0,3766455596.4
001239,永达股份,12.3,0.081,12.29,12.33,12.42,12.25,1893400,23361418,1.66088,62.09,2.175,2952000000.0,1402200000.0
001246,N力勤,65.09,206.594,21.23,65.0,84.85,65.0,117885162,8345390509,74.93023,35.375,8.038,112528981671.5,10240386701.66
001248,华润新能,11.54,0.348,11.5,11.51,11.64,11.49,23736894,274316745,2.23426,20.607,1.331,153731412404.4,12260139748.140001
001255,博菲电气,27.1,-1.059,27.39,27.95,27.95,26.96,1125100,30661185,1.45712,142.632,2.555,2357921786.4,2092493546.4
001256,炜冈科技,21.72,1.401,21.42,21.68,21.95,21.21,1652800,35692353,1.54594,23.106,2.223,3097544759.76,2322140759.7599998
001257,盛龙股份,20.47,-3.716,21.26,20.95,21.19,20.3,12463928,256009882,8.28169,37.218,4.883,37581913223.990005,3080730946.94
001258,立新能源,10.03,-0.889,10.12,10.18,10.2,9.98,25544943,256993363,2.73699,111.444,3.03,9361333340.02,9361215738.27
001259,利仁科技,43.75,-2.561,44.9,44.9,45.8,43.59,817500,36255525,1.71944,341.53,4.468,3219513850.0,2080071831.25
001260,坤泰股份,19.2,0.999,19.01,19.18,19.46,19.09,2847600,54809611,4.94161,53.333,2.723,2208000000.0,1106400000.0
001266,宏英智能,39.96,9.992,36.33,36.35,39.96,36.35,8018960,309229664,13.79069,266.4,4.299,4141920413.5199995,2323579974.12
001267,汇绿生态,32.83,-1.618,33.37,34.01,34.55,32.75,21254558,712338389,3.49262,298.455,15.861,25771440938.74,19978911799.14
001268,联合精密,25.22,-0.709,25.4,25.5,25.79,24.9,2534809,63907477,2.68695,51.469,3.888,3800721261.74,2379194700.7400002
001269,欧晶科技,19.13,0.525,19.03,19.22,19.72,19.09,1456364,28060900,0.7569,-13.155,5.754,3680848561.58,3680848561.58
001270,铖昌科技,89.5,-4.777,93.99,92.22,93.11,89.4,6230764,566016233,3.04232,155.517,11.661,18447283639.5,18329891412.0
001277,速达股份,30.29,0.033,30.28,30.58,30.65,30.13,741700,22506368,1.61958,26.57,1.459,2302040000.0,1387151419.81
001278,一彬科技,16.97,-1.05,17.15,17.12,17.25,16.85,2580900,43892309,3.02396,-28.368,1.897,2099755798.0,1448361940.72
001279,强邦新材,26.0,-0.65,26.17,26.32,26.35,25.84,478165,12453078,1.19541,77.728,4.138,4160000000.0,1040000000.0
001280,中国铀业,60.22,0.017,60.21,60.4,60.62,60.0,1584294,95506998,0.91194,67.663,7.193,124545909079.96,10461856380.06
001282,三联锻造,16.75,2.446,16.35,16.41,17.48,16.22,7233115,122731258,4.73597,34.184,2.259,3721608800.0,2558180600.0
001283,豪鹏科技,47.06,1.707,46.27,46.56,48.45,45.56,4229941,200019148,4.0909,19.053,1.682,6102746447.2,4865952139.88
001285,瑞立科密,41.62,-0.787,41.95,42.14,42.76,41.38,1723156,72275695,2.07932,18.335,1.94,7513667714.78,3449090853.5200005
001286,陕西能源,9.45,0.318,9.42,9.4,9.57,9.39,15624061,148192907,1.15734,11.813,1.335,35437500000.0,12757500000.0
001287,中电港,22.59,-3.338,23.37,23.58,23.65,22.55,11677936,267472920,1.53677,60.401,2.952,17166143191.23,17166143191.23
001288,运机集团,31.32,-2.612,32.16,32.58,33.0,31.0,4381000,139811655,2.88491,37.286,3.212,7321573200.6,4756234184.28
001289,龙源电力,14.91,0.675,14.81,14.81,14.92,14.7,2426337,35981928,0.04812,27.54,1.617,124644859005.23999,75175238385.24
001296,长江材料,19.39,-0.615,19.51,19.51,19.84,19.28,1515500,29642161,1.87139,22.793,1.592,2900571157.5400004,1570255541.8899999
001298,好上好,16.21,-0.917,16.36,16.38,16.54,16.2,3882597,63415903,0.95297,62.346,4.018,7011052377.67,6604269252.08
001299,美能能源,10.09,1.001,9.99,10.13,10.22,9.99,4206175,42521215,1.48977,23.465,2.825,3170431236.83,2848787171.0200005
001300,三柏硕,12.28,-1.127,12.42,12.49,12.59,12.15,2180600,26923978,0.89451,-42.877,3.159,2993568223.92,2993568223.92
001301,尚太科技,47.34,2.712,46.09,46.0,47.72,45.68,4323018,203382645,1.6619,13.041,2.399,17260968874.68,12314317168.62
001306,夏厦精密,55.8,-1.239,56.5,57.2,57.66,55.62,620083,34990549,3.92012,-206.667,2.794,3511354500.0,882642279.6
001308,康冠科技,18.03,0.39,17.96,18.02,18.16,17.99,1095778,19792774,0.2078,25.042,1.625,12694765976.730001,9507675609.75
001309,德明利,358.46,-3.692,372.2,373.0,373.99,355.15,8545178,3084071756,5.15708,116.383,8.316,81314095180.2,59396151321.34
001311,多利科技,16.7,-1.008,16.87,16.82,17.06,16.7,2369786,39911779,1.303,22.267,1.407,6741157637.8,3037257206.3
001312,福恩股份,17.76,-0.337,17.82,17.83,18.06,17.66,2035698,36263998,3.56139,13.455,1.764,4144000011.84,1015166377.44
001313,粤海饲料,7.16,0.0,7.16,7.19,7.24,7.13,5015550,35956049,0.71738,238.667,1.92,5012000000.0,5005878565.16
001314,亿道信息,49.05,-3.235,50.69,50.91,51.4,48.81,2575500,127688502,2.07535,106.63,3.115,6994235699.999999,6087074932.349999
001316,润贝航科,27.46,-0.29,27.54,27.6,27.88,27.25,1806513,49699916,1.20139,17.026,3.26,4425497206.4800005,4129104675.88
001317,三羊马,61.85,-1.04,62.5,62.99,66.78,61.66,10553744,670426946,12.3432,-562.273,5.198,5292244606.3,5288330676.45
001318,阳光乳业,13.04,10.042,11.85,11.88,13.04,11.75,9969000,125868065,3.52685,35.281,2.559,3685886400.0,3685886400.0
001319,铭科精技,21.14,-1.903,21.55,21.59,21.64,21.07,1030299,21921628,1.25646,21.225,2.156,2989196000.0,1733481585.5
001322,箭牌家居,6.74,3.533,6.51,6.5,6.83,6.46,9088600,60566246,1.15688,134.8,1.404,6508230272.0,5295024711.5
001323,慕思股份,18.68,2.525,18.22,18.08,18.76,17.71,2023041,37137465,0.64998,15.065,1.92,8127308671.5199995,5814113368.5199995
001324,长青科技,20.26,-1.171,20.5,20.56,21.07,20.06,3924850,80494319,2.84409,66.144,2.425,2795880000.0,2795880000.0
001325,元创股份,35.48,-1.826,36.14,36.25,36.51,35.23,668800,23886436,3.41224,13.239,1.538,2781632000.0,695408000.0
001326,联域股份,101.03,-2.659,103.79,103.27,106.32,99.8,1759362,181061822,7.32539,288.657,6.008,7395396000.0,2426470748.87
001328,登康口腔,31.6,3.777,30.45,30.66,31.99,30.46,2239643,70327778,1.38492,30.095,3.693,5440692080.0,5110254040.0
001330,博纳影业,6.58,-0.754,6.63,6.69,6.8,6.39,208377500,1367128137,17.91959,-6.15,2.442,9044334914.72,7651535378.76
001331,胜通能源,38.97,1.221,38.5,39.3,39.87,37.61,6520720,253882501,2.28129,597.699,11.021,15948394560.0,11138956825.5
001332,锡装股份,26.9,-1.067,27.19,27.3,27.75,26.9,2376040,64675006,3.53552,13.058,1.591,4161053400.0000005,1807811836.9
001333,光华股份,19.93,-0.2,19.97,20.13,20.45,19.84,960800,19284097,1.29838,22.144,1.461,2551040000.0,1474820000.0
001335,信凯科技,33.04,0.365,32.92,33.0,34.3,32.75,875774,29186285,3.42849,36.308,3.072,3097155062.4,843974751.2
001336,楚环科技,18.77,-1.933,19.14,19.24,19.58,18.63,2284761,43074621,3.55336,39.104,2.375,1961193773.5,1206885904.51
001337,四川黄金,44.9,0.786,44.55,44.55,45.48,44.1,7630752,342047280,1.81685,40.45,9.161,18858000000.0,18858000000.0
001338,永顺泰,9.21,1.544,9.07,9.1,9.24,9.07,6986100,64066395,1.3924,19.596,1.271,4620940981.14,4620940981.14
001339,智微智能,69.72,-0.994,70.42,70.99,73.08,69.5,3861656,273560127,2.38522,102.529,8.388,22800723469.440002,11287645131.84
001356,富岭股份,9.21,-0.647,9.27,9.27,9.35,9.19,3049300,28241228,1.44041,57.563,2.728,5427637200.0,1949724765.0
001358,兴欣新材,24.17,-1.508,24.54,24.99,24.99,24.08,1038816,25334426,2.03784,61.974,2.062,2977744000.0,1232097364.3600001
001359,平安电工,79.9,-3.163,82.51,82.94,83.5,79.7,1642389,133211576,2.72411,61.339,9.334,19268213708.6,4817233481.8
001360,南矿集团,18.89,-0.631,19.01,19.0,19.52,18.88,3244400,62199414,2.5855,78.708,2.74,3853560000.0,2370399447.06
001365,天海电子,35.25,-3.026,36.35,36.03,36.55,35.16,5540005,198512422,9.63385,0.0,2.48,18506250000.0,2027074021.5
001366,播恩集团,13.13,-0.152,13.15,13.21,13.3,13.04,3039900,40011097,1.8919,-109.417,2.618,2109728400.0,2109728400.0
001367,海森药业,22.01,-0.9,22.21,22.22,22.61,21.86,2207300,49035327,1.81501,24.187,2.167,3353249912.0,2676710317.7200003
001368,通达创智,36.85,-2.047,37.62,37.02,39.9,36.61,11818017,448206986,10.93445,42.356,2.941,4168478043.3999996,3982770073.15
001369,双欣材料,11.94,-0.167,11.96,11.99,12.04,11.9,2849096,34080196,1.37337,19.258,1.946,13695180000.0,2476993990.02
001373,翔腾新材,30.99,-1.899,31.59,31.72,32.18,30.72,1650900,51903875,3.93442,-61.415,2.563,2128606659.12,1300355337.18
001376,百通能源,12.18,-0.976,12.3,12.33,12.66,12.12,14333495,176754937,6.69742,27.682,4.471,5951148000.0,2606706512.3399997
001378,德冠新材,21.96,-0.858,22.15,22.27,22.79,21.87,3797407,84173078,4.50245,35.419,2.03,3806407612.7999997,1852126405.56
001379,腾达科技,15.75,-0.819,15.88,15.97,16.04,15.62,1246900,19672345,1.85279,43.75,2.092,3150000000.0,1059950193.75
001380,华纬科技,18.79,-0.265,18.84,18.84,19.13,18.75,1813134,34352977,0.77906,18.422,2.518,5089350568.32,4373041138.35
001382,新亚电缆,16.43,-0.122,16.45,16.65,16.73,16.39,1289762,21326787,2.04724,63.192,4.158,6769160000.0,1035090000.0
001386,马可波罗,15.98,-0.063,15.99,16.01,16.15,15.65,3221719,51246832,2.99576,14.527,1.574,19094821600.0,1718533944.0
001387,雪祺电气,12.38,-1.276,12.54,12.54,12.64,12.29,3364240,41774024,2.89,22.587,1.736,2265458799.58,1441150117.5800002
001388,信通电子,19.53,-0.762,19.68,19.71,19.94,19.5,2400011,47138083,1.91819,19.53,3.022,4565449980.0,2443565711.16
001389,广合科技,176.66,-7.913,191.84,193.0,193.66,175.87,9418041,1712536560,6.18085,73.608,10.533,83511927794.23999,26918495776.04
001390,古麒绒材,17.11,-0.233,17.15,17.16,17.21,16.97,2109379,36082412,1.79126,17.11,2.042,3422000000.0,2014860767.5
001391,国货航,3.84,1.053,3.8,3.81,3.85,3.79,17595601,67292881,0.24132,18.286,1.756,46882103904.0,27999384188.160004
001393,维通利,40.05,-3.401,41.46,41.46,41.91,40.02,2369200,96292197,4.9317,24.876,2.697,9985800026.699999,1924009249.05
001395,亚联机械,29.75,-0.734,29.97,30.18,30.44,29.63,934704,27989767,1.76356,13.584,2.659,3374007000.0,1576779750.0
001396,誉帆科技,30.89,-1.436,31.34,31.65,31.83,30.55,827240,25605742,3.64143,26.402,2.313,3302215630.24,701741721.6
001399,惠科股份,21.27,-3.318,22.0,22.3,22.3,21.25,19318108,417105621,4.48667,0.0,4.582,157553318559.72,9158154368.369999
001400,江顺科技,84.8,-0.621,85.33,84.99,86.49,82.4,3731316,315708676,11.5829,57.468,5.591,7123200000.0,2731747199.9999995
001696,宗申动力,15.15,-1.174,15.33,15.35,15.42,15.03,21973783,334949897,2.46477,26.067,3.134,17347157838.0,13506429812.85
001872,招商港口,24.18,-0.902,24.4,23.94,24.2,23.61,3284185,78727447,0.14265,13.042,0.919,60018345531.299995,55668474033.899994
001896,豫能控股,10.3,0.097,10.29,10.45,10.48,10.29,27255596,282622120,1.78634,40.266,4.349,15715547699.0,15715547699.0
001914,招商积余,9.4,0.427,9.36,9.0,9.44,8.94,20741782,190835486,1.96843,15.198,0.905,9904966665.199999,9904963140.2
001965,招商公路,10.05,0.5,10.0,10.0,10.14,9.98,8614456,86608676,0.12677,15.327,0.994,68290704669.6,68290704669.6
001979,招商蛇口,7.58,-0.132,7.59,7.25,7.83,6.89,290984458,2139574832,3.28065,94.75,0.701,68341523856.18,67232429656.5
002001,新 和 成,25.95,2.448,25.33,25.33,26.1,25.28,21310599,550056295,0.70173,11.742,2.287,79755292596.0,78806333481.59999
002003,伟星股份,11.31,-0.702,11.39,11.33,11.48,11.24,7849600,88962928,0.75817,20.564,2.965,13446341975.43,11709699256.710001
002004,华邦健康,4.34,1.878,4.26,4.24,4.35,4.24,18963300,81839993,1.00583,12.006,0.851,8592849288.94,8182407841.86
002005,德豪润达,2.73,0.738,2.71,2.76,2.79,2.68,31265400,85041294,1.78456,139.286,15.771,4784119862.34,4782941321.34
002006,精工科技,13.21,-0.602,13.29,13.5,13.52,13.15,3408780,45163453,0.65593,36.482,2.776,6865018480.18,6865018480.18
002007,华兰生物,13.34,2.458,13.02,13.05,13.37,13.02,12423712,164967640,0.78954,25.898,2.22,24354717753.24,20991064340.36
002008,大族激光,80.03,-2.116,81.76,82.26,82.61,79.8,25309670,2043629498,2.64544,69.591,3.839,82399160742.24,76567094137.09
002009,天奇股份,15.49,0.781,15.37,15.46,15.98,15.29,11305551,176719781,3.19157,110.643,3.022,6230592376.429999,5487043131.31
002010,传化智联,4.6,0.656,4.57,4.57,4.62,4.57,11135599,51166021,0.40379,21.566,0.705,12714542176.8,12685720522.6
002011,盾安环境,12.6,0.8,12.5,12.65,13.16,12.53,33749528,432247534,3.17937,12.353,1.933,13538414471.400002,13375095325.199999
002012,凯恩股份,6.9,0.145,6.89,6.98,6.99,6.85,5692300,39419553,1.21728,98.571,2.07,3226615743.0,3226615743.0
002014,永新股份,11.21,1.265,11.07,11.08,11.25,11.03,1958420,21909257,0.32077,15.569,2.752,6866033817.86,6844015438.530001
002015,协鑫能科,14.58,0.206,14.55,14.71,14.83,14.53,33273215,487526644,2.0497,57.042,1.913,23668072872.120003,23668072872.120003
002016,世荣兆业,4.95,2.273,4.84,4.86,4.98,4.58,22950038,110196810,2.8365,29.152,0.809,4005023378.4,4005023378.4
002017,东信和平,13.79,-0.505,13.86,13.93,13.98,13.74,6844770,94633906,1.17978,49.057,4.391,8004156025.11,8000577244.309999
002019,亿帆医药,9.42,2.059,9.23,9.24,9.48,9.22,9874450,92940515,1.17202,28.545,1.295,11458394600.7,7936522433.1
002020,京新药业,11.83,4.321,11.34,11.39,11.87,11.36,22739100,266655578,3.1409,12.859,1.698,10185974726.2,8564545403.05
002021,中捷资源,2.58,-1.901,2.63,2.64,2.65,2.57,21702383,56408639,1.81543,-832.258,4.994,3084331493.34,3084229758.78
002022,科华生物,6.12,2.513,5.97,6.0,6.32,5.97,14535415,89204610,2.82612,-4.299,1.315,3252150704.88,3147663179.88
002023,海特高新,9.31,-1.377,9.44,9.58,9.59,9.28,8619925,80855249,1.17412,-12.889,1.841,6897408787.849999,6835032216.110001
002024,ST易购,1.16,0.87,1.15,1.15,1.16,1.14,16617018,19142770,0.17959,116.0,0.88,10747130436.88,10733155974.880001
002025,航天电器,67.01,-1.601,68.1,68.61,69.46,66.97,4903478,333367128,1.08037,167.525,4.558,30423864921.72,30413915745.99
002026,山东威达,10.98,-0.992,11.09,11.12,11.22,10.95,5917500,65416819,1.34338,19.263,1.242,4837040690.22,4836623175.72
002027,分众传媒,4.73,1.72,4.65,4.65,4.74,4.63,124323869,582771376,0.86084,23.186,4.883,68311604703.98,68311604703.98
002028,思源电气,120.46,-0.29,120.81,120.43,122.97,119.5,6271025,758044714,1.02673,29.817,5.729,94268777549.72,73573975894.06
002029,七 匹 狼,8.87,-1.004,8.96,9.14,9.35,8.86,31917483,288582089,4.79669,18.102,0.938,6253558773.19,5902150856.33
002030,达安基因,5.75,1.95,5.64,5.65,5.8,5.63,23230518,133659682,1.65525,-10.849,1.15,8069814684.0,8069814684.0
002031,巨轮智能,5.44,-4.394,5.69,5.54,5.8,5.42,167468616,931788835,7.61433,-51.515,6.292,11964712444.800001,11964671644.800001
002032,苏 泊 尔,39.95,1.114,39.51,39.56,40.09,39.31,1716500,68379280,0.21548,15.167,6.305,31838196285.199997,31823894345.0
002033,丽江股份,8.21,0.367,8.18,8.19,8.22,8.17,7645700,62675899,1.39144,21.133,1.805,4511318737.31,4511232286.01
002034,旺能环境,14.07,0.716,13.97,14.06,14.11,13.93,3333046,46815296,0.64776,8.325,0.818,7269985926.21,7239682129.049999
002035,华帝股份,4.77,-0.832,4.81,4.78,4.82,4.64,31822810,150031001,4.06922,13.17,1.053,4043307757.86,3730319671.59
002036,联创电子,5.97,-0.831,6.02,6.08,6.08,5.96,14658690,88106607,1.38883,-6.219,9.387,6313860394.320001,6301142616.75
002037,保利联合,6.77,0.445,6.74,6.75,6.81,6.71,2920900,19741323,0.60364,-3.858,3.358,3275891741.8199997,3275891741.8199997
002038,双鹭药业,5.75,2.862,5.59,5.65,5.78,5.58,24475854,139634006,2.8721,-16.912,1.199,5907262500.0,4900120019.5
002039,黔源电力,19.54,2.896,18.99,19.08,19.58,19.02,6268311,121960325,1.46607,13.921,1.85,8354485782.04,8354485782.04
002040,南 京 港,8.72,-0.683,8.78,8.86,8.86,8.72,8046370,70595346,1.65537,22.911,1.203,4238577880.4,4238577880.4
002041,登海种业,10.23,10.0,9.3,9.39,10.23,9.35,34498321,339688412,3.92026,98.177,2.426,9002400000.0,9002400000.0
002042,华孚时尚,3.59,-1.644,3.65,3.68,3.68,3.56,31183512,112232443,1.83359,119.667,1.002,6105446064.450001,6105446064.450001
002043,兔 宝 宝,12.02,5.717,11.37,11.16,12.51,10.87,38254447,458635718,4.74559,13.977,3.032,9973648849.6,9689388975.439999
002044,美年健康,4.54,1.566,4.47,4.48,4.56,4.46,47325922,213150434,1.22156,64.857,2.235,17770712810.420002,17588993426.58
002045,国光电器,8.57,-2.392,8.78,8.81,8.88,8.56,9579673,82718479,1.70508,-42.85,1.159,4820480441.24,4814907798.74
002046,国机精工,59.75,-1.158,60.45,60.54,61.2,58.6,9741346,582264180,1.81761,122.263,7.404,32037403526.499996,32022524701.0
002047,宝鹰股份,3.17,1.603,3.12,3.19,3.2,3.11,17548000,55393170,1.15739,79.25,153.883,4806508356.81,4806264327.04
002048,宁波华翔,17.67,-0.675,17.79,17.83,18.17,17.61,9544298,170008752,1.34774,34.647,1.226,14351597359.74,12513369943.14
002049,紫光国微,57.88,-0.907,58.41,58.59,58.9,57.88,8164981,475014515,0.96842,33.905,3.447,48806365166.880005,48799777728.32
002050,三花智控,35.71,0.507,35.53,35.6,36.45,35.29,40396326,1452104040,1.09444,34.67,4.623,150268177618.85,131807216664.32
002051,中工国际,8.74,1.746,8.59,8.8,8.82,8.68,17562909,153541594,1.43206,34.96,0.934,10719462687.3,10718840224.5
002052,同洲电子,7.98,-0.623,8.03,8.11,8.11,7.95,4306400,34446376,0.62467,33.25,21.411,6004468758.12,5501309488.92
002053,云南能投,9.52,-0.522,9.57,9.53,9.65,9.5,3560780,34028689,0.38674,37.101,1.151,8765344497.28,8765261673.279999
002054,德美化工,7.07,0.142,7.06,7.09,7.2,7.05,4944560,35163654,1.28639,28.394,1.294,3408556245.64,2717535979.83
002055,ST得润,6.43,-1.682,6.54,6.61,6.61,6.4,8362939,54009214,1.41627,-114.821,2.797,3886870809.31,3796850809.31
002056,横店东磁,19.33,-1.125,19.55,19.61,19.72,19.29,9471145,183948997,0.58283,16.664,2.965,31444344390.420002,31411615897.57
002057,中钢天源,8.77,-0.228,8.79,8.81,8.84,8.71,7342805,64452768,0.97481,37.623,1.99,6611560101.62,6606063223.4800005
002058,紫竹高科,20.2,10.022,18.36,20.2,20.2,20.2,2531501,51136320,1.76576,14.326,40.0,2897656306.4,2895989806.4
002059,云南旅游,4.23,0.0,4.23,4.25,4.27,4.17,28753800,121117571,2.90327,-12.991,4.499,4282599258.9900002,4189363430.5800004
002060,广东建工,3.06,1.325,3.02,3.03,3.07,3.01,15624944,47545276,0.99979,10.359,0.815,11488443320.52,4782240399.6
002061,浙江交科,3.35,1.515,3.3,3.31,3.36,3.28,18801922,62462068,0.72339,9.306,0.555,8854559153.1,8707111965.0
002062,宏润建设,9.05,1.004,8.96,8.96,9.29,8.86,15661720,143418091,1.39252,39.348,2.292,11197301545.45,10178543688.0
002063,远光软件,5.26,0.382,5.24,5.24,5.29,5.21,10813704,56824085,0.61125,33.418,2.522,10075387017.42,9305514092.18
002064,华峰化学,9.65,2.66,9.4,9.4,9.75,9.32,32688388,314375871,0.66011,26.081,1.664,47888548606.049995,47786709019.799995
002065,东华软件,6.5,0.0,6.5,6.5,6.52,6.46,13111747,85108965,0.44511,43.653,1.661,20835635437.5,19147305963.5
002066,瑞泰科技,19.57,-0.153,19.6,19.64,19.78,19.41,960100,18761857,0.41563,-78.594,7.572,4597129990.0,4520670000.0
002067,景兴纸业,3.95,0.0,3.95,3.97,4.02,3.94,17202045,68167811,1.28603,98.75,0.858,5825672719.349999,5283535219.349999
002068,黑猫股份,8.97,-1.429,9.1,9.15,9.4,8.86,33741882,306511604,4.5907,-14.095,2.672,6596046408.12,6593002214.37
002069,獐子岛,3.65,-0.273,3.66,3.67,3.69,3.63,5900207,21616945,0.83076,-241.722,90.571,2595559508.1,2592289108.1
002072,凯瑞德,7.03,-1.816,7.16,7.25,7.28,7.02,7028200,49796383,1.91227,-116.584,11.366,2584790400.0,2583748554.0
002073,软控股份,5.68,0.709,5.64,5.65,5.71,5.62,9629787,54647283,0.94955,14.372,0.901,5819215965.04,5760300165.040001
002074,国轩高科,29.5,2.859,28.68,30.49,30.49,28.88,119465719,3531351169,6.87906,22.348,1.777,53534397589.0,51231401855.0
002075,沙钢股份,3.52,1.149,3.48,3.49,3.54,3.46,18170200,63640030,0.82824,29.333,1.161,7722265566.4,7722253158.400001
002076,星光股份,2.11,-0.472,2.12,2.13,2.14,2.08,18960704,39926707,1.81843,-602.857,7.917,2340252676.01,2200084829.52
002077,大港股份,13.68,-4.669,14.35,14.4,14.46,13.61,45404354,629207692,7.82364,152.0,2.335,7939167657.84,7939167657.84
002078,太阳纸业,13.7,1.107,13.55,13.6,13.84,13.55,19912676,273292322,0.71717,11.81,1.24,39102336130.3,38039114325.6
002079,苏州固锝,8.43,-1.748,8.58,8.64,8.64,8.43,15555881,132123421,1.91781,92.841,1.893,7658558248.89,6837795366.540001
002080,中材科技,54.15,-1.204,54.81,54.9,55.28,53.5,33512772,1823642478,1.99704,49.991,4.452,90870392073.59999,90870392073.59999
002081,金 螳 螂,4.77,-0.209,4.78,4.98,5.02,4.6,181551242,858599771,6.8444,28.546,0.925,12665893996.53,12652666228.44
002082,ST万邦,12.97,1.249,12.81,12.8,13.34,12.53,22297605,288646800,3.92669,-48.037,3.079,7933607043.35,7364987548.34
002083,孚日股份,9.6,3.784,9.25,9.29,9.63,9.23,23116900,218681308,2.44285,20.426,1.879,9087734515.2,9084559795.2
002084,海鸥住工,5.74,-1.034,5.8,5.8,5.92,5.66,57895417,333752875,8.98112,-31.094,2.922,3708361669.6,3700201697.08
002085,万丰奥威,9.32,1.525,9.18,9.22,9.38,9.2,17190107,159887718,0.80959,19.83,2.88,19789132886.399998,19789132886.399998
002086,东方海洋,2.03,1.5,2.0,2.02,2.05,1.99,42029308,84920239,2.65845,-25.375,3.229,3976661395.0,3209371678.1
002088,鲁阳节能,8.1,1.377,7.99,8.07,8.17,7.95,1798626,14535681,0.35548,101.25,1.732,4126465506.6,4098313527.2999997
002090,金智科技,8.94,0.0,8.94,8.94,9.06,8.91,2700578,24204194,0.67822,54.248,2.292,3581159014.7400002,3559806808.1400003
002091,江苏国泰,7.57,1.475,7.46,7.47,7.61,7.44,8499022,64155245,0.5304,9.582,0.786,12321898946.380001,12129956577.47
002092,中泰化学,4.37,1.392,4.31,4.32,4.39,4.31,21952350,95585985,0.85231,-38.983,0.521,11255981689.289999,11255537588.039999
002093,国脉科技,7.76,-2.757,7.98,8.01,8.08,7.72,32669484,256392896,3.24263,43.669,2.08,7818200000.0,7818200000.0
002094,青岛金王,4.94,-2.178,5.05,5.12,5.12,4.94,19287600,96277588,2.79347,160.912,2.323,3413033892.0600004,3410840532.06
002095,生 意 宝,15.19,-3.125,15.68,15.7,15.8,15.01,8877300,135959575,3.52682,-303.8,4.435,3838816800.0,3823450823.8500004
002096,易普力,9.11,1.788,8.95,8.95,9.14,8.94,2660600,24107019,0.21463,14.234,1.395,11300415414.7,11292936933.71
002097,山河智能,6.8,0.295,6.78,6.82,6.85,6.76,7160905,48707371,0.66737,86.845,1.582,7307397395.2,7296403706.0
002098,浔兴股份,8.21,-0.845,8.28,8.3,8.32,8.18,4450061,36690257,1.24303,14.278,1.865,2939180000.0,2939180000.0
002099,海翔药业,6.15,2.5,6.0,6.02,6.25,5.98,33432106,205716941,2.06774,-102.5,2.079,9955098805.95,9943586005.949999
002100,天康生物,7.87,0.0,7.87,7.87,8.02,7.83,14998963,118881743,1.09862,52.467,1.694,10744529423.050001,10744529423.050001
002101,广东鸿图,8.57,0.824,8.5,8.55,8.63,8.49,2435200,20860864,0.36774,15.582,0.724,5680393204.27,5675158545.43
002102,ST能特,2.6,1.961,2.55,2.55,2.61,2.54,6708700,17332898,0.324,26.263,2.079,6282236077.000001,5383478165.0
002103,广博股份,6.68,-0.89,6.74,6.78,6.8,6.62,4825300,32287909,1.2432,21.548,2.75,3568943326.04,2592745727.8399997
002104,恒宝股份,10.12,-0.394,10.16,10.26,10.3,10.05,17041952,172781103,2.8047,121.781,3.408,7168503558.4800005,6149131057.52
002105,信隆健康,6.05,-0.493,6.08,6.08,6.12,6.01,5708700,34587107,1.56629,-34.73,2.742,2215763797.5,2205055448.75
002106,莱宝高科,11.9,-1.327,12.06,12.08,12.45,11.83,29992659,361374230,4.2543,34.264,1.499,8399212304.0,8389450519.8
002107,沃华医药,7.09,-0.141,7.1,7.13,7.19,7.04,14649640,104184675,2.56383,41.706,5.787,4092416064.0,4051200412.19
002108,沧州明珠,4.26,0.235,4.25,4.27,4.3,4.25,11682348,49825393,0.70888,46.054,1.383,7023028357.56,7020472357.56
002109,ST兴化,2.8,0.0,2.8,2.79,2.81,2.78,2484500,6947648,0.19467,-6.905,0.916,3573555582.8,3573555582.8
002110,三钢闽光,2.93,2.091,2.87,2.88,2.94,2.84,27310001,79078641,1.1243,293.0,0.372,7117193345.11,7117193345.11
002111,威海广泰,9.05,0.0,9.05,9.11,9.15,9.03,4892858,44434936,1.00109,36.2,1.575,4814700020.6,4423201952.85
002112,三变科技,13.75,-0.865,13.87,13.89,13.98,13.7,4914530,67982232,1.8752,275.0,4.65,4044305127.5,3603600000.0
002114,罗平锌电,7.18,-0.416,7.21,7.29,7.29,7.16,3266600,23532981,1.01011,-13.055,3.34,2321978017.06,2321935475.56
002115,三维通信,9.25,-1.805,9.42,9.49,9.5,9.23,24464812,227667217,3.2783,-567.485,3.592,7446595321.0,6902962414.75
002116,中国海诚,7.2,0.699,7.15,7.18,7.25,7.09,2512500,18009487,0.45504,9.73,1.44,4024460577.6,3975501340.7999997
002117,东港股份,7.79,-0.511,7.83,7.85,7.89,7.65,8150550,63249810,1.55677,28.296,2.971,4079786239.45,4078490957.2
002119,康强电子,25.8,-8.737,28.27,27.81,28.05,25.44,88650921,2339128122,23.62236,83.226,6.73,9682327200.0,9682327200.0
002120,韵达股份,6.82,0.294,6.8,6.8,6.85,6.77,15747041,107347315,0.55937,16.634,0.935,19772553043.32,19199186006.66
002121,科陆电子,4.12,0.0,4.12,4.17,4.17,4.09,14257022,58754452,1.0102,-43.783,35.334,6891098848.96,5814566501.88
002122,ST汇洲,2.84,2.527,2.77,2.78,2.84,2.77,15275901,42963982,0.76886,124.017,2.685,5684261633.0,5642573167.92
002123,梦网科技,7.54,-1.567,7.66,7.82,7.82,7.53,10469926,79536240,1.45308,-27.926,4.136,6072886328.6,5432811724.86
002124,天邦食品,1.98,-1.0,2.0,2.0,2.01,1.96,61110749,120950586,3.09833,-3.356,5.344,4399428987.36,3905303783.04
002125,湘潭电化,11.92,0.084,11.91,11.96,12.07,11.85,7381917,88245439,1.17262,33.111,2.165,7503912979.92,7503912979.92
002126,银轮股份,33.95,-0.731,34.2,34.5,34.79,33.8,12496010,427448650,1.57153,29.522,3.854,28749581199.850002,26995257828.7
002127,南极电商,2.97,-0.336,2.98,2.99,3.0,2.91,39682322,117440714,1.98936,-25.063,1.936,7290965096.91,5924357001.09
002128,电投能源,27.9,-0.853,28.14,27.98,28.23,27.68,10220864,285430589,0.45597,11.529,1.651,87228710197.2,62539900454.700005
002129,TCL中环,9.2,0.988,9.11,9.18,9.33,9.09,65130706,601689385,1.61224,-3.967,2.023,37196555760.4,37165786268.4
002130,沃尔核材,15.71,0.319,15.66,15.75,15.82,15.61,12417968,194955924,1.07561,17.076,2.392,21992230457.02,18137224990.39
002131,利欧股份,4.2,-1.176,4.25,4.26,4.32,4.2,128955063,546499500,2.20255,807.692,2.149,28441470552.6,24590147206.8
002132,恒星科技,4.03,1.511,3.97,4.02,4.03,3.96,22853130,91399847,1.63332,403.0,1.575,5648225132.94,5638721236.33
002133,广宇集团,2.94,0.341,2.93,2.92,2.95,2.75,29152500,83563630,3.78668,59.155,0.795,2275983874.5,2263418390.94
002134,天津普林,23.69,-5.843,25.16,25.5,25.55,23.68,13182562,320003394,5.34342,1184.5,10.361,5870803587.240001,5844478880.2
002135,东南网架,5.93,-0.168,5.94,5.94,5.99,5.83,6178635,36476088,0.59189,148.25,1.067,6615058986.33,6190172007.59
002136,安 纳 达,11.75,-0.085,11.76,11.79,11.86,11.68,2262910,26633725,1.05519,-27.288,2.234,2526485000.0,2519855180.0
002137,实益达,7.6,-3.797,7.9,8.0,8.05,7.58,30217200,232737599,7.62177,101.877,2.874,4389036890.400001,3013088065.6
002138,顺络电子,48.24,-1.309,48.88,49.02,49.8,48.0,14318906,699485855,1.86847,37.108,5.925,38896797396.96,36968472573.119995
002139,拓邦股份,9.57,-0.104,9.58,9.6,9.66,9.54,6947010,66674514,0.64859,31.9,1.708,11932210835.16,10250329835.789999
002140,东华科技,9.15,2.235,8.95,8.97,9.18,8.97,3890300,35369120,0.55033,12.155,1.328,6478326928.8,6468216206.25
002141,贤丰控股,6.3,-4.255,6.58,6.52,6.54,6.25,118617432,751820704,11.48352,411.765,7.896,6507495527.4,6507495527.4
002142,宁波银行,35.43,1.781,34.81,34.8,35.66,34.6,28569099,1010549483,0.43291,8.259,0.964,233965221760.56003,233816184083.79
002144,宏达高科,11.03,-0.541,11.09,11.15,11.17,10.9,2769000,30538854,2.01149,45.958,0.909,1949690683.8400002,1518380987.03
002145,钛能化学,4.59,-0.217,4.6,4.6,4.64,4.57,40716605,187647925,1.06967,46.599,1.321,17472625319.97,17471716844.22
002146,荣盛发展,1.31,1.55,1.29,1.28,1.33,1.22,400257121,508689322,10.23497,-0.604,1.117,5696094644.809999,5122992569.81
002148,北纬科技,6.18,-1.278,6.26,6.29,6.32,6.13,7108231,44025892,1.57601,-618.0,2.811,3453083219.4,2787344455.98
002149,西部材料,31.0,-1.743,31.55,31.68,31.74,30.85,8623318,269417711,1.76657,146.434,2.29,15134642494.0,15132312844.0
002150,正泰电源,19.56,-0.255,19.61,19.67,20.08,19.45,5021700,98907064,1.40074,25.077,3.257,7058593786.68,7012347961.320001
002151,北斗星通,27.82,-1.172,28.15,28.4,28.46,27.8,9235771,258760289,2.08543,-59.191,3.093,15103781599.66,12320691834.619999
002152,广电运通,8.95,0.112,8.94,8.96,8.97,8.86,9545360,85171899,0.38456,25.571,1.796,22226276937.1,22215029606.35
002153,石基信息,7.37,-0.405,7.4,7.41,7.45,7.3,9168542,67437794,0.57312,-122.833,3.064,20114158608.170002,11790259235.48
002154,报 喜 鸟,3.85,0.785,3.82,3.84,3.86,3.8,19224039,73688604,1.62898,16.739,1.2,5618434856.650001,4543489492.849999
002155,湖南黄金,23.2,0.52,23.08,23.08,23.32,22.95,27253153,630648679,1.7442,24.421,4.213,36253510531.2,36249974874.4
002156,通富微电,56.9,-5.732,60.36,60.27,60.49,56.78,73500117,4250938115,4.84365,71.125,5.384,90687089471.40001,86343031431.8
002157,正邦科技,2.92,0.0,2.92,2.93,2.94,2.9,66477433,193900648,0.8536,-49.408,2.662,27010474759.88,22740653435.04
002158,汉钟精机,24.31,-2.134,24.84,24.98,25.1,24.16,6011319,147760050,1.12659,27.732,2.981,12999143819.09,12971503592.19
002159,三特索道,13.31,0.15,13.29,13.35,13.41,13.21,1538456,20433399,1.1109,16.432,1.614,2359880635.75,1843259481.03
002160,常铝股份,3.88,-0.513,3.9,3.92,3.93,3.87,7664048,29855424,0.74356,57.652,1.065,4007190927.96,3999230417.32
002161,远 望 谷,6.36,-1.242,6.44,6.57,6.6,6.3,23754100,153349953,3.21171,305.769,3.233,4704857064.0,4703915466.0
002162,悦心健康,4.19,0.239,4.18,4.17,4.21,4.12,16838540,70280262,1.83362,573.973,4.652,3853547043.3500004,3847767591.9900002
002163,海南发展,7.51,0.267,7.49,7.62,7.64,7.39,15955600,119610113,1.98564,-13.411,11.936,6345633581.17,6034652051.25
002164,宁波东力,13.26,10.041,12.05,12.26,13.26,12.12,49950365,648830907,10.4112,35.838,4.58,7056623116.14,6361818396.179999
002165,红 宝 丽,6.8,0.443,6.77,6.79,6.86,6.77,21408327,145652501,2.94165,288.136,2.507,4999834891.6,4948804692.8
002166,莱茵生物,6.8,2.102,6.66,6.67,6.82,6.65,8994866,60836185,1.2179,34.961,1.62,5042944090.0,5022166690.0
002167,东方锆业,15.04,-3.528,15.59,15.77,15.78,15.01,25363619,386726578,3.3277,214.857,6.354,11651086432.0,11463438713.92
002168,ST惠程,3.56,-0.28,3.57,3.58,3.58,3.53,2135801,7591679,0.27237,-35.317,-439.506,2791621590.08,2791621590.08
002169,智光电气,12.43,2.473,12.13,12.3,12.94,12.26,24939267,313264025,3.2775,70.867,3.469,9729011888.42,9458284909.81
002170,芭田股份,10.57,0.475,10.52,10.53,10.58,10.46,8320558,87680890,1.05282,11.198,2.68,10272250816.1,8353568349.7
002171,楚江新材,9.81,1.763,9.64,9.7,9.87,9.44,36309272,351035411,2.24792,39.24,1.775,15921020524.32,15845518820.7
002172,澳洋健康,5.43,-1.093,5.49,5.43,5.63,5.22,187581577,1026415505,24.51596,108.6,20.781,4157926714.8,4154714163.9
002173,创新医疗,17.26,1.054,17.08,17.12,17.54,17.12,14194208,245746878,3.37263,-215.75,4.614,7616567915.5199995,7264130435.059999
002174,游族网络,13.19,-1.567,13.4,13.43,13.64,13.19,28255495,377237243,2.8854,-34.711,2.77,12923706654.73,12916426763.98
002175,*ST东智,2.48,0.0,2.48,2.47,2.52,2.47,6338500,15760248,0.49644,-96.875,4.063,3166416202.9599996,3166416202.9599996
002176,江特电机,8.61,5.0,8.2,8.23,8.79,8.16,60770765,517706654,3.57525,-39.136,5.017,14656377502.41,14634938602.41
002177,御银股份,5.43,-1.093,5.49,5.49,5.52,5.41,12217372,66642068,1.78836,319.412,2.406,4133268726.4199996,3709559630.79
002178,延华智能,4.85,-2.806,4.99,5.05,5.09,4.84,30224414,147845672,4.24601,485.0,8.1,3453942054.85,3452380025.0499997
002179,中航光电,33.33,1.307,32.9,33.3,33.85,33.08,16691847,558190488,0.79621,32.555,2.885,70001209079.01001,69873770057.52
002180,奔图科技,16.14,-0.738,16.26,16.24,16.47,16.12,4677478,75935714,0.33985,-31.672,2.503,22949125817.22,22214171081.16
002181,粤 传 媒,8.8,-2.222,9.0,9.02,9.22,8.7,52145206,462765782,4.59617,110.971,2.475,10217311931.199999,9983926515.199999
002182,宝武镁业,11.0,-0.362,11.04,11.02,11.12,10.94,6825149,75251721,0.76122,-588.235,2.074,10909707083.0,9862718063.0
002183,怡 亚 通,4.18,0.723,4.15,4.16,4.24,4.11,30812809,128152919,1.18648,-34.833,1.203,10855498000.380001,10855435300.380001
002184,海得控制,9.8,-1.408,9.94,9.99,10.0,9.8,2558200,25212460,1.03033,-42.06,2.689,3448702026.0,2433235355.6
002185,华天科技,16.46,-3.29,17.02,17.1,17.15,16.4,156878435,2608309270,4.71669,74.818,2.879,54758435165.68001,54746396716.71999
002186,全 聚 德,9.61,2.891,9.34,9.39,9.63,9.23,6864430,65088769,2.23742,379.842,3.429,2949516460.68,2948363260.68
002187,广百股份,5.51,0.916,5.46,5.46,5.53,5.4,6664000,36399702,0.95078,-39.357,0.965,3861929427.83,3861929427.83
002188,中天服务,6.4,9.966,5.82,5.82,6.4,5.66,23504900,144707999,9.13298,64.0,5.675,2093464729.6000001,1647123244.8000002
002189,中光学,19.21,0.84,19.05,19.12,19.86,19.05,4632611,89751757,1.77363,-22.262,12.268,5017638034.33,5017542944.83
002190,成飞集成,22.94,0.087,22.92,22.92,23.15,22.85,2762881,63512253,0.77019,-187.265,2.352,8229251128.42,8229251128.42
002191,劲嘉股份,3.5,0.0,3.5,3.51,3.52,3.48,6635764,23221415,0.47307,-14.583,0.794,4948925919.0,4909504376.0
002192,融捷股份,56.4,-1.001,56.97,57.0,57.49,56.28,6956349,394823441,2.68463,52.534,3.22,14644553449.2,14614234952.400002
002193,ST如意,4.53,-0.44,4.55,4.57,4.57,4.47,2372600,10693809,0.90656,-3.222,5.764,1185571441.5,1185564646.5
002194,武汉凡谷,9.69,-2.906,9.98,10.04,10.07,9.68,18242730,178932393,3.54471,-566.667,2.648,6621039460.139999,4986930883.5
002195,岩山科技,5.92,-0.504,5.95,5.98,5.98,5.89,43086513,255390481,0.76723,363.19,3.389,33545933352.32,33245733947.04
002196,方正电机,10.1,-0.591,10.16,10.21,10.37,10.06,17465800,178159184,3.56315,238.771,3.482,5008306493.0,4950810122.0
002197,证通电子,6.35,-2.308,6.5,6.54,6.54,6.35,12535400,80419082,2.34745,-10.242,2.187,3901204592.8,3390900076.2
002198,ST嘉应,3.58,-0.279,3.59,3.61,3.64,3.57,2300100,8285561,0.45324,59.567,2.578,1816885255.84,1816773022.8400002
002199,东晶电子,11.12,-3.388,11.51,11.6,11.72,11.12,4220000,47787168,1.82761,-52.952,16.128,2707079076.56,2567631274.16
002200,交投生态,6.86,0.587,6.82,6.88,6.94,6.76,2534700,17371757,1.29502,-56.647,2.31,3094721485.66,1342680154.2
002201,九鼎新材,9.1,-2.151,9.3,9.47,9.5,9.07,19068561,174725487,3.16741,65.0,4.958,5929889793.099999,5478413122.0
002202,金风科技,17.22,0.761,17.09,17.1,17.35,17.05,46006576,792197113,1.36778,27.037,1.846,72711822761.34,57921279494.82001
002203,海亮股份,17.32,-0.915,17.48,17.45,17.76,17.29,8719795,152244371,0.38748,36.851,2.351,39693201345.68,38976879971.64
002204,大连重工,5.33,1.139,5.27,5.28,5.36,5.28,20502606,109069549,1.06156,17.481,1.282,10294202270.56,10294202270.56
002205,国统股份,12.16,-4.702,12.76,12.44,13.68,11.8,24256950,301101718,13.05237,-25.031,11.883,2259853652.48,2259853652.48
002206,海 利 得,4.87,0.412,4.85,4.85,4.9,4.85,5069300,24713238,0.47961,10.822,1.409,5659072561.4,5147448701.82
002207,*ST准油,5.33,-1.296,5.4,5.41,5.44,5.32,3961200,21291153,1.5188,-35.533,162.5,1396755164.74,1390127693.4999998
002208,合肥城建,9.89,-1.69,10.06,10.09,10.13,9.46,31904833,310444569,3.97301,-15.215,1.381,7944556831.66,7942052802.339999
002209,达 意 隆,13.18,-1.568,13.39,13.4,13.45,13.13,2323700,30795236,1.47211,21.4,2.856,2695706059.0000005,2080447025.8400002
002210,飞马国际,2.08,0.0,2.08,2.1,2.1,2.06,32148550,66886263,1.21007,358.621,5.871,5535364169.919999,5526058772.0
002211,ST宏达,3.74,0.0,3.74,3.72,3.76,3.72,1535315,5743593,0.35501,-109.357,33.423,1617459413.46,1617459413.46
002212,天融信,7.21,-2.304,7.38,7.38,7.41,6.97,138000861,988415953,11.8268,112.131,0.916,8503862467.59,8412982609.429999
002213,大为股份,26.7,-4.06,27.83,27.95,28.1,26.63,8331003,225482227,4.02079,-404.545,11.351,6420710348.099999,5532192981.3
002214,大立科技,17.65,-0.731,17.78,17.8,17.95,17.45,3023724,53400319,0.63199,-46.447,8.567,10566396425.550001,8444530475.45
002215,诺 普 信,9.31,0.54,9.26,9.26,9.4,9.21,9216276,85762602,1.14054,14.087,2.039,9349649521.1,7523056977.940001
002216,三全食品,11.5,1.5,11.33,11.34,11.54,11.32,4328058,49530923,0.68645,18.548,2.332,10110616552.0,7250777473.5
002217,ST合力泰,1.53,0.658,1.52,1.52,1.55,1.52,64646907,98883195,0.88809,478.125,6.122,11443480359.84,11137392534.779999
002218,拓日新能,3.83,2.133,3.75,3.76,3.9,3.73,42750192,162497368,3.0807,-27.202,1.378,5393789570.67,5314806161.67
002219,新里程,2.1,0.962,2.08,2.08,2.11,2.06,64579795,135098803,1.97364,223.404,3.669,7249035681.3,6871447422.0
002221,东华能源,5.61,0.538,5.58,5.58,5.63,5.57,8231385,46076494,0.56341,-9.605,0.897,8842076772.87,8196227879.070001
002222,福晶科技,60.64,-2.43,62.15,62.98,63.29,60.33,11066309,680032741,2.36383,102.363,15.033,28515960000.0,28388719936.96
002223,鱼跃医疗,26.27,2.337,25.67,25.68,26.39,25.6,7959154,207898738,0.85174,17.75,1.96,26129370779.25,24548347344.550003
002224,三 力 士,3.77,1.617,3.71,3.73,3.94,3.73,15063800,57500439,1.86808,188.5,1.06,3400978541.48,3040053991.13
002225,濮耐股份,3.42,0.293,3.41,3.41,3.43,3.38,13052600,44501318,1.33883,42.75,0.974,3964597882.74,3334257361.26
002226,江南化工,5.34,10.103,4.85,4.88,5.34,4.85,78412171,411668718,2.96016,18.671,1.475,14145248045.699999,14145223134.6
002227,*ST特迅,6.43,0.312,6.41,6.41,6.45,6.33,958500,6131785,0.38973,-23.675,1.768,1593393673.1,1581373405.3799999
002228,合兴包装,3.23,0.0,3.23,3.24,3.27,3.2,16042040,51807280,1.32653,35.889,1.316,3919235581.67,3906109120.07
002229,鸿博股份,10.05,-1.567,10.21,10.32,10.32,10.03,13073692,132097619,2.65098,-33.999,4.717,4956546565.650001,4956301225.05
002230,科大讯飞,37.22,0.054,37.2,37.34,37.4,37.06,10727115,399024060,0.48983,103.389,3.914,89405411682.02,81510569506.8
002232,启明信息,16.48,-3.907,17.15,16.51,16.76,16.04,28113211,459408885,6.88124,206.775,4.743,6732878538.4,6732878538.4
002233,塔牌集团,6.86,2.695,6.68,6.68,6.9,6.66,14787713,100582787,1.26,12.704,0.687,8054672484.88,8051056578.88
002234,民和股份,7.92,-0.126,7.93,7.85,8.18,7.85,3247917,25843597,1.07758,-10.286,1.65,2763764879.04,2387156420.88
002235,安妮股份,7.53,-1.697,7.66,7.74,7.74,7.51,12429859,94199938,2.24537,-251.0,5.959,4364179298.5199995,4168444614.06
002236,大华股份,15.32,0.591,15.23,15.26,15.38,15.22,10879209,166333537,0.45498,12.983,1.281,50085094973.68001,36632257369.8
002237,恒邦股份,12.47,0.972,12.35,12.4,12.51,12.3,17568155,218182776,1.4734,23.093,1.298,17831730987.760002,14868679419.76
002238,天威视讯,7.08,-5.851,7.52,7.31,7.6,7.01,60989934,440894159,7.59943,-29.414,2.949,5682118852.8,5682118852.8
002239,奥特佳,2.48,0.813,2.46,2.47,2.52,2.44,43378710,107570816,1.3215,41.333,1.381,8713467386.72,8140679002.88
002240,盛新锂能,25.01,-0.16,25.05,25.05,25.56,24.82,15589267,391640891,1.70785,-25.52,2.029,22891499738.719997,22829158562.22
002241,歌尔股份,22.79,-0.913,23.0,23.13,23.43,22.76,56551169,1301977802,1.79442,19.991,2.134,81088246608.42,71822725361.09001
002242,九阳股份,12.5,10.035,11.36,12.5,12.5,12.17,34960821,436662838,4.58945,78.125,2.946,9537712500.0,9522070312.5
002243,力合科创,6.95,0.144,6.94,6.94,7.0,6.88,6179104,42865881,0.514,47.57,1.14,8413699322.049999,8355016503.599999
002244,滨江集团,10.14,7.188,9.46,8.99,10.39,8.56,179234727,1689372530,6.49978,14.912,1.028,31550041044.600002,27961550307.6
002245,蔚蓝锂芯,16.16,-0.247,16.2,16.17,16.67,16.01,45401123,740853541,2.82152,26.217,3.472,27636377483.839996,26003035606.08
002246,北化股份,25.41,1.356,25.07,25.25,26.43,24.86,24772791,637784484,4.51206,52.938,4.275,13950974115.54,13950974115.54
002247,聚力文化,2.48,0.0,2.48,2.49,2.5,2.44,15985700,39595266,2.48434,41.333,3.072,2110157721.52,1595776204.56
002248,华东数控,9.16,-1.927,9.34,9.47,9.75,9.16,17261100,162149032,5.61345,83.273,23.511,2816659696.0,2816659696.0
002249,大洋电机,6.41,0.156,6.4,6.43,6.51,6.39,20661465,133081246,1.10395,14.568,1.625,15863465570.61,11996886137.41
002250,联化科技,14.24,2.299,13.92,13.91,14.32,13.9,9491291,134277814,1.06004,35.815,1.852,12814194610.08,12750065325.44
002251,步步高,3.45,1.77,3.39,3.43,3.46,3.35,57976122,197868082,2.60863,86.25,1.088,9276013927.05,7667528810.55
002252,上海莱士,5.32,2.901,5.17,5.16,5.34,5.14,89895483,476053831,1.36449,22.167,1.082,35073019748.200005,35049395623.2
002253,川大智胜,8.8,2.804,8.56,8.73,9.01,8.64,8984300,79228970,4.27928,-8.148,2.373,1985509636.0,1847551270.3999999
002254,泰和新材,11.35,-1.901,11.57,11.66,11.7,11.32,10098515,115567511,1.18726,227.0,1.361,9664844877.05,9654002505.8
002255,海陆重工,7.26,0.0,7.26,7.29,7.32,7.22,3637400,26427958,0.57017,14.462,1.3,6032196459.3,4631478834.18
002256,兆新股份,3.12,-0.319,3.13,3.15,3.15,3.1,18901266,58916440,0.93652,156.0,4.676,6366784710.0,6296929457.5199995
002258,利尔化学,13.88,0.362,13.83,13.93,14.0,13.84,8330117,116150984,1.04246,23.207,1.393,11110068724.64,11091242822.6
002259,升达林业,5.01,2.454,4.89,4.99,5.19,4.88,36713400,184486413,4.87997,28.596,8.007,3769164617.6699996,3769164617.6699996
002261,拓维信息,23.72,-1.495,24.08,24.21,24.22,23.7,19141945,456567027,1.67017,467.85,11.441,29885496287.28,27185622009.32
002262,恩华药业,22.73,5.721,21.5,23.65,23.65,22.45,29133029,670320317,3.29643,21.648,2.744,23024840444.79,20088235412.649998
002263,大东南,3.19,-0.623,3.21,3.21,3.25,3.17,40954790,131224346,2.18037,319.0,2.153,5991968719.0,5991920869.0
002264,新 华 都,7.4,-2.246,7.57,7.63,7.73,7.35,45614507,341356852,7.00783,30.833,2.539,5326603620.0,4816718252.8
002265,建设工业,18.92,0.106,18.9,18.94,19.18,18.84,6182500,117475143,0.59848,82.261,4.968,19545124500.440002,19545124500.440002
002266,浙富控股,4.63,1.982,4.54,4.55,4.65,4.53,48373918,222779022,0.99893,21.045,1.847,24165226591.26,22421169610.27
002267,陕天然气,7.21,0.839,7.15,7.15,7.22,7.12,4341500,31217351,0.3904,13.731,1.17,8018063958.450001,8018063958.450001
002268,电科网安,14.86,-1.459,15.08,14.95,15.1,14.55,17244514,255582901,2.04051,217.889,2.301,12566152193.380001,12558324316.88
002269,美邦服饰,1.39,1.46,1.37,1.39,1.4,1.36,42944600,59326394,1.83232,-13.9,20.058,3492375000.0,3257783414.25
002270,华明装备,17.04,0.118,17.02,17.05,17.25,16.78,8416039,143378817,0.93905,21.57,4.534,15271681344.24,15271681344.24
002271,东方雨虹,10.61,1.726,10.43,10.37,10.65,10.08,52385332,544522490,2.6855,212.2,1.234,25344105578.26,20696638270.07
002272,川润股份,13.99,-1.687,14.23,14.44,14.63,13.88,16085843,226838903,3.83974,-272.179,4.616,6783433427.0,5860841514.2699995
002273,水晶光电,24.4,3.786,23.51,23.94,25.86,23.82,87417706,2182442727,6.39916,28.372,3.325,33931426192.399998,33332385598.8
002274,华昌化工,5.81,-0.343,5.83,5.83,5.87,5.8,9690300,56451321,1.03325,-27.074,1.053,5533238593.26,5448903445.3
002275,桂林三金,12.22,1.243,12.07,12.12,12.23,12.07,1191300,14510404,0.21094,16.514,2.2,7180088292.0,6901260947.099999
002276,万马股份,9.86,1.232,9.74,9.78,9.93,9.75,7854959,77411097,0.77961,28.605,1.598,9969203897.56,9934477963.56
002277,友阿股份,4.81,-0.825,4.85,4.88,4.97,4.79,20548110,99665861,1.47386,-20.042,1.036,6705971168.0,6705971168.0
002278,神开股份,7.97,-4.207,8.32,8.31,8.33,7.96,21573249,175326639,6.01226,51.419,2.203,3097284774.58,2859804262.64
002279,久其软件,6.54,-1.949,6.67,6.63,6.69,6.51,19163600,125785036,2.40722,124.571,3.832,5638832936.34,5206417959.42
002281,光迅科技,164.88,-1.21,166.9,169.62,169.62,164.15,16360812,2719448679,2.08145,136.264,9.446,136495716409.44,129600585509.76001
002282,博深股份,6.06,-0.493,6.09,6.11,6.15,6.02,2596000,15737449,0.53713,20.897,0.889,3192640388.88,2928865290.24
002283,天润工业,7.52,0.94,7.45,7.5,7.7,7.47,19180521,145220098,1.90075,22.788,1.399,8568717978.56,7588458560.64
002284,亚太股份,9.29,0.432,9.25,9.28,9.44,9.21,9497131,88430651,1.29709,14.076,1.933,6866242232.92,6802029752.92
002285,世联行,3.02,-5.919,3.21,2.89,3.13,2.89,317595627,941814106,16.04821,-9.152,2.786,6018343694.759999,5976608330.62
002286,保龄宝,8.32,0.971,8.24,8.29,8.41,8.25,12796900,106838129,3.46153,20.293,1.359,3161411801.6,3075817205.7599998
002287,奇正藏药,19.38,1.36,19.12,19.12,19.45,19.07,1111296,21503156,0.19463,16.245,2.175,11087650774.14,11065782227.099998
002289,宇顺电子,33.2,-1.132,33.58,33.62,33.9,32.98,1917756,63826832,0.69881,-637.236,18.74,9304423935.6,9111116935.6
002290,禾盛新材,68.08,-2.604,69.9,70.55,70.9,67.55,5996854,411644586,2.42467,103.152,16.054,16891487426.400002,16838009769.44
002291,遥望科技,5.48,-1.968,5.59,5.63,5.65,5.42,28096690,154269195,3.23275,-7.829,1.752,5084181534.44,4762806479.599999
002292,奥飞娱乐,8.47,-1.051,8.56,8.6,8.94,8.45,46710619,403103257,4.58899,169.4,4.132,12524586433.59,8621473084.07
002293,罗莱生活,10.68,0.85,10.59,10.6,10.77,10.53,4097177,43684720,0.49335,17.072,2.182,8944018129.08,8869563117.84
002294,信立泰,30.66,2.371,29.95,30.1,30.89,29.9,11152936,341051195,1.00065,52.862,3.99,34180274963.1,34172585465.76
002295,精艺股份,9.77,-0.913,9.86,10.0,10.03,9.71,5221900,51214892,2.0852,-46.524,1.89,2448518320.0,2446670813.0
002296,辉煌科技,9.42,-1.67,9.58,9.61,9.65,9.4,9692624,91852930,2.78992,19.625,1.472,3669847556.4,3272653482.48
002297,博云新材,19.7,-2.233,20.15,20.18,20.28,19.61,41738813,830656670,7.28293,182.576,4.914,11290164934.300001,11290164934.300001
002298,中电鑫龙,8.76,-3.097,9.04,8.88,8.99,8.75,42949942,377853345,6.45548,-15.368,3.471,6483371492.76,5828247105.12
002299,圣农发展,15.6,0.58,15.51,15.53,15.68,15.47,4841399,75465525,0.39729,13.925,1.688,19387217023.2,19010155881.600002
002300,太阳电缆,7.68,-1.158,7.77,7.78,7.85,7.65,25573769,197679695,3.54064,66.725,2.919,5547522816.0,5547201100.8
002301,齐心集团,8.56,-2.948,8.82,8.92,9.0,8.5,23685328,205042564,3.29884,77.818,1.979,6197507906.48,6145983468.88
002302,西部建设,4.72,0.64,4.69,4.75,4.75,4.62,5620400,26373899,0.44523,-7.982,0.768,5958312314.88,5958312314.88
002303,美盈森,6.8,1.493,6.7,6.65,7.08,6.56,148549021,1022625650,13.91738,39.906,2.36,10413001058.0,7258071970.0
002304,洋河股份,37.25,0.949,36.9,36.93,37.69,36.83,5832826,217413370,0.3872,25.437,1.189,56115079006.5,56113771531.5
002305,*ST南置,2.09,0.481,2.08,2.07,2.12,2.05,25907403,53995160,1.4939,-2.009,14.394,3624510959.3,3624510959.3
002306,ST云网,2.11,0.0,2.11,2.1,2.13,2.08,5198900,10926591,0.63972,-31.213,31.873,1835198875.0,1714772825.73
002307,北新路桥,2.97,0.678,2.95,2.96,2.98,2.91,18202296,53538705,1.11731,-37.125,1.202,4896873796.32,4838495419.89
002309,中利集团,2.79,-0.357,2.8,2.81,2.83,2.77,45317700,126711253,1.88343,-139.5,4.236,8391386424.15,6713109139.320001
002310,东方新能,2.23,-0.889,2.25,2.26,2.27,2.22,51507248,115068487,1.17088,-223.0,5.55,13378488320.91,9809791077.96
002311,海大集团,42.0,1.942,41.2,41.3,42.2,41.06,7602998,318377478,0.45928,16.279,2.932,69594432474.0,69527450160.0
002312,川发龙蟒,8.16,0.617,8.11,8.13,8.19,8.12,11197101,91354699,0.59413,37.091,1.593,15403707431.04,15378631922.4
002313,日海智能,8.76,-1.904,8.93,9.02,9.04,8.75,16890300,149270267,4.51155,-14.361,38.104,3279744000.0,3279562668.0
002314,南山控股,2.43,2.532,2.37,2.37,2.49,2.23,77780909,183482164,5.81177,-3.329,1.054,6579911506.59,3252150196.02
002315,焦点科技,24.81,-0.521,24.94,25.03,25.15,24.64,4675081,116119625,1.77046,15.629,3.706,10251062092.32,6551318899.290001
002316,亚联发展,4.95,10.0,4.5,4.53,4.95,4.5,29656400,145182371,8.70366,315.287,25.165,1945944000.0,1686638250.0
002317,众生药业,24.03,5.441,22.79,22.88,24.63,22.8,32728222,782463761,4.26136,72.818,5.101,20423829362.31,18455576613.93
002318,久立特材,17.83,1.769,17.52,17.48,17.92,17.48,6969440,123550427,0.73053,11.214,2.171,17422953937.6,17010267515.169998
002319,乐通股份,10.14,-0.295,10.17,10.17,10.43,10.09,6998600,71541373,3.34106,-202.8,11.769,2124051251.3999999,2124051251.3999999
002320,海峡股份,6.33,0.957,6.27,6.3,6.36,6.3,17896643,113321884,0.80009,81.677,3.492,14159161270.92,14159161270.92
002321,华英农业,2.04,-1.923,2.08,2.08,2.1,2.0,91820700,187869770,4.32047,-68.0,4.793,4351095744.84,4335510018.36
002322,理工能科,11.86,-0.252,11.89,11.96,12.02,11.8,3862713,45887939,1.0993,19.443,1.536,4335161724.2,4167377817.94
002323,*ST雅博,1.19,-2.459,1.22,1.22,1.22,1.18,47343313,56737656,2.23266,-14.875,19.381,2523817618.98,2523384220.98
002324,普利特,8.78,-0.791,8.85,8.85,8.98,8.76,10636572,94141803,1.37029,26.217,2.101,9766312257.44,6815285896.36
002326,永太科技,16.47,1.918,16.16,16.17,16.49,16.09,11887745,194256162,1.46442,-329.4,5.151,15236852164.92,13369836517.02
002327,富安娜,6.13,0.492,6.1,6.09,6.14,6.07,2187000,13353895,0.44543,15.325,1.458,5111609853.07,3009728051.97
002328,新朋股份,8.11,-1.816,8.26,8.35,8.42,8.08,33518139,275252196,5.87331,45.056,1.787,6259054700.0,4628262616.559999
002329,皇氏集团,3.71,1.366,3.66,3.71,3.75,3.61,26289500,96569200,4.03525,-6.815,6.89,3088218784.3500004,2417051733.04
002330,得利斯,4.11,0.0,4.11,4.12,4.25,4.07,11776701,48633155,1.85444,587.143,1.138,2611145841.9,2610073337.4
002331,皖通科技,6.85,-2.699,7.04,7.07,7.07,6.84,7412400,51140992,1.8371,-8.879,2.442,3451226889.55,2763857803.3500004
002332,仙琚制药,8.64,0.699,8.58,8.58,8.68,8.56,12363149,106968079,1.25423,19.2,1.433,8546730042.240001,8516570610.240001
002333,罗普斯金,5.47,-0.906,5.52,5.45,5.53,5.38,9877600,53774226,1.482,69.241,1.908,3691838656.0,3645769840.11
002334,英威腾,6.39,-0.467,6.42,6.48,6.49,6.38,5920607,38034385,0.80551,24.681,1.712,5240174454.0,4696727280.66
002335,科华数据,29.93,-2.667,30.75,31.24,31.27,29.88,20162828,610414669,3.05463,36.06,3.447,22622902041.37,19756016406.29
002337,赛象科技,4.73,-0.839,4.77,4.78,4.79,4.71,6513100,30897814,1.10801,59.125,2.076,2784152497.5,2780377177.05
002338,奥普光电,41.91,-2.919,43.17,43.65,44.19,41.53,4367211,185573163,1.81967,123.265,5.209,10058400000.0,10058400000.0
002339,积成电子,7.15,1.275,7.06,7.12,7.31,7.09,18812099,135284535,3.92906,178.75,2.081,3604259759.1,3423374268.6
002340,格林美,6.11,1.159,6.04,6.04,6.13,6.01,41519227,252505739,0.81795,19.71,1.44,31175417528.710003,31014249299.02
002342,巨力索具,8.25,-2.367,8.45,8.5,8.87,8.24,142457011,1206854345,14.92181,453.297,3.245,7920000000.0,7876192500.0
002343,慈文传媒,5.64,-1.399,5.72,5.72,5.79,5.57,10333212,58456409,2.18147,-148.031,2.855,2671556813.0400004,2671556813.0400004
002344,海宁皮城,4.02,0.5,4.0,4.01,4.05,3.94,11455488,45800265,0.89395,67.0,0.606,5156120179.2,5151429369.84
002345,潮宏基,8.3,2.343,8.11,8.12,8.33,8.11,9839564,80925903,1.13461,14.821,1.9,7374655468.099999,7197911599.5
002346,柘中股份,17.81,-0.503,17.9,18.11,18.13,17.73,3914900,70128122,0.88658,17.634,2.445,7864458158.96,7864458158.96
002347,泰尔股份,6.39,-3.182,6.6,6.5,6.53,6.3,70427130,452917959,14.27434,-33.971,2.955,3225047543.64,3152716737.39
002348,高乐股份,10.65,-0.281,10.68,10.89,10.94,10.51,7101300,75612828,0.78595,-233.553,27.698,10576932480.0,9622626439.349998
002349,精华制药,8.55,2.151,8.37,8.44,8.7,8.39,61500089,525767402,7.55361,31.927,2.513,7106147033.4,6961246763.4
002350,北京科锐,13.43,-0.149,13.45,13.58,13.65,13.39,3931353,53078330,0.74099,126.46,4.06,7283510043.93,7125306255.53
002351,漫步者,9.84,-0.304,9.87,9.87,9.91,9.79,3625313,35714171,0.68734,20.5,2.919,8748812880.0,5190025344.0
002352,顺丰控股,30.67,0.524,30.51,30.46,30.73,30.37,11606919,355108662,0.25021,13.753,1.524,156574891552.26,142276757793.53
002353,杰瑞股份,110.22,0.401,109.78,110.16,112.41,109.0,8394139,926011739,1.21466,41.75,4.847,112849389913.26001,76169786652.3
002354,天娱数科,7.16,-1.105,7.24,7.26,7.31,7.12,85100661,612124292,5.23055,-242.712,6.862,11846834471.199999,11649275457.64
002355,兴民智通,4.61,-0.216,4.62,4.65,4.69,4.56,8670760,40080184,1.35723,-8.865,3.852,3081697410.0,2945137454.5
002356,鹏飞绿能,2.69,1.509,2.65,2.68,2.77,2.63,31803193,86062435,2.42542,91.809,5.953,3527274661.49,3527254486.4900002
002357,富临运业,11.5,-0.691,11.58,11.67,11.72,11.36,4024900,46302760,1.28395,21.039,1.784,3605123914.0,3604994539.0
002358,森源电气,5.13,0.0,5.13,5.13,5.17,5.1,5708100,29290678,0.61394,57.0,1.431,4769653292.01,4769646751.26
002360,ST同德,5.33,-0.745,5.37,5.35,5.41,5.32,5187700,27754814,1.68159,-1.924,2.423,2141456741.84,1644306620.32
002361,神剑股份,9.58,-2.145,9.79,9.85,10.25,9.51,71705513,700651686,8.49065,684.286,4.208,9110915003.02,8090530186.72
002362,汉王科技,15.77,-0.316,15.82,15.87,16.18,15.73,4500641,71524353,2.16718,-19.673,4.459,3855049767.42,3274998037.4399996
002363,隆基机械,6.95,-0.43,6.98,6.98,7.14,6.9,6082130,42563072,1.4629,43.438,1.334,2891897091.95,2889519260.65
002364,中恒电气,32.14,-2.012,32.8,33.11,33.22,32.04,9767121,317024540,1.74989,146.091,7.319,18112977814.4,17939163890.899998
002365,永安药业,13.48,3.692,13.0,13.1,13.74,12.92,23432900,314402368,9.53943,173.488,1.984,3972320100.0,3311262261.48
002366,融发核电,5.49,0.366,5.47,5.47,5.51,5.46,9727100,53318099,0.52567,-140.769,2.471,11424347643.599998,10158794271.0
002367,康力电梯,6.06,-1.783,6.17,6.1,6.2,6.0,23550614,143432049,2.96292,14.648,1.347,4834337463.36,4816756039.86
002368,太极股份,12.62,-0.786,12.72,12.73,12.75,12.5,4284003,53931749,0.68922,-10.309,2.115,7865178829.32,7844263198.5199995
002369,卓翼科技,5.56,-0.714,5.6,5.62,5.67,5.52,6012700,33500810,1.06052,-12.201,22.187,3152276916.7999997,3152276916.7999997
002370,亚太药业,5.16,1.176,5.1,5.14,5.23,5.12,13862900,71819726,1.85924,39.692,3.436,3847644454.7999997,3847412254.8
002371,北方华创,615.97,-2.065,628.96,635.01,641.68,614.26,5607417,3494686799,0.77335,80.576,11.025,447002776524.0,446631028157.51
002372,伟星新材,8.74,5.683,8.27,8.38,8.81,8.28,22160841,190203649,1.50743,18.596,2.949,13914412015.12,12848744872.66
002373,千方科技,7.35,-0.271,7.37,7.37,7.39,7.29,9213408,67741321,0.6688,43.235,1.016,11614383380.25,10125316826.1
002374,中锐股份,3.36,1.818,3.3,3.31,3.4,3.29,26542100,88583804,2.4458,-14.0,7.14,3646303190.88,3646303190.88
002375,亚厦股份,3.92,1.554,3.86,3.88,3.93,3.8,17525788,67905947,1.31674,15.68,0.637,5252786272.16,5217506127.12
002376,新北洋,6.55,-0.607,6.59,6.62,6.63,6.51,7480805,48999365,0.94999,69.02,1.436,5309184643.549999,5157892835.25
002377,国创高新,2.96,1.024,2.93,2.93,2.99,2.9,36512812,107722793,4.1851,137.037,6.786,2712322594.96,2582445846.16
002378,章源钨业,21.13,-0.705,21.28,21.34,21.36,21.02,9429390,199738481,0.78848,88.042,8.802,25385955282.58,25269323598.98
002379,宏桥控股,16.28,-0.123,16.3,16.0,16.36,15.92,14158245,229531918,1.24591,11.876,3.665,212146604328.56,18500164698.84
002380,科远智慧,26.29,-2.086,26.85,26.9,27.02,26.26,1750100,46431580,1.2307,45.328,2.553,6309380452.21,3738542897.1
002381,双箭股份,5.64,-0.177,5.65,5.67,5.69,5.59,2832400,15962491,0.87955,35.25,1.096,2321299468.8,1816229460.0
002382,蓝帆医疗,6.32,3.607,6.1,6.08,6.33,6.07,30707408,192310269,3.07754,-8.316,0.893,6367973388.320001,6306046874.639999
002383,合众思壮,7.68,-4.95,8.08,8.07,8.1,7.64,27633883,215832509,3.73249,-35.938,3.906,5685967142.4,5685967142.4
002384,东山精密,167.4,-2.225,171.21,173.0,173.0,166.99,30752434,5194066988,2.21828,211.899,12.583,306611100856.8,232070256430.2
002385,大北农,3.1,0.977,3.07,3.08,3.12,3.06,41364737,127756481,1.2011,-20.667,1.933,13269153091.500002,10676061501.7
002386,天原股份,5.85,1.036,5.79,5.78,5.86,5.76,9934550,57897954,0.76338,86.795,0.978,7614635377.05,7613103156.75
002387,维信诺,6.7,1.056,6.63,6.74,6.8,6.65,8355799,56200477,0.59898,-3.917,5.31,9358533488.1,9346475498.1
002388,新亚制程,9.1,10.036,8.27,8.61,9.1,8.59,35687520,320868345,7.04976,-206.818,4.889,4609461402.0,4606633804.5
002389,航天彩虹,18.11,1.004,17.93,17.93,18.28,17.93,9825480,178071797,0.99775,603.667,2.221,17836829140.31,17834130840.86
002390,信邦制药,2.96,1.37,2.92,2.92,2.98,2.92,20037063,59196990,1.03936,46.688,0.852,5753801529.28,5706341972.639999
002391,长青股份,5.14,0.587,5.11,5.12,5.16,5.1,3810050,19577512,0.82096,79.321,0.799,3338905707.0,2385465318.54
002392,北京利尔,7.42,0.135,7.41,7.45,7.52,7.35,6238114,46424404,0.53891,21.824,1.433,8833442025.38,8588991661.320001
002393,力生制药,14.08,1.514,13.87,13.9,14.12,13.89,2173842,30530826,0.72409,8.691,0.967,4340766411.5199995,4227061597.44
002394,联发股份,10.15,-4.155,10.59,10.63,10.63,10.15,5829600,60066246,1.80266,10.798,0.789,3285555000.0,3282400430.75
002395,双象股份,13.6,-0.585,13.68,13.83,13.86,13.48,9458084,129017909,3.52639,18.051,2.275,3647642400.0,3647642400.0
002396,星网锐捷,32.6,-0.791,32.86,33.41,33.58,32.38,33049373,1086059189,4.36344,46.182,3.413,24691732455.600002,24691732455.600002
002397,梦洁股份,3.59,-0.829,3.62,3.63,3.63,3.53,10652913,38078571,1.64334,59.833,2.145,2684535380.37,2327210962.61
002398,垒知集团,4.26,-0.234,4.27,4.28,4.31,4.18,12131100,51561178,2.02272,53.25,0.782,2932068991.56,2554894747.2599998
002399,海普瑞,9.85,2.497,9.61,9.61,9.92,9.56,4148623,40780345,0.33263,41.352,1.211,14452867609.4,12284936784.4
002400,省广集团,6.36,-1.852,6.48,6.45,6.49,6.35,38620588,246878731,2.23736,123.256,2.209,11087624134.08,10978406970.480001
002401,中远海科,12.06,-0.166,12.08,12.15,12.15,11.99,1560240,18796845,0.4201,137.671,2.701,4482321386.400001,4479065729.099999
002402,和而泰,17.62,-1.067,17.81,17.95,18.0,17.58,12889300,228211545,1.57479,24.371,2.247,16270122725.7,14421592773.42
002403,爱仕达,10.18,-0.489,10.23,10.24,10.54,10.07,15812375,162255326,5.32114,-15.906,2.647,3467700734.22,3025103601.7200003
002404,嘉欣丝绸,5.79,-0.856,5.84,5.83,5.84,5.75,5315500,30762590,1.16622,18.094,1.662,3242698422.3900003,2639007285.84
002405,四维图新,5.91,0.0,5.91,5.91,5.95,5.87,19925821,117884382,0.84583,133.409,1.686,14007502660.74,13922555789.91
002406,远东传动,6.42,0.0,6.42,6.42,6.5,6.39,6798300,43800352,1.20929,30.571,1.186,4688045026.44,3609139816.62
002407,多氟多,29.49,-0.974,29.78,30.05,30.13,29.47,35514335,1055937866,3.28557,163.833,4.043,35105856459.81,31876280549.04
002408,齐翔腾达,5.22,2.554,5.09,5.08,5.28,5.08,16377263,85114607,0.59516,-26.1,1.329,14843272102.74,14364141832.98
002409,雅克科技,121.0,-2.85,124.55,125.47,125.8,120.51,9151351,1117917647,2.87306,57.57,7.198,57587249038.00001,38541252387.0
002410,广联达,8.54,0.946,8.46,8.45,8.6,8.38,16855895,143020559,1.06139,34.617,2.405,14107604680.679998,13562363615.359999
002412,汉森制药,9.07,2.834,8.82,8.99,9.44,8.8,59335972,543576133,11.91856,23.038,1.95,4564024000.0,4515454150.0
002413,雷科防务,8.61,-1.936,8.78,8.89,9.04,8.57,122344945,1069948248,9.44435,-123.0,3.453,11359523642.25,11153656579.169998
002414,高德红外,11.18,-0.799,11.27,11.28,11.36,11.12,24712483,277366393,0.72713,69.571,5.687,47746829687.44,37996486978.58
002415,海康威视,32.46,1.09,32.11,32.17,32.56,32.17,30872111,1000237730,0.34128,20.996,3.527,297491730513.0,293636201826.6
002416,爱施德,8.98,0.899,8.9,8.94,9.01,8.85,7579300,67768709,0.61959,29.725,2.108,11128750617.88,10985072117.54
002418,康盛股份,4.37,0.229,4.36,4.41,4.5,4.34,48003800,211811565,4.2242,197.738,3.403,4966068000.0,4966068000.0
002419,天虹股份,5.09,9.935,4.63,4.63,5.09,4.59,51428505,255385489,4.50637,71.489,1.454,5808995951.4800005,5808910057.73
002420,毅昌科技,6.09,-0.164,6.1,6.13,6.15,6.03,5138100,31279166,1.27222,12.688,2.999,2502630690.0,2459554293.0
002421,达实智能,3.17,-1.246,3.21,3.22,3.24,3.11,96664661,304857777,4.74731,-10.292,2.477,6722243795.63,6454751308.67
002422,科伦药业,40.85,4.156,39.22,38.97,41.7,38.96,23676739,963798636,1.82331,38.178,2.64,64983412346.799995,53046037763.6
002423,中粮资本,9.14,0.329,9.11,9.15,9.19,9.09,5748400,52524905,0.24949,18.592,0.912,21059524955.5,21059524955.5
002424,ST百灵,4.69,1.296,4.63,4.61,4.72,4.61,7182100,33534098,0.63013,-58.625,2.04,6498002034.999999,5345573082.29
002425,凯撒文化,3.09,-0.962,3.12,3.13,3.15,3.05,24471649,75700546,2.65942,-5.279,1.196,2956095053.9399996,2843374502.07
002426,胜利精密,2.56,-3.396,2.65,2.66,2.68,2.55,127642939,329072787,3.99596,-12.144,5.712,8710722344.96,8177399705.6
002427,尤夫股份,4.52,-0.221,4.53,4.53,4.56,4.48,5568472,25143048,0.5656,113.0,4.57,4454156152.04,4450021296.72
002428,云南锗业,86.87,-0.333,87.16,88.2,90.84,86.1,31019719,2736207224,4.75029,2895.667,36.966,56736534400.00001,56726761525.0
002429,兆驰股份,7.92,-2.703,8.14,8.17,8.21,7.91,43439909,348331964,0.96014,27.31,2.15,35853369607.44,35832696712.560005
002430,杭氧股份,25.04,4.246,24.02,24.08,25.3,23.9,14977217,371871391,1.53151,25.814,2.429,24498129166.640003,24487563538.640003
002431,ST棕榈,1.32,1.538,1.3,1.31,1.32,1.28,12945500,16847582,0.71823,-1.97,14.618,2379174289.8,2379174289.8
002432,九安医疗,60.39,0.083,60.34,60.78,61.55,60.11,8347203,505391735,1.79293,11.549,1.217,28152855987.300003,28115319918.510002
002434,万里扬,6.17,0.162,6.16,6.29,6.36,6.15,15276775,95293894,1.16497,34.278,1.383,8098742000.0,8090974278.5
002436,兴森科技,40.94,-2.986,42.2,42.22,42.48,40.66,67748660,2803745582,4.46323,511.75,12.341,69584635669.22,62143995082.64
002437,誉衡药业,3.65,5.187,3.47,3.48,3.76,3.44,353814507,1277182814,16.82687,21.233,3.294,8139018659.9,7674768567.999999
002438,江苏神通,13.68,0.22,13.65,13.78,13.91,13.67,3787700,52243035,0.80782,24.329,1.842,6943112466.48,6414287524.559999
002439,启明星辰,14.68,-1.74,14.94,14.8,14.89,14.42,38285405,560665360,5.25495,-31.148,1.636,17783355009.399998,10695240747.12
002440,闰土股份,13.26,2.079,12.99,13.0,13.78,13.0,46407575,619332962,4.90382,21.738,1.437,14904238740.300001,12548667339.78
002441,众业达,8.25,0.0,8.25,8.23,8.29,8.17,4289323,35321284,1.07511,23.571,1.012,4492484774.25,3291455301.75
002442,龙星科技,5.35,0.564,5.32,5.34,5.47,5.28,16080581,86203356,3.27166,66.46,1.441,2693049220.1,2629582603.4500003
002443,金洲管道,12.67,-1.401,12.85,13.11,13.11,12.56,20632725,264214769,3.96375,44.818,1.932,6595185038.400001,6595185038.400001
002444,巨星科技,26.84,0.978,26.58,26.66,27.0,26.45,4716500,126396325,0.41115,12.774,1.665,32059794404.88,30789733549.52
002445,中南文化,3.08,-0.645,3.1,3.1,3.12,3.07,32150188,99398511,1.3587,102.667,3.197,7319951195.4800005,7288063006.84
002446,盛路通信,7.58,-2.067,7.74,7.8,7.82,7.57,15454637,118173857,1.82296,94.75,2.846,6938851187.92,6426151903.679999
002448,中原内配,10.9,1.207,10.77,11.05,11.22,10.67,11764700,127594400,2.02662,15.571,1.684,6626215141.4,6327553626.3
002449,国星光电,6.55,0.306,6.53,6.55,6.73,6.52,7918827,52250821,1.28037,-311.905,1.082,4051025456.95,4051025456.95
002451,摩恩电气,7.69,2.261,7.52,7.56,7.75,7.45,9448539,72125061,2.15156,319.087,4.383,3383100150.0,3377055810.0
002452,长高电气,11.37,0.176,11.35,11.42,11.74,11.33,8134926,93412104,1.57081,20.587,2.267,7053175806.45,5888297862.63
002453,华软科技,4.79,1.483,4.72,4.8,4.93,4.7,53304981,257506404,8.28874,-14.969,5.49,3891238533.5400004,3080456079.62
002454,松芝股份,5.61,10.0,5.1,5.1,5.61,5.1,22094313,121091923,2.51829,14.385,1.231,4931603344.8,4921955019.96
002455,百川股份,6.8,0.0,6.8,6.82,6.92,6.79,15955654,109093512,2.41455,-37.778,1.756,4912745000.0,4493521416.4
002456,欧菲光,6.49,0.154,6.48,6.52,6.56,6.44,40279401,261960579,1.21411,515.079,5.095,22688489751.84,21531321421.39
002457,青龙管业,11.31,1.8,11.11,11.44,11.52,11.17,18852100,213765784,5.65303,29.0,1.496,3771735708.0,3771735708.0
002458,益生股份,8.09,0.497,8.05,8.08,8.13,8.04,14181677,114578930,1.4675,53.933,2.496,11578351685.51,7818059309.84
002459,晶澳科技,6.74,2.121,6.6,6.63,6.8,6.56,35239687,235595640,1.06568,-4.78,1.159,22307497378.88,22287662462.04
002460,赣锋锂业,43.43,0.115,43.38,43.51,43.94,42.62,24639047,1067198363,2.03398,54.288,1.889,91059437965.72,52609767092.09
002461,珠江啤酒,8.39,0.963,8.31,8.38,8.44,8.29,3561085,29808875,0.16089,20.549,1.645,18569825947.2,18569825947.2
002462,嘉事堂,12.26,0.657,12.18,12.27,12.3,12.15,1770400,21674474,0.6074,32.263,0.806,3576329291.2,3573427336.94
002463,沪电股份,115.93,-2.637,119.07,119.66,120.08,114.5,30382816,3531495973,1.58009,58.33,12.401,223091464844.41,222916201754.48
002465,海格通信,9.89,-1.1,10.0,10.1,10.17,9.88,37053986,369557432,1.49539,-30.906,2.214,24545337745.719997,24506303508.01
002466,天齐锂业,40.25,-0.74,40.55,40.59,40.9,40.04,19048280,769439633,1.29066,143.75,1.427,68952484622.0,59403421913.5
002467,二六三,4.88,-3.557,5.06,5.0,5.0,4.84,68847320,336778221,5.03196,-23.238,4.34,6711814740.24,6676822753.92
002468,申通快递,14.6,-0.613,14.69,14.69,14.85,14.58,9657858,141898605,0.6542,15.87,1.901,22349711623.6,21553828612.600002
002469,三维化学,6.06,0.664,6.02,6.02,6.08,5.99,3451479,20828486,0.54874,20.897,1.536,3932107537.8,3811648560.66
002470,金正大,1.98,0.508,1.97,2.0,2.01,1.97,83733205,166700252,2.54838,188.571,3.986,6506334929.16,6505776420.66
002471,中超控股,5.12,-1.727,5.21,5.3,5.39,5.11,43965134,228301610,3.27059,-297.674,3.881,7007436800.000001,6882605829.12
002472,双环传动,38.09,-1.576,38.7,38.57,38.79,38.02,13164565,504368194,1.73912,25.393,3.115,32376412088.28,28832905863.58
002474,榕基软件,6.38,-5.201,6.73,6.65,6.68,6.26,42485035,271865547,7.90823,-57.947,3.052,3969636000.0,3427498256.16
002475,立讯精密,49.43,-1.925,50.4,50.5,50.88,49.04,63620025,3160725551,0.86823,21.585,4.11,382602030118.56,362200069285.84
002476,新叶股份,4.82,-1.23,4.88,4.91,4.91,4.81,4600600,22294365,0.75173,94.141,3.034,2949840000.0,2949840000.0
002478,常宝股份,6.28,-0.317,6.3,6.3,6.36,6.27,7850800,49495067,1.08152,11.63,0.95,5657050551.84,4558688819.64
002479,富春环保,5.78,1.226,5.71,5.73,5.8,5.72,8769600,50627561,1.01609,24.083,1.134,4999700000.0,4988561038.32
002480,新筑股份,5.48,-0.904,5.53,5.55,5.63,5.45,22222963,122584199,2.89555,-25.023,5.659,4215044311.6,4205831341.0800004
002481,双塔食品,4.28,1.422,4.22,4.22,4.3,4.19,8691675,37007910,0.77732,142.667,2.157,5280221020.0,4785693128.0
002482,广田集团,1.4,2.19,1.37,1.39,1.5,1.33,145783872,202769203,3.8941,-35.0,12.367,5251347308.200001,5241193721.4
002483,润邦股份,5.84,-0.511,5.87,6.0,6.07,5.81,11345846,66887335,1.28165,14.244,1.143,5176975531.92,5169864666.16
002484,江海股份,51.32,-2.877,52.84,53.4,53.41,51.03,22858208,1181522117,2.78599,64.158,6.66,43648888652.12,42106521169.8
002485,ST雪发,5.98,2.397,5.84,5.87,6.05,5.77,2922370,17254845,0.5372,-17.013,3.238,3253120000.0,3253120000.0
002486,嘉麟杰,2.66,-1.115,2.69,2.7,2.73,2.64,22428300,60014878,2.73373,47.415,2.033,2192593046.0,2182343682.96
002487,大金重工,46.29,7.827,42.93,42.79,47.0,42.23,94406963,4195666361,14.96355,26.757,2.373,34258573950.21,29204951938.14
002488,金固股份,7.23,0.556,7.19,7.18,7.29,7.16,8415900,60890188,0.91469,158.901,2.067,7197024439.95,6652207312.77
002489,浙江永强,2.88,-0.69,2.9,2.91,2.94,2.85,22252783,64342193,1.16321,13.714,1.468,6246766981.440001,5509563704.64
002490,山东墨龙,6.91,-0.432,6.94,6.96,6.96,6.88,9607670,66342801,1.77354,691.0,11.784,5922853983.999999,3743299020.0
002491,通鼎互联,20.04,-2.813,20.62,20.88,20.99,19.86,97302115,1971701295,8.27069,-322.705,9.225,24649089780.0,23576434671.84
002492,恒基达鑫,6.36,-2.454,6.52,6.56,6.57,6.36,6496700,41734570,1.63301,-40.025,1.643,2575800000.0,2530228851.0
002493,荣盛石化,13.33,0.604,13.25,13.14,13.55,13.12,31957950,427199072,0.34135,148.111,2.794,133159265245.82,124798106058.31999
002494,华斯股份,5.05,-5.075,5.32,5.24,5.24,4.86,72706193,362348650,25.35345,91.985,1.53,1905419125.8999999,1448190711.8999999
002495,佳隆股份,2.43,0.0,2.43,2.44,2.45,2.39,17078120,41387184,2.46111,113.551,2.062,2273570208.0,1686221243.01
002496,辉丰股份,2.1,0.0,2.1,2.1,2.12,2.08,14516600,30477020,1.22887,-14.768,2.436,3165938321.7000003,2480728916.4
002497,雅化集团,15.7,-0.127,15.72,15.77,15.87,15.6,14233109,223960711,1.34327,28.385,1.487,18095231564.0,16635525555.5
002498,汉缆股份,6.11,0.825,6.06,6.09,6.11,6.05,21812900,132838806,0.65567,36.719,2.301,20326723560.0,20326723560.0
002500,山西证券,5.18,0.583,5.15,5.15,5.2,5.13,10641720,55034392,0.29645,19.923,0.995,18595016613.46,18595016613.46
002501,*ST利源,1.3,2.362,1.27,1.27,1.3,1.26,22545668,28862277,0.63593,-26.0,32.995,4615000000.0,4608880387.8
002506,协鑫集成,2.38,1.277,2.35,2.37,2.39,2.33,136318685,322146201,2.33245,-11.96,19.95,13923753096.26,13909771950.48
002507,涪陵榨菜,11.2,1.083,11.08,11.08,11.23,11.06,7211146,80500372,0.62504,16.716,1.451,12923893113.599998,12921646505.6
002508,老板电器,17.11,3.072,16.6,16.58,17.24,16.37,10209655,172987942,1.09354,12.865,1.393,16169342092.76,15974508315.57
002510,天汽模,5.82,2.465,5.68,5.69,5.94,5.66,30495080,177871937,3.00416,97.0,2.335,5908107280.559999,5907860407.8
002511,中顺洁柔,6.99,1.158,6.91,6.92,7.04,6.9,7751000,54109891,0.61273,27.96,1.617,8955158904.87,8842377491.67
002512,ST达华,3.76,1.075,3.72,3.75,3.8,3.7,12340400,46316307,1.12754,-20.413,12.868,4145086536.3199997,4115138700.32
002513,蓝丰生化,5.86,7.13,5.47,5.54,6.02,5.49,48087153,282455559,16.29624,-11.542,440.602,2200980711.08,1729175843.72
002514,*ST宝馨,2.41,0.0,2.41,2.39,2.47,2.38,22476900,54600633,4.05698,-8.093,-21.215,1735282576.24,1335212365.07
002515,金字火腿,7.05,-2.759,7.25,7.27,7.34,7.03,33932700,241548474,3.07961,352.5,3.291,8534829856.200001,7768056064.2
002516,旷达科技,5.53,-0.181,5.54,5.65,5.67,5.5,11763500,65355063,0.80544,42.538,2.155,8133737911.46,8076557711.46
002517,恺英网络,16.01,0.882,15.87,15.92,16.09,15.82,18343160,292987036,0.97609,17.989,3.261,34204456176.339996,30086659184.730003
002518,科士达,34.05,-0.816,34.33,35.28,35.7,34.01,11054730,385398555,1.95606,32.429,4.067,19824764450.7,19243435712.850002
002519,银河电子,5.57,-1.59,5.66,5.71,5.74,5.55,28979700,162880118,2.57954,-79.571,2.824,6274220101.860001,6257584801.13
002520,日发精机,6.27,-1.26,6.35,6.38,6.48,6.24,26523002,167866866,3.7604,-22.393,15.123,4704037222.17,4422376282.17
002521,齐峰新材,6.19,-0.161,6.2,6.22,6.22,6.15,2273500,14077308,0.54238,22.107,0.882,3466777899.5,2594684522.1
002522,浙江众成,5.26,-1.498,5.34,5.36,5.39,5.22,21438700,113218509,2.36837,87.667,2.027,4764399575.62,4761403316.56
002523,天桥起重,3.4,-1.163,3.44,3.45,3.47,3.37,20647524,70260265,1.46276,40.476,1.892,4816578720.0,4799245122.2
002524,光正眼科,4.13,-1.667,4.2,4.23,4.25,4.1,23982601,99786989,4.70913,-103.25,18.919,2128319400.6200001,2103320510.6200001
002526,山东矿机,2.59,0.0,2.59,2.6,2.61,2.57,14017345,36282640,0.79139,37.0,1.432,4617436035.24,4587497194.42
002527,新时达,10.59,-0.376,10.63,10.65,10.88,10.56,3979707,42539682,0.71234,1059.0,5.69,7021819071.690001,5916460711.290001
002528,*ST英飞,6.17,-0.644,6.21,6.3,6.34,6.05,15647100,96783712,1.48989,-25.464,-34.032,7395825255.940001,6479854790.09
002529,海源复材,6.75,-1.171,6.83,6.9,6.95,6.7,3297200,22435237,1.26815,-9.456,30.78,1755000000.0,1755000000.0
002530,金财互联,7.02,-0.707,7.07,7.08,7.11,7.02,5834500,41122907,0.82564,87.75,4.036,5469971188.5,4960764144.179999
002531,天顺风能,7.98,4.45,7.64,7.56,8.2,7.37,173817821,1340585359,9.72751,-60.87,1.629,14339091690.84,14259211420.02
002532,天山铝业,12.18,-0.246,12.21,12.17,12.25,12.02,29331720,356621674,0.71421,11.6,1.756,56378021714.700005,50021523765.35999
002533,金杯电工,10.79,-1.1,10.91,10.89,10.97,10.79,3904300,42511977,0.60425,13.079,1.775,7919224058.98,6971893576.57
002534,西子洁能,17.1,0.411,17.03,17.29,17.49,16.81,8719851,149598684,1.05648,30.0,2.612,14294491526.7,14113741773.6
002535,林州重机,2.47,-1.2,2.5,2.52,2.55,2.45,11696800,29035011,1.56723,-41.723,3.739,1980157192.78,1843453711.45
002536,飞龙股份,45.38,-2.451,46.52,46.57,46.8,45.22,16022579,733641928,2.93818,82.3,7.834,26083783597.44,24746742719.22
002537,海联金汇,5.66,0.177,5.65,5.65,5.71,5.58,12325222,69632070,1.05298,20.214,1.482,6642284764.7,6625098457.7
002538,ST司特,6.75,-2.032,6.89,6.92,6.94,6.66,10248000,69909583,1.2014,34.902,1.1,5761501400.25,5757772868.999999
002539,云图控股,11.75,1.468,11.58,11.57,11.84,11.57,5604302,65914648,0.62984,17.029,1.437,14190754203.5,10455075093.75
002540,亚太科技,4.99,0.402,4.97,4.98,5.03,4.98,4306752,21521200,0.50183,14.481,1.125,6225394569.38,4282424776.42
002541,鸿路钢构,18.36,-0.434,18.44,18.47,18.76,18.08,9584057,175839966,1.71259,19.957,1.39,13833596543.04,10274712117.48
002542,*ST中岩,1.64,3.145,1.59,1.61,1.66,1.58,14041300,22727597,0.79815,-3.094,-10.354,2962031450.3199997,2885153654.12
002543,万和电气,7.26,-1.892,7.4,7.36,7.41,7.2,9428413,68673259,1.42601,25.034,1.166,5398536000.0,4800139219.26
002544,普天科技,15.17,-1.557,15.41,15.45,15.52,15.16,8944440,137141706,1.31445,411.111,2.78,10323699111.300001,10322707584.93
002545,东方铁塔,13.85,0.435,13.79,13.77,14.09,13.67,16233458,226003455,1.43638,14.284,1.662,17230259849.55,15652767355.800001
002546,新联电子,7.34,0.824,7.28,7.32,7.39,7.31,4614721,33925275,0.57596,10.638,1.476,6121920364.64,5881008903.139999
002547,*ST春兴,2.58,2.789,2.51,2.51,2.66,2.51,31941800,83310286,2.89119,-6.649,-5.509,2910387493.44,2850380042.28
002548,金新农,3.94,0.51,3.92,3.95,3.96,3.89,12979911,50881770,1.61347,-10.944,3.852,3263004212.5199995,3169617678.48
002549,凯美特气,12.29,-0.887,12.4,12.52,12.52,12.24,8707424,107599981,1.25764,124.645,4.162,8545825703.29,8509098574.54
002550,千红制药,6.59,4.107,6.33,6.32,6.7,6.3,27650000,181945942,2.89964,20.594,3.08,8433882000.0,6284005745.79
002551,尚荣医疗,3.41,1.187,3.37,3.37,3.48,3.34,22012319,74867881,3.60157,-20.059,1.174,2883136510.98,2084146725.4299998
002552,宝鼎科技,44.39,-4.722,46.59,47.15,47.15,44.2,11889900,535875681,3.22654,143.194,10.514,17222668843.09,16357860998.710001
002553,南方精工,16.97,0.177,16.94,16.76,17.35,16.66,22196730,378953008,8.6635,17.11,3.765,5997361573.83,4347877573.83
002554,惠博普,2.71,-0.368,2.72,2.73,2.73,2.7,8890300,24094887,0.6667,-9.679,1.963,3614381395.1200004,3613703293.5
002555,三七互娱,17.2,0.821,17.06,17.05,17.22,17.01,12541136,214580360,0.76762,13.03,2.701,38050488113.2,28100717132.8
002556,辉隆股份,5.06,0.596,5.03,5.06,5.09,5.01,7416116,37488598,0.79398,24.095,1.304,4730800711.12,4726247475.18
002557,洽洽食品,18.34,1.214,18.12,18.16,18.38,18.08,4259222,77604816,0.84608,29.204,1.851,9277392529.3,9232486580.8
002558,巨人网络,22.5,1.718,22.12,22.35,22.86,21.93,53016579,1191024484,2.78953,23.936,2.542,42762644347.5,42762475597.5
002559,亚威股份,8.54,-2.064,8.72,8.73,8.76,8.51,10354800,89178132,2.02363,43.93,2.274,5481515289.18,4369878160.9
002560,通达股份,6.29,-3.379,6.51,6.64,6.67,6.27,39382044,251288556,6.21809,20.29,1.726,4624858835.75,3983746214.2
002561,徐家汇,7.31,0.828,7.25,7.26,7.39,7.17,4616976,33664098,1.11403,-194.933,1.418,3039227530.0000005,3029553234.77
002562,兄弟科技,4.93,1.86,4.84,4.84,5.07,4.84,21850260,107930491,2.6857,54.778,1.545,5634112050.809999,4010938139.8799996
002563,森马服饰,5.45,1.113,5.39,5.4,5.48,5.38,7838000,42615706,0.3541,16.515,1.281,14682791372.0,12063531198.35
002564,天沃科技,5.18,0.583,5.15,5.14,5.21,5.1,27123860,139948317,3.15796,103.6,40.691,4449125190.86,4449125190.86
002565,顺灏股份,8.44,1.809,8.29,8.34,8.94,8.23,135425948,1151250068,12.77657,140.667,4.817,8946306501.68,8946021651.68
002566,益盛药业,7.06,-0.282,7.08,7.1,7.15,7.06,3812600,27051177,1.64264,80.594,1.047,2336518296.0,1638644370.1200001
002567,唐人神,3.7,1.093,3.66,3.66,3.71,3.64,14413021,53131553,1.00673,-4.452,1.42,5302290154.1,5297165757.7
002568,百润股份,19.49,3.067,18.91,18.99,19.63,18.87,12870613,249102580,1.68882,31.435,4.067,20301245932.489998,14853495269.19
002569,*ST步森,12.06,0.5,12.0,11.99,12.49,11.9,2180700,26563693,1.55753,201.0,56.806,1736760600.0,1688520600.0
002570,贝因美,4.42,0.455,4.4,4.41,4.49,4.37,26177755,115696511,2.42388,29.467,2.854,4773791531.86,4773579371.86
002571,德力股份,10.42,-2.251,10.66,10.68,10.73,10.35,5326800,55877356,1.78568,-15.702,5.455,4084126294.0,3108350478.9599996
002572,索菲亚,7.72,1.18,7.63,7.63,7.79,7.4,15415232,117588466,2.11386,8.213,1.111,7434724106.08,5629786870.88
002573,清新环境,3.14,1.29,3.1,3.12,3.15,3.08,10872684,33937122,0.76964,-10.558,0.805,4443938628.059999,4435849325.5199995
002574,明牌珠宝,4.98,-1.386,5.05,5.05,5.06,4.93,7090400,35353607,1.34288,-7.324,0.976,2629440000.0,2629440000.0
002575,群兴玩具,5.0,-0.99,5.05,5.1,5.29,4.98,28608891,144839414,4.89605,-125.0,3.858,3082500000.0,2921627500.0
002576,通达动力,14.38,-1.91,14.66,14.66,14.7,14.37,1939000,28068610,1.19671,28.76,1.819,2374138000.0,2329956470.98
002577,雷柏科技,20.68,-1.1,20.91,20.91,21.23,20.63,3998900,83508952,1.42475,-1238.323,4.948,5804627840.0,5804317640.0
002578,闽发铝业,4.14,-0.481,4.16,4.16,4.17,4.03,16963900,69655768,1.96988,-138.0,2.6,3885928957.62,3565213002.54
002579,中京电子,16.88,-5.698,17.9,18.01,18.02,16.85,75714695,1305599427,12.97733,422.0,4.494,10341002305.6,9848437778.16
002580,圣阳股份,19.52,4.385,18.7,18.4,19.85,18.4,62328151,1207757468,13.77909,47.61,3.625,8859522743.36,8829653376.0
002581,*ST未名,5.1,7.368,4.75,4.76,5.12,4.76,5610400,28012398,1.39983,-28.928,1.896,3364651488.6000004,2044034921.1
002582,好想你,9.39,1.185,9.28,9.35,9.43,9.28,7987921,74732193,2.32089,4.695,0.935,4203977096.4900002,3231799287.42
002583,海能达,8.07,2.411,7.88,7.87,8.2,7.78,46248651,368097810,3.60434,-56.911,7.035,14676258404.67,10354921174.44
002584,西陇科学,8.79,1.267,8.68,8.7,8.99,8.63,64756015,571319937,13.45889,-67.615,2.326,5144052349.38,4229214781.0200005
002585,双星新材,10.35,-2.999,10.67,10.69,10.73,10.3,60089633,628372373,6.7776,-22.403,1.409,11812689034.2,9176225005.8
002586,围海股份,3.62,-0.275,3.63,3.66,3.67,3.58,5240300,18963968,0.48186,15.153,1.3,4142089844.6800003,3936815170.86
002587,奥拓电子,5.29,0.0,5.29,5.32,5.33,5.2,9309500,49007368,1.74756,264.5,2.648,3462326985.2400002,2818050272.9300003
002588,史丹利,7.45,1.223,7.36,7.38,7.47,7.36,6938036,51509734,0.80803,8.278,1.101,8581595251.0,6396842446.5
002589,瑞康医药,3.27,0.926,3.24,3.3,3.32,3.24,98842535,324927557,7.23807,327.0,0.927,4920403240.17,4465484361.96
002590,万安科技,9.55,-0.209,9.57,9.59,9.78,9.54,4503127,43318724,0.91092,23.293,1.6,4956951155.349999,4721048153.6
002591,恒大高新,6.51,-0.762,6.56,6.56,6.65,6.45,9413300,61547546,4.21153,-75.61,3.056,1954298640.84,1455066127.6200001
002592,ST八菱,6.25,0.0,6.25,6.22,6.26,6.19,1275400,7951195,0.48513,15.244,1.796,1775507231.25,1643099856.25
002593,日上集团,4.57,-0.652,4.6,4.61,4.65,4.53,7056300,32257145,1.25892,32.643,1.48,3673631192.53,2561504783.53
002594,比亚迪,83.31,1.573,82.02,82.1,83.47,81.7,21667348,1795663328,0.62136,23.271,3.165,759553729140.1499,290507695229.82
002595,豪迈科技,38.4,0.078,38.37,38.39,38.76,38.34,2645527,101948754,0.22962,12.798,3.604,44544000000.0,44241343603.2
002596,海南瑞泽,3.22,-2.128,3.29,3.32,3.32,3.17,15021063,48296078,1.31009,-16.947,7.735,3695209267.96,3691957167.78
002597,金禾实业,21.23,-0.047,21.24,21.16,21.44,21.11,2413274,51408350,0.42639,33.698,1.515,12065431009.94,12015676721.62
002598,ST章鼓,6.81,-0.147,6.82,6.88,6.88,6.79,1270100,8658911,0.44327,33.663,1.669,2125080780.18,1951269463.44
002599,盛通股份,5.5,-1.257,5.57,5.57,5.6,5.48,4577372,25283815,1.10733,550.0,2.439,2973381328.5,2273540973.0
002600,领益智造,11.88,-0.835,11.98,12.04,12.09,11.88,44719619,536467861,0.62111,36.0,3.061,96469240400.28,85536007947.71999
002601,龙佰集团,14.71,0.616,14.62,14.62,14.84,14.62,6946541,102502417,0.35087,28.288,1.537,35072288903.76,29122563976.52
002602,世纪华通,13.8,-0.576,13.88,14.03,14.07,13.78,43368854,602463093,0.63807,17.692,2.972,101715416043.59999,93796241952.59999
002603,以岭药业,15.35,2.197,15.02,15.03,15.4,15.0,13142041,200632234,0.9549,19.935,2.35,25645327521.600002,21125786896.7
002605,姚记科技,16.47,0.243,16.43,16.49,16.53,16.3,2118296,34795395,0.62588,14.679,1.83,6880972675.139999,5574328469.73
002606,大连电瓷,11.95,0.929,11.84,11.93,12.16,11.9,8243651,98954261,1.95652,24.388,2.562,5246924979.0,5035037270.45
002607,中公教育,1.85,0.543,1.84,1.86,1.87,1.82,110712648,204662294,1.9355,185.0,13.734,11409688869.650002,10582195371.099998
002608,江苏国信,7.34,1.662,7.22,7.23,7.4,7.2,14110590,103264747,0.37349,8.003,0.742,27731105027.36,27731105027.36
002609,捷顺科技,7.87,-1.131,7.96,7.95,7.98,7.83,4239100,33396746,0.9224,79.095,2.125,5063863678.67,3616843570.92
002611,东方精工,13.98,-3.119,14.43,14.43,14.49,13.97,19371357,274563831,1.92949,22.918,1.796,17017656993.839998,14035394352.0
002612,朗姿股份,16.72,-2.393,17.13,17.15,17.2,16.48,9943802,166782867,3.80465,7.403,2.634,7397686670.0,4369926275.44
002613,北玻股份,3.35,0.0,3.35,3.38,3.39,3.32,22163665,74120802,2.86474,117.544,1.665,3686905118.2000003,2591800918.6
002614,奥佳华,7.76,-4.551,8.13,8.04,8.13,7.45,96024022,745109052,21.76057,388.0,1.15,4840216223.04,3424296413.36
002615,哈尔斯,6.23,-1.268,6.31,6.38,6.38,6.21,6616700,41498286,2.1955,41.533,1.458,3487627028.06,1877565826.3600001
002616,长青集团,4.84,0.833,4.8,4.85,4.86,4.78,4480473,21598281,0.76266,14.842,1.168,4158607221.12,2843404497.12
002617,露笑科技,6.9,1.77,6.78,6.8,6.97,6.69,92413668,632485937,4.92185,62.443,2.03,13173300275.699999,12955590502.800001
002620,*ST瑞和,5.34,-0.928,5.39,5.38,5.45,5.29,3740400,19991778,1.18336,-22.25,-20.722,2015817960.0,1687884928.8
002622,皓宸医疗,2.53,-0.394,2.54,2.54,2.56,2.47,51544700,130175770,6.13645,-17.792,8.143,2125200000.0,2125137382.5
002623,亚玛顿,17.99,-2.228,18.4,18.45,18.66,17.85,7500000,136555123,3.89335,-33.315,1.345,3473194608.8700004,3465524122.6200004
002624,完美世界,9.71,1.463,9.57,9.61,9.76,9.59,31259644,303063997,1.7103,24.897,2.893,18837093202.84,17747287828.11
002625,光启技术,23.57,2.926,22.9,23.15,23.89,22.87,32261435,751365393,1.49735,73.656,5.168,50783635907.340004,50783268215.340004
002626,金达威,16.13,1.065,15.96,16.0,16.23,15.96,2384400,38424609,0.39097,28.804,2.386,9838268196.16,9837058446.16
002627,三峡旅游,6.55,0.306,6.53,6.69,6.7,6.5,6776458,44476841,0.97062,74.263,1.48,4622200580.9,4572935843.2
002628,成都路桥,4.82,-0.823,4.86,4.96,4.96,4.76,11901049,57344682,1.57559,-48.2,1.314,3649224000.3,3640724142.38
002629,仁智股份,4.39,-0.454,4.41,4.42,4.47,4.34,8673212,38153475,2.38962,199.545,33.978,1870570220.0,1593368016.1
002630,*ST华西,1.43,-2.055,1.46,1.46,1.46,1.31,66870992,89955646,6.2095,-5.882,-15.084,1688544000.0,1539986755.45
002631,德尔未来,13.48,0.298,13.44,13.93,13.97,13.4,42777933,581169573,5.38975,-48.647,5.334,10747373235.88,10698939204.96
002632,道明光学,8.94,-0.887,9.02,9.12,9.2,8.93,12293505,111143369,2.13981,25.543,2.576,5583915864.6,5136150788.34
002633,申科股份,15.23,0.329,15.18,15.37,15.67,15.18,4330500,66400145,2.89541,442.733,6.441,2284500000.0,2277860679.49
002634,*ST棒杰,3.92,0.256,3.91,3.93,3.96,3.88,2970000,11632405,0.66516,-1.823,-5.113,1800661850.96,1750328756.96
002635,安洁科技,14.12,-4.336,14.76,14.99,15.0,14.06,31865428,457184859,8.05632,83.059,1.588,9314777277.12,5584927499.08
002636,金安国纪,79.45,-4.312,83.03,82.2,83.0,78.98,35387840,2869844518,4.8795,192.373,13.491,57839600000.0,57619913837.85
002637,赞宇科技,10.37,2.877,10.08,10.12,10.45,10.1,14698800,151636069,3.16259,25.925,1.321,4878058370.0,4819674129.3
002638,勤上股份,4.77,-3.636,4.95,4.96,4.98,4.75,45488250,219429991,3.36282,-20.739,3.656,6852555044.73,6452283642.929999
002639,雪人集团,13.59,-1.877,13.85,13.95,14.1,13.48,55785270,765069145,8.45097,287.315,4.07,10592391566.52,8970827711.04
002640,跨境通,3.91,-0.761,3.94,3.81,4.07,3.76,359558888,1400792199,23.22339,-14.412,9.03,6091941600.3,6053703559.8
002641,公元股份,3.8,0.0,3.8,3.81,3.82,3.75,7399684,27992630,0.65255,76.0,0.857,4670556709.8,4309038606.400001
002642,荣联科技,6.92,-1.001,6.99,7.01,7.04,6.85,7556113,52173903,1.14213,228.383,3.841,4578135765.96,4578135765.96
002643,万润股份,12.52,-1.184,12.67,12.78,12.83,12.48,9595700,120918717,1.06357,40.387,1.615,11467068313.0,11295731424.400002
002644,佛慈制药,8.26,0.978,8.18,8.25,8.35,8.17,3037100,25178825,0.59474,85.685,2.265,4218026819.9999995,4218026819.9999995
002645,华宏科技,16.85,-1.978,17.19,17.19,17.32,16.77,13386996,227538775,1.96806,48.143,2.925,12690079279.199999,11461597255.949999
002646,天佑德酒,7.14,1.133,7.06,7.07,7.24,6.99,10802142,76861982,2.26935,793.333,1.196,3401060274.36,3398648917.86
002647,仁东控股,11.08,-2.293,11.34,11.55,11.73,11.0,16539155,186217209,1.62901,31.657,20.109,12606022439.560001,11249431559.560001
002648,卫星化学,26.51,2.355,25.9,25.9,26.75,25.73,30417259,804435416,0.90353,16.778,2.347,89302797241.90001,89245450677.34999
002649,博彦科技,9.14,-0.544,9.19,9.18,9.25,9.07,5222608,47701200,0.8925,50.778,1.309,5405711622.4800005,5348424387.48
002650,ST加加,6.44,2.385,6.29,6.3,6.53,6.23,3551500,22474081,0.32081,-48.348,3.929,7129619826.559999,7129378326.56
002651,利君股份,7.89,0.254,7.87,7.88,7.97,7.82,6465774,51001875,1.14345,145.572,2.977,8153999399.999999,4461508127.49
002652,扬子新材,4.42,-1.996,4.51,4.52,4.53,4.4,10927000,48504818,2.13391,-73.667,9.689,2263322880.0,2263322880.0
002653,海思科,62.18,0.404,61.93,61.88,63.88,59.37,7170140,444823824,1.33525,270.348,14.731,70940694406.4,33389827285.440002
002654,万润科技,12.24,-3.241,12.65,12.75,12.76,12.21,24556894,304747856,2.90531,306.0,6.53,10346503138.56,10345768738.56
002655,共达电声,32.54,-5.324,34.37,34.85,34.95,32.31,17491801,580595914,4.78724,157.961,13.637,11932766568.48,11889589242.48
002656,摩登大道,2.83,0.355,2.82,2.84,2.85,2.8,7803800,22004955,1.13633,-44.921,5.047,2016431158.52,1943514584.1
002657,中科金财,14.6,-1.684,14.85,14.87,14.98,14.51,4463000,65311734,1.32777,-45.328,3.105,4953983232.0,4907460624.0
002658,雪迪龙,7.13,-1.655,7.25,7.28,7.29,7.1,4719300,33779252,1.31582,29.708,1.743,4532975388.12,2557229750.37
002659,凯文教育,4.7,-0.212,4.71,4.74,4.79,4.64,9773500,45940719,1.6336,-156.667,1.31,2811917804.8,2811907892.4999995
002660,茂硕电源,7.97,-1.117,8.06,8.14,8.14,7.92,4546200,36383690,1.31259,-12.076,2.854,2842309371.4300003,2760426778.9599996
002661,克明食品,7.56,0.666,7.51,7.53,7.61,7.46,4777600,35998754,1.54907,25.2,1.125,2448278345.52,2331635551.56
002662,峰璟股份,3.12,0.0,3.12,3.12,3.17,3.09,8340265,26079888,0.55602,18.353,1.064,4680000000.0,4679941032.0
002663,普邦股份,1.75,-0.568,1.76,1.76,1.78,1.71,33296294,58020745,1.95044,-6.489,1.566,3015860578.5,2987453314.9999995
002664,信质集团,14.31,-0.07,14.32,14.55,14.59,14.27,2801905,40293093,0.69535,43.364,1.639,5841342000.0,5766176406.780001
002666,德联集团,4.21,-0.237,4.22,4.24,4.25,4.18,6030900,25419921,1.20427,70.167,0.931,3317477057.2099996,2108342007.4599998
002667,*ST威领,0.0,0.0,22.19,0.0,0.0,0.0,0,0,0.0,-13.13,-109.743,5782525385.0,5250398090.0
002668,TCL智家,8.66,-0.115,8.67,8.68,8.71,8.64,5037276,43721630,0.46465,8.327,2.452,9388404966.48,9388404966.48
002669,康达新材,13.73,-2.138,14.03,14.27,14.44,13.58,28578643,397884858,9.44069,32.23,1.522,4165682000.0,4156315394.0
002670,国盛证券,11.18,-0.445,11.23,11.3,11.35,11.16,10028326,112392110,0.61775,79.235,1.877,21634246420.54,18149060088.12
002671,龙泉股份,4.06,0.0,4.06,4.07,4.09,3.98,7769470,31357991,1.40905,45.111,1.385,2280058834.7599998,2238668056.38
002672,东江环保,3.7,0.543,3.68,3.72,3.94,3.63,24040850,89350880,2.6561,-3.333,1.936,4089446467.4,3348937717.4
002673,西部证券,6.59,0.0,6.59,6.61,6.63,6.56,13158058,86777162,0.29439,16.773,0.973,29454543435.95,29454543435.95
002674,兴业科技,19.82,2.588,19.32,19.75,20.16,19.4,7401000,146365000,2.52971,57.734,2.403,5857819710.08,5798611582.639999
002675,东诚药业,12.9,1.176,12.75,12.7,12.95,12.67,6065519,78183174,0.81593,54.384,2.419,10637284594.5,9589653522.6
002676,顺威股份,5.16,-0.578,5.19,5.2,5.23,5.11,8920660,46083209,1.23902,46.612,2.925,4012871798.28,3715068858.6
002677,浙江美大,6.13,0.657,6.09,6.2,6.2,6.07,4773700,29303307,0.87449,306.5,2.734,3960296596.1099997,3346258039.25
002678,珠江钢琴,4.42,0.227,4.41,4.45,4.45,4.33,6299977,27716259,0.46406,-15.786,2.028,6003775827.66,6000479060.16
002679,福建金森,11.65,3.189,11.29,11.28,11.87,10.9,27291294,310325414,11.57608,291.25,3.682,2746557400.0,2746557400.0
002681,奋达科技,4.44,-1.114,4.49,4.49,4.53,4.44,18265234,81518053,1.16187,-88.8,3.718,7968255910.08,6979898115.0
002682,龙洲股份,4.88,-0.813,4.92,4.99,5.06,4.81,13937770,68334169,2.4784,-4.98,5.684,2744358738.7200003,2744358738.7200003
002683,广东宏大,27.86,3.185,27.0,27.2,28.55,26.84,5531926,153995272,0.82972,21.935,2.989,21170397855.18,18574968836.06
002685,华东重机,5.17,-1.711,5.26,5.34,5.35,5.16,20476607,107113168,2.03224,78.097,3.144,5209760613.97,5209236763.72
002686,亿利达,6.08,-1.935,6.2,6.25,6.26,6.08,7819900,47890049,1.49597,112.801,2.133,3442733928.64,3178214256.64
002687,乔治白,5.58,-1.064,5.64,5.74,5.74,5.51,10786403,60177069,2.60783,32.824,1.848,2816669559.78,2307980421.54
002688,金河生物,5.2,1.167,5.14,5.15,5.22,5.14,5005447,25962873,0.66832,147.309,1.917,4354364045.2,3894613408.4
002689,ST远智,2.93,0.687,2.91,2.9,2.93,2.89,3388790,9869942,0.32494,30.363,2.491,3056900424.25,3055730765.3199997
002690,美亚光电,15.43,0.718,15.32,15.33,15.51,15.26,2118100,32724037,0.496,18.93,5.289,13612791927.0,6589108728.46
002691,*ST冀凯,3.96,-0.252,3.97,3.97,3.98,3.9,1136100,4475529,0.33814,-24.75,1.717,1346400000.0,1330482007.8000002
002692,远程股份,4.22,-1.632,4.29,4.33,4.33,4.18,7772500,32854830,1.08273,1688.0,2.74,3030576120.0,3029376268.5
002693,双成药业,9.22,2.902,8.96,9.09,9.4,8.95,16329200,150511463,3.97322,184.4,8.973,3823439495.0,3789250315.1200004
002694,*ST顾地,2.76,9.96,2.51,2.51,2.76,2.51,12358960,33242896,1.7194,-4.118,-25.438,2106114048.0,1983877029.0
002695,煌上煌,10.78,1.987,10.57,10.59,10.87,10.57,9707485,104445346,1.89802,73.836,2.157,6032334934.780001,5513469635.52
002696,百洋股份,6.58,-0.152,6.59,6.68,6.85,6.55,14197100,94831039,4.24734,56.095,1.777,2275062846.56,2199423680.44
002697,红旗连锁,4.73,1.285,4.67,4.66,4.77,4.64,15483800,72904279,1.34865,13.514,1.31,6432800000.0,5430476933.75
002698,博实股份,11.1,0.726,11.02,11.07,11.24,11.04,3673000,40896469,0.43512,20.014,2.741,11350433482.5,9369935407.5
002700,万憬能源,6.34,-0.627,6.38,6.41,6.46,6.28,4555700,28934162,1.11287,31.7,1.845,2622402692.9,2595368387.66
002701,奥瑞金,4.32,2.37,4.22,4.21,4.34,4.21,20664472,88487530,0.80804,11.077,1.09,11058165226.08,11047784114.880001
002702,海欣食品,5.38,1.128,5.32,5.36,5.44,5.3,20924399,112416799,4.56124,-61.556,2.959,2989988800.0,2468041375.0
002703,浙江世宝,15.65,3.164,15.17,15.24,15.81,15.1,38687536,602678611,6.60143,71.331,5.911,12874196809.6,9171652358.1
002705,新宝股份,11.62,0.519,11.56,11.56,11.8,11.51,7613400,88471873,0.94213,9.381,1.123,9433996563.6,9390161508.0
002706,良信股份,8.34,-1.068,8.43,8.46,8.53,8.3,14806214,124138559,1.61818,33.36,2.22,9366862666.8,7631013180.599999
002707,众信旅游,5.03,0.199,5.02,5.04,5.06,4.98,10669963,53594670,1.23313,718.571,5.327,4943056615.99,4352348500.96
002708,光洋股份,17.43,2.289,17.04,17.32,17.9,17.04,35281322,616198915,6.92292,95.455,5.404,9797367564.81,8882857017.93
002709,天赐材料,31.2,0.386,31.08,31.45,31.97,30.83,35534696,1116592741,2.35483,43.944,3.136,63603126412.8,47081143792.8
002712,思美传媒,5.0,-2.534,5.13,5.14,5.17,4.97,14441050,72712098,2.66982,-46.685,1.97,2721380990.0,2704501365.0
002713,东易日盛,9.8,-0.91,9.89,9.95,9.99,9.76,10151055,99905427,1.9368,245.0,8.899,9323770803.199999,5136337378.2
002714,牧原股份,42.45,0.378,42.29,42.2,42.78,42.03,23165200,981447688,0.70615,14.74,3.095,245063686312.80002,139257196134.0
002715,登云股份,13.28,-0.15,13.3,13.36,13.45,13.09,1756650,23306697,1.27293,-116.491,3.966,1832640000.0,1832640000.0
002716,湖南白银,8.77,0.458,8.73,8.71,8.83,8.67,60266826,527923272,2.59494,73.083,6.089,24758487425.420002,20368111660.98
002717,*ST岭南,0.62,-10.145,0.69,0.62,0.62,0.62,13512400,8377688,0.75533,-0.483,-0.691,1128544805.96,1109143956.92
002718,友邦吊顶,79.57,-1.983,81.18,80.88,81.6,77.53,1017200,80195076,1.05721,795.7,11.214,10300163753.53,7655850068.309999
002719,ST麦趣,6.18,1.645,6.08,6.09,6.22,6.04,2566000,15705895,1.58547,-12.605,14.767,1076181844.26,1000202687.1
002721,金一文化,2.59,0.388,2.58,2.63,2.64,2.56,32050700,82828917,1.2052,237.615,3.195,6887790612.849999,6887790612.849999
002722,物产金轮,13.13,-0.455,13.19,13.21,13.24,13.06,2012524,26430435,0.90509,17.986,0.978,2919744491.3,2919547541.3
002723,小崧股份,7.31,-1.482,7.42,7.46,7.59,7.3,6276500,46624939,1.97524,-9.396,3.379,2383928983.56,2322819620.42
002724,海洋王,6.98,-2.378,7.15,7.15,7.52,6.98,32913919,235351422,5.81027,48.914,1.984,5385055998.12,3954018457.22
002725,跃岭股份,10.81,-1.906,11.02,11.08,11.13,10.8,2080000,22704909,0.83546,189.982,2.875,2767360000.0,2691294699.92
002726,ST龙大,2.22,-6.723,2.38,2.27,2.32,2.17,76354824,170527516,5.61302,-3.257,4.84,3021718823.1000004,3019900643.1
002727,一心堂,10.72,0.752,10.64,10.68,10.77,10.62,4807100,51439413,1.20946,23.452,0.843,6277676220.0,4260750649.7599998
002728,特一药业,9.91,1.955,9.72,9.72,9.95,9.7,19431596,191545467,3.87617,61.938,2.858,5086900236.92,4967971317.92
002729,好利科技,13.63,-1.16,13.79,14.0,14.0,13.6,2379400,32660415,1.35608,52.423,4.399,2493880009.6,2391538077.83
002730,电光科技,20.55,-0.82,20.72,20.87,20.92,20.13,5908300,120969960,1.70745,108.158,4.564,7440741533.999999,7110914033.999999
002731,*ST萃华,0.0,0.0,0.77,0.0,0.0,0.0,0,0,0.0,0.906,0.105,197240120.0,176835428.0
002732,燕塘乳业,14.27,0.493,14.2,14.21,14.38,14.09,1205900,17188352,0.76778,38.568,1.484,2245384500.0,2241283087.95
002733,雄韬股份,17.17,-0.751,17.3,17.33,17.83,17.12,9599100,167161403,2.60235,81.762,2.453,6596970056.21,6333373572.03
002734,利民股份,18.53,-0.59,18.64,18.6,19.17,18.51,17275072,324672971,4.00251,15.838,2.171,8739183714.42,7997648692.0199995
002735,王子新材,10.7,0.469,10.65,10.86,10.95,10.57,15050200,161331264,5.27967,-25.476,2.57,4015221577.1,3050134948.7
002736,国信证券,9.8,0.823,9.72,9.72,9.8,9.7,10927623,106699911,0.1067,9.703,1.032,100369081988.0,100369081988.0
002737,葵花药业,11.4,1.968,11.18,11.19,11.42,11.18,3737500,42388101,0.63999,-25.909,1.699,6657600000.0,6657493980.0
002738,中矿资源,42.5,-1.87,43.31,43.37,43.66,42.5,17796527,764128998,2.50297,67.003,2.384,30998857272.5,30218148720.0
002739,儒意电影,8.22,-0.844,8.29,8.29,8.38,8.16,33663332,277133201,1.60308,33.813,2.417,17358820979.760002,17261280322.56
002741,光华科技,24.91,-6.0,26.5,26.65,26.77,24.85,33963566,866968692,7.89802,113.227,5.883,11672883542.1,10711962481.45
002742,冀衡医药,4.16,1.463,4.1,4.11,4.2,4.11,19961900,83034487,3.8101,-6.82,19.197,2845864490.56,2179511871.68
002743,ST富煌,4.43,2.074,4.34,4.3,4.5,4.28,10428300,45727926,2.39968,-2.172,0.974,1928239357.54,1925149432.5400002
002745,木林森,11.56,-2.612,11.87,12.01,12.04,11.55,35862894,420643505,3.39358,-11.56,1.423,17156963572.44,12216462101.24
002746,仙坛股份,6.22,0.161,6.21,6.2,6.28,6.16,8961450,55726831,1.26275,22.214,1.16,5352550881.94,4414186131.94
002747,埃斯顿,28.22,0.213,28.16,28.39,28.95,27.95,22333432,634256711,2.8474,564.4,8.34,27335756015.66,22134242793.66
002748,世龙实业,12.09,0.75,12.0,11.9,12.23,11.9,2483415,30023125,1.03476,50.375,1.97,2901600000.0,2901600000.0
002749,国光股份,8.51,1.673,8.37,8.4,8.52,8.38,1688603,14310199,0.31022,12.515,2.495,4735572873.48,4632136793.47
002752,昇兴股份,6.09,0.995,6.03,6.03,6.13,6.02,6576221,39939889,0.67412,19.645,1.623,5949433470.120001,5940958327.71
002753,永东股份,6.74,0.898,6.68,6.72,6.76,6.65,5433226,36446087,1.83686,65.058,1.083,2889300011.98,1993617206.22
002755,奥赛康,13.55,9.984,12.32,12.31,13.55,12.31,18850355,248447517,2.03096,54.2,3.9,12576572756.050001,12576453854.8
002756,永兴材料,38.99,0.88,38.65,38.77,39.39,38.31,7194918,280281408,1.82735,31.192,1.562,21019569044.6,15351706283.480001
002757,南兴股份,18.43,-2.332,18.87,19.27,19.63,18.41,25581500,481497278,9.00112,45.372,2.663,5445252476.59,5237873195.78
002758,浙农股份,8.48,0.832,8.41,8.63,8.64,8.44,5431092,46158808,1.04797,7.852,0.875,4399445191.52,4394741352.48
002759,ST天际,13.54,-0.806,13.65,13.55,13.81,13.4,16228104,220636425,3.23884,84.625,1.931,6788720471.700001,6784183095.84
002760,凤形股份,18.05,1.404,17.8,17.95,18.3,17.6,2782000,50037783,2.5762,95.0,2.325,1949196143.3000002,1949196143.3000002
002761,浙江建投,7.68,3.924,7.39,7.45,7.89,7.28,26487112,201470056,2.44845,59.077,1.198,10175016176.64,8308140357.12
002762,金发拉比,9.26,-0.108,9.27,9.38,9.73,9.19,8904300,83273801,2.51516,-17.472,5.032,3278271500.0,3278271500.0
002763,汇洁股份,7.36,-0.136,7.37,7.4,7.4,7.3,2961281,21736721,0.97521,56.615,1.878,3017040640.0,2234911015.6800003
002765,蓝黛科技,6.75,-1.026,6.82,6.86,6.95,6.75,5512900,37642982,0.92513,24.107,1.692,4401864607.5,4022381632.5
002766,索菱股份,4.02,-0.248,4.03,4.09,4.12,3.99,12040799,48671135,1.40306,-62.326,3.321,3456580212.4799995,3449882832.1800003
002767,先锋电子,18.16,-1.251,18.39,18.53,18.65,17.99,1994000,36298883,1.5305,95.579,3.128,2724000000.0,2365955097.36
002768,国恩股份,69.81,-1.704,71.02,71.05,71.8,68.0,7699686,538086379,3.0523,22.022,4.28,30479046000.0,17610149619.27
002769,普路通,6.72,-1.466,6.82,6.84,6.89,6.71,6422100,43441748,1.7217,74.667,2.118,2508697322.88,2506628745.6
002771,真视通,13.64,-2.71,14.02,14.03,14.1,13.62,6772800,93416124,3.75032,-45.467,4.93,2861182324.0,2463279722.2
002772,众兴菌业,10.58,1.829,10.39,10.6,10.66,10.45,6452975,67962747,1.73637,11.844,1.113,3964775999.1400003,3931915513.6600003
002773,康弘药业,21.8,-2.461,22.35,21.7,22.59,21.5,20590611,452555807,2.99788,17.302,2.18,20084914517.2,14973099552.199999
002774,快意电梯,17.31,3.282,16.76,16.9,17.7,16.81,9952900,172260862,3.53225,81.306,5.146,5828067549.000001,4877472194.85
002775,文科股份,3.44,0.585,3.42,3.45,3.48,3.33,11154200,37875607,1.88019,-7.319,-98.286,2262681066.56,2040780426.56
002777,久远银海,12.65,-0.394,12.7,12.72,12.76,12.53,3252200,41090784,0.80398,66.579,3.085,5164122630.7,5117070361.150001
002778,中晟高科,15.84,-0.252,15.88,16.02,16.13,15.77,1219600,19403110,0.98559,26.847,6.253,1976092272.0,1960084447.2
002779,中坚科技,75.49,-1.126,76.35,76.66,77.82,75.22,1494944,113655033,0.90161,80.842,15.997,13950552000.0,12516871209.150002
002780,三夫户外,14.5,-0.956,14.64,14.7,14.72,14.4,4309600,62595904,3.25019,42.647,2.877,2397744838.5,1922631864.5
002782,可立克,13.99,-2.509,14.35,14.64,14.64,13.98,5328500,75500142,1.08805,22.722,3.159,6925693721.87,6851304513.0
002783,凯龙股份,8.13,0.994,8.05,8.05,8.2,7.97,6788271,54955161,1.47214,28.034,1.513,4059450844.11,3748877844.1800003
002785,万里石,33.91,-2.92,34.93,35.15,35.55,33.58,6385482,218347838,3.28661,-93.416,9.392,7684673857.45,6588298382.429999
002786,银宝山新,7.56,-0.395,7.59,7.62,7.73,7.56,5072345,38649767,1.03126,-58.154,16.86,3746826720.0,3718471050.0
002787,华源控股,25.51,0.433,25.4,25.51,25.76,24.5,12103811,304485965,4.87893,75.029,4.653,8479491423.7300005,6328603401.38
002788,鹭燕医药,10.76,1.798,10.57,10.69,10.82,10.59,10384841,111291435,2.7196,14.944,1.262,4180440079.36,4108726885.16
002789,*ST建艺,14.95,4.839,14.26,14.38,15.5,14.04,4414040,65215101,2.82086,-3.174,38.791,2386371534.3,2339350016.9
002790,瑞尔特,6.44,-0.77,6.49,6.54,6.56,6.4,10853900,70035435,4.16341,161.0,1.314,2691097612.0,1678891900.0
002791,坚朗五金,15.95,1.787,15.67,15.7,16.05,15.12,7899202,123249030,3.72023,-55.0,1.06,5644465957.349999,3386680837.65
002792,通宇通讯,28.82,-4.79,30.27,30.51,30.59,28.8,16975110,499254468,5.00749,360.25,5.385,15096954384.6,9769819443.78
002793,罗欣药业,4.82,0.417,4.8,4.78,4.91,4.75,30149484,145873631,2.77638,-17.734,4.654,5242176502.52,5234171003.08
002795,永和智控,7.23,-2.297,7.4,7.42,7.5,7.2,11222384,82371904,2.58593,-22.594,7.249,3193400097.21,3137663448.81
002796,世嘉科技,25.94,-2.518,26.61,27.0,27.02,25.92,7459941,196711133,3.27006,-112.783,7.871,6546398631.120001,5917658555.82
002797,第一创业,6.12,0.164,6.11,6.12,6.15,6.1,22365991,136868947,0.53222,30.6,1.488,25718688000.0,25718688000.0
002798,帝欧水华,6.58,-0.152,6.59,6.63,6.64,6.45,8006091,52390054,1.54932,-5.181,1.973,3865846811.54,3400209578.08
002799,环球印务,7.32,-3.046,7.55,8.31,8.31,7.12,55780546,428972756,17.42947,-104.571,1.832,2342692800.0,2342662056.0
002800,天顺股份,14.98,0.604,14.89,15.01,15.05,14.7,1796528,26685988,1.22736,-95.719,4.706,2280750943.66,2192664544.0
002801,微光股份,26.61,-0.3,26.69,26.7,26.94,26.53,532400,14213669,0.468,16.736,3.031,6110507520.0,3027173557.5
002802,洪汇新材,12.36,-0.483,12.42,12.43,12.52,12.29,1338311,16585389,0.8941,53.739,3.439,2240199200.4,1850075168.52
002803,吉宏股份,20.24,-4.483,21.19,21.08,21.3,19.95,18445246,380380978,6.19875,30.209,3.341,9268235789.12,6022698922.24
002805,丰元股份,16.06,2.293,15.7,16.02,16.51,15.65,19032080,306775523,6.82603,-9.27,4.488,4497803878.48,4477786052.08
002806,华锋股份,14.47,-3.211,14.95,14.92,14.94,14.45,6361900,93030666,3.81519,-96.467,2.769,3074573864.83,2412897171.35
002807,江阴银行,4.2,0.962,4.16,4.17,4.24,4.16,38964718,164086170,1.44127,5.044,0.56,11371634681.4,11354726737.2
002809,红墙股份,8.57,0.234,8.55,8.6,8.72,8.48,4317250,37032467,2.54,-47.611,1.137,2059030025.4099998,1456645488.14
002810,山东赫达,20.2,0.648,20.07,20.18,20.28,19.93,2543900,51217789,0.78739,49.268,3.091,7030648642.599999,6526180973.2
002811,郑中设计,16.97,3.35,16.42,16.61,17.05,16.26,13102355,219256702,4.62877,32.019,3.49,5226250984.85,4803584014.33
002812,恩捷股份,45.51,-0.175,45.59,45.41,46.2,45.03,10506700,479573919,1.282,303.4,1.714,44659805754.18,37297851250.229996
002813,路畅科技,0.0,0.0,26.38,0.0,0.0,0.0,0,0,0.0,-33.773,15.616,3165600000.0,3162752437.2799997
002815,崇达技术,23.01,-5.851,24.44,24.2,24.35,23.01,65172297,1539700893,8.38619,79.345,3.195,28397821965.239998,17881946277.39
002816,*ST和科,21.86,-0.183,21.9,21.92,22.22,21.56,953400,20858219,0.9534,123.503,9.756,2186000000.0,2186000000.0
002817,黄山胶囊,6.8,-0.585,6.84,6.87,6.89,6.76,3670300,25047646,1.26404,30.909,2.088,2033867556.0,1974460206.0
002818,富森美,11.22,0.809,11.13,11.13,11.24,10.98,4425320,49179108,1.48323,15.162,1.404,8397709306.8,3347567683.02
002819,东方中科,23.73,-3.849,24.68,24.71,25.22,23.52,15479893,371170471,6.55376,-48.707,1.81,7073132283.0,5604990072.78
002820,桂发祥,9.87,0.509,9.82,9.86,10.09,9.76,5379600,53099905,2.67817,-75.923,2.383,1982570071.6499999,1982570071.6499999
002821,凯莱英,188.62,5.304,179.12,177.81,192.0,175.68,10596386,1963173346,3.34401,59.69,3.848,68270758135.399994,59769190352.96
002822,ST中装,2.97,-1.0,3.0,3.01,3.02,2.93,8603963,25464247,0.8049,-1.669,5.431,5791500000.0,3174771084.21
002823,凯中精密,12.72,-0.235,12.75,12.83,12.92,12.67,2280300,29103484,1.02237,17.667,1.997,4165777994.3999996,2837065149.36
002824,和胜股份,24.16,-4.241,25.23,25.25,25.5,23.88,9743773,238429377,4.30805,44.741,3.202,7517935766.08,5464415300.8
002825,纳尔股份,9.22,-0.324,9.25,9.26,9.32,9.12,2666453,24541233,1.03427,21.952,2.005,3152692580.94,2377005968.7599998
002826,易明医药,17.59,-0.396,17.66,17.66,18.04,17.58,3182000,56643892,1.72252,35.18,3.884,3354021622.5,3249388580.49
002827,高争民爆,59.0,-4.9,62.04,61.99,63.41,57.7,23356669,1400659175,8.4626,81.944,15.333,16345714000.0,16283933625.0
002828,贝肯能源,10.84,0.092,10.83,10.83,10.91,10.72,3600400,38973519,1.79135,98.545,3.612,2178705584.0,2178705584.0
002829,星网宇达,19.17,-1.236,19.41,19.44,19.68,19.1,3037200,58565471,2.01575,-36.17,2.359,3983706082.98,2888415940.86
002830,名雕股份,14.88,-0.932,15.02,15.07,15.15,14.72,2020180,30080861,2.17611,45.091,4.177,2766132480.0,1381377360.0
002831,裕同科技,27.29,-1.905,27.82,27.96,28.33,27.18,4977442,136786062,0.6969,15.594,3.087,35158553781.409996,19491117452.14
002832,比音勒芬,25.93,2.571,25.28,25.4,26.08,25.14,5362000,138088898,1.38575,27.01,2.728,14798434688.12,10033287248.74
002833,弘亚数控,19.33,2.929,18.78,18.84,19.58,18.84,10019252,194274741,3.41876,19.139,2.824,8293916508.469999,5664977532.64
002835,同为股份,13.19,-0.678,13.28,13.21,13.32,13.14,1906588,25150270,1.4959,20.609,2.334,2895124949.8900003,1681116334.2599998
002836,新宏泽,12.12,-0.899,12.23,12.11,12.26,11.54,13616563,161989827,5.90997,63.789,7.744,2792448000.0,2792448000.0
002837,英维克,53.95,-2.933,55.58,56.1,56.1,53.91,17618462,961779593,1.55237,99.907,19.247,68992851093.4,61229902294.6
002838,道恩股份,24.55,1.741,24.13,24.13,25.34,24.1,3847151,95166773,0.9146,59.878,3.062,11744680769.1,10326696558.05
002839,张家港行,4.31,1.412,4.25,4.25,4.32,4.24,28432033,122284220,1.16425,5.597,0.548,10535126837.939999,10525377169.699999
002840,华统股份,8.19,2.632,7.98,7.99,8.24,7.95,11987116,97294104,1.50501,-45.5,1.955,6569742758.67,6523161085.35
002841,视源股份,45.18,1.574,44.48,44.99,45.65,44.2,4344326,195687545,0.83329,30.527,2.202,31589248103.100002,23554387250.28
002842,翔鹭钨业,30.81,-0.901,31.09,31.4,31.4,30.62,9430274,291862243,3.5127,66.978,6.423,10587489059.939999,8271316037.79
002843,泰嘉股份,14.72,-1.142,14.89,15.08,15.27,14.69,7043520,104930030,2.81254,-99.864,2.749,3705576912.6400003,3686371728.6400003
002845,同兴达,13.59,-1.948,13.86,13.98,13.99,13.54,4726560,64826741,1.88885,104.538,1.767,4451427670.95,3400688227.59
002846,英联股份,11.5,-3.199,11.88,11.67,11.76,11.41,28943411,333997562,10.66481,136.905,3.37,4829926814.0,3121005711.4999995
002847,盐津铺子,43.41,1.307,42.85,42.78,43.66,42.6,1324200,57131866,0.54321,15.615,5.584,11728791103.079998,10582288681.47
002848,高斯贝尔,14.42,-3.091,14.88,15.0,15.1,14.31,7437100,108195736,4.49587,-30.281,34.317,2410303000.0,2385368815.62
002849,威星智能,21.37,-7.967,23.22,24.75,24.8,21.35,31231070,711525988,14.28089,89.042,3.391,4714948921.92,4673433978.54
002850,科达利,155.8,-1.498,158.17,158.3,159.5,153.92,4347555,677674055,2.07361,24.155,2.951,44610553176.6,32665166194.600002
002851,麦格米特,115.72,-2.346,118.5,120.0,120.12,115.51,16116152,1885184440,3.27771,432.275,7.411,67697397007.68001,56898265197.84
002852,道道全,8.69,1.047,8.6,8.71,8.8,8.58,13962790,121399440,4.88519,12.798,1.356,2989084570.45,2483764902.7400002
002853,皮阿诺,21.16,1.341,20.88,21.24,21.45,20.75,581600,12234214,0.45189,-100.762,4.356,3870501459.68,2723393864.2400002
002855,捷荣技术,12.45,-1.033,12.58,12.65,12.7,12.4,6149600,76977233,2.49753,-6.256,16.573,3067925040.9,3065529038.3999996
002856,*ST美芝,20.22,10.011,18.38,18.41,20.22,18.41,8788940,173688383,7.09332,-12.797,-36.831,2736024977.76,2505347837.46
002857,三晖电气,17.69,-0.618,17.8,17.91,18.22,17.68,1192800,21285917,0.92763,-55.281,5.248,2367187350.0,2274671303.5
002858,力盛体育,11.63,-0.257,11.66,11.84,11.84,11.49,3987400,46391060,2.70531,-283.659,2.55,2171070466.54,1714165622.19
002859,洁美科技,59.14,-1.071,59.78,60.38,60.43,58.7,5715383,339158101,1.33439,115.961,7.023,26828385691.82,25330560928.000004
002860,星帅尔,0.0,0.0,18.39,0.0,0.0,0.0,0,0,0.0,31.707,2.749,6475948683.240001,6325134169.0199995
002861,瀛通通讯,14.04,-1.474,14.25,14.4,14.43,14.0,2897643,41004306,2.04053,-36.947,2.61,2615426826.48,1993739010.12
002862,实丰文化,14.66,-3.298,15.16,15.36,15.4,14.63,3991660,59172849,3.1045,-14.096,8.512,2484723400.0,1884933879.5800002
002863,今飞凯达,4.76,-0.833,4.8,4.81,4.95,4.75,8778331,42149615,1.46432,47.6,1.01,2853541717.04,2853541717.04
002864,盘龙药业,21.05,0.718,20.9,20.84,21.2,20.84,1335450,28146664,1.35446,22.88,1.658,2877554534.4,2075461124.3999999
002865,钧达股份,36.44,1.194,36.01,36.35,36.81,36.02,5630603,205004310,2.4607,-6.811,3.0,11342534934.88,8338253710.88
002866,传艺科技,16.9,10.026,15.36,16.57,16.9,16.3,34277162,577077481,18.65232,56.333,2.333,4892926126.4,3105694308.6000004
002867,周大生,10.14,0.896,10.05,10.05,10.15,10.05,5343400,53989117,0.49515,9.941,1.769,11006705275.02,10942497892.56
002868,绿康生化,22.3,1.364,22.0,22.4,22.71,22.0,1985700,44455915,1.84831,-24.778,48.85,3465773165.1,2395760828.3
002869,金溢科技,17.4,2.173,17.03,17.44,17.88,17.08,6281644,109266604,3.9643,-23.2,1.537,3078320843.4,2757121854.6
002870,香山股份,45.51,-2.381,46.62,46.67,47.5,44.77,2679700,122081151,2.06556,63.208,4.337,6952032371.969999,5904130352.94
002871,伟隆股份,16.98,-2.638,17.44,17.53,17.61,16.9,2222900,38091449,1.49749,28.78,3.843,4276478288.1,2520540965.94
002872,ST天圣,6.19,1.144,6.12,6.21,6.28,6.15,4283300,26587992,1.99299,-35.513,1.021,1968420000.0,1330343249.46
002873,新天药业,8.55,0.0,8.55,8.58,8.65,8.51,3006316,25765940,1.25425,220.93,1.632,2087087541.3,2049354185.4
002875,安奈儿,12.7,-1.321,12.87,13.0,13.0,12.57,3462000,44084805,1.62986,-26.458,4.506,2697614874.0,2697614874.0
002876,三利谱,31.3,-0.096,31.33,31.31,31.65,31.03,2768600,86866584,1.85885,115.926,2.233,5442598371.6,4661867698.0
002877,智能自控,7.46,-0.93,7.53,7.53,7.62,7.43,3611760,27011726,1.50168,113.03,2.173,2654593964.7,1794239303.92
002878,元隆雅图,12.68,-1.4,12.86,12.81,12.92,12.56,3651900,46347198,1.54787,-115.273,2.628,3322055098.3599997,2991609162.96
002879,长缆科技,16.88,-1.632,17.16,17.33,17.88,16.76,11463534,197623164,8.35906,21.641,1.76,3259656963.2,2314906674.48
002880,卫光生物,22.23,2.301,21.73,21.73,22.58,21.53,2854960,63669292,1.2588,20.468,2.091,5041764000.0,5041764000.0
002881,美格智能,42.41,1.097,41.95,42.3,43.5,41.61,6473526,275517827,3.52635,77.96,4.598,12824041825.000002,7785447981.6
002882,金龙羽,24.98,1.918,24.51,24.0,26.3,23.65,35242499,881190778,14.26879,101.052,5.123,10813842000.0,6169811149.24
002883,*ST中设,9.14,-0.436,9.18,9.15,9.17,9.11,272311,2486606,0.17684,-50.778,3.108,1427276497.2399998,1407413558.9199998
002884,凌霄泵业,15.38,0.786,15.26,15.27,15.42,15.27,1006830,15436970,0.36927,12.11,2.423,5501156988.42,4193474287.88
002885,京泉华,25.78,-2.827,26.53,26.98,27.99,25.72,14516429,386486539,6.09925,83.161,4.436,6984239435.04,6135730255.78
002886,沃特股份,23.64,-4.446,24.74,24.88,24.98,23.5,13095110,314016753,6.26326,96.098,3.358,6222132276.599999,4942607796.96
002887,绿茵生态,8.73,-1.244,8.84,9.02,9.45,8.54,9747410,85993218,4.48711,21.825,1.165,2671273616.22,1896429371.22
002888,惠威科技,18.6,-0.641,18.72,18.75,18.85,18.5,1605470,29941390,2.14283,132.857,7.417,2746167463.2,1393568172.0
002889,东方嘉盛,12.04,-0.331,12.08,12.1,12.16,11.96,1781075,21440576,0.70879,44.593,1.709,4547116362.88,3025466030.16
002890,弘宇股份,15.13,-0.264,15.17,15.2,15.28,14.94,1252207,18905398,0.77547,248.44,4.251,2570211170.8,2443142622.2999997
002891,中宠股份,27.73,1.501,27.32,27.25,27.93,27.25,3485209,96473117,1.08271,22.57,2.641,8926224496.58,8926224496.58
002892,科力尔,8.52,-0.234,8.54,8.58,8.64,8.51,4145867,35489219,0.82731,189.333,5.72,7193574202.92,4269575926.2000003
002893,京能热力,10.71,4.082,10.29,10.38,10.76,10.24,21474004,227641975,10.58988,44.625,2.139,2823584400.0,2171758998.7799997
002895,川恒股份,30.35,1.234,29.98,29.92,30.6,29.9,2598400,78939716,0.43354,13.86,2.485,18388105424.05,18190232529.05
002896,中大力德,59.62,-2.037,60.86,60.4,61.3,59.51,5585896,336191787,2.84237,186.313,9.804,11716681585.4,11716681585.4
002897,意华股份,57.99,-0.804,58.46,59.35,60.43,57.93,7140712,421365377,3.87328,35.36,3.981,11241882018.240002,10690931322.119999
002899,英派斯,20.4,-0.391,20.48,20.66,20.74,20.22,2890000,59018600,1.95539,47.442,1.737,3015058310.4,3015058310.4
002900,哈三联,12.97,-0.077,12.98,13.05,13.27,12.8,24221650,316014930,12.23667,-12.121,2.374,4103118513.5,2567323304.0
002901,大博医疗,40.86,0.74,40.56,40.53,41.11,40.53,820626,33556285,0.28453,27.796,4.811,16916837015.160002,11784523431.78
002902,铭普光磁,25.64,-1.95,26.15,26.36,26.59,25.59,11428719,297381162,6.12896,-24.419,9.845,6025632349.679999,4781112491.44
002903,宇环数控,27.97,-2.271,28.62,28.99,29.08,27.9,4173328,118211638,3.87979,-215.154,5.683,4353852155.0,3008619593.5299997
002905,金逸影视,8.72,-1.469,8.85,8.84,9.15,8.68,4329600,37996357,1.23901,109.0,98.866,3281510400.0,3047116800.0
002906,华阳集团,26.62,-0.337,26.71,26.87,27.18,26.58,4238478,113499649,0.80779,17.866,1.959,13973344871.420002,13967549484.46
002907,华森制药,14.9,3.329,14.42,14.45,15.09,14.35,16478300,245234291,4.8602,95.574,3.581,6222185078.6,5051780199.9
002908,德生科技,7.03,-1.403,7.13,7.15,7.16,6.99,3874412,27292461,1.19122,336.364,2.865,3032967578.64,2286494255.48
002909,集泰股份,6.71,-4.823,7.05,6.95,6.95,6.65,74523004,506160506,19.58928,-93.194,3.055,2616900000.0,2552667739.9300003
002910,庄园牧场,10.31,2.079,10.1,10.42,10.68,10.16,9412300,97280695,5.50267,-27.132,2.02,2016010667.57,1763522664.75
002911,佛燃能源,11.21,0.719,11.13,11.17,11.33,11.12,4070459,45775622,0.31871,15.569,3.291,14552551054.3,14317238334.68
002912,中新赛克,26.6,-8.654,29.12,28.57,28.67,26.29,34914393,951601967,21.52249,64.878,2.991,4542003200.0,4315127437.599999
002913,奥士康,92.3,1.339,91.08,94.81,98.18,91.53,15412662,1444209373,5.04607,95.155,6.658,29292374519.2,28192012685.2
002915,中欣氟材,16.24,-0.184,16.27,16.6,16.6,16.22,3455420,56374145,1.148,280.969,3.628,5444838879.2,4888147691.84
002916,深南电路,373.01,-0.69,375.6,378.0,379.98,367.7,5417523,2023912768,0.81464,75.969,14.092,254081951600.94998,248059560423.07
002917,金奥博,10.03,-0.298,10.06,10.11,10.15,10.0,1929050,19400672,0.74039,19.659,1.936,3486570395.91,2613283711.93
002918,蒙娜丽莎,10.64,1.141,10.52,10.58,10.76,10.24,10842563,113777152,5.06177,81.846,1.335,4349843874.320001,2279140816.96
002919,名臣健康,15.59,-3.168,16.1,16.1,16.59,15.52,4942720,78175805,1.87077,146.798,5.258,4149061268.94,4119005682.1
002920,德赛西威,79.28,0.038,79.25,79.26,81.15,78.79,3619020,288331154,0.60659,18.225,2.944,47315040828.32,47300175828.32
002921,联诚精密,19.7,-0.656,19.83,19.83,20.1,19.53,2606788,51376789,2.02459,-179.091,2.237,2934711501.9,2536495761.0
002922,伊戈尔,21.44,-0.186,21.48,21.65,22.04,21.41,8012616,173716388,2.09686,42.88,2.411,9060177890.56,8192757341.44
002923,润都股份,11.03,3.084,10.7,10.79,11.17,10.7,6737362,74143657,2.61073,-58.053,3.423,3693872944.58,2846446835.4900002
002925,盈趣科技,22.2,-1.333,22.5,22.8,22.8,22.15,7621484,170829706,1.04251,28.831,3.275,17131052976.599998,16229729424.6
002926,华西证券,8.15,0.0,8.15,8.13,8.19,8.12,6535324,53278843,0.24896,14.554,0.845,21393750000.0,21393750000.0
002927,泰永长征,18.71,-3.007,19.29,19.48,19.66,18.46,10388250,195925413,4.70615,-935.5,4.107,4175925687.7999997,4130004836.72
002928,华夏航空,6.37,4.085,6.12,6.19,6.46,6.12,40784789,256564076,3.19071,12.963,2.092,8142398673.5,8142358064.75
002929,润建股份,46.11,-2.701,47.39,47.92,48.09,46.02,4692841,219344634,2.1669,329.357,2.021,13204881925.74,9986031587.49
002930,宏川智慧,8.93,-1.107,9.03,9.03,9.11,8.93,3779900,33999742,0.87211,-9.5,2.083,4089986578.88,3870422927.5299997
002931,锋龙股份,39.34,0.898,38.99,39.01,41.97,38.7,11059074,443911950,5.45923,393.4,8.419,8596020375.04,7969334253.719999
002932,*ST明德,15.33,1.188,15.15,15.16,15.35,15.1,888574,13567732,0.56925,-219.0,0.666,3564546270.81,2392936273.35
002933,新兴装备,27.37,-2.04,27.94,28.02,28.03,27.27,1268300,34962228,1.085,80.5,2.058,3211869500.0,3199396334.1200004
002935,天奥电子,17.57,-2.982,18.11,18.12,18.26,17.47,9194083,162434794,2.21496,114.388,4.607,7411679287.740001,7293146814.31
002936,郑州银行,1.74,1.754,1.71,1.71,1.75,1.71,105458172,182522226,1.49613,10.875,0.337,15820238962.92,12264797300.94
002937,兴瑞科技,25.21,-3.705,26.18,26.02,26.88,24.91,14093451,362558247,4.47149,51.449,4.063,7966605268.089999,7945806513.89
002938,鹏鼎控股,79.55,-0.5,79.95,81.0,83.1,79.45,15543554,1257359358,0.67264,49.41,5.362,184360041143.9,183826229380.75
002939,长城证券,7.72,0.39,7.69,7.71,7.75,7.68,8109771,62588254,0.22511,13.31,0.965,31145776100.32,27812532351.32
002940,昂利康,22.96,3.284,22.23,22.34,23.25,22.22,7695032,176322819,4.16692,37.032,2.799,4631679150.56,4240008390.8
002941,新疆交建,10.54,0.765,10.46,10.47,10.62,10.36,5265604,55324099,0.72156,15.057,1.577,7691577352.88,7691577352.88
002942,新农股份,17.06,3.206,16.53,16.6,17.2,16.6,4716020,80092008,3.39874,27.516,2.072,2652501083.2,2367212895.98
002943,宇晶股份,28.28,-1.669,28.76,29.06,29.5,28.26,6707004,193337771,3.55146,437.771,9.286,7546121740.64,5340740781.6
002945,华林证券,13.98,-1.062,14.13,14.19,14.22,13.93,5975961,83843288,0.22133,73.579,5.125,37746000000.0,37746000000.0
002946,新乳业,14.82,4.0,14.25,14.25,15.03,14.25,6758300,99430341,0.79443,17.435,3.608,12755321882.160002,12607592965.5
002947,恒铭达,55.98,-3.399,57.95,57.95,58.4,55.74,4130908,234370396,2.08312,26.913,4.416,14317945037.28,11101043813.04
002948,青岛银行,6.15,1.653,6.05,6.05,6.2,6.03,36388960,223176153,1.03313,7.235,0.819,35795181552.6,21661497749.399998
002949,华阳国际,13.14,-4.367,13.74,13.62,13.62,13.09,6255200,83015126,4.11728,28.435,1.766,2576594822.04,1996302857.0400002
002950,奥美医疗,8.54,1.425,8.42,8.43,8.58,8.4,5237390,44714723,1.21906,21.233,1.464,5408086575.78,3668999677.7
002951,金时科技,15.61,-1.077,15.78,16.1,16.4,15.59,4324700,68458585,1.07815,-26.458,4.138,6291827479.0,6261512765.339999
002952,亚世光电,19.05,-1.193,19.28,19.3,19.49,18.99,2227150,42704885,1.66113,272.143,3.557,3130677000.0,2554123644.6
002953,日丰股份,9.87,-0.704,9.94,10.08,10.08,9.85,4539800,45042927,1.61393,29.029,2.185,4851891125.76,2776320140.16
002955,鸿合科技,35.43,-1.665,36.03,36.0,36.47,35.28,2531680,90409084,1.23102,161.045,2.615,8384152082.16,7286410361.88
002956,西麦食品,17.57,0.688,17.45,17.45,17.78,17.18,3696352,64748028,1.18279,22.526,3.337,5491426877.23,5490814158.62
002957,科瑞技术,35.28,-2.944,36.35,36.98,37.11,35.2,13152781,471337234,3.14012,53.937,4.481,14816981400.48,14777470305.359999
002958,青农商行,2.94,1.031,2.91,2.91,2.95,2.9,59170114,173548599,1.08773,5.654,0.421,16333774608.060001,15992949642.6
002959,小熊电器,35.52,-0.084,35.55,35.0,36.8,34.81,5600076,200784170,4.00594,14.217,1.911,5535207482.88,4965496732.8
002960,青鸟智控,8.7,2.959,8.45,8.49,8.79,8.47,8993185,77847505,0.92862,23.777,1.476,9167491246.2,8425505908.5
002961,瑞达期货,13.35,-1.33,13.53,13.58,13.79,13.24,9962690,133448425,1.41143,10.854,2.243,9423250758.0,9423206302.5
002962,五方光电,16.17,10.0,14.7,14.73,16.17,14.54,35685714,557837366,17.0569,124.385,2.685,4716228741.84,3383018354.1
002963,豪尔赛,21.59,-4.596,22.63,22.7,22.83,21.35,5674300,123687121,3.79958,-25.4,2.793,3246270888.7,3224257875.8300004
002965,祥鑫科技,28.98,-3.4,30.0,30.19,30.37,28.9,6809422,200284964,2.86179,49.615,1.836,7690722803.820001,6895580779.08
002966,苏州银行,9.3,0.758,9.23,9.23,9.38,9.2,23339628,217361879,0.53096,8.158,0.785,41577156702.299995,40880591417.4
002967,广电计量,17.56,-0.51,17.65,17.7,17.75,17.49,3624330,63731685,0.59766,23.105,2.291,11231747429.12,10648716498.6
002968,新大正,10.14,2.528,9.89,9.97,10.25,9.63,8900866,88572358,4.17606,24.143,1.786,2294456719.62,2161242408.78
002969,嘉美包装,10.65,-0.746,10.73,10.78,10.79,10.63,10724800,114601311,0.98147,117.033,3.589,11698979311.5,11637614373.6
002970,锐明技术,41.7,2.583,40.65,41.37,42.29,41.0,3127100,130022928,2.3772,19.395,3.491,7695019970.1,5485437300.3
002971,和远气体,38.6,-5.439,40.82,41.03,41.24,38.46,14437771,567340387,8.96731,133.103,3.813,8128909100.0,6214775475.599999
002972,科安达,13.0,-0.915,13.12,13.25,13.36,12.99,5371378,70637408,3.87857,36.579,2.589,3198114400.0,1800352320.0
002973,侨银股份,11.59,-4.922,12.19,12.25,12.3,10.97,10417200,120939373,3.27943,25.756,1.861,4736435463.0,3681599174.02
002975,博杰股份,101.95,-0.098,102.05,105.9,108.36,101.5,11047476,1158852479,7.99018,106.198,8.589,21218928535.2,14095924982.050001
002976,瑞玛精密,21.5,-5.702,22.8,22.98,23.0,21.33,6391840,140144551,5.25086,358.333,2.916,4184134199.5,2617183132.0
002977,*ST天箭,18.43,-1.602,18.73,18.78,18.86,18.39,791900,14699509,1.18714,-9.803,2.621,2213811600.0,1229403154.04
002978,安宁股份,25.05,1.623,24.65,24.9,25.21,24.9,1691313,42409067,0.458,16.391,1.317,11823348447.9,9250452927.9
002979,雷赛智能,52.47,1.372,51.76,52.0,53.05,51.31,6041730,316102422,2.69628,72.875,8.102,16582519106.999998,11757287816.01
002980,华盛昌,104.97,-1.548,106.62,106.62,107.88,103.4,6768247,715329412,6.68226,223.34,16.725,19777526183.28,10632077390.429998
002981,朝阳科技,23.23,-1.651,23.62,23.68,24.5,23.09,4394781,103085879,3.6146,43.019,3.037,3172258949.4500003,2824398666.23
002982,湘佳股份,12.78,0.789,12.68,12.75,12.97,12.68,2058700,26335012,1.5825,75.176,1.648,2596820406.3,1662566149.44
002983,芯瑞达,21.58,-1.551,21.92,22.1,22.37,21.55,1351615,29639301,1.04505,38.536,3.551,4800957197.4,2791054306.56
002984,森麒麟,13.02,1.402,12.84,12.89,13.04,12.82,4644179,60145566,0.65052,11.945,0.997,13492455060.419998,9295240860.78
002985,北摩高科,26.15,0.192,26.1,26.13,26.53,25.99,2282650,59876643,0.68958,43.583,3.158,8677971640.0,8656223757.15
002986,宇新股份,12.57,-0.159,12.59,12.61,12.75,12.55,1786651,22556142,0.59192,-123.599,1.201,4778125897.44,3794096645.9399996
002987,京北方,10.39,-1.889,10.59,10.61,10.65,10.38,6213820,64996059,0.61285,27.342,3.732,10810349123.539999,10534684209.87
002988,豪美新材,30.94,-0.45,31.08,31.1,32.5,30.79,6197800,196378808,2.48106,65.83,2.831,7728951106.24,7728951106.24
002989,中天精装,22.61,-4.195,23.6,23.7,24.18,22.44,7633800,176096415,3.85866,-27.241,3.332,4558572624.62,4473055952.12
002990,盛视科技,51.92,-4.03,54.1,54.11,55.0,51.12,12093417,634680631,8.76217,157.333,5.281,13592481444.96,7165923790.96
002991,甘源食品,38.57,4.582,36.88,37.06,39.39,36.88,1887505,71956508,3.78002,16.77,2.114,3595334601.67,1925943040.42
002992,宝明科技,32.4,-2.115,33.1,33.34,33.6,32.36,1055700,34644164,0.66717,462.857,8.046,5860143774.0,5126859586.8
002993,奥海科技,32.27,-1.736,32.84,32.99,33.27,32.25,2781560,90865807,1.16653,20.955,1.907,8907810800.0,7694682527.91
002995,天地在线,16.86,-2.712,17.33,17.58,17.6,16.86,5177600,88274112,4.25462,-23.326,3.736,2991882532.8,2051754854.7
002996,顺博合金,5.95,0.507,5.92,5.95,5.97,5.91,3352609,19926971,0.73141,18.03,1.205,3983149174.2000003,2727346071.4500003
002997,瑞鹄模具,26.39,2.685,25.7,25.77,26.49,25.71,2485321,65307100,1.18732,14.112,2.084,5523989766.75,5523989766.75
002998,优彩资源,7.95,-0.501,7.99,8.06,8.09,7.9,8762000,69842339,3.23922,49.688,1.612,2820825137.4,2150453089.8
002999,天禾股份,6.36,0.0,6.36,6.46,6.46,6.29,7862800,49952904,2.28098,37.412,1.798,2210685120.0,2192362958.52
003000,劲仔食品,9.61,2.452,9.38,9.39,9.69,9.29,7003978,66698645,2.35063,17.598,3.068,4236041670.19,2863408237.15
003001,中岩大地,19.4,-4.995,20.42,20.41,20.66,19.36,16991051,336498579,14.85868,247.134,2.926,3386277643.6,2218409438.8
003002,壶化股份,15.61,-1.7,15.88,15.9,16.29,15.56,4702365,74514237,2.57022,18.151,2.43,3790128511.54,2855941208.75
003003,天元股份,11.18,-0.887,11.28,11.3,11.5,11.05,2895729,32486814,2.45315,33.879,1.525,1975729600.0,1319702717.8400002
003004,声迅股份,60.22,-1.682,61.25,61.2,62.5,60.0,1753612,107115385,2.55097,-424.085,7.952,4929842733.16,4139694607.66
003005,竞业达,14.93,-1.452,15.15,15.11,15.2,14.86,7751400,116119256,5.77624,402.426,1.975,3454633156.6299996,2003526497.75
003006,百亚股份,23.12,6.495,21.71,21.9,23.17,21.9,54072064,1233558763,12.61677,48.167,6.902,9933456904.8,9908606950.8
003007,直真科技,39.39,-2.861,40.55,40.92,40.98,39.3,1211200,48214138,1.6686,231.706,3.106,4710037270.38,2859227809.23
003008,开普检测,19.84,-0.302,19.9,19.91,20.1,19.69,730850,14531208,0.91106,23.341,1.979,2063360000.0,1591566010.24
003009,中天火箭,44.05,-1.52,44.73,44.74,45.12,44.01,2144763,95277115,1.30232,-67.201,3.579,7255802262.900001,7254475697.15
003010,若羽臣,27.99,0.575,27.83,27.7,28.16,27.51,3750390,104535945,1.65842,44.429,10.95,8706554733.24,6329719646.19
003011,海象新材,19.73,-1.743,20.08,20.09,20.25,19.64,1645700,32705300,2.10748,20.133,1.46,2025797480.0,1540687209.8799999
003012,东鹏控股,4.74,2.376,4.63,4.65,4.79,4.55,12821100,60130820,1.13002,15.29,0.746,5484090688.92,5377937417.219999
003013,地铁设计,16.31,1.937,16.0,15.91,16.4,15.36,11331736,180692496,2.74798,14.183,2.252,7485125743.2699995,6725681598.58
003015,日久光电,12.06,-1.792,12.28,12.45,12.45,12.02,2796500,33914865,1.13199,31.737,2.984,3389664004.02,2979336373.02
003016,欣贺股份,7.42,-0.536,7.46,7.51,7.54,7.37,3156200,23466146,0.76815,172.96,1.147,3120270361.04,3048750687.6400003
003017,大洋生物,22.63,0.533,22.51,22.67,23.33,22.53,2071060,47288753,2.48087,18.463,1.947,2281104000.0,1889176930.92
003018,金富科技,43.55,-3.115,44.95,45.49,45.5,43.35,6397850,281765990,2.24871,111.667,8.538,14043897476.699999,12390478133.15
003019,宸展光电,26.08,-2.176,26.66,26.66,27.06,25.9,2805905,73720224,1.62258,23.08,2.708,4605496774.72,4509965734.72
003020,立方制药,17.26,1.829,16.95,17.29,17.44,16.89,2922959,50457278,1.7342,19.839,2.141,3939053346.68,2909142881.3
003021,兆威机电,70.25,1.679,69.09,69.21,71.44,68.63,2927977,205805727,1.40633,66.274,3.712,18822061425.0,14625994713.25
003022,联泓新科,18.16,-0.656,18.28,18.41,18.45,18.11,4118241,75253999,0.30861,78.957,3.109,24253914880.0,24233281941.999996
003023,彩虹集团,25.38,0.754,25.19,25.03,26.2,24.95,1499800,37906900,1.42675,41.992,1.72,2673569808.0,2667953569.32
003025,思进智能,12.11,-1.062,12.24,12.25,12.29,12.01,2758400,33444175,1.21829,22.426,2.713,3438677587.38,2741896900.1899996
003026,中晶科技,32.4,-2.761,33.32,33.71,33.8,32.02,12609454,411008411,8.74679,98.182,8.992,6142367700.0,4670812512.0
003027,同兴科技,16.72,-0.654,16.83,16.83,16.93,16.61,1535400,25722218,1.49341,29.333,1.28,2185691904.0,1719012995.04
003028,振邦智能,23.48,-1.386,23.81,23.83,23.98,23.35,772590,18194764,1.09287,46.039,1.958,3383941121.9999995,1659886784.6
003029,吉大正元,17.51,-2.614,17.98,17.98,18.02,17.36,3996000,70288996,2.27585,-29.678,3.381,3390290174.77,3074458995.38
003030,祖名股份,25.79,-0.155,25.83,25.85,26.25,25.46,2253900,58231875,2.76286,128.95,3.311,3218076200.0,2103906703.89
003031,中瓷电子,118.84,0.228,118.57,119.59,122.5,117.06,6094321,727477898,1.35113,95.072,8.416,53603121763.56,53603121763.56
003032,传智教育,8.62,-0.691,8.68,8.83,8.95,8.6,17623199,153206477,6.19485,-39.182,2.887,3469097450.0,2452231460.96
003033,征和工业,84.12,-2.853,86.59,86.59,87.45,83.6,1446800,123304930,1.78681,39.308,4.82,6876810000.0,6811275304.56
003035,南网能源,5.34,1.521,5.26,5.26,5.35,5.25,21901163,116508745,0.57819,58.361,2.847,20227272722.579998,20227272722.579998
003036,泰坦股份,44.23,-4.8,46.46,46.7,46.94,44.11,9980240,451556443,4.60766,201.045,6.74,9580503062.35,9580257585.85
003037,三和管桩,5.86,0.0,5.86,5.9,5.91,5.79,2858310,16722954,0.47712,73.25,1.275,3510577613.08,3510577613.08
003038,鑫铂股份,10.69,-0.835,10.78,10.8,10.84,10.6,2354000,25261718,1.45281,-13.532,0.939,2600934480.1299996,1732115110.1200001
003039,顺控发展,12.49,0.0,12.49,12.53,12.59,12.34,3339000,41615923,0.54071,25.386,2.666,7712808937.7,7712808937.7
003040,楚天龙,14.39,1.338,14.2,14.3,14.6,14.06,34836463,500109514,7.62536,719.5,4.791,6635746637.08,6574075212.62
003041,真爱美家,38.92,-0.664,39.18,39.56,39.56,38.52,1772100,68924565,1.29524,23.964,3.775,5604480000.0,5324905496.959999
003042,中农联合,14.4,0.911,14.27,14.36,14.54,14.24,2686348,38706200,1.89841,-15.0,1.738,2051712000.0,2037672000.0
003043,华亚智能,60.4,1.649,59.42,60.0,61.18,57.53,6014337,356895264,6.39706,95.873,4.442,8627863005.6,5678638517.6
003816,中国广核,4.23,0.475,4.21,4.22,4.28,4.22,71451534,303055075,0.18165,21.917,1.727,213610025655.36,166387891905.36
300001,特锐德,34.48,0.525,34.3,34.4,35.2,34.21,8979050,310442846,0.87076,28.733,4.12,36387699544.24,35554870831.04
300002,神州泰岳,7.89,-0.63,7.94,7.94,7.98,7.89,12700100,100519746,0.6861,19.305,1.971,15521001802.74,14604777028.17
300003,乐普医疗,11.66,2.371,11.39,11.39,11.68,11.37,17578601,203572791,1.11334,22.341,1.311,21494332188.559998,18410114549.64
300004,南风股份,7.53,-1.44,7.64,7.67,7.71,7.52,8924045,67841309,1.8592,125.5,2.042,3614351792.9399996,3614351792.9399996
300005,探路者,10.7,0.753,10.62,10.66,10.84,10.52,27807078,296865970,3.17233,114.439,4.403,9454543390.199999,9379077895.2
300006,莱美药业,5.56,4.906,5.3,5.32,5.62,5.3,34433879,189128193,3.26134,-43.574,3.391,5870866299.799999,5870364192.88
300007,汉威科技,30.11,-1.149,30.46,30.63,31.0,30.04,4809536,146220823,1.70093,61.449,3.292,9859387588.09,8513891947.429999
300008,天海防务,6.18,-0.962,6.24,6.24,6.33,6.17,31729710,197622150,1.83663,35.785,4.182,10679220041.94,10676583888.779999
300009,安科生物,8.61,3.486,8.32,8.32,8.65,8.28,43556324,373592736,3.53863,19.568,3.377,14384733095.88,10597873166.58
300010,ST豆神,5.1,3.03,4.95,5.01,5.1,4.72,75399184,373419448,4.60657,150.0,5.992,10539724560.9,8347549404.299999
300011,鼎汉技术,5.77,-1.536,5.86,5.89,5.9,5.76,2951650,17097682,0.57913,-213.704,2.312,3494054582.99,2940770390.83
300012,华测检测,13.76,1.102,13.61,13.57,13.84,13.45,17533574,240152725,1.22446,22.65,2.861,23155716224.64,19703576106.88
300013,新宁物流,4.18,-1.182,4.23,4.24,4.27,4.17,9996300,42021600,1.79234,-86.542,12.208,2333940176.92,2331283736.7599998
300014,亿纬锂能,49.81,2.511,48.59,48.39,49.99,48.2,30760279,1517459080,1.45578,24.658,2.158,108251920332.35,105247638550.43
300015,爱尔眼科,7.98,1.656,7.85,7.87,8.02,7.85,48300260,384217423,0.60695,22.826,3.224,74210526577.31999,63503980617.840004
300016,北陆药业,9.56,1.919,9.38,9.5,9.84,9.44,33479841,323690387,5.95521,53.111,2.229,5560953828.36,5374578588.280001
300017,网宿科技,14.9,1.43,14.69,14.8,15.18,14.65,97352383,1456215301,4.11382,45.152,3.579,37185703177.299995,35260397084.7
300018,中元股份,11.58,-1.195,11.72,11.84,11.84,11.58,4438600,51921599,1.22178,39.931,3.95,5659268006.88,4206898651.62
300019,硅宝科技,13.71,-0.652,13.8,13.81,13.89,13.66,2144761,29486011,0.58176,19.351,2.01,5389629957.0,5054437937.25
300020,ST银江,3.76,4.735,3.59,3.62,3.8,3.59,15549905,57457358,2.02793,-1.671,3.499,2987989182.2400002,2883125639.84
300021,大禹节水,3.82,0.792,3.79,3.79,3.91,3.78,10986977,41951331,1.2582,71.004,1.463,3905443731.58,3335750896.58
300022,吉峰科技,7.76,-0.385,7.79,7.84,7.87,7.73,4043207,31442428,0.81809,-122.785,7.472,3835305348.7999997,3835193604.7999997
300024,机器人,12.88,0.233,12.85,12.85,13.02,12.82,10016646,129147418,0.63997,-50.689,4.975,20165184956.0,20159450226.16
300025,华星创业,5.62,-2.431,5.76,5.77,5.81,5.6,8906600,50622352,1.75714,-19.541,6.945,2859416221.64,2848675401.28
300026,红日药业,3.25,1.881,3.19,3.19,3.27,3.18,44714067,144974641,1.48981,325.0,1.141,9763503220.25,9754307631.25
300027,ST华谊,1.65,-0.602,1.66,1.66,1.67,1.63,34543914,56761459,1.34606,-13.75,-78.199,4577934766.35,4234406597.8500004
300030,阳普医疗,6.92,0.29,6.9,6.92,6.97,6.87,5805200,40246464,2.13248,138.4,3.285,2139576219.8,1883814902.04
300031,宝通科技,19.93,-1.092,20.15,20.35,20.35,19.93,5212000,104540938,1.4536,40.222,2.029,8345621631.35,7146060581.26
300032,金龙机电,3.74,-1.579,3.8,3.8,3.83,3.71,10404120,39036411,1.29538,445.238,4.92,3003854333.9199996,3003854333.9199996
300033,同花顺,197.06,-1.327,199.71,199.9,200.5,196.37,5508873,1090549317,1.25656,33.064,19.331,148315238400.0,86393062579.34
300034,钢研高纳,15.27,-0.065,15.28,15.33,15.46,15.27,5724724,87862597,0.74632,138.19,3.151,12169603067.01,11712944768.789999
300035,中科电气,12.29,0.655,12.21,12.25,12.54,12.17,11742129,145359986,2.00161,17.923,1.702,8423893786.59,7209750516.22
300036,超图软件,10.18,-0.586,10.24,10.26,10.28,10.1,4516904,45969752,1.01491,107.045,2.018,5016364161.06,4530636007.54
300037,新宙邦,66.52,0.895,65.93,65.98,66.96,65.51,8296319,550785429,1.51731,45.562,4.477,50148533306.0,36371775532.96
300039,上海凯宝,5.3,2.913,5.15,5.14,5.31,5.14,24652260,129616219,2.68941,19.902,1.294,5543800000.0,4858205652.8
300040,九洲集团,5.68,0.888,5.63,5.66,5.72,5.62,12439053,70499733,2.39048,81.143,1.406,3654571276.48,2955636518.56
300041,回天新材,10.55,-0.846,10.64,10.78,10.85,10.54,10556258,112677034,1.93898,26.514,1.943,5902048977.1,5743677662.65
300042,朗科科技,35.45,-3.877,36.88,37.3,37.33,35.4,7532529,271251190,3.75909,261.624,6.278,7104180000.0,7103525947.5
300043,星辉娱乐,4.26,-1.389,4.32,4.31,4.34,4.26,14016400,60007407,1.12714,17.75,3.066,5300285188.26,5297478274.26
300044,*ST赛为,5.9,0.0,5.9,5.9,6.0,5.88,8850300,52608352,1.23708,-3.566,-3.911,4506828445.2,4220956441.4
300045,华力创通,11.09,-0.894,11.19,11.41,11.41,11.06,9842100,110059010,1.87992,-110.9,4.922,7349068367.240001,5806035599.34
300046,台基股份,23.69,-2.75,24.36,24.5,24.64,23.65,3061361,73365507,1.29427,114.114,4.942,5603428178.99,5603428178.99
300047,天源迪科,8.9,-1.982,9.08,9.09,9.15,8.9,8806699,79043010,1.51689,185.031,1.713,5675927580.8,5167124789.1
300048,合康新能,4.69,-0.213,4.7,4.73,4.75,4.68,5171900,24354174,0.45797,78.167,2.98,5310709104.33,5296425418.549999
300049,福瑞医科,47.11,2.748,45.85,46.13,47.97,45.99,4905607,230847068,2.10009,81.224,6.328,12436620721.0,11004435122.869999
300050,世纪鼎利,6.77,-2.026,6.91,6.95,7.03,6.75,17786200,121862696,3.26643,225.667,8.89,3688612280.86,3686363496.73
300051,琏升科技,7.74,-2.764,7.96,7.97,8.0,7.62,9225300,71577199,2.50792,-22.114,27.505,2879416920.6,2847134154.6
300052,中青宝,10.14,-0.783,10.22,10.41,10.65,10.12,8359200,85892894,3.19238,-48.286,8.063,2655247319.4,2655142370.3999996
300053,航宇微,11.57,-1.111,11.7,11.75,11.86,11.5,10661700,123983396,1.61,-23.632,5.791,8062835917.11,7661842625.71
300054,鼎龙股份,67.45,-1.36,68.38,69.48,69.71,66.47,13288795,900964139,1.78488,87.597,11.45,64395827442.1,50217908129.700005
300055,万邦达,5.75,-1.033,5.81,5.81,5.88,5.71,9059300,52182171,1.43151,-18.865,0.98,4811310234.5,3638883728.0
300056,中创环保,7.81,5.114,7.43,7.42,7.94,7.35,18585000,142999031,4.82533,-27.893,66.525,3010680359.83,3008058152.33
300057,万顺新材,6.09,-3.025,6.28,6.28,6.3,6.05,20816510,127919828,2.50507,-29.449,1.081,6111750209.67,5060643766.92
300058,蓝色光标,12.37,-4.183,12.91,12.91,13.05,12.35,167391297,2102037797,4.81296,196.349,5.577,44411036577.99,43021997588.34
300059,东方财富,17.79,0.113,17.77,17.85,17.88,17.71,103564352,1842311578,0.77331,23.255,2.86,281476935776.25,238250185945.32
300061,旗天科技,6.61,-4.48,6.92,6.93,6.97,6.6,31317620,210419328,5.13492,-50.846,10.084,4355948204.97,4031406260.6699996
300062,中能电气,6.02,0.501,5.99,6.03,6.04,5.99,6181509,37171163,1.34756,-35.412,2.473,3792222967.4,2761483865.0
300063,天龙集团,8.37,-2.561,8.59,8.53,8.63,8.34,20590300,173528715,3.28568,55.874,3.53,6348872245.5,5245202312.910001
300065,海兰信,14.51,-1.494,14.73,14.8,14.92,14.47,17459504,255705031,2.65882,259.571,5.916,10469533211.6,9528204622.880001
300066,三川智慧,4.52,-1.094,4.57,4.62,4.62,4.52,6795300,30935165,0.67554,33.089,1.82,4700950344.24,4546714777.4800005
300067,安诺其,5.35,1.905,5.25,5.32,5.51,5.27,44722652,241039463,4.7705,-97.628,2.471,6175903970.9,5015537693.35
300068,ST南都,3.96,-2.222,4.05,4.03,4.08,3.96,29615600,118746843,3.47193,-1.347,12.256,3557534504.04,3377881647.36
300069,金利华电,24.67,-0.404,24.77,24.78,25.09,24.47,5574800,138237118,4.76479,-493.4,10.373,2886390000.0,2886390000.0
300070,碧水源,3.42,1.183,3.38,3.38,3.43,3.35,26454833,89776433,0.76069,203.571,0.452,12394796021.46,11893898320.74
300071,福石控股,3.95,-2.709,4.06,4.07,4.1,3.95,30315800,120916120,3.20663,-31.3,23.167,3807343127.2,3734372624.45
300072,海新能科,3.43,1.18,3.39,3.41,3.45,3.4,10171454,34850671,0.43629,-14.104,1.566,8059540635.86,7996577758.54
300073,当升科技,38.88,2.343,37.99,38.0,39.26,37.58,21211610,820306097,4.19227,32.111,1.406,21162137811.84,19672088794.559998
300074,华平股份,3.83,-1.289,3.88,3.88,3.9,3.77,10913100,41788820,1.9841,-11.285,2.534,2107995998.0,2106603409.9999998
300075,数字政通,10.49,-2.6,10.77,10.94,10.94,10.36,16757449,175959069,3.19385,-17.197,2.06,6515655357.42,5503875692.190001
300076,*ST宁视,4.05,-1.22,4.1,4.1,4.13,4.05,1819300,7425100,0.42908,-21.316,2.084,1717200000.0,1717200000.0
300077,国民技术,20.86,-2.295,21.35,21.5,22.1,20.8,25182092,537068869,4.41427,-104.3,8.047,14145722962.0,11900014108.500002
300078,思创智联,2.71,-0.733,2.73,2.75,2.76,2.68,16534140,44773096,1.48506,-45.167,6.163,3029433743.3,3017224971.08
300079,数码视讯,4.78,-0.209,4.79,4.82,4.84,4.76,11272200,54009466,0.87234,205.15,1.67,6816414136.36,6176630705.679999
300080,易成新能,3.69,0.272,3.68,3.69,3.72,3.64,11808651,43555137,0.63042,-10.327,1.675,6912773808.84,6911840331.089999
300081,ST恒信,3.23,-1.223,3.27,3.28,3.29,3.16,5233052,16868823,0.86547,-5.27,2.679,1953489196.9099998,1953022138.9099998
300082,奥克股份,0.0,0.0,8.58,0.0,0.0,0.0,0,0,0.0,858.0,2.077,5835242556.0,5819754695.04
300083,创世纪,11.5,-0.862,11.6,11.78,11.8,11.43,22631498,261793002,1.5162,127.778,3.51,19555746987.0,17165389773.5
300084,海默科技,10.05,1.31,9.92,10.01,10.06,9.89,3547600,35389283,0.7524,-143.367,4.33,5515036984.95,4738590517.2
300085,银之杰,28.98,-2.161,29.62,30.21,30.34,28.92,20259505,591262427,3.39522,-154.067,48.437,20478442704.3,17292572772.3
300086,康芝药业,5.37,0.374,5.35,5.39,5.44,5.35,14293300,77106346,3.24345,-10.619,2.819,2444018087.0699997,2366465143.14
300087,ST荃银,5.69,3.08,5.52,5.55,5.71,5.55,7200110,40610242,0.80912,-25.864,3.307,5390317663.190001,5063338501.61
300088,长信科技,6.74,-1.318,6.83,6.86,6.99,6.74,86414658,591027276,3.47675,84.25,1.953,16834724322.460001,16752294580.78
300091,*ST金灵,2.37,0.0,2.37,2.38,2.38,2.34,4151597,9786346,0.25594,-4.936,5.18,6735646808.79,3844425568.41
300092,科新机电,11.54,3.036,11.2,11.26,11.6,11.21,3735000,42831868,1.77977,49.38,1.918,3161074547.34,2421770044.2400002
300093,金刚光伏,20.19,0.648,20.06,20.28,20.9,19.96,3490170,71029877,1.25096,24.036,5.825,11164585440.0,5633010000.0
300094,国联水产,2.92,1.389,2.88,2.9,2.93,2.87,36896520,107179834,3.3375,-2.014,33.22,3294248378.7599998,3228099125.08
300095,华伍股份,8.88,-0.448,8.92,8.94,9.0,8.85,5965779,53115973,1.87798,-16.898,2.337,3502495447.44,2820911624.64
300096,易联众,8.67,-1.477,8.8,8.87,8.9,8.6,8946400,78413537,2.08056,75.588,11.891,3728100000.0,3728100000.0
300097,智云股份,9.83,-1.007,9.93,10.13,10.26,9.77,7977800,78866758,3.02384,-10.347,15.625,2911514956.27,2593452989.28
300098,高新兴,4.17,-0.714,4.2,4.21,4.23,4.16,17320216,72447746,1.12342,-208.5,2.724,7246552086.75,6429070924.589999
300099,尤洛卡,6.13,-1.763,6.24,6.25,6.28,6.13,8092820,50064399,1.50471,24.668,1.954,4519436013.15,3296906500.39
300100,双林股份,22.18,-1.902,22.61,22.39,22.76,22.0,15737545,351184039,2.82241,24.921,3.91,12842152129.2,12367402381.94
300101,振芯科技,13.56,-2.165,13.86,13.95,13.96,13.56,7291645,99688612,1.28921,271.743,4.363,7700801292.0,7669391450.4
300102,乾照光电,15.78,-0.755,15.9,16.02,16.16,15.7,10961636,174729365,1.19707,131.5,3.324,14522868358.140001,14449868010.960001
300103,达刚控股,8.05,-0.862,8.12,8.2,8.2,7.97,4354950,35126622,1.37233,-42.169,6.189,2556688050.0,2554591910.5
300105,龙源技术,7.02,-0.567,7.06,7.19,7.19,6.98,5666800,39911189,1.0993,-100.286,2.026,3621017228.4,3618751172.4
300106,西部牧业,10.66,1.331,10.52,10.59,10.86,10.53,8910330,95432154,4.21626,-44.454,5.595,2252802424.6,2252802424.6
300107,建新股份,7.11,5.804,6.72,6.78,7.16,6.69,21775694,152480360,6.26193,-144.219,2.634,4001381925.48,2472481660.59
300109,新开源,12.88,1.899,12.64,12.68,13.06,12.6,8846926,114278318,1.69846,33.026,2.219,7429912054.879999,6708908227.839999
300110,华仁药业,3.17,-1.246,3.21,3.24,3.36,3.16,170389802,552895395,14.4224,-8.095,4.325,3747615152.94,3745117589.19
300111,向日葵,2.98,0.676,2.96,2.98,3.0,2.94,25806819,76840346,2.00486,-993.333,5.727,3835887927.7200003,3835887927.7200003
300112,万讯自控,9.8,-2.874,10.09,10.13,10.22,9.7,19992281,198781736,7.33414,-40.833,3.405,3164937655.6000004,2671403197.4
300113,顺网科技,15.91,-0.872,16.05,16.26,16.26,15.9,9493824,151908342,1.86512,25.661,4.092,10725947362.619999,8098512988.91
300115,长盈精密,22.48,0.045,22.47,22.52,23.33,22.25,21412343,487389890,1.57746,51.091,3.68,30603150270.48,30514289707.920002
300118,东方日升,8.96,1.703,8.81,8.92,9.07,8.78,18187571,162609500,1.963,-3.613,1.307,10214524212.48,8301615436.8
300119,瑞普生物,16.76,1.576,16.5,16.53,16.9,16.5,2587824,43419762,0.76443,19.013,1.655,7789288872.559999,5673760286.0
300120,经纬辉开,7.17,-5.284,7.57,7.6,7.62,7.1,38293540,278699351,7.26462,-8.504,1.668,4118404470.93,3779477301.8399997
300121,阳谷华泰,9.51,1.17,9.4,9.45,9.59,9.41,6002199,56972673,1.39778,21.133,1.19,4234225961.73,4083669832.74
300122,智飞生物,13.98,6.881,13.08,13.05,14.2,12.98,71866501,987636904,5.0814,-2.273,2.226,33465180663.06,19772001347.04
300123,ST亚光,4.28,2.638,4.17,4.21,4.31,4.14,15890200,66996375,1.59857,-3.567,28.686,4373450046.44,4254442763.24
300124,汇川技术,51.9,-1.124,52.49,52.26,52.55,51.32,19434305,1007946578,0.80559,27.754,3.823,140637616980.6,125205815055.0
300125,聆达股份,8.56,0.234,8.54,8.59,8.74,8.45,2944600,25141905,0.81622,285.333,5.288,5699675888.72,3088105249.04
300126,锐奇股份,6.64,-1.63,6.75,6.78,6.8,6.58,2842602,18980975,1.34944,-44.267,2.057,2018278464.0,1398721504.56
300127,银河磁体,23.09,-0.259,23.15,23.17,23.31,23.0,2139029,49527442,0.91952,41.982,4.965,7461449452.400001,5371314136.25
300128,锦富技术,4.8,0.629,4.77,4.8,5.08,4.77,29761300,146029829,2.2942,-18.648,17.304,6235753977.599999,6226764897.6
300129,泰胜风能,7.57,2.297,7.4,7.45,7.79,7.38,31619638,240133193,4.3995,32.985,1.472,8394019064.65,5440636108.02
300130,新国都,17.95,-0.499,18.04,18.14,18.15,17.93,4055223,73092925,0.93321,21.627,2.252,10183132540.3,7800067833.549999
300131,英唐智控,13.6,1.493,13.4,13.75,14.71,13.53,60680007,854256287,5.709,680.0,9.081,15436264996.0,14455220169.599998
300132,诺斯贝尔,6.11,-0.163,6.12,6.16,6.2,6.09,5359100,32856641,1.05477,19.883,2.09,3156309213.46,3104376645.2400002
300133,华策影视,7.7,0.26,7.68,7.62,7.8,7.52,83571788,640996207,5.02234,77.0,1.943,14435741820.5,12812802818.199999
300134,大富科技,8.17,-1.448,8.29,8.39,8.39,8.1,4775608,39240168,0.62223,-23.343,1.744,6270458709.0199995,6270458709.0199995
300135,宝利国际,3.46,0.0,3.46,3.47,3.5,3.44,12059400,41701720,1.30853,-32.037,3.665,3188736000.0,3188736000.0
300136,信维通信,51.23,-2.697,52.65,53.06,53.29,51.01,25645807,1328931969,3.10854,68.848,6.187,49568541324.74,42265388479.49
300137,先河环保,9.87,0.612,9.81,9.82,10.1,9.72,13416820,133482264,2.54178,493.5,3.278,5296066412.7,5209893357.4800005
300138,晨光生物,11.15,-0.268,11.18,11.25,11.25,11.13,2241100,25058800,0.56265,14.602,1.584,5386566036.950001,4441193205.8
300139,晓程科技,42.62,0.141,42.56,43.32,43.36,42.26,13185379,562360378,5.643,77.491,9.902,11677880000.0,9958556169.5
300140,节能环境,5.36,1.708,5.27,5.27,5.38,5.26,6189879,33015914,0.19998,19.068,1.15,16610999205.759998,16590625374.080002
300141,和顺电气,9.96,-0.4,10.0,10.03,10.18,9.88,3507000,35143752,1.3771,-55.333,4.132,2568132216.0,2536470919.8
300142,沃森生物,14.23,5.486,13.49,13.56,14.5,13.5,153556240,2182835300,9.73773,128.083,3.26,22758729738.43,22439579497.65
300143,盈康生命,7.85,0.9,7.78,7.87,7.95,7.81,8997000,70874883,1.08104,87.222,3.204,7637514206.1,6533181803.15
300144,宋城演艺,5.62,0.537,5.59,5.59,5.64,5.56,18614327,104325735,0.72104,18.013,2.023,14661876364.76,14508580726.28
300145,南方泵业,4.54,-3.404,4.7,4.72,4.75,4.47,57387256,262179213,3.00313,36.911,2.927,8717898843.44,8675541778.44
300146,汤臣倍健,9.43,1.507,9.29,9.3,9.45,9.29,8091913,75964887,0.72196,20.064,1.467,15952514402.330002,10569319954.369999
300147,*ST香雪,5.9,0.0,5.9,5.93,6.16,5.73,17084300,102021200,2.59788,-2.796,-6.207,3901546365.5,3879982673.7999997
300148,天舟文化,3.53,-1.671,3.59,3.56,3.61,3.49,24071460,85132938,2.95695,44.125,2.833,2976352480.79,2873640632.0600004
300149,睿智医药,9.9,2.697,9.64,9.61,10.09,9.6,33691836,335391548,6.99603,330.0,3.919,4999359489.3,4767694311.599999
300150,世纪瑞尔,4.14,-1.663,4.21,4.24,4.24,4.11,4926527,20482474,1.06252,46.0,1.539,2422339059.42,1919565780.48
300151,昌红科技,19.82,-2.843,20.4,20.44,20.65,19.71,14424791,289607702,3.91332,165.167,6.89,10554339003.52,7305807071.68
300152,*ST动力,1.58,-0.629,1.59,1.58,1.6,1.57,6789100,10726202,0.95247,-32.848,5.374,1126224000.0,1126209661.5
300153,科泰电源,23.71,-2.907,24.42,24.64,24.84,23.63,8871048,213336951,2.78674,148.932,8.013,7587200000.0,7547607097.78
300154,瑞凌股份,13.68,-3.185,14.13,14.21,14.28,13.63,8713900,120916524,2.76305,59.478,3.592,6149915149.68,4314301627.679999
300155,安居宝,4.64,-0.215,4.65,4.62,4.72,4.43,35146803,160297725,10.62672,-46.4,2.219,2604096732.16,1534632857.6
300157,新锦动力,3.6,0.0,3.6,3.61,3.63,3.56,13718722,49332338,1.86326,90.0,-16.238,2765439745.2,2650584175.2000003
300158,振东制药,5.21,1.362,5.14,5.14,5.27,5.11,16051044,83736344,1.61856,-17.378,1.587,5169898921.76,5166680110.82
300159,新研股份,2.72,-0.366,2.73,2.75,2.76,2.71,19839000,54150832,1.07755,207.634,3.224,8949945204.32,5007833352.16
300160,秀强股份,4.42,-0.674,4.45,4.47,4.47,4.38,4045719,17908239,0.53026,17.68,1.293,3416422610.6400003,3372302873.42
300161,华中数控,25.98,-0.46,26.1,26.12,26.48,25.96,1613500,42148803,0.82546,316.443,3.379,5162145617.88,5078237466.3
300162,雷曼光电,9.13,7.92,8.46,8.5,9.28,8.4,89811056,807774784,26.25014,-91.3,4.458,3830126573.9,3123697388.8999996
300163,先锋新材,7.26,-6.202,7.74,7.72,7.79,7.22,39644906,294648276,8.65019,49.254,6.409,3441240000.0,3327350245.5600004
300164,通源石油,8.68,-1.026,8.77,8.77,8.8,8.64,38838413,337589329,6.65941,144.667,3.763,5107820899.72,5062267947.24
300165,天瑞仪器,4.98,-0.599,5.01,5.04,5.06,4.95,9192100,45764702,2.18595,-10.596,2.32,2467648390.5,2094133843.92
300166,东方国信,11.39,-2.399,11.67,11.85,11.85,11.38,22096299,255243088,2.37238,-59.947,2.294,12970314069.72,10608636853.83
300167,ST迪威迅,3.84,2.128,3.76,3.76,3.87,3.7,4084600,15423207,1.15356,-160.669,22.056,1598702976.0,1359686400.0000002
300168,万达信息,4.84,1.468,4.77,4.8,4.86,4.71,15536000,74502679,1.07931,-12.1,7.597,6972642307.84,6966892058.719999
300169,天晟新材,5.52,-0.719,5.56,5.61,5.65,5.5,8671300,48216968,2.87381,137.656,20.901,1874008756.8,1665581516.64
300170,汉得信息,15.13,-3.446,15.67,15.6,15.74,15.09,38032042,580594808,3.82511,65.783,2.706,15741550227.43,15043371823.3
300171,东富龙,16.43,3.333,15.9,15.9,16.92,15.84,23167726,382203334,4.13195,63.192,1.578,12582554697.199999,9212255373.89
300172,中电环保,4.54,0.0,4.54,4.55,4.57,4.5,6630140,30082073,1.26647,37.833,1.594,3072263400.0000005,2376746236.98
300173,ST福能,3.33,0.604,3.31,3.31,3.34,3.3,3224400,10706149,0.43886,-19.588,3.173,2446636574.34,2446605355.59
300174,元力股份,16.96,-0.819,17.1,17.15,17.29,16.9,9072000,154570119,2.50001,26.84,1.745,6177007705.599999,6154409404.48
300175,朗源股份,5.38,-1.284,5.45,5.52,5.52,5.37,3561600,19312741,0.7565,-169.182,5.165,2532904000.0,2532904000.0
300176,鸿特科技,4.44,-0.225,4.45,4.47,4.47,4.4,7391240,32776349,1.39076,34.933,2.482,2359655400.36,2359655400.36
300177,中海达,6.0,-1.316,6.08,6.14,6.14,5.99,6619128,39925612,1.09172,-19.169,3.575,4465014396.0,3637819506.0
300179,四方达,39.16,-6.717,41.98,42.1,42.28,38.98,37524236,1509795206,9.98924,204.171,16.377,19020949098.8,14710322226.6
300180,华峰超纤,4.33,0.0,4.33,4.35,4.36,4.28,16892000,72923751,0.98319,114.248,1.62,7625390471.15,7439318156.22
300181,佐力药业,13.21,1.772,12.98,12.96,13.24,12.96,7524520,99064998,1.24889,14.359,2.786,9265326695.35,7959004114.990001
300182,捷成股份,5.25,3.55,5.07,5.05,5.29,4.96,194429945,1001196830,8.05225,73.12,1.635,13985084568.0,12676672013.25
300183,东软载波,10.63,-2.922,10.95,11.0,11.08,10.59,6018253,64733598,1.62179,470.354,1.594,4917535126.31,3944662910.06
300184,力源信息,10.94,-2.496,11.22,11.26,11.28,10.91,27369194,302240125,2.60755,73.423,2.687,12544257233.259998,11482767926.640001
300185,通裕重工,2.8,-0.709,2.82,2.8,2.85,2.78,74834722,209948312,1.94555,140.0,1.591,11301365633.6,10770085452.0
300187,永清环保,4.51,0.0,4.51,4.53,4.56,4.48,4594899,20726972,0.7153,25.905,2.464,2911755964.1499996,2897124969.42
300188,国投智能,10.55,-1.769,10.74,10.78,10.78,10.41,12847045,135840159,1.50169,-11.593,3.817,9067485620.5,9025615624.5
300189,神农种业,6.0,3.627,5.79,5.87,6.11,5.85,144253847,862450295,16.27687,57.361,8.967,6144000000.0,5317502544.0
300190,维尔利,3.74,-1.058,3.78,3.79,3.81,3.71,9185408,34378803,0.97278,-8.5,1.131,3545853047.0,3531463741.0800004
300191,潜能恒信,30.6,-0.065,30.62,30.59,30.94,30.34,3569149,109400542,1.61358,218.571,7.962,9792000000.0,6768567000.0
300192,科德教育,23.42,-2.457,24.01,24.21,26.3,23.3,47588689,1177834298,10.44895,62.32,10.872,10791951457.199999,10666399647.599998
300193,佳士科技,7.89,0.254,7.87,7.93,7.95,7.82,2212802,17442932,0.52918,18.786,1.614,3757610961.4500003,3299252197.0800004
300194,福安药业,3.89,0.777,3.86,3.85,3.92,3.84,14491000,56509090,1.49642,64.833,1.052,4627981165.98,3766993076.8700004
300195,长荣股份,6.27,-0.634,6.31,6.33,6.41,6.24,4156044,26183736,1.32397,110.387,0.987,2656647630.12,1968203040.87
300196,长海股份,17.14,-2.669,17.61,17.7,17.77,17.12,9326223,161311005,3.77327,21.16,1.476,7009532235.599999,4236412282.1600003
300197,节能铁汉,1.97,1.546,1.94,1.95,1.98,1.91,58252936,113412327,1.96454,-2.723,-3.088,5841637217.599999,5841489467.599999
300198,*ST纳川,2.43,0.83,2.41,2.37,2.43,2.36,14600930,35121857,1.42519,-9.125,5.769,2506662952.2,2489503030.92
300199,翰宇药业,23.92,4.958,22.79,22.7,24.93,22.7,77790089,1877453695,10.44556,598.0,24.849,21127132757.120003,17813677499.28
300200,高盟新材,8.14,-0.732,8.2,8.23,8.32,8.11,3514258,28790647,0.82615,32.56,2.157,3508121896.8399997,3462587461.2999997
300201,海伦哲,12.72,-1.472,12.91,13.0,13.08,12.61,14144922,180844740,1.40925,40.678,6.797,12835034681.039999,12767284882.8
300203,聚光科技,13.52,-0.295,13.56,13.69,13.75,13.44,6518206,88251526,1.45376,-26.0,2.351,6066932352.0,6061942458.0
300204,舒泰神,20.44,3.546,19.74,19.74,20.98,19.71,21130407,433827756,4.65772,-127.75,13.708,11065078411.8,9272902400.44
300205,*ST天喻,5.02,2.658,4.89,4.98,5.08,4.94,4173602,20880167,0.97048,-3.568,5.586,2158881120.0,2158881120.0
300206,理邦仪器,11.67,0.603,11.6,11.6,11.77,11.6,2198030,25702870,0.64958,22.132,3.058,6764671247.82,3948889523.55
300207,欣旺达,22.0,2.326,21.5,21.5,22.25,21.1,129544895,2816195458,7.55837,37.931,1.682,40644173812.0,37706366082.0
300209,行云科技,33.15,-1.632,33.7,34.6,34.91,32.92,46433200,1561665044,6.25019,-369.978,32.76,30784287576.899998,24627430068.15
300210,森远股份,6.99,-0.569,7.03,7.03,7.13,6.96,3374700,23680049,0.69694,-174.75,9.481,3384697471.47,3384697471.47
300211,亿通科技,7.64,-1.036,7.72,7.69,8.08,7.43,25896650,200156497,8.67612,-77.959,5.341,2322023083.72,2280401135.36
300212,*ST易录,7.94,4.888,7.57,7.66,8.06,7.58,11959700,93674032,1.69918,-2.104,-2.524,5715945830.68,5588566848.26
300213,佳讯飞鸿,6.5,-1.664,6.61,6.62,6.65,6.45,14088416,92074487,2.54952,-23.214,1.883,3863370290.0,3591840642.0
300214,日科化学,9.69,0.832,9.61,9.7,9.81,9.57,9944600,96339547,2.13907,-161.5,1.856,4504906329.66,4504906329.66
300215,电科院,6.46,3.526,6.24,6.36,6.5,6.29,19374900,124957072,2.58644,646.0,2.406,4839148448.0199995,4839148448.0199995
300217,东方电热,3.99,0.504,3.97,3.99,4.01,3.94,10478901,41724496,0.84411,36.273,1.393,5897127990.599999,4953242610.12
300218,安利股份,12.56,0.08,12.55,12.6,12.67,12.51,1477900,18591672,0.68334,20.523,1.839,2725356720.0,2716431508.6400003
300219,鸿利智汇,6.66,-0.745,6.71,6.74,6.85,6.64,12221845,82244053,1.72955,47.571,1.836,4714903749.96,4706281614.06
300220,金运激光,11.23,-2.178,11.48,11.54,11.74,11.19,2942800,33294401,1.94862,1123.0,28.906,1697976000.0,1695947278.04
300221,银禧科技,13.08,0.538,13.01,13.14,13.25,12.58,16958223,219449660,3.67047,54.161,4.081,6196711279.8,6043192353.12
300222,科大智能,9.53,-1.141,9.64,9.7,9.78,9.51,9962640,96106613,1.52775,95.3,4.108,7454568360.02,6214641740.77
300223,君正股份,129.15,-4.049,134.6,136.07,136.47,129.0,16534965,2164039389,3.91014,165.513,4.89,66506007793.049995,54614108392.200005
300224,正海磁材,11.57,-1.532,11.75,11.77,11.82,11.57,7125932,83040632,0.76873,32.139,2.112,10768203824.69,10725108536.61
300225,金力泰,7.83,0.256,7.81,7.84,7.89,7.68,9146000,71131631,1.93715,195.75,4.269,3722613689.7000003,3696824018.7
300226,上海钢联,16.69,-1.939,17.02,16.95,17.05,16.58,6655522,111254305,1.81006,24.91,2.779,6383352633.139999,6136860743.61
300227,光韵达,9.99,-0.696,10.06,10.18,10.23,9.93,12856403,129436308,2.81763,-17.974,3.8,6049957896.09,4558281945.21
300228,富瑞特装,6.46,0.467,6.43,6.46,6.5,6.42,4775699,30839980,0.85222,15.722,1.556,3859369046.54,3620069871.18
300229,拓尔思,12.77,-0.623,12.85,12.9,13.02,12.71,9879339,126716402,1.13161,-37.983,3.035,11156139301.64,11148596075.41
300230,永利股份,4.35,-0.229,4.36,4.36,4.38,4.32,4806312,20919863,0.76312,20.695,1.112,3537478468.35,2739727870.6499996
300231,银信科技,8.16,-1.449,8.28,8.26,8.32,8.14,5918099,48455674,1.33074,59.562,2.286,3629131856.16,3628945685.7599998
300232,洲明科技,5.35,0.753,5.31,5.34,5.37,5.3,8912802,47599211,1.00318,91.924,1.261,5833131594.849999,4753232955.3
300233,金城医药,13.6,3.03,13.2,13.33,13.79,13.24,11103875,151337138,2.98298,113.333,1.394,5220694383.2,5062483896.8
300234,开尔新材,10.06,-0.593,10.12,10.15,10.23,9.93,10856499,109416848,3.15608,-503.0,4.502,5061901165.400001,3460509662.64
300235,方直科技,11.61,-3.25,12.0,12.03,12.16,11.59,3442500,40457187,1.68092,165.857,4.134,2922778432.35,2377717597.44
300236,上海新阳,84.82,-1.931,86.49,86.69,87.85,84.46,4434082,379264343,1.59099,87.924,3.893,26581074217.460003,23639258170.920002
300237,ST美晨,2.41,1.261,2.38,2.4,2.43,2.36,16823000,40195885,1.16672,-8.607,175.912,3475014981.3,3474982446.2999997
300238,冠昊生物,11.95,0.674,11.87,11.89,12.15,11.83,3420900,41177079,1.29025,132.778,5.629,3282615025.1000004,3168352279.8999996
300239,东宝生物,5.46,0.738,5.42,5.43,5.5,5.41,8919399,48745781,1.51233,58.836,1.875,3241182480.9,3220182501.9
300240,飞力达,6.15,-0.324,6.17,6.17,6.23,6.11,4046700,24916614,1.11375,234.733,1.582,2285112142.5,2234531799.6
300241,瑞丰光电,5.67,-0.874,5.72,5.78,5.81,5.66,11178100,63866783,1.85975,60.319,1.736,4067745255.63,3407982751.53
300242,佳云科技,3.91,-1.013,3.95,3.97,3.97,3.88,10278700,40276851,1.61983,-68.959,10.553,2481110925.84,2481109572.98
300243,瑞丰高材,20.38,-7.068,21.93,22.01,22.11,20.27,27950746,586668497,12.4976,156.769,3.677,5697475068.12,4557963705.66
300244,迪安诊断,20.52,1.634,20.19,20.39,20.93,20.08,25070767,516886933,4.99966,284.605,1.977,12824578026.72,10289733705.720001
300245,ST天玑,5.83,-0.681,5.87,5.92,5.94,5.79,4235800,24732547,1.44245,-58.3,1.578,1778441319.27,1712000213.99
300246,宝莱特,15.46,-2.152,15.8,16.12,16.12,15.3,4796700,74585266,2.26638,-58.918,3.902,4093220628.2200003,3272038904.36
300247,融捷健康,3.68,-0.271,3.69,3.71,3.72,3.65,8183300,30144540,1.01777,40.889,2.517,2958868351.84,2958868351.84
300248,新开普,8.25,-0.602,8.3,8.37,8.38,8.19,4779656,39513286,1.17338,50.305,1.864,3929874242.2500005,3360565865.25
300249,依米康,12.38,-2.134,12.65,12.7,12.83,12.36,7163974,89766579,1.91494,177.618,8.745,5675310166.0,4631477083.22
300250,初灵信息,14.49,-2.555,14.87,14.87,15.05,14.45,4055534,59118760,2.57344,76.263,5.564,3097229950.71,2283504921.18
300251,光线传媒,10.97,0.366,10.93,10.92,11.03,10.8,24337681,265576826,0.884,19.246,3.385,32181465099.04,30201963450.73
300252,金信诺,11.39,-0.957,11.5,11.66,11.88,11.36,14719300,169702965,2.63432,569.5,3.149,7793196924.67,6364179972.259999
300253,卫宁健康,6.98,0.287,6.96,7.0,7.05,6.92,30086120,210281173,1.62222,-41.253,2.85,15364898662.4,12945257155.619999
300254,仟源医药,9.19,1.1,9.09,9.09,9.3,9.08,10486300,96661331,4.54921,89.746,5.256,2363746693.97,2118368979.5000002
300255,常山药业,22.94,3.707,22.12,22.5,23.29,22.27,25463124,583587314,2.77468,-58.821,17.753,21083256541.320004,21051943441.32
300256,星星科技,2.59,0.0,2.59,2.62,2.62,2.56,14918850,38518700,0.66501,-259.0,6.532,5875138869.74,5810388869.74
300257,开山股份,17.38,-2.36,17.8,17.98,17.99,17.27,5265069,92498230,0.55144,46.973,2.665,17269376612.84,16594255639.94
300258,精锻科技,8.87,0.91,8.79,8.8,8.98,8.68,7219360,63747834,1.26679,37.191,1.112,5189369045.41,5054944151.059999
300259,新天科技,3.91,-1.013,3.95,3.96,3.98,3.89,29164915,114181539,2.52546,17.732,1.503,4516460686.85,4515411692.5
300260,新莱应材,54.44,-4.991,57.3,58.24,58.24,53.94,11104084,614858340,3.86372,123.727,10.165,22200999578.88,15645704317.6
300261,雅本化学,4.92,-0.203,4.93,4.94,4.98,4.86,10005700,49223845,1.06124,-29.479,2.786,4739482597.32,4638726005.88
300263,隆华科技,9.79,-2.49,10.04,10.12,10.16,9.72,25460945,251850060,2.64611,48.95,2.382,10002263568.880001,9419973948.88
300264,佳创视讯,5.93,-1.658,6.03,6.03,6.06,5.91,11240400,67045584,3.03432,-73.573,1976.667,2554985081.74,2196724552.77
300265,通光线缆,11.85,-1.085,11.98,12.17,12.19,11.76,11810960,140770371,2.52748,169.286,2.399,5541075819.75,5537525263.499999
300266,兴源环境,1.87,0.538,1.86,1.85,1.88,1.83,15577350,28896066,1.00302,-12.791,-69.517,2905619677.18,2904207079.18
300267,尔康制药,3.26,0.929,3.23,3.23,3.3,3.22,30366825,99329811,2.13493,-17.708,1.672,6724091876.2,4636952576.66
300268,佳沃食品,11.91,-0.833,12.01,12.01,12.08,11.8,1355800,16163439,1.014,-4.855,-2.017,2074722000.0,1592456325.0
300269,联建光电,4.56,-1.299,4.62,4.71,4.95,4.55,40273276,188605906,7.66168,294.194,32.948,2494209780.2400002,2396942695.68
300270,中威电子,10.21,-4.49,10.69,10.7,10.78,10.18,10566500,109806834,4.11449,-53.737,5.544,3091649545.88,2622047497.8399997
300271,华宇软件,5.75,-1.033,5.81,5.82,5.83,5.69,11764800,67748146,1.46284,-23.958,1.321,4668198869.75,4624388360.5
300272,开能健康,6.06,1.169,5.99,6.0,6.1,5.99,11202200,67822091,2.41181,62.798,2.925,3705505000.32,2814700410.9
300274,阳光电源,82.49,-0.386,82.81,82.41,83.1,81.51,27448018,2256202045,1.72905,12.594,3.411,171019210365.75998,130949547435.89001
300275,梅安森,8.86,-1.006,8.95,8.99,9.0,8.74,5207500,46049481,1.91832,66.566,2.843,2728924902.48,2405148473.58
300276,三丰智能,6.15,-1.914,6.27,6.2,6.28,6.12,26766688,165401096,2.22042,-46.275,4.844,8616414388.5,7413679078.95
300277,汽轮科技,12.75,1.03,12.62,12.71,12.88,12.59,12639622,161201529,1.65127,1931.818,1.99,19336575501.75,9759465646.5
300278,华昌达,3.51,-0.847,3.54,3.56,3.57,3.49,10834708,38103398,0.76872,-87.75,3.033,4962741643.08,4947152581.8
300279,和晶科技,5.83,-1.686,5.93,5.95,6.01,5.81,8045600,47200310,1.65093,44.067,2.711,2851450026.7000003,2841180260.1600003
300281,金明精机,6.98,-0.993,7.05,7.09,7.11,6.93,5259200,36837321,1.32365,-872.5,2.354,2924086588.4,2773334865.7599998
300283,温州宏丰,12.9,-4.16,13.46,13.58,13.73,12.9,25754300,339681337,6.77979,258.0,5.343,6411019063.799999,4900303508.099999
300284,苏交科,5.1,0.394,5.08,5.08,5.14,5.04,10099739,51334826,0.84285,274.194,0.776,6440421647.400001,6111236756.7
300285,国瓷材料,63.06,-2.081,64.4,65.62,66.76,62.48,52811461,3402240457,6.19073,101.71,8.578,62873865734.94,53794782307.979996
300286,安科瑞,18.8,-0.634,18.92,19.19,19.19,18.76,2229402,42230962,1.073,21.86,2.063,4714751514.0,3906138585.2000003
300287,飞利信,3.5,-2.507,3.59,3.61,3.61,3.45,30349100,106234803,2.29418,-31.818,5.232,5023458328.0,4630052546.0
300288,朗玛信息,9.64,-1.128,9.75,9.78,9.79,9.61,3022500,29264339,1.17225,321.333,3.029,3257755115.28,2485545460.2400002
300289,利德曼,6.06,2.538,5.91,5.94,6.08,5.89,8132801,48856643,1.49732,-143.602,2.02,3296709611.2200003,3291528311.2200003
300290,ST荣科,6.68,-2.482,6.85,6.87,7.01,6.66,24658696,167414527,3.85539,-94.752,7.104,4273413560.9199996,4272459155.92
300291,百纳千成,4.99,-1.965,5.09,5.1,5.15,4.91,60756613,304678016,6.52764,-4.281,2.323,4700029358.49,4644485633.56
300292,吴通控股,4.35,-1.584,4.42,4.46,4.47,4.33,27776800,121379269,2.48453,48.333,3.883,5836677636.900001,4863257752.8
300293,蓝英装备,13.8,-0.648,13.89,14.1,14.1,13.79,2338600,32526172,0.691,-32.857,6.999,4670445862.8,4670445862.8
300294,博雅生物,14.94,4.184,14.34,14.34,14.97,14.31,7525795,111304051,1.49248,67.909,1.012,7533476145.72,7533476145.72
300295,*ST三六,11.98,3.454,11.58,11.65,12.06,11.54,2188500,25998963,1.30517,-44.37,2.096,2271572293.72,2008799164.08
300296,利亚德,4.71,-0.212,4.72,4.75,4.76,4.7,22997626,108660572,0.99085,42.818,1.636,12773412715.62,10931894094.33
300298,三诺生物,16.3,1.242,16.1,16.11,16.43,16.11,3487028,56833384,0.77835,96.736,3.069,9076588055.9,7302417261.700001
300299,富春股份,5.34,-1.111,5.4,5.41,5.45,5.3,9722365,51943361,1.41015,-47.978,9.293,3686202453.9,3681688818.9
300300,海峡创新,11.13,3.728,10.73,10.99,11.41,10.65,153434110,1699509748,23.01018,53.0,29.879,7422007800.059999,7421590848.0
300301,ST长方,3.99,4.45,3.82,3.82,4.05,3.82,26413495,104500651,3.344,-22.02,64.668,3311176388.3100004,3151608108.81
300302,同有科技,25.68,-2.838,26.43,26.83,26.89,25.65,10716431,279176116,2.88397,-234.093,9.575,12307494332.640001,9542326708.08
300303,聚飞光电,6.36,-1.089,6.43,6.5,6.52,6.33,26452476,169860327,1.99093,28.909,2.429,9010883151.72,8450193240.960001
300304,云意电气,12.08,0.332,12.04,12.0,12.16,11.91,11716631,141062718,1.37431,22.37,3.047,10607976113.44,10298730722.72
300305,裕兴股份,6.32,-3.067,6.52,6.52,6.59,6.29,17948036,114148865,5.58301,-9.283,1.248,2372530351.04,2031727669.04
300306,远方信息,10.4,-1.047,10.51,10.52,10.62,10.36,2202200,23041256,1.39688,38.519,1.931,2797171291.2,1639571814.3999999
300307,慈星股份,6.87,-1.151,6.95,6.96,7.0,6.83,10830400,74830723,1.37502,57.25,1.636,5499804441.120001,5411181152.58
300308,中际旭创,808.44,-0.562,813.01,821.99,831.59,808.0,15726337,12847951101,1.41687,82.494,23.891,952269270170.04,897317470705.32
300310,宜通世纪,4.23,-2.083,4.32,4.32,4.34,4.22,12569500,53505829,1.55835,423.0,2.012,3729415586.1299996,3411883533.96
300311,任子行,6.15,-0.646,6.19,6.29,6.29,5.95,67969800,415776694,12.64768,179.825,6.53,4142825422.5,3305065921.95
300313,天山生物,12.06,1.515,11.88,11.95,12.47,11.91,12839500,155412291,6.50586,-136.271,75.564,2891734667.6400003,2380074635.34
300314,戴维医疗,12.86,0.942,12.74,12.86,13.29,12.8,8002706,104183124,5.56743,42.867,3.006,3703680000.0,1848515021.28
300315,掌趣科技,3.94,-0.253,3.95,3.96,3.97,3.9,31959893,125667298,1.18039,-65.667,2.321,10667987351.820002,10667868265.32
300316,晶盛机电,35.88,-6.245,38.27,38.48,38.5,35.76,14916448,546898076,1.21119,52.765,2.739,46986072636.36001,44188208936.04
300317,珈伟新能,4.07,-2.163,4.16,4.21,4.21,4.05,40762300,167172408,4.91756,-18.391,2.386,3378866808.35,3373677558.3500004
300318,博晖创新,5.23,1.751,5.14,5.13,5.28,5.13,8633670,45255853,1.08118,-46.489,3.359,4272389588.85,4176361501.3199997
300319,麦捷科技,18.1,-3.979,18.85,18.98,19.06,18.05,57260752,1050804132,6.72651,50.32,3.251,16065348664.4,15407990981.999998
300320,海达股份,8.13,0.123,8.12,8.17,8.24,8.12,3393505,27739687,0.69748,21.035,1.849,4888033972.83,3955558988.73
300321,同大股份,32.28,-1.735,32.85,33.03,33.35,32.02,1591800,51728296,1.79415,255.38,4.514,2866464000.0,2863943157.96
300322,硕贝德,15.96,-2.979,16.45,16.56,16.68,15.88,16024921,259395713,3.63847,114.0,7.117,7342208921.88,7029274977.48
300323,华灿光电,10.7,-1.564,10.87,11.05,11.22,10.68,34303631,373779808,3.84929,-39.63,2.631,17366087127.9,9535488376.6
300324,旋极信息,3.68,-3.412,3.81,3.79,3.81,3.67,68850466,255615830,4.02638,-13.49,2.689,6357533389.599999,6292738720.64
300326,ST凯利,6.22,-0.639,6.26,6.22,6.26,6.21,3678300,22934300,0.51321,33.068,1.535,4459818882.04,4457983639.940001
300327,中颖电子,24.77,-2.095,25.3,25.35,25.45,24.55,6388325,159080427,1.88552,140.023,4.603,8455739160.44,8392330561.29
300328,宜安科技,11.99,-1.56,12.18,12.42,12.43,11.9,14415321,174227121,2.09559,-470.196,8.003,8278178964.0,8247771952.309999
300329,海伦钢琴,11.78,-0.423,11.83,11.9,12.04,11.74,1283100,15211931,0.50888,-32.722,5.186,2979029828.4,2970214277.1800003
300331,苏大维格,42.27,-2.153,43.2,44.99,45.32,42.12,6600647,285924512,2.97151,-603.857,7.034,10975924829.220001,9389469676.86
300332,天壕能源,4.8,0.209,4.79,4.84,4.85,4.79,8539914,41042314,1.05108,-15.0,1.057,4069006872.0,3899941391.9999995
300333,兆日科技,11.4,0.088,11.39,11.49,11.68,11.16,13711550,155546233,4.09569,-211.111,6.23,3830400000.0,3816492763.8
300334,津膜科技,8.53,-2.067,8.71,8.64,8.73,8.5,6532600,56116928,2.1629,-77.545,4.791,2576617486.68,2576313861.33
300335,迪森股份,5.57,-0.179,5.58,5.59,5.64,5.49,7049812,39137404,1.83512,61.889,1.388,2656959001.16,2139774341.48
300337,银邦股份,8.91,-0.669,8.97,9.0,9.07,8.88,6812709,61054223,0.95763,158.259,4.06,7323562712.07,6338686364.009999
300338,*ST开元,2.64,-2.583,2.71,2.72,2.72,2.6,8371905,22142520,2.39239,-7.765,-7.184,1062929186.88,923839598.88
300339,润和软件,33.8,0.089,33.77,33.82,34.1,33.45,8626962,291816210,1.10931,281.667,7.35,26918686425.800003,26285809344.600002
300340,科恒股份,9.04,-1.525,9.18,9.13,9.32,8.95,19325559,175565880,7.06741,-11.443,47.704,2490653023.6,2471953431.04
300341,麦克奥迪,12.77,0.869,12.66,12.7,13.07,12.63,4037800,51916003,0.78281,38.499,3.308,6607329990.72,6586879154.97
300342,天银机电,29.41,-0.976,29.7,30.28,30.47,29.34,8990749,269002788,2.13884,977.076,7.948,12500282673.33,12362699017.080002
300343,联创股份,5.15,-0.387,5.17,5.2,5.22,5.15,7263700,37567432,0.68163,139.946,2.778,5502130626.85,5488062521.2
300345,华民股份,6.4,-0.156,6.41,6.68,6.78,6.4,27266300,179127850,5.67169,-22.222,10.87,3720528486.3999996,3076759686.3999996
300346,南大光电,49.45,-3.775,51.39,51.88,51.93,49.3,19999851,1004367742,3.02114,107.5,9.646,34177708853.350002,32735698738.5
300347,泰格医药,58.4,3.418,56.47,56.53,59.66,56.2,14242334,832084362,2.51533,56.154,2.582,50283921320.0,33067320182.4
300348,长亮科技,9.24,-0.645,9.3,9.31,9.36,9.18,6408700,59312325,0.87736,363.78,3.557,7506338670.599999,6749378078.52
300349,金卡智能,10.11,-0.979,10.21,10.23,10.3,10.1,3602900,36608872,0.97445,15.797,0.942,4218026594.43,3738050452.08
300350,华鹏飞,4.82,1.261,4.76,4.77,4.86,4.68,30336683,144977399,6.56881,-80.333,3.099,2708899184.7799997,2226016074.02
300351,永贵电器,13.41,-1.179,13.57,13.66,13.71,13.37,4167862,56442415,1.58223,83.813,2.137,5215318046.46,3532418295.66
300352,ST信源,2.89,-1.701,2.94,2.99,3.04,2.85,27372300,79299822,2.1403,-12.398,4.439,4189991611.43,3696027921.5499997
300353,东土科技,16.66,2.903,16.19,16.46,16.82,16.33,10288272,170981441,1.90326,128.154,4.618,10244115397.46,9005737047.02
300354,东华测试,27.02,-2.56,27.73,27.8,27.87,26.97,1002900,27401828,1.20199,27.293,4.297,3737411831.02,2254455608.02
300355,蒙草生态,2.78,0.725,2.76,2.75,2.78,2.73,13086100,36062426,0.83242,278.0,1.072,4459792985.18,4370302614.0
300357,我武生物,20.33,2.573,19.82,19.84,20.66,19.8,10278491,209633222,2.11747,27.941,3.865,10644462720.000002,9868470787.65
300358,楚天科技,9.83,3.474,9.5,9.52,10.0,9.47,40639314,399872386,5.76556,23.048,1.261,7029360061.4,6928810780.46
300359,全通教育,4.08,-1.449,4.14,4.2,4.24,4.05,12244900,50193156,1.9335,-37.091,5.258,2584000361.7599998,2583870923.7599998
300360,炬华科技,11.04,1.284,10.9,11.0,11.13,10.92,3089000,34072401,0.61742,10.036,1.359,5676625871.04,5523410112.48
300363,博腾股份,24.56,4.112,23.59,23.72,24.87,23.47,22734481,553882318,4.56624,136.444,2.693,13346939842.56,12227966815.599998
300364,中文在线,23.37,-2.462,23.96,23.98,24.3,23.11,46943826,1104911757,7.10102,-25.375,64.629,17025047757.66,15449571944.31
300365,恒华科技,4.54,-0.439,4.56,4.56,4.59,4.48,7364650,33343608,1.43918,-11.947,1.74,2723343829.2599998,2323229761.18
300366,ST创意,5.56,-0.358,5.58,5.54,5.6,5.49,4700600,26049957,0.93049,-5.334,3.112,3378123394.0,2808758588.48
300368,汇金股份,9.13,-3.181,9.43,9.55,9.55,8.92,33519400,306518115,6.33705,-28.478,140.246,4829253926.75,4829253926.75
300369,绿盟科技,9.26,1.758,9.1,9.06,9.58,8.62,100121165,909658752,12.39038,-164.184,2.954,7506358673.620001,7482597893.280001
300370,安控科技,2.13,-0.467,2.14,2.14,2.15,2.09,20932720,44332384,1.34057,-27.065,8.148,3334251359.25,3325944112.17
300371,汇中股份,10.12,-1.172,10.24,10.26,10.35,10.07,1965000,19994794,1.40361,30.473,1.759,2036319035.52,1416756099.44
300373,扬杰科技,84.46,-1.791,86.0,86.6,86.7,84.06,5835626,496797295,1.0764,36.249,4.58,45891154090.02,45789428185.6
300374,中铁装配,10.14,-0.099,10.15,10.24,10.25,9.94,3901380,39378753,1.58668,-20.694,3.588,2493551097.18,2493258152.58
300375,鹏翎股份,4.09,-0.487,4.11,4.13,4.16,4.08,6295400,25917283,1.18195,-16.36,1.506,3125348215.6200004,2178449865.61
300376,易事特,4.1,0.49,4.08,4.08,4.14,4.07,10901000,44785602,0.46838,410.0,1.51,9545785951.6,9542349844.1
300377,赢时胜,13.07,-2.681,13.43,13.56,13.64,13.05,16554046,218410083,2.36134,-1867.143,4.064,9815610255.6,9162669024.24
300378,鼎捷数智,37.64,-1.698,38.29,38.79,38.79,37.51,10644235,403498093,3.94941,61.705,4.127,10221361704.68,10144519644.68
300380,安硕信息,27.28,-1.694,27.75,27.75,27.99,27.28,1196100,32883422,0.94101,124.0,10.993,4449920447.28,3467493554.8
300381,溢多利,5.69,-0.524,5.72,5.76,5.78,5.67,6138200,35122643,1.28293,-141.191,1.084,2732189269.0899997,2722398560.06
300382,斯莱克,14.0,-5.149,14.76,14.95,14.98,13.95,24549265,351718974,3.78649,-140.0,4.077,9077599916.0,9076735108.0
300383,光环新网,10.75,-1.195,10.88,10.95,10.99,10.75,22882927,247569389,1.27474,-25.595,1.627,19324123105.25,19297440035.75
300384,三联虹普,12.01,1.179,11.87,11.92,12.04,11.72,2689933,31925100,1.22058,17.123,1.364,3831277252.65,2646785922.42
300385,ST雪浪,13.03,0.0,13.03,13.12,13.29,13.01,2318256,30405305,0.76959,-18.705,-74.372,4340891493.96,3925059904.9900002
300386,飞天诚信,10.65,-1.206,10.78,10.77,10.85,10.59,3886191,41439251,1.51092,1065.0,3.178,4452168600.0,2739261504.45
300387,富邦科技,7.43,-0.268,7.45,7.47,7.51,7.36,3254000,24186246,1.12612,37.15,1.484,2147693643.74,2146947872.35
300388,节能国祯,6.71,0.6,6.67,6.71,6.75,6.65,3276639,21950155,0.48112,12.835,0.933,4569793370.01,4569793370.01
300389,艾比森,12.85,-0.619,12.93,12.92,13.13,12.8,3451300,44703343,1.25722,18.831,2.654,4742939073.45,3527557212.35
300390,天华新能,49.09,0.082,49.05,49.1,49.98,48.2,16711151,821048085,2.34875,102.271,2.972,40781556182.92,34927113022.36
300393,中来股份,5.9,-0.169,5.91,5.97,5.97,5.87,10628700,62866540,1.12589,-4.683,3.55,6428801412.2,5569747205.000001
300394,天孚通信,260.77,1.867,255.99,256.01,266.85,253.16,29432448,7708344434,2.70422,100.458,45.523,284454459501.61,283818951537.73
300395,菲利华,94.92,2.395,92.7,96.39,97.79,94.77,21157951,2036282237,4.13018,111.5,9.528,49902014623.44,48625271142.0
300396,ST迪瑞,7.08,0.855,7.02,7.02,7.14,6.98,1243400,8773772,0.45662,-7.867,1.248,1930717139.88,1927917637.0800002
300397,天和防务,10.95,-2.58,11.24,11.38,11.38,10.92,17854259,198672254,4.3743,-57.632,4.023,5668122357.749999,4469382824.25
300398,飞凯材料,33.92,-2.919,34.94,35.24,35.6,33.43,22318178,766117567,3.93469,47.775,3.694,19335527840.0,19239942874.24
300399,天利科技,19.12,-1.798,19.47,19.47,19.76,19.09,2597735,49992006,1.31477,-956.0,7.454,3778112000.0,3777743462.0000005
300400,劲拓股份,32.2,-3.477,33.36,33.42,33.8,32.16,5794796,189458198,2.38953,92.0,10.65,7834871800.000001,7808741500.0
300401,花园生物,15.41,0.522,15.33,15.33,15.63,15.29,14893856,230105452,2.77855,27.518,2.528,8395624083.379999,8260227986.29
300402,宝色股份,14.51,-0.548,14.59,14.66,14.73,14.47,1096000,15969423,0.44988,65.449,2.364,3580930111.4700003,3534904391.4700003
300403,汉宇集团,8.83,1.494,8.7,8.73,8.85,8.67,5832189,51111978,1.33106,22.549,2.374,5324490000.0,3868959978.79
300404,博济医药,14.73,1.586,14.5,14.63,15.18,14.15,50699175,751068365,17.75706,185.516,5.243,5682081856.74,4205644964.76
300405,科隆股份,5.86,-1.513,5.95,5.97,6.05,5.81,6223800,36658390,2.84421,-27.218,4.075,1666423852.0600002,1282304883.74
300406,九强生物,11.94,1.444,11.77,11.82,12.04,11.76,5166002,61808411,1.21758,37.313,2.035,6998517164.039999,5065941085.62
300407,凯发电气,10.58,0.284,10.55,10.61,10.79,10.55,2374400,25196927,0.92833,48.091,1.686,3665326862.9600005,2706072796.08
300408,三环集团,117.33,-1.096,118.63,119.49,120.99,117.0,21637967,2566678939,1.15723,85.642,10.346,234274989935.43,219384363440.61
300409,道氏技术,16.96,1.254,16.75,16.9,17.2,16.68,16298198,276939202,2.341,24.971,1.642,13266942242.880001,11807658101.76
300410,正业科技,8.5,-3.628,8.82,8.87,8.9,8.48,18712700,161604728,5.09723,85.0,10.969,3120475774.5,3120475774.5
300411,金盾股份,8.24,-2.485,8.45,8.45,8.5,8.2,6335300,52796786,2.04949,314.504,3.469,3349724857.6800003,2547111720.0
300412,迦南科技,4.54,-0.439,4.56,4.58,4.63,4.54,5760900,26374418,1.23133,75.667,2.214,2259815131.98,2124091872.8400002
300413,芒果超媒,21.0,6.061,19.8,19.7,21.45,19.61,110147916,2268775105,10.78085,31.818,1.702,39285137115.0,21455699118.0
300414,中光防雷,10.49,-1.502,10.65,10.86,10.86,10.46,4305645,45564206,1.36396,209.8,3.426,3419944198.34,3311391769.1600003
300415,伊之密,18.81,-0.948,18.99,18.95,19.18,18.81,2870000,54510929,0.63156,12.214,2.664,8813652800.039999,8547774484.59
300416,苏试试验,13.5,-1.244,13.67,13.75,13.79,13.47,7165485,97331938,1.41856,26.669,2.432,6865395381.0,6819188431.5
300417,南华仪器,12.04,-1.634,12.24,12.28,12.6,12.01,2594541,31660627,2.95792,-623.834,3.617,1620140928.0000002,1056087853.5200001
300418,昆仑万维,40.08,-2.125,40.95,41.0,41.48,40.0,28115603,1136908403,2.39392,-31.313,3.48,51504191377.2,47072264495.759995
300419,ST浩丰,7.96,0.759,7.9,7.91,7.98,7.77,5139300,40503683,1.39748,-27.959,9.169,2927320009.2000003,2927320009.2000003
300420,五洋自控,7.15,-3.378,7.4,7.42,7.49,7.12,41514090,299947299,3.71897,178.75,3.355,7982142461.15,7981388136.15
300421,力星股份,16.78,-0.71,16.9,17.09,17.35,16.7,4538528,76940459,1.9445,71.283,3.909,4933831521.5199995,3916501450.66
300422,博世科,4.1,-0.726,4.13,4.17,4.18,4.04,6734250,27560255,1.30321,-3.13,3.791,2188909594.9,2118647874.3999999
300423,昇辉科技,5.4,-0.185,5.41,5.45,5.48,5.35,5694270,30719605,1.7081,-15.882,2.497,2686560966.0,1800188020.8
300424,航新科技,12.78,-2.368,13.09,13.2,13.23,12.74,9664323,124557014,3.76806,-69.532,4.545,3279665365.7400002,3277813773.78
300425,中建环能,4.05,-0.491,4.07,4.09,4.1,4.03,5130500,20840466,0.75367,222.527,1.166,2763010654.65,2756990443.0499997
300426,华智数媒,7.57,-0.395,7.6,7.61,7.68,7.4,19357649,146373728,4.83941,-8.374,22.16,3409397871.7000003,3028000000.0
300427,红相股份,6.09,-0.164,6.1,6.15,6.23,6.05,22063900,135297444,4.38642,-161.538,2.603,3096888614.8199997,3063299767.92
300428,立中集团,19.2,-0.26,19.25,19.29,19.46,19.16,4111561,79381283,0.68159,13.813,1.439,13163165817.6,11582008012.8
300429,强力新材,10.66,-2.737,10.96,11.08,11.1,10.6,12586112,135943036,3.01243,-44.884,3.145,5921221242.299999,4453808964.54
300430,*ST益通,4.15,-4.157,4.33,4.36,4.37,4.14,12672400,53273358,4.87673,-1.289,0.864,1133144203.3999999,1078394967.35
300432,富临精工,12.93,0.937,12.81,12.8,13.16,12.74,23415308,303444120,1.38351,51.699,4.594,22107199929.06,21883474156.14
300433,蓝思科技,32.31,2.702,31.46,31.58,32.46,31.55,56160362,1802866440,1.13413,40.899,3.232,170556117509.69998,159993885618.45
300434,金石亚药,12.92,4.278,12.39,12.46,13.25,12.32,43269120,560099317,12.60156,39.152,1.985,5190530826.24,4436253009.12
300435,中泰股份,15.63,1.362,15.42,15.6,15.98,15.52,5287495,83233413,1.43341,13.359,1.745,6028694190.0,5765510545.05
300436,广生堂,83.68,1.087,82.78,83.22,84.2,82.85,2215430,185389585,1.62037,-61.179,67.148,14060448231.52,11441019885.92
300437,清水源,10.65,-0.467,10.7,10.67,10.87,10.63,4211600,45086018,2.42393,-68.489,1.889,2611412983.05,1850443858.05
300438,鹏辉能源,49.07,3.023,47.63,47.5,49.64,47.19,20493834,997694764,5.07067,119.683,3.932,24699058675.199997,19832339158.66
300439,美康生物,10.25,1.085,10.14,10.1,10.37,10.1,4092500,42132133,1.39995,64.063,1.31,3934399103.75,2996403522.75
300440,运达科技,16.58,1.036,16.41,16.41,16.98,16.29,6054900,100717630,1.37626,82.9,4.394,7326978885.999999,7294398605.7
300441,鲍斯股份,7.07,0.0,7.07,7.12,7.13,7.02,2325199,16456400,0.36965,23.567,1.777,4556020186.76,4447165369.29
300442,润泽科技,64.02,-2.646,65.76,66.93,66.99,63.95,18549981,1199100454,1.1337,21.34,7.249,105059507111.46,104751340439.45999
300443,金雷股份,20.92,0.192,20.88,20.58,21.36,20.39,10548227,219556498,4.35685,21.196,1.046,6697215790.16,5064873628.400001
300444,双杰电气,8.45,0.0,8.45,8.55,8.6,8.41,9819899,83512369,1.56507,36.391,3.34,6799039760.500001,5301882356.549999
300445,康斯特,18.42,-1.76,18.75,18.8,18.88,18.33,1737900,32229556,1.24532,37.592,2.94,3912960839.4600005,2570593355.82
300446,航天智造,12.38,0.0,12.38,12.45,12.5,12.27,3630045,44976651,0.43405,11.879,1.778,10466177174.18,10353554407.66
300447,全信股份,14.27,2.074,13.98,13.96,14.35,13.8,4830300,68139773,2.39773,148.801,2.223,4456669051.25,2874731670.05
300448,浩云科技,5.41,-1.815,5.51,5.5,5.56,5.36,11270900,61178811,1.76379,-104.642,3.06,3659957397.39,3457082408.21
300449,汉邦高科,6.85,4.262,6.57,6.65,6.9,6.52,15497220,104047531,4.01445,-34.25,9.863,2644346524.65,2644346524.65
300450,先导智能,34.94,3.495,33.76,33.16,35.37,32.7,119125379,4096895561,7.63911,34.594,3.252,58497296903.96,54485922120.22
300451,创业慧康,3.49,-0.57,3.51,3.5,3.54,3.46,17014919,59449618,1.11126,-13.423,1.416,5406445175.08,5343690504.39
300452,山河药辅,13.26,0.99,13.13,13.15,13.31,13.11,3523700,46728187,1.774,17.68,3.095,3108890339.1,2633829649.6200004
300453,三鑫医疗,9.05,0.221,9.03,9.06,9.11,8.98,4724870,42676352,1.29513,17.686,3.164,4724862688.75,3301606574.3
300454,深信服,137.42,-2.331,140.7,140.52,141.26,137.18,9782366,1356945490,3.39664,147.763,5.355,59304845338.1,39577157609.96
300455,航天智装,16.16,-1.463,16.4,16.46,16.6,16.15,3905400,63562332,0.55261,-64.46,6.948,11599129845.759998,11420510424.64
300456,赛微电子,35.88,-1.374,36.38,37.0,37.87,35.8,28423630,1043785577,4.75659,17.83,2.906,26271807247.92,21440551828.800003
300457,赢合科技,21.36,1.232,21.1,21.25,21.74,20.9,15049453,321907926,2.33813,25.429,1.936,13778628300.48,13748411056.08
300458,全志科技,32.18,-0.771,32.43,32.62,32.8,32.0,18645243,603301257,2.29014,100.563,9.18,31975249890.820004,26199394143.7
300459,汤姆猫,3.49,-1.133,3.53,3.52,3.54,3.46,45521050,159095993,1.38541,-10.265,15.893,12270180177.11,11467236257.519999
300460,ST惠伦,8.91,-1.872,9.08,9.1,9.18,8.89,3741600,33604894,1.33246,-15.102,5.82,2501965876.41,2501965876.41
300461,田中精机,37.35,0.647,37.11,37.11,39.2,36.43,10591960,397715916,7.31938,373.5,10.484,5884070146.200001,5404965448.950001
300462,ST华铭,11.38,0.441,11.33,11.21,11.49,11.21,820199,9269409,0.5942,-49.478,1.519,2062305654.44,1570827397.96
300463,迈克生物,9.53,2.144,9.33,9.34,9.55,9.31,6200339,58906893,1.26126,-160.708,0.913,5762472926.72,4684937879.139999
300464,星徽股份,10.1,-4.986,10.63,10.65,10.77,10.03,22528301,233762255,6.34345,952.83,31.553,4719726596.3,3586941017.4999995
300465,高伟达,11.0,-1.257,11.14,11.19,11.22,10.9,5199200,57268423,1.17165,170.015,7.046,4881242927.0,4881242927.0
300466,赛摩智能,7.22,-0.138,7.23,7.29,7.3,7.16,5190586,37524727,1.12706,-90.025,5.522,3866525935.76,3325104763.7200003
300467,迅游科技,32.29,-0.34,32.4,32.4,32.97,32.2,1674600,54344898,1.00203,248.385,10.065,6561486124.13,5396311258.0
300468,四方精创,20.51,-1.014,20.72,20.9,21.08,20.46,14000898,288683874,2.64167,146.5,6.616,10883616630.249998,10870326457.9
300469,信息发展,49.22,-0.866,49.65,49.66,50.0,48.8,3509707,173236721,1.41455,-76.906,61.425,12218314917.28,12212235016.779999
300470,中密控股,27.14,0.444,27.02,27.04,27.2,26.97,828800,22437013,0.42,14.494,1.916,5643348762.179999,5355663350.9
300471,厚普股份,9.84,-0.606,9.9,9.92,10.01,9.8,3245900,32071215,0.86612,529.032,2.802,4626361913.04,3687677612.4
300472,ST新元,6.78,1.955,6.65,6.62,6.82,6.61,2334200,15656143,0.90914,-5.256,151.339,1866253450.3799999,1740751955.2800002
300473,德尔股份,36.75,-4.072,38.31,38.18,38.3,35.02,16206825,590513130,10.5835,39.946,3.251,6345342575.25,5627637676.500001
300474,景嘉微,50.71,-1.534,51.5,51.83,51.96,50.51,5450863,278375328,1.34099,-158.469,3.911,26502020798.329998,20612584775.64
300475,香农芯创,153.24,-4.345,160.2,161.15,161.78,152.6,16545324,2566302443,3.68906,129.864,10.079,71952580375.08,68727701886.84
300476,胜宏科技,210.3,-2.98,216.76,217.66,219.29,208.43,19519810,4132496741,2.25612,41.976,5.452,206679646173.9,181950496933.49997
300477,ST合纵,2.76,4.151,2.65,2.65,2.79,2.65,30243241,82883741,3.03789,-3.307,1200.0,2958771576.12,2747678540.2799997
300478,杭州高新,30.7,-5.364,32.44,32.78,32.78,30.5,4405780,137633735,3.47807,-142.195,71.813,3888861100.0,3888861100.0
300479,神思电子,14.58,-2.344,14.93,15.04,15.08,14.55,2879218,42432456,1.46206,162.0,5.399,2872855811.7000003,2871215561.7
300480,光力科技,29.76,-0.965,30.05,30.55,31.99,29.74,12782102,393961880,4.73251,270.545,6.143,11017824576.0,8037919349.76
300481,濮阳惠成,13.31,-1.553,13.52,13.58,13.72,13.26,6871083,92521984,2.36891,29.578,1.6,3884595879.7799997,3860595846.8
300482,万孚生物,16.76,2.696,16.32,16.36,16.84,16.33,6348879,105958650,1.47902,-128.923,1.47,7846246944.84,7194460064.52
300483,首华燃气,22.89,0.527,22.77,22.62,23.04,22.44,6448952,146988632,1.67709,36.919,2.264,8815116168.6,8801931528.6
300484,蓝海华腾,13.02,-0.762,13.12,13.15,13.5,12.96,4304672,56854209,2.50598,52.08,4.012,2697273978.0,2236519470.78
300485,赛升药业,8.65,2.125,8.47,8.5,8.74,8.44,4992699,43188283,1.82305,288.333,1.297,4166414360.0,2368927336.8
300486,东杰智能,17.14,-1.324,17.37,17.4,17.51,17.13,3312400,57165723,0.69442,342.8,4.804,8178332763.040001,8175874732.78
300487,蓝晓科技,67.03,0.119,66.95,67.38,67.88,66.57,2035162,136925019,0.66071,37.87,7.457,34127711778.77,20646886122.739998
300488,恒锋工具,35.63,-1.138,36.04,36.34,36.7,35.5,3731261,134646845,2.29973,35.277,3.078,6813196997.11,5780884197.06
300489,光智科技,278.35,8.35,256.9,265.0,292.96,263.08,13918337,3887786503,10.09875,-1154.5,49.79,38734583372.25,38362873668.85
300490,华自科技,10.78,1.221,10.65,10.69,10.94,10.56,13456900,145113394,3.42568,-16.585,1.907,4297669865.72,4234647678.8
300491,通合科技,35.16,-1.208,35.59,35.8,35.91,34.55,7382900,259366208,4.68437,152.87,5.161,6247005498.84,5541464475.719999
300492,华图山鼎,20.45,-0.776,20.61,20.98,21.07,20.37,2537487,52296454,0.9217,16.626,27.483,5630006902.45,5630006902.45
300493,润欣科技,12.48,-3.181,12.89,12.97,12.97,12.45,8549400,107928336,1.66944,113.455,5.354,6396262666.56,6391161466.56
300494,盛天网络,8.02,0.501,7.98,8.01,8.11,7.91,6742280,54140250,1.69256,173.97,2.97,3933890809.52,3194751505.3599997
300496,中科创达,52.9,-0.639,53.24,53.5,53.64,52.82,4584300,243271293,1.24057,54.024,2.309,24424832156.600002,19548184610.0
300497,富祥股份,17.86,1.42,17.61,17.75,18.24,17.41,30066354,538630398,6.5897,-178.6,4.07,9620269961.24,8148849750.240001
300498,温氏股份,15.12,0.265,15.08,15.06,15.23,14.97,21601021,326537200,0.36329,19.031,2.873,100607411091.6,89901705131.28
300499,高澜股份,31.41,-6.183,33.48,33.61,33.8,31.32,20984050,676158205,7.72233,349.0,6.933,9587857395.24,8535107114.190001
300500,启迪设计,9.77,-2.398,10.01,10.01,10.09,9.6,4802260,46918667,2.86535,-18.347,1.679,1699734470.1299999,1637432020.35
300501,海顺新材,11.05,1.376,10.9,11.07,11.31,10.68,18858708,208405826,6.80273,-85.0,2.397,3073918790.7999997,3063312149.95
300502,新易盛,389.0,-0.995,392.91,397.98,403.99,387.01,24394752,9604023849,1.94423,40.479,22.33,542552800364.0,488087537972.0
300503,昊志机电,60.95,-0.894,61.5,62.51,63.72,60.93,7160548,443802443,2.94331,156.282,11.937,18936479068.7,14828035401.05
300504,天邑股份,16.71,-4.186,17.44,17.57,17.74,16.62,7118600,121115868,3.23248,-43.974,2.042,4528820731.8,3679896636.33
300505,川金诺,18.02,-2.225,18.43,18.72,18.82,17.97,10046537,184764368,4.62336,10.915,1.694,4953112764.46,3915739224.48
300506,名家汇,4.78,1.702,4.7,4.72,4.79,4.62,10137020,47646340,1.33207,-47.8,5.061,6814351599.82,3637563332.14
300507,苏奥传感,6.24,-0.795,6.29,6.32,6.39,6.22,5563298,34974030,0.71476,41.6,2.332,5016974395.679999,4856886203.52
300508,维宏股份,36.15,-1.793,36.81,37.0,37.64,36.02,1846660,67766619,2.23059,44.58,4.583,3966088438.5,2992778716.95
300509,新美星,8.77,-2.879,9.03,9.01,9.14,8.73,7327570,64987731,2.96538,20.881,3.634,2599428000.0,2167097896.71
300510,金冠股份,3.42,-1.724,3.48,3.5,3.5,3.41,15878224,54749009,1.92536,-8.66,1.504,2820442194.0,2820442194.0
300511,雪榕生物,4.87,2.526,4.75,4.76,4.88,4.76,16654412,80382880,2.92338,97.4,1.909,3120924967.92,2774427862.31
300512,中亚股份,7.44,-1.326,7.54,7.57,7.61,7.41,2973000,22268228,0.91104,106.286,1.854,3044726070.0,2427900192.24
300513,恒实科技,7.4,-1.07,7.48,7.48,7.56,7.36,3379000,25122123,1.17671,-3.318,4.469,2321314547.0,2124952779.4
300514,友讯达,10.15,-0.782,10.23,10.28,10.47,10.11,2127800,21740176,1.32773,29.0,1.963,2030000000.0,1626621998.75
300515,三德科技,16.13,-0.738,16.25,16.2,16.54,16.1,3682828,59861089,1.82248,17.634,3.535,3318820085.0,3259514510.75
300516,久之洋,34.0,-0.118,34.04,34.34,36.36,34.0,5717921,200101520,2.26902,253.353,6.557,8568000000.0,8568000000.0
300517,海波重科,11.44,0.263,11.41,11.42,11.63,11.37,3244500,37285548,2.57025,1144.0,2.26,2292775628.0,1444103804.0
300518,新迅达,25.93,-2.738,26.66,26.61,27.19,25.79,8435297,222443702,4.23084,-48.925,8.363,5170742165.679999,5169832022.68
300519,新光药业,14.82,0.271,14.78,14.81,15.05,14.73,2872400,42795482,2.51744,43.588,2.86,2371200000.0,1690962000.0
300520,科大国创,22.57,-1.613,22.94,23.36,23.46,22.5,8286491,188659833,2.93619,-35.825,4.01,6591140076.26,6369686441.2
300521,爱司凯,24.35,-0.041,24.36,24.46,24.77,24.02,1545100,37669146,1.04589,-235.266,6.982,3645925500.0,3597225500.0
300522,世名科技,13.8,-5.673,14.63,14.69,14.93,13.73,13967470,197714605,5.29683,218.009,5.719,4449830796.599999,3638991593.4
300523,辰安科技,23.22,0.086,23.2,23.0,24.0,22.4,7459361,171790781,3.20653,-24.442,5.81,5401845954.360001,5401678770.360001
300525,博思软件,7.68,-1.285,7.78,7.78,7.82,7.65,6607700,50911013,1.07373,33.522,2.379,5772561239.04,4726232563.2
300527,中船应急,7.89,-1.252,7.99,8.18,8.32,7.88,24714600,200244693,2.4307,394.5,2.734,8022318235.08,8022318235.08
300528,幸福蓝海,13.05,-3.262,13.49,13.5,13.6,13.02,10522740,138552515,2.82408,-33.617,14.209,4862535104.7,4862535104.7
300529,健帆生物,15.27,2.277,14.93,14.93,15.32,14.93,4690512,71161748,0.9154,22.13,3.652,12194702549.25,7824379685.25
300530,领湃科技,20.07,3.4,19.41,18.9,20.38,18.73,8288856,163520328,4.82047,-28.268,39.461,3451063674.78,3451063674.78
300531,优博讯,15.25,0.395,15.19,15.24,15.37,15.08,5193300,79046611,1.66661,59.292,3.285,4896454216.25,4752027154.5
300532,今天国际,7.34,-1.211,7.43,7.44,7.47,7.31,6284115,46319383,1.03942,14.115,2.544,4665599802.0,4437628283.4
300533,冰川网络,13.9,0.216,13.87,13.89,13.94,13.76,2469376,34250582,1.06913,6.748,3.577,4562629936.2,3210500889.3
300534,陇神戎发,12.58,-0.396,12.63,12.82,13.3,12.52,38370000,491199353,12.70279,86.818,5.329,3816080100.0,3799910321.52
300535,达威股份,15.87,-0.439,15.94,15.98,16.13,15.66,1644829,26085103,2.02662,46.526,1.785,1698405225.81,1288025800.02
300536,农尚环境,8.07,-0.37,8.1,8.17,8.38,8.05,5751500,47126172,1.96118,-10.399,8.855,2366835233.31,2366663648.97
300537,广信材料,19.75,-2.805,20.32,20.53,20.7,19.62,5665141,113536827,3.73291,289.165,4.499,4092384741.5,2997302126.75
300538,同益股份,14.3,-1.107,14.46,14.72,14.75,14.02,2932100,41779130,2.39419,-51.071,2.928,2601435593.9,1751280573.9
300539,横河精密,17.4,-0.742,17.53,17.58,17.88,17.33,4443300,78151696,2.03388,79.091,4.065,4674982618.8,3801286423.7999997
300540,蜀道装备,24.69,-1.516,25.07,25.5,25.5,24.59,5276439,131221125,2.55237,92.994,4.864,5619242282.7,5104094716.139999
300541,先进数通,9.27,-0.962,9.36,9.43,9.46,9.24,3289800,30614478,0.84779,33.107,2.363,3986512440.84,3597180969.2400002
300542,新晨科技,12.19,-1.296,12.35,12.35,12.46,12.09,2724152,33246275,1.08122,-304.75,6.726,3639445168.81,3071289236.03
300543,朗科智能,7.77,-1.894,7.92,7.99,7.99,7.75,4209657,32956554,1.68252,258.14,1.725,2380505265.18,1944044738.16
300545,联得装备,26.21,-2.493,26.88,26.98,27.45,26.12,6852000,182634937,5.51906,42.967,2.232,4881065392.46,3254011050.8900003
300546,雄帝科技,16.74,-0.238,16.78,16.83,16.92,16.56,2031100,33957324,1.47218,83.7,2.791,3141255827.34,2309547877.02
300547,川环科技,23.2,-2.192,23.72,23.72,23.97,23.1,3359900,78695700,1.88246,24.587,3.7,5032223236.8,4140834414.4
300548,长芯博创,219.83,0.826,218.03,223.01,230.55,219.36,11272071,2527288503,3.83094,189.509,31.013,64813303921.990005,64682230724.15
300549,优德精密,14.87,-1.848,15.15,15.25,15.34,14.86,1571700,23593869,1.54006,247.833,3.621,1982765799.9999998,1517553760.75
300550,和仁科技,13.84,-1.284,14.02,14.02,14.48,13.81,2775100,38960264,1.05792,76.889,3.267,3633832351.4399996,3630458436.24
300551,古鳌科技,11.7,-1.763,11.91,11.95,12.0,11.55,5564900,65177371,1.70011,-15.195,6.203,3978735216.2999997,3829704699.6000004
300552,万集科技,20.08,-0.347,20.15,20.23,20.42,20.05,2576756,51995466,1.86779,-23.635,2.474,4279712888.96,2770191138.08
300553,集智股份,56.35,-5.374,59.55,57.82,61.98,56.26,3795000,220902711,4.46002,331.471,7.402,6256261398.45,4794777096.2
300554,三超新材,22.5,-2.003,22.96,23.07,23.44,22.34,4573353,104434003,5.20444,-16.156,5.249,2569760482.5,1977167340.0
300555,ST路通,12.28,0.821,12.18,12.14,12.37,12.13,1129600,13881982,0.5704,-26.597,6.177,2456000000.0,2431898817.64
300556,丝路视觉,15.95,-1.361,16.17,16.25,16.29,15.89,2696500,43315994,2.4851,-31.9,4.946,1938967332.5,1730679249.1999998
300557,理工光科,23.81,-1.367,24.14,24.35,24.38,23.63,1691980,40482132,1.08354,62.658,3.693,3741223418.21,3717988429.71
300558,贝达药业,50.48,3.105,48.96,49.0,51.26,48.5,18935150,952498445,4.4851,69.151,3.225,21369783458.8,21311614193.76
300559,佳发教育,12.56,-2.028,12.82,12.89,12.89,12.51,3671524,46339288,1.18004,157.0,4.276,5017902961.52,3907878622.48
300560,中富通,15.38,-4.65,16.13,16.2,16.36,15.33,9371670,145988724,5.01253,-46.367,3.933,3533456906.36,2875518393.2999997
300561,汇金科技,13.76,-4.245,14.37,14.59,14.6,13.65,14271279,200058957,5.92028,-295.279,7.715,4514765736.0,3316952218.2400002
300562,乐心股份,14.75,-4.654,15.47,15.48,15.67,14.75,11571400,174943199,6.9171,39.125,2.871,3229249773.0000005,2467480049.25
300563,神宇股份,24.3,-0.654,24.46,24.95,25.55,24.3,6034580,149759053,4.76177,59.268,3.929,4425956170.2,3079536108.3
300564,筑博设计,12.72,0.713,12.63,12.73,12.91,12.52,2868500,36510763,2.42937,84.8,1.703,2051929344.0,1501925448.0
300565,科信技术,9.75,-0.713,9.82,9.87,9.97,9.71,6029400,59187726,2.6421,-25.0,4.776,2434619967.0,2225000163.75
300566,激智科技,23.39,-2.42,23.97,24.13,24.64,23.21,13824165,326365378,6.09853,29.987,2.438,6130627131.969999,5302055281.089999
300567,精测电子,184.03,-6.631,197.1,200.21,200.3,183.79,4800296,906787647,2.1142,634.586,9.245,51481812069.380005,41783963652.2
300568,星源材质,15.74,-1.686,16.01,16.1,16.19,15.7,37277845,591976134,3.08401,578.676,2.161,23537897247.859997,19025641483.56
300569,天能重工,5.29,-1.306,5.36,5.43,5.45,5.19,46288202,244528784,4.53963,48.621,1.033,5410221428.72,5393937607.889999
300570,太辰光,212.35,-1.781,216.2,218.0,219.0,211.8,10909864,2344137428,5.67652,160.871,28.912,48230390207.45,40812140655.299995
300571,平治信息,26.96,-3.022,27.8,28.04,28.6,26.93,4054253,111435045,3.50601,-18.722,3.084,3761682806.2400002,3117578238.0
300572,安车检测,23.08,-2.12,23.58,24.1,25.1,23.0,6440056,154972711,3.55138,-26.227,3.27,5285061780.96,4185320045.2000003
300573,兴齐眼药,36.43,2.073,35.69,35.88,36.45,35.43,4356861,157704996,1.6018,12.873,5.978,12929654506.82,9908873515.18
300575,中旗股份,6.11,0.164,6.1,6.13,6.18,6.08,7928199,48598492,2.28926,-14.902,1.457,2924157099.5,2116025684.7599998
300576,容大感光,26.76,-2.691,27.5,27.72,27.89,26.53,7606428,205891005,2.90821,83.625,6.209,10802700861.480001,6999093413.759999
300577,开润股份,18.5,-0.804,18.65,18.93,18.94,18.4,918400,17048733,0.64417,13.406,2.084,4436970569.5,2637549458.5
300578,会畅科技,15.2,-1.17,15.38,15.48,15.51,15.05,2950000,44870661,1.48827,-217.143,2.657,3013700048.0,3012884948.0
300579,数字认证,23.59,-1.09,23.85,24.06,24.24,23.1,5136606,121106158,1.95457,-67.535,8.455,6369300000.0,6199452448.21
300580,贝斯特,18.06,0.669,17.94,17.96,18.43,17.78,5275022,95593987,1.11619,32.25,2.71,9071949081.72,8535020044.32
300581,晨曦航空,9.95,-0.798,10.03,10.1,10.15,9.93,4600374,46060687,0.83627,-75.094,6.13,5473589982.7,5473589982.7
300582,英飞特,10.65,0.472,10.6,10.68,10.79,10.55,4556400,48635422,2.01332,-6.302,3.543,3179413597.2000003,2410234951.65
300583,赛托生物,13.7,0.809,13.59,13.59,13.8,13.58,2943900,40415886,1.58148,-35.128,1.475,2598919126.2,2550240286.2
300584,海辰药业,31.18,1.564,30.7,31.0,31.77,30.53,3970512,124439745,4.83433,88.959,3.486,3741600000.0,2560860824.7799997
300585,奥联电子,14.01,-0.143,14.03,14.23,14.48,13.88,7919000,111218391,4.62799,-34.397,3.837,2397266665.1099997,2397266665.1099997
300586,美联新材,8.58,-2.721,8.82,8.84,8.89,8.51,14046009,121533580,2.6238,-86.667,3.29,6102238814.1,4593140777.94
300587,天铁科技,4.44,-1.114,4.49,4.53,4.54,4.43,12643300,56585326,1.20114,-24.667,2.533,5764313458.679999,4673599548.84
300588,熙菱信息,20.86,-0.761,21.02,21.2,21.57,20.8,2129400,45003831,1.20426,-102.759,16.62,3994085685.8,3688507545.8
300589,江龙船艇,13.6,-1.521,13.81,13.81,14.14,13.49,16604201,228050171,7.4613,-39.103,7.598,5136284745.6,3026513522.3999996
300590,移为通信,11.17,-0.623,11.24,11.33,11.57,11.12,8331925,93828334,2.32856,69.813,2.73,5163182129.46,3996789003.81
300591,万里马,6.17,0.0,6.17,6.29,6.31,6.15,9776300,60630079,2.78925,-16.55,14.839,2503007204.09,2162583315.59
300592,华凯易佰,18.57,-3.782,19.3,19.3,19.34,18.47,10080590,189293375,2.93137,48.868,3.056,7265128639.530001,6385965322.679999
300593,新雷能,28.74,-3.232,29.7,29.65,29.89,28.68,11284786,329536897,2.50627,-79.833,6.718,15591405999.060001,12940534219.74
300594,ST朗进,15.12,-1.37,15.33,15.36,15.36,15.06,1013500,15351665,1.11385,-94.5,1.899,1389126564.0,1375778250.0
300595,欧普康视,10.16,1.702,9.99,10.06,10.21,9.98,5960140,60299368,0.89158,18.92,1.807,9086663137.28,6791906761.6
300596,利安隆,39.33,0.898,38.98,39.01,39.8,38.96,1430600,56330020,0.62303,18.187,1.811,9030941503.109999,9030941503.109999
300597,吉大通信,7.99,-1.114,8.08,8.1,8.13,7.91,2726592,21840580,1.00408,-24.969,2.345,2177834539.7,2169702381.62
300598,诚迈科技,29.92,-1.998,30.53,30.6,30.7,29.75,3650432,109681397,1.68272,-62.647,4.526,6492093690.72,6490719884.0
300599,雄塑科技,14.2,1.574,13.98,14.2,14.4,13.78,19235905,272191586,6.06763,-61.739,2.61,5085468251.4,4501756136.0
300600,国瑞科技,10.11,-1.27,10.24,10.26,10.53,10.08,5554100,56896570,1.88764,-53.211,2.515,2974710592.7999997,2974710592.7999997
300601,康泰生物,13.58,6.177,12.79,12.86,13.7,12.75,35009646,469714329,3.88824,226.333,1.661,15167913025.859999,12227393867.359999
300602,飞荣达,34.88,-2.488,35.77,36.3,36.47,34.64,9910503,349461952,2.47034,55.365,4.719,20455153849.28,13993134018.880001
300603,立昂技术,7.79,-1.641,7.92,8.0,8.02,7.77,8203903,64448075,2.19396,-21.054,2.913,3620778219.4900002,2912926026.6600003
300604,长川科技,239.79,-3.268,247.89,248.03,253.59,239.09,16864768,4121927206,3.44546,113.108,27.498,154804154299.26,117371973981.15
300605,恒锋信息,10.51,-1.129,10.63,10.62,10.68,10.38,5200881,54620814,4.11518,-70.067,4.211,1735664753.75,1328284804.5
300606,金太阳,31.71,-3.909,33.0,33.45,33.67,31.47,5012900,161760049,4.21527,226.5,6.624,4387009562.46,3771030604.1099997
300607,拓斯达,30.2,-1.372,30.62,30.98,30.99,30.12,11716549,356210744,3.39435,201.333,4.864,14404566842.400002,10424364577.0
300608,思特奇,9.8,-0.91,9.89,9.96,10.02,9.77,5669800,55712840,1.86282,-18.148,2.361,3410685297.6,2982787368.4
300609,汇纳科技,23.67,-1.784,24.1,24.21,24.48,23.61,1724300,41106976,1.43818,-34.067,3.307,2843107540.29,2837901939.21
300610,晨化股份,10.42,0.289,10.39,10.46,10.51,10.34,2076050,21631736,1.25382,33.613,1.867,2209949457.6,1725318883.76
300611,美力科技,27.34,-1.619,27.79,27.79,28.18,27.3,2418200,66874581,1.63058,39.623,4.471,5770781751.200001,4054603473.2
300612,宣亚国际,12.16,-2.172,12.43,12.49,12.5,12.15,4777891,58469464,2.62457,-30.4,5.059,2225109711.36,2213664111.36
300613,富瀚微,80.8,-2.084,82.52,83.55,83.78,80.58,9193602,752459341,4.1848,128.254,5.926,18817926504.0,17750960403.2
300614,百川畅银,10.39,-1.33,10.53,10.59,10.79,10.35,1825144,19122635,1.13758,-4.161,2.403,1666979163.92,1666979163.92
300615,欣天科技,12.82,-3.391,13.27,13.45,13.54,12.78,9169600,119647372,5.98979,-320.5,5.499,2474121544.0,1962578711.66
300616,尚品宅配,11.07,1.746,10.88,11.07,11.2,10.73,6025800,66129452,3.88258,-8.08,0.92,2485391898.6,1718076088.44
300617,安靠智电,34.29,-0.724,34.54,34.95,35.07,34.2,1533152,53016123,1.104,76.591,1.861,5682115798.56,4761945705.96
300618,寒锐钴业,30.54,0.427,30.41,30.41,30.95,30.35,2313076,70889495,0.84885,37.244,1.699,9458149159.14,8322047935.320001
300619,金银河,23.96,-0.167,24.0,24.05,24.85,23.65,5648672,136828928,2.96623,216.833,3.376,5419741337.8,4562761406.16
300620,光库科技,270.48,3.62,261.03,264.01,274.58,262.0,9839888,2663757739,3.97835,381.495,29.856,67398353811.600006,66899452640.159996
300621,维业股份,7.1,-2.338,7.27,7.28,7.29,7.07,3231400,23133994,1.59552,-3.622,3.612,1477202570.0000002,1437955992.3
300622,博士眼镜,14.58,-1.486,14.8,14.9,14.9,14.58,4170390,61180167,1.88879,22.431,5.014,4650959113.92,3219216658.74
300623,捷捷微电,31.92,-2.831,32.85,32.9,33.13,31.82,11720072,377756235,1.52673,56.0,4.334,26906003814.480003,24503649424.800003
300624,万兴科技,48.09,-2.256,49.2,49.52,49.52,47.77,6694906,323597679,3.90982,-102.319,9.666,9297543821.16,8234605357.44
300625,三雄极光,10.0,-1.381,10.14,10.19,10.31,9.96,1694399,17044191,1.04611,-64.226,1.523,2793310000.0,1619717560.0
300626,华瑞股份,28.5,-4.266,29.77,29.61,30.19,28.3,5633700,164932149,3.13155,475.0,9.655,5130000000.0,5127193462.5
300627,华测导航,26.22,-0.114,26.25,26.26,26.33,26.02,3323167,86983536,0.50571,29.728,4.768,20817910757.64,17229997264.32
300628,亿联网络,39.49,-1.176,39.96,40.3,40.44,39.45,4717357,187162997,0.64989,19.216,5.433,50030606707.73,28664633864.02
300629,新劲刚,17.6,-2.385,18.03,18.08,18.19,17.54,7386504,131171316,3.40511,55.0,2.503,4425052262.4,3817863051.2
300631,久吾高科,21.99,2.613,21.43,21.58,22.15,21.36,2319700,50569463,1.90757,36.577,2.015,2749111163.7599998,2674095731.19
300632,光莆股份,17.58,-3.566,18.23,18.23,18.32,17.41,11483600,203745000,5.04584,-420.574,3.179,5365092879.599999,4000955428.14
300633,开立医疗,19.42,0.883,19.25,19.51,19.57,19.22,3352225,65065258,1.28874,42.217,2.735,8250344347.099999,5051458837.3
300634,彩讯股份,20.68,-1.242,20.94,21.1,21.25,20.67,8883802,185253131,2.04567,31.815,3.076,9331041412.0,8980775980.0
300635,中达安,11.86,-1.084,11.99,12.09,12.15,11.79,2397400,28499238,1.99159,-17.301,5.149,1660566040.0,1427663297.52
300636,同和药业,7.09,0.0,7.09,7.09,7.18,7.07,4578350,32617575,1.24645,40.747,1.255,2977456099.5499997,2604229863.93
300637,扬帆新材,9.36,-0.952,9.45,9.5,9.52,9.28,1729600,16232848,0.73746,144.668,3.077,2197261216.8,2195246373.84
300638,广和通,19.72,-0.505,19.82,19.91,20.1,19.63,7604980,150759886,1.43384,44.818,2.918,17720057627.68,10459324028.199999
300639,凯普生物,6.32,1.935,6.2,6.22,6.4,6.16,14343895,90872631,2.27608,-30.095,1.073,4085884259.6800003,3982877562.7200003
300640,德艺文创,6.25,-1.264,6.33,6.35,6.5,6.22,9865200,62098331,4.33166,150.602,2.445,1943708918.75,1423415031.25
300641,正丹股份,12.99,0.854,12.88,12.93,13.11,12.9,2501409,32564706,0.47597,9.551,2.144,6826827081.900001,6826780317.900001
300642,透景生命,20.84,4.829,19.88,20.05,21.7,19.71,31956319,666661516,23.20626,947.273,2.353,3381753502.4399996,2869784099.64
300643,万通智控,17.73,-2.689,18.22,18.41,18.41,17.73,4440100,80171978,1.9213,26.074,3.115,4105946271.42,4097390642.19
300644,南京聚隆,20.64,-1.386,20.93,21.15,21.23,20.62,1393300,29013762,1.57494,16.878,2.139,2289667563.84,1825960655.04
300645,正元智慧,13.9,-1.348,14.09,14.09,14.2,13.85,2508890,35092618,1.80081,154.444,1.879,1975280558.5,1936554171.6000001
300647,超频三,10.04,3.719,9.68,9.83,10.28,9.59,87901247,881953192,19.24948,-32.387,10.451,4591503080.96,4584687115.72
300648,星云股份,37.44,-1.37,37.96,38.17,38.43,37.4,1110572,42026430,0.81786,-28.152,5.465,6525095616.0,5084000700.4800005
300649,杭州园林,27.72,3.433,26.8,27.02,28.21,26.23,6026009,164862993,5.91965,-89.419,8.672,3670588401.48,2821804302.2400002
300650,太龙股份,11.98,-1.642,12.18,12.29,12.29,11.78,4774000,57325682,2.80254,66.556,2.029,2892004010.56,2040737185.18
300651,金陵体育,15.98,-0.125,16.0,16.09,16.25,15.84,2523915,40375140,2.44077,35.511,2.122,2256530814.2400002,1652436109.7
300652,雷迪克,27.46,-0.615,27.63,27.75,28.08,27.2,2546809,70282514,2.13164,25.906,2.365,3662905107.1200004,3280821339.8799996
300653,正海生物,15.94,1.271,15.74,15.8,16.06,15.74,2210775,35276385,1.22821,34.652,3.286,2869200000.0,2869200000.0
300654,世纪天鸿,9.72,1.145,9.61,9.67,9.79,9.42,8528956,81755818,2.41854,138.857,4.265,3558733561.44,3427741320.48
300655,晶瑞电材,12.32,-2.609,12.65,12.76,12.8,12.26,25185306,314428109,2.2457,88.0,5.322,13880038122.72,13816782253.119999
300656,民德电子,29.92,0.639,29.73,29.73,31.8,29.69,10057095,308205474,7.45242,-50.025,6.549,5120062154.24,4037723208.64
300657,弘信电子,32.4,-5.152,34.16,34.24,34.41,32.37,18170976,600493700,3.8038,104.516,10.002,15620870930.4,15477688591.199999
300658,延江股份,10.26,-1.441,10.41,10.5,10.59,10.25,4744000,49275767,1.98138,85.5,2.545,3414159717.2999997,2456539580.34
300659,中孚信息,11.22,-0.708,11.3,11.27,11.45,10.95,15750300,176212893,8.63683,-28.05,2.589,2921602481.16,2046101752.2
300660,江苏雷利,23.66,0.638,23.51,23.51,24.06,23.48,3662683,87115402,0.63049,35.387,3.904,13753025933.92,13744753853.74
300661,圣邦股份,110.21,-2.296,112.8,112.98,114.3,109.99,7561028,846668216,1.25527,124.376,7.736,75614104980.24,66384378307.78
300662,科锐国际,20.6,-0.145,20.63,20.79,20.81,20.5,1102500,22730025,0.56144,12.931,1.688,4054210995.4,4045204181.0
300663,科蓝软件,7.33,-1.611,7.45,7.57,7.57,7.3,10141851,74625465,2.20285,-8.879,12.77,3507118697.5299997,3374707385.86
300664,鹏鹞环保,4.62,0.217,4.61,4.61,4.64,4.58,4891252,22557038,0.67449,19.718,0.786,3478214733.84,3350331073.3199997
300665,飞鹿股份,8.7,-0.458,8.74,8.8,8.87,8.62,3224900,28138630,1.47924,-8.008,4.556,1997004351.0,1896695256.3
300666,江丰电子,222.78,-3.278,230.33,231.67,232.56,220.8,6296209,1415844564,2.84326,117.873,8.432,61480837870.74,49333214564.76
300667,必创科技,14.56,-1.087,14.72,15.0,15.0,14.5,3510717,51356347,1.97998,-26.963,2.863,2979500727.84,2581650038.2400002
300668,杰恩股份,29.91,-3.703,31.06,31.0,31.26,29.76,3217600,97286858,3.22748,249.25,4.536,3600603875.43,2981843412.42
300669,沪宁股份,24.15,-1.589,24.54,24.78,24.78,23.88,1582944,38301467,0.86737,241.259,5.372,4653838452.900001,4407373478.55
300670,大烨智能,7.24,-2.949,7.46,7.53,7.55,7.21,8160900,59844398,3.632,-11.016,5.209,2294504267.96,1626786196.2400002
300671,富满微,54.64,-7.154,58.85,59.73,59.86,54.2,13410874,754430606,6.00626,-65.048,7.301,12232978594.4,12200112361.2
300672,国科微,180.65,-3.126,186.48,186.23,189.32,180.5,6542160,1204616382,3.11031,-168.156,9.779,39219557953.8,37997498459.65
300673,佩蒂股份,14.95,0.47,14.88,14.88,15.3,14.7,2631950,39250907,1.64024,31.146,2.194,3697222532.25,2398896046.2999997
300674,宇信科技,15.04,-5.882,15.98,16.1,16.1,14.99,36357175,557593078,5.17009,23.873,2.259,10589018182.4,10576452036.800001
300675,建科院,14.48,1.401,14.28,14.05,14.97,13.45,14977413,210622749,10.21187,-23.05,4.319,2123733816.0,2123733816.0
300676,华大基因,45.86,3.85,44.16,43.92,47.35,43.8,16717771,771052321,4.01835,-30.961,2.252,19184021059.5,19079408667.0
300677,英科医疗,50.96,3.619,49.18,49.26,51.2,49.01,8159346,412767512,1.75239,32.253,1.756,33366226282.48,23727614375.92
300678,中科信息,20.74,-0.955,20.94,21.1,21.1,20.71,2074153,43154023,0.70854,429.4,7.285,6147051716.820001,6071359552.06
300679,电连技术,40.17,-1.809,40.91,41.21,41.46,39.66,9673679,390905258,2.69108,62.766,3.389,17065019400.0,14439980719.71
300680,隆盛科技,20.1,-0.446,20.19,20.31,20.64,20.06,3781588,76690926,1.67057,19.047,2.938,5911689148.8,4549948720.8
300681,英搏尔,21.93,-0.046,21.94,21.95,22.8,21.73,11167199,247382726,4.83812,30.887,2.148,6711793606.200001,5061815165.25
300682,朗新科技,8.67,0.814,8.6,8.67,8.7,8.58,6771496,58525890,0.65493,86.7,1.467,9348304568.07,8964204459.39
300683,海特生物,25.54,2.447,24.93,24.99,26.34,24.7,5250726,134996363,4.29684,-14.429,1.605,3343042746.14,3120977886.16
300684,中石科技,108.1,0.671,107.38,108.09,116.12,107.61,21252487,2357682850,10.3886,95.125,15.631,32376947006.3,22114576633.7
300685,艾德生物,21.34,1.619,21.0,20.9,21.81,20.8,16871419,362553493,4.33059,23.451,4.395,8324844306.46,8313783656.42
300686,智动力,14.3,-2.589,14.68,14.61,14.95,14.12,6181880,88910041,2.38768,-27.327,4.766,3726926346.0,3702381826.0
300687,赛意信息,28.38,-2.742,29.18,29.0,29.48,28.08,12103620,344816417,3.60373,-109.154,4.259,11590721491.8,9531821426.82
300688,创业黑马,33.23,-3.625,34.48,34.54,34.7,32.93,6624803,223175903,4.4648,-110.767,15.779,5562019588.72,4930616159.34
300689,澄天伟业,60.42,-1.258,61.19,61.88,63.0,59.23,4493480,274322938,4.41646,464.769,10.008,6984552000.0,6147367888.080001
300690,双一科技,26.58,0.075,26.56,25.95,27.21,25.5,14008048,368134303,12.55424,27.402,2.639,4394974267.02,2965803257.64
300691,联合光电,20.55,0.049,20.54,20.64,21.24,20.48,17554885,364067751,7.95281,685.0,3.376,5528952141.3,4536168366.0
300692,中赋科技,8.97,2.164,8.78,8.84,9.33,8.81,20591499,186046666,3.91935,54.662,1.573,5043616760.52,4712663623.2
300693,盛弘股份,35.93,-0.25,36.02,36.48,36.63,35.78,4779469,172815898,1.77264,23.505,5.004,11238753920.390001,9687576055.789999
300694,蠡湖股份,10.65,-0.746,10.73,10.78,10.85,10.55,2561100,27378281,1.18128,18.684,1.532,2311799504.4,2309003879.4
300695,兆丰股份,49.13,-0.707,49.48,50.46,51.23,48.6,852400,42086373,0.83359,14.159,1.735,5023882676.12,5023882676.12
300696,爱乐达,20.15,-0.934,20.34,20.58,20.77,20.0,3962636,80409586,1.44684,106.053,3.138,5929117007.450001,5518730400.3
300697,电工合金,14.14,-0.352,14.19,14.25,14.3,14.09,4299930,60945890,1.29813,36.919,4.706,6117529600.0,4683733600.0
300698,万马科技,26.54,-2.175,27.13,27.28,27.29,26.49,1767799,47191379,1.4709,75.829,6.463,3556360000.0,3189708971.1000004
300699,光威复材,22.83,0.973,22.61,22.69,22.9,22.58,5164779,117493668,0.62727,31.214,3.471,18979766160.0,18797772226.170002
300700,岱勒新材,16.7,-2.51,17.13,17.18,17.48,16.65,3837719,65045055,1.0798,-34.292,8.534,6630381344.1,5935332921.9
300701,森霸传感,9.84,-2.284,10.07,10.1,10.16,9.8,3912899,39012418,1.55179,37.846,2.828,2751198337.6800003,2481192742.56
300702,天宇股份,22.68,2.997,22.02,22.01,22.98,21.75,5422055,122575552,2.56792,55.317,2.215,7892121966.12,4788792776.88
300703,创源股份,13.83,-0.931,13.96,14.15,14.15,13.67,4485750,62290040,2.64394,40.676,3.27,2494819147.2,2346419692.89
300705,九典制药,11.07,3.749,10.67,10.71,11.08,10.67,10149460,111521954,2.7435,11.531,2.166,5538223517.58,4095306160.9199996
300706,阿石创,45.93,-3.791,47.74,48.59,48.6,45.79,4068775,190526030,3.57442,-127.583,9.919,7051922213.070001,5228226781.32
300707,威唐工业,12.09,-0.983,12.21,12.21,12.3,12.07,1821600,22135658,1.2687,73.051,1.932,2102451132.99,1735888510.98
300708,聚灿光电,9.06,-0.767,9.13,9.36,9.45,9.04,30378306,280415622,4.25213,32.357,2.903,8546544468.24,6472702404.839999
300709,精研科技,34.39,-2.023,35.1,35.4,35.44,34.21,4268484,148054550,2.8485,122.821,2.888,6418679628.589999,5153347036.79
300710,万隆光电,29.12,-2.836,29.97,30.35,30.49,29.0,2497700,73544451,3.34902,-98.913,6.754,2897157536.0,2171769978.56
300711,广哈通信,16.96,-2.248,17.35,17.41,17.5,16.95,5858459,100154149,2.09463,44.109,3.169,4756154398.72,4743539516.8
300712,永福股份,20.0,0.402,19.92,20.04,20.2,19.66,1038902,20686542,0.55634,156.372,3.018,3750920700.0,3734800200.0
300713,英可瑞,14.3,0.281,14.26,14.56,15.48,14.25,9127278,133503004,10.20865,-23.833,5.378,2271423583.0,1278524833.3
300715,凯伦股份,13.3,-3.343,13.76,13.88,13.94,13.22,6113600,82139504,1.91393,221.667,2.787,5028137219.0,4248372795.7999997
300716,*ST泉为,17.05,-2.124,17.42,17.59,17.62,17.05,820500,14222892,0.51275,-12.322,-11.404,2728341000.0,2728341000.0
300717,华信新材,20.8,5.423,19.73,19.88,21.94,19.88,10417805,219576480,10.22823,38.519,2.882,2137720000.0,2118550719.9999998
300718,长盛轴承,54.0,-2.192,55.21,54.38,56.66,53.12,8457545,463433946,4.29544,63.529,8.998,16134067620.000002,10632377358.0
300719,安达维尔,11.77,-0.926,11.88,11.95,11.96,11.72,1991150,23524694,1.10853,-525.446,2.995,2992253555.5,2114128953.6399999
300720,海川智能,56.72,-0.787,57.17,57.92,59.96,56.67,6423634,374287166,3.48835,478.246,18.992,11053437960.320002,10444716935.12
300721,怡达股份,19.93,-3.72,20.7,20.55,20.7,19.88,6431434,129781214,4.64713,-30.042,2.95,3285395508.27,2758229170.92
300722,新余国科,21.1,1.199,20.85,21.27,21.45,20.94,1769107,37537659,0.63923,70.333,9.111,5839561727.999999,5839561727.999999
300723,一品红,33.27,2.055,32.6,32.47,33.8,32.47,4399720,146494394,1.04957,-44.491,8.143,15027818324.820002,13946569275.42
300724,捷佳伟创,53.55,-0.705,53.93,54.05,54.3,53.2,3919196,210446010,1.34972,7.121,1.403,18651036921.3,15549324156.45
300725,药石科技,55.35,5.974,52.23,52.91,57.55,51.11,33837161,1875597012,16.69155,62.898,2.834,12941236324.35,11220571483.199999
300726,宏达电子,50.68,-4.431,53.03,53.78,53.78,50.6,7578983,390965116,3.53434,52.028,4.242,20872043344.600002,10867739277.64
300727,润禾材料,32.09,-4.295,33.53,33.76,33.78,32.05,4122383,134657076,2.54285,47.191,4.273,5780575535.679999,5202312933.43
300729,乐歌股份,11.07,-0.717,11.15,11.28,11.32,11.04,2615800,29088382,0.79729,14.566,1.064,3781660393.35,3631895027.55
300730,科创信息,11.24,-4.503,11.77,11.77,11.81,11.2,6363700,72539194,3.07789,-19.719,20.194,2710401764.2799997,2323930358.8
300731,科创新源,42.92,-4.495,44.94,45.22,45.4,42.53,6476271,282915454,3.84918,153.286,12.324,7609051813.000001,7221327082.88
300732,设研院,5.88,-0.339,5.9,5.9,5.93,5.79,4733491,27768863,1.27846,-12.0,0.789,2178893223.36,2177061544.56
300733,西菱动力,13.12,3.226,12.71,12.71,13.22,12.59,7142686,92204680,2.44261,40.147,2.926,5203422674.559999,3836549678.4
300735,光弘科技,17.58,-1.457,17.84,18.0,18.11,17.54,6451958,114393893,0.84834,46.263,2.599,14328939055.98,13370272455.6
300736,百邦科技,33.4,-2.85,34.38,34.47,34.88,32.94,4205400,141782597,3.36734,-145.217,67.109,4273006421.6,4171254190.0
300737,科顺股份,4.83,4.772,4.61,4.58,4.87,4.45,44384440,208334306,5.00288,-10.063,1.363,5362538011.11,4285066020.9
300738,奥飞数据,18.5,-1.017,18.69,18.7,18.8,18.5,14571101,271104563,1.47946,135.333,4.969,18226275461.5,18220541201.5
300739,明阳电路,27.85,-6.512,29.79,29.81,29.89,27.85,14586167,416666729,4.8143,116.042,3.742,10389864622.449999,8437872047.45
300740,水羊股份,21.25,2.756,20.68,20.8,22.54,20.72,35410919,766383179,8.65841,55.921,4.111,9347925553.75,8690760123.75
300741,华宝股份,24.73,-2.753,25.43,25.67,25.7,24.5,23097113,577762055,3.75028,176.643,2.233,15230712400.0,15230641919.499998
300743,天地数码,14.41,-1.234,14.59,14.65,14.68,14.38,1335900,19357715,1.04734,20.014,3.588,2178854294.43,1838011754.48
300745,欣锐科技,26.0,-3.346,26.9,26.65,26.88,25.8,5074898,132993993,3.56812,-35.616,1.96,4382729520.0,3697955248.0
300746,汉嘉数智,14.87,-11.541,16.81,16.66,17.16,14.78,22059850,344154895,9.86817,46.746,4.035,3356728937.36,3324120841.5
300747,锐科激光,36.17,-0.632,36.4,36.9,37.38,36.04,11389308,417605320,2.18195,125.503,5.739,20313072000.0,18879935940.9
300748,金力永磁,24.11,0.5,23.99,24.12,24.43,23.95,9014768,218053356,0.79644,46.365,4.362,33319299038.67,27289771170.68
300749,顶固集创,21.9,-0.725,22.06,22.25,22.5,21.56,3468110,76443015,2.20344,547.5,6.641,4493209860.0,3446963640.0
300750,宁德时代,291.11,1.503,286.8,290.0,292.7,285.8,29699471,8613929784,0.69707,18.037,3.551,1347038656091.5,1240308239032.1
300751,迈为股份,176.9,-2.824,182.04,182.14,185.1,176.28,2931447,526564781,1.52007,68.301,6.133,49337719928.799995,34115015519.500004
300752,隆利科技,12.65,-2.991,13.04,13.17,13.28,12.6,4962540,64131353,2.2227,46.852,3.199,4084298896.7,2824320807.55
300753,爱朋医疗,20.66,0.584,20.54,20.82,21.08,20.57,3357079,69907681,3.79046,-108.395,3.96,2604151680.0,1829782918.98
300755,华致酒行,11.36,2.527,11.08,11.1,11.56,10.96,6759820,76154136,1.62269,-12.622,1.766,4734829824.0,4732359024.0
300756,金马游乐,28.13,-6.483,30.08,29.78,30.38,27.82,7326341,213751296,3.81588,55.157,4.186,6206531355.9800005,5400846664.2300005
300757,罗博特科,533.5,0.851,529.0,530.0,548.0,526.68,5161463,2764868670,3.17498,-1301.22,57.523,95754773218.5,86729386199.5
300758,七彩化学,11.24,1.353,11.09,11.12,11.65,11.06,7749797,88256730,2.15427,74.933,2.495,4486059703.679999,4043498911.04
300759,康龙化成,44.97,4.63,42.98,43.17,45.92,42.5,62591631,2794259471,4.40776,47.623,5.054,82622644751.15999,63858836971.380005
300760,迈瑞医疗,161.32,1.453,159.01,158.2,162.47,157.51,7446597,1190109599,0.61508,24.025,4.82,195487484208.92,195304017231.40002
300761,立华股份,20.81,-0.24,20.86,20.87,20.98,20.65,4891620,101818820,0.75632,30.012,1.918,17612279650.010002,13459156967.1
300762,上海瀚讯,24.54,-1.168,24.83,25.23,25.27,24.44,8798719,217723332,1.40115,-129.158,7.214,15959705000.58,15410280044.88
300763,锦浪科技,52.96,0.646,52.62,53.0,53.29,52.16,5775050,304652525,1.79575,28.17,2.248,21008796351.04,17031659760.640001
300765,石药创新,47.19,7.055,44.08,44.18,48.64,43.73,21515097,1006217269,1.53177,-272.617,16.838,66282741027.36,66282741027.36
300766,每日互动,21.19,-1.625,21.54,21.7,21.74,21.12,8546489,182189293,2.3879,-235.444,5.321,8364747350.83,7584071325.22
300767,震安科技,19.22,-2.238,19.66,19.89,19.89,19.19,4332509,83871490,1.80603,-45.245,3.47,5310313558.16,4610721760.62
300768,迪普科技,14.82,-2.307,15.17,15.1,15.19,14.62,8533204,126513942,2.02849,51.103,2.701,9541546357.98,6234285443.88
300769,德方纳米,39.6,0.84,39.27,39.3,40.46,38.85,9675102,384309331,3.84272,-13.424,2.049,11095445988.0,9970395890.4
300770,新媒股份,34.03,-0.555,34.22,34.2,34.45,33.76,3081503,105056027,1.35249,11.775,2.09,7753347251.7300005,7753347251.7300005
300771,智莱科技,11.32,-0.789,11.41,11.42,11.51,11.29,3370997,38414431,1.78287,32.343,1.367,2716800000.0,2140354730.3600001
300772,运达股份,9.88,-1.984,10.08,9.89,10.21,9.85,24105441,240276239,3.45367,22.455,1.221,7774055325.400001,6895900345.36
300773,拉卡拉,14.38,-0.622,14.47,14.55,14.57,14.35,17031740,245534729,1.6558,9.523,3.374,15635818600.84,14791422283.02
300774,倍杰特,9.6,-1.437,9.74,9.77,9.82,9.51,4168302,40220643,2.04251,48.0,2.694,3924131136.0,1959143769.6
300775,三角防务,19.85,-0.651,19.98,20.08,20.22,19.83,7895290,157650825,1.48507,27.958,1.852,10868946522.85,10553133737.45
300776,帝尔激光,128.91,1.672,126.79,128.0,136.79,127.27,14383573,1892103496,8.02152,67.492,7.452,36769573722.96,23115144081.15
300777,中简科技,19.99,-0.25,20.04,20.29,20.29,19.87,3245223,65166079,0.75311,27.764,1.984,8789753664.63,8613835747.59
300778,新城市,11.05,-0.897,11.15,11.13,11.19,10.86,3853300,42468236,1.89256,-78.258,1.891,2250439044.1,2249802199.45
300779,惠城环保,50.04,-1.263,50.68,51.02,51.08,50.03,3483039,175687488,1.53319,166.8,6.756,14877468060.48,11367872378.28
300780,德恩精工,18.59,-2.209,19.01,19.21,19.3,18.51,3061300,57503539,2.84079,-58.094,2.74,2726595300.0000005,2003300636.48
300781,因赛集团,26.91,-2.676,27.65,27.87,27.98,26.91,3942387,107518035,3.25449,-48.927,7.932,4417958399.4,3259790857.4399996
300782,卓胜微,70.17,0.128,70.08,71.03,71.43,69.3,8153182,571720425,1.77798,-128.118,3.116,40346836807.62,32177538889.56
300783,三只松鼠,16.64,1.898,16.33,16.35,16.77,16.35,3778020,62495566,1.34793,42.667,2.151,6684061696.0,4663899136.0
300784,利安科技,42.34,-1.213,42.86,43.3,43.41,42.08,369709,15744665,2.18317,44.568,2.935,2381099984.0,717005671.5
300785,值得买,36.22,-2.398,37.11,37.41,37.66,36.09,13281415,484859163,10.20837,82.318,3.724,7202536901.46,4712338918.16
300786,国林科技,13.88,-3.073,14.32,14.48,14.49,13.81,5777071,80931718,3.93782,-126.182,2.313,2554140400.52,2036300363.72
300787,海能实业,11.87,0.0,11.87,11.96,12.35,11.82,10680035,128572297,5.43423,39.292,2.69,3720449947.4,2332842757.29
300788,中信出版,29.89,-1.613,30.38,30.2,32.33,29.78,10936177,335474301,5.7513,43.956,2.533,5683628783.35,5683628783.35
300789,唐源电气,15.77,-1.622,16.03,16.19,16.23,15.66,1512435,23932718,1.08357,86.364,2.229,2268499628.89,2201164457.1
300790,宇瞳光学,18.49,2.098,18.11,18.46,19.67,18.36,28173898,532922423,6.16574,28.015,3.469,9621566840.77,8448875626.24
300791,仙乐健康,18.41,4.07,17.69,17.7,18.53,17.7,2896640,53052259,1.12491,41.204,1.973,5674434621.52,4740570268.63
300792,壹网壹创,24.55,-0.567,24.69,24.71,24.87,24.21,6109000,149978469,2.85221,54.556,1.962,5834608433.900001,5258245457.05
300793,佳禾智能,11.63,-1.857,11.85,11.93,11.99,11.63,4292000,50378750,1.15349,-23.735,1.583,4425759586.38,4327387231.38
300795,米奥会展,12.81,0.235,12.78,12.88,13.37,12.71,14253283,184568979,8.1825,27.848,6.661,3828830474.7,2231404080.36
300796,贝斯美,7.04,1.734,6.92,6.94,7.32,6.92,7140999,50969029,1.98131,88.0,1.48,2542445818.8799996,2537343121.2799997
300797,钢研纳克,13.01,-0.611,13.09,13.24,13.24,12.95,2525114,32942967,0.66155,31.593,3.676,4975976462.099999,4965843935.84
300798,锦鸡股份,8.62,2.375,8.42,8.43,9.1,8.43,32727060,285494257,8.06674,-114.933,2.254,4250971869.18,3497164911.32
300800,力合科技,10.61,-1.026,10.72,10.78,10.82,10.56,2544400,27062291,1.08605,58.944,1.229,2512012990.0,2485702312.0
300801,泰和科技,21.4,0.469,21.3,21.29,21.78,21.29,2496800,53758715,1.81962,61.547,1.751,4667322880.0,2936413326.3999996
300802,矩子科技,24.1,-1.953,24.58,24.61,25.14,23.85,5968640,145234148,2.94952,75.313,4.565,6846285945.5,4876868649.5
300803,指南针,53.03,-2.911,54.62,54.83,55.17,52.53,14673212,783660260,1.65383,139.553,14.823,47407615582.64001,47049549863.590004
300804,广康生化,55.41,12.485,49.26,49.26,58.23,48.52,5816336,310960542,21.15031,100.745,3.015,4100340000.0,1523775000.0
300805,电声股份,8.67,-2.144,8.86,8.88,8.9,8.62,12729300,110789286,4.23987,108.375,2.35,3679913457.84,2602983063.09
300806,斯迪克,47.89,-2.484,49.11,49.31,49.5,47.83,11665037,565803466,2.55438,368.385,12.815,30349421409.35,21869868161.539997
300807,天迈科技,35.33,-0.703,35.58,35.73,35.78,34.5,1209393,42503906,2.32848,-86.171,5.459,2403838608.71,1835010911.43
300808,久量股份,20.09,-0.347,20.16,20.29,20.3,19.82,2076219,41565758,1.7462,-52.523,3.46,3214400000.0,2388692501.9300003
300809,华辰装备,23.61,-0.965,23.84,23.99,24.15,23.42,1742449,41328963,1.15724,29.513,3.207,5986060512.0,3554945989.44
300810,中科海讯,24.42,-0.123,24.45,24.58,25.02,24.28,1428075,35140061,1.25266,-64.518,3.929,2882781000.0,2783969133.0
300811,铂科新材,78.55,-2.568,80.62,81.03,81.3,78.2,6277495,499911461,1.87533,54.172,9.877,32035032753.750004,26293935241.899998
300812,易天股份,18.2,-4.562,19.07,19.19,19.29,18.15,5806776,107635798,3.26334,140.0,4.596,3569162688.0,3238502103.2000003
300813,泰林生物,22.83,2.331,22.31,22.45,23.46,22.29,3972347,91745862,4.66643,163.071,3.499,2766978169.77,1943428246.5900002
300814,中富电路,121.86,-4.281,127.31,128.0,128.88,121.61,3596142,445374114,1.87857,761.625,14.274,23327675885.52,23327675885.52
300815,玉禾田,14.94,-0.731,15.05,15.12,15.12,14.94,2608547,39111327,0.66517,10.671,1.265,5954964480.0,5858867531.52
300816,艾可蓝,58.36,0.154,58.27,58.98,61.62,58.28,2347900,140548696,4.02276,48.347,4.781,4668800000.0,3406200892.24
300817,双飞集团,17.18,1.417,16.94,17.04,17.7,16.82,8020404,138631320,6.35866,57.267,3.559,3750363763.2,2166974870.04
300818,耐普矿机,15.7,-1.875,16.0,16.16,16.21,15.63,2588840,40873236,1.82143,33.713,1.929,3444700403.2999997,2231475634.2
300819,聚杰微纤,42.35,-5.363,44.75,45.0,45.45,42.2,2893700,125051782,2.14726,111.447,7.176,6318831750.0,5707181287.5
300820,英杰电气,64.97,-2.827,66.86,67.3,67.93,64.5,3950661,260167263,3.53408,64.327,5.61,14436602845.86,7262842840.860001
300821,东岳硅材,14.31,-0.969,14.45,14.57,14.64,14.27,22153478,319643173,1.84645,-715.5,3.216,17172000000.0,17169005632.499998
300822,贝仕达克,11.23,-1.318,11.38,11.49,11.5,11.21,1848778,20913603,0.63976,285.751,2.84,3498551525.9999995,3245268275.5099998
300823,建科智能,14.7,-1.408,14.91,14.96,14.98,14.55,2619600,38698615,3.01957,56.538,2.027,1925446086.8999999,1275286254.9
300824,北鼎股份,8.18,-0.244,8.2,8.21,8.35,8.12,7075105,58054014,2.21812,23.371,3.504,2669474958.7599998,2609159475.18
300825,阿尔特,11.27,-2.0,11.5,11.5,11.71,11.24,13806050,157059079,2.84962,-22.025,2.711,5577303020.87,5460178633.0
300826,测绘股份,14.86,-0.933,15.0,15.1,15.29,14.8,2808440,41845694,1.26754,148.6,2.272,3391349630.94,3292469080.8199997
300827,上能电气,24.48,-0.122,24.51,24.66,24.78,24.13,5988082,146634590,1.37171,26.609,3.177,13627809853.92,10686505932.0
300828,锐新科技,17.26,-3.197,17.83,17.71,18.0,17.25,7529600,132152914,7.94203,86.3,3.645,2872443719.9999995,1636368595.62
300829,金丹科技,21.96,-4.397,22.97,22.97,23.19,21.7,25959040,577180365,15.43969,39.927,2.046,4990961349.72,3692175008.7599998
300830,金现代,7.95,-1.365,8.06,8.06,8.12,7.93,6921400,55335494,2.05423,-44.167,2.763,3590543938.65,2678631437.4
300831,ST派瑞,13.24,-1.12,13.39,13.48,13.53,13.23,1856300,24742859,1.00621,95.803,4.377,4236800000.0,2442571337.6
300832,新产业,50.37,1.614,49.57,49.71,50.99,49.32,4216913,212783034,0.61733,24.427,4.413,39576655200.450005,34407358546.560005
300833,浩洋股份,43.54,-1.27,44.1,44.68,44.7,43.37,1068737,46890372,1.31531,32.01,2.255,5507396370.0,3537776388.58
300834,星辉环材,37.31,-1.764,37.98,38.37,38.6,37.28,847800,32063628,0.44157,138.185,2.503,7227407890.429999,7163454856.74
300835,龙磁科技,187.21,-3.604,194.21,193.81,195.0,186.66,2498705,475883321,2.98976,130.007,15.807,22324331963.399998,15646154939.83
300836,佰奥智能,55.5,3.564,53.59,53.83,57.91,53.02,3482109,194289341,5.48795,51.213,8.055,5144051355.0,3521478441.0
300837,浙矿股份,22.33,-1.326,22.63,22.75,22.92,22.28,986100,22215793,1.30446,29.382,1.613,2233150995.46,1688019870.46
300838,浙江力诺,14.52,-0.48,14.59,14.66,14.78,14.4,2216609,32410697,2.17726,-72.6,2.09,2003440560.0,1478243085.0000002
300839,博汇股份,12.45,-2.046,12.71,12.72,12.76,12.32,4412200,55229725,1.55808,-54.13,4.61,3587267565.4500003,3525608405.1
300840,酷特智能,18.03,-3.012,18.59,18.61,18.67,18.01,4813500,87670341,2.7116,120.2,3.392,4327200000.0,3200601490.05
300841,康华生物,56.36,3.148,54.64,56.0,57.1,54.5,3609456,203906520,2.9689,33.306,2.027,7323807227.639999,6851985824.24
300842,帝科股份,59.1,-1.237,59.84,60.8,61.34,58.8,2884800,172221151,2.23165,-30.781,5.228,8586032811.3,7639705704.0
300843,胜蓝股份,119.81,0.545,119.16,121.39,123.99,118.11,7147788,865209844,4.29533,176.191,11.913,20321779942.059998,19937385252.17
300844,山水比德,24.53,-2.465,25.15,24.99,25.12,24.37,1643881,40530857,1.82573,-84.967,2.974,2286462886.4,2208678256.4
300845,捷安高科,14.4,0.418,14.34,14.48,14.48,14.17,3844527,55047126,2.64504,72.0,3.757,2961231840.0,2093022705.6000001
300846,首都在线,18.14,-3.253,18.75,18.84,19.08,18.13,13022025,240253685,3.12393,-53.526,11.984,9171910175.34,7561619436.660001
300847,中船汉光,14.28,-1.176,14.45,14.45,14.83,14.27,5763994,83428542,1.94723,36.947,2.79,4227022800.0000005,4227022800.0000005
300848,美瑞新材,10.92,-0.274,10.95,11.1,11.12,10.87,1780047,19551644,0.70324,57.474,3.039,4672532886.84,2764097831.04
300849,锦盛新材,20.94,-1.69,21.3,21.47,21.47,20.9,1776400,37398719,1.22563,-58.167,5.892,3141000000.0,3034991250.0
300850,新强联,31.81,-0.594,32.0,31.33,33.1,31.21,35245537,1134301558,10.90382,14.934,1.806,13172070411.35,10282269012.449999
300851,交大思诺,24.98,-0.755,25.17,25.17,25.46,24.9,920264,23157290,1.62409,29.047,1.677,2171596332.0,1415454904.46
300852,四会富仕,70.7,-6.593,75.69,75.6,75.8,70.7,10963701,790195866,7.07535,80.341,5.002,11348846365.5,10955411187.7
300853,申昊科技,31.09,4.504,29.75,29.81,31.66,29.43,7386671,228166728,7.51334,-23.553,9.416,4568647519.0,3056584653.93
300854,中兰环保,14.96,-1.514,15.19,15.31,15.4,14.81,2297140,34562858,2.01537,-17.223,2.395,2151496336.0,1705159425.2
300855,图南股份,33.2,-1.571,33.73,33.89,33.99,33.2,2341630,78623355,0.79931,85.128,5.973,13131645800.0,9726143781.6
300856,科思股份,10.4,0.678,10.33,10.39,10.45,10.3,1731480,18025676,0.37663,45.795,1.864,4947147119.2,4781250479.2
300857,协创数据,251.16,1.936,246.39,254.0,255.9,248.58,11436351,2885231806,2.35854,74.308,20.276,122908421126.40001,121785391334.87999
300858,科拓生物,15.12,2.857,14.7,14.72,15.43,14.72,4837600,73164136,2.47144,42.0,2.223,3984046184.16,2959591098.24
300859,西域旅游,22.5,-1.532,22.85,22.93,23.04,22.5,2570400,58268706,1.65832,46.875,4.713,3487500000.0,3487500000.0
300860,锋尚文化,28.74,-0.931,29.01,28.92,29.65,28.46,1996679,57490877,1.82484,-319.333,1.759,5416073779.0199995,3144641964.66
300861,美畅股份,15.1,-0.723,15.21,15.28,15.38,15.09,5415020,82237734,1.28359,41.552,1.536,10144790644.0,6370159839.0
300862,蓝盾光电,44.19,-4.164,46.11,46.45,46.8,43.2,24887097,1112377114,16.43027,-92.063,4.16,8158265089.379999,6693503799.33
300863,卡倍亿,37.45,-1.083,37.86,37.86,38.1,37.3,3503682,131844732,1.39522,57.615,6.752,9789661890.4,9404455572.05
300864,南大环境,24.65,-0.364,24.74,24.7,25.03,24.43,2386395,58887400,1.49989,25.677,3.003,3921917741.2000003,3921917741.2000003
300865,大宏立,28.27,-3.052,29.16,29.16,30.28,28.05,3435900,99004879,5.52918,1020.578,3.047,2704873600.0,1756733844.25
300866,安克创新,124.63,0.646,123.83,125.0,125.4,122.85,2880981,357859768,0.92737,26.12,6.34,73460927234.31,38717905636.41
300867,圣元环保,16.71,-0.772,16.84,16.8,16.95,16.7,3125097,52518250,1.63082,18.292,1.111,4540792995.63,3202100905.62
300868,杰美特,72.71,-3.734,75.53,76.83,77.35,72.58,2226300,165235199,2.75674,-161.47,6.335,9247161531.960001,5871937810.749999
300869,康泰医学,11.35,0.088,11.34,11.34,11.56,11.25,4968747,56771878,1.88399,-189.167,2.759,4560475978.85,2993391296.6
300870,欧陆通,175.3,-3.363,181.4,183.0,183.51,174.61,3234670,574608294,2.11933,75.56,10.31,26758412912.6,26755467872.600002
300871,回盛生物,21.1,2.328,20.62,20.72,21.5,20.6,4093621,86378026,2.02871,15.806,1.84,4257649932.7,4257649932.7
300872,天阳科技,14.88,-1.652,15.13,15.23,15.34,14.84,4665043,69887994,1.10539,-51.31,2.031,7263241715.04,6279757191.84
300873,海晨股份,14.51,-0.616,14.6,14.76,15.25,14.46,15695052,232137372,6.70935,12.517,1.475,4675805856.3,3394295250.98
300875,捷强装备,31.3,0.224,31.23,31.96,31.96,31.11,1349071,42355474,1.53667,-27.699,3.683,3124827706.2999997,2747879239.7
300876,蒙泰高新,16.07,2.947,15.61,15.61,16.2,15.53,4006570,64015333,3.53304,-25.528,2.413,2443243492.78,1822383060.28
300877,金春股份,26.83,0.6,26.67,27.37,27.37,26.57,1182500,31790753,0.98543,35.773,1.937,3219600000.0,3219559755.0
300878,维康药业,30.16,0.6,29.98,30.17,30.57,29.3,1202700,36359640,0.83578,-19.21,4.917,4366876111.52,4340079434.08
300879,大叶股份,17.06,-1.501,17.32,17.5,17.62,17.06,3129808,54135418,1.5569,-74.174,2.786,3452924090.9799995,3429545322.88
300880,迦南智能,18.0,-1.262,18.23,18.28,18.41,17.9,1531500,27673488,0.78483,43.562,3.296,3512471040.0,3512471040.0
300881,盛德鑫泰,29.61,-1.3,30.0,30.0,30.16,29.48,550200,16371285,0.95843,13.131,2.595,3257100000.0,1699799062.5
300882,万胜智能,13.16,-0.303,13.2,13.25,13.36,13.09,1074500,14192666,0.40345,30.605,2.976,3766407634.08,3504863714.7999997
300883,龙利得,6.36,-1.242,6.44,6.44,6.48,6.34,4515000,28909439,1.36539,-280.176,1.559,2200560000.0,2103090297.0000002
300884,狄耐克,11.78,-1.34,11.94,11.95,12.09,11.73,3093650,36736974,1.61605,235.6,2.322,2990504019.6,2255073177.24
300885,海昌新材,18.26,-1.616,18.56,18.61,18.84,18.26,2391026,44190657,1.4316,82.475,4.956,4531251868.0,3049744571.4999995
300886,华业香料,23.72,-1.413,24.06,24.06,24.21,23.55,781600,18621758,1.65704,58.64,2.972,1781798960.0,1118833262.0
300887,谱尼测试,6.95,-0.287,6.97,7.02,7.04,6.92,4666909,32520803,1.28118,-15.42,1.394,3792847220.35,2531659222.3
300888,稳健医疗,29.25,1.281,28.88,29.04,29.43,28.81,1870800,54645427,0.32235,22.159,1.46,17051899644.0,16975557845.999998
300889,爱克股份,21.3,-2.114,21.76,22.06,22.22,21.16,3148960,67409905,2.0939,-59.815,3.324,4690836804.0,3203242652.7
300890,翔丰华,28.88,6.294,27.17,27.0,29.0,27.0,19116056,537638084,17.48975,63.473,1.592,3453469937.92,3156543539.1200004
300891,惠云钛业,7.69,-0.13,7.7,7.67,7.77,7.56,5506990,42351536,1.6514,-48.063,2.513,3076064903.6,2564417866.85
300892,品渥食品,22.6,0.579,22.47,22.5,23.02,22.32,1960200,44416767,2.97191,452.0,2.214,2260000000.0,1490639319.2
300893,松原安全,15.13,19.984,12.61,12.76,15.13,12.76,22522648,323471626,8.94846,18.882,3.374,7171031110.14,3808115755.72
300894,火星人,10.01,0.603,9.95,10.15,10.18,9.9,3783199,37949139,1.28646,-13.712,4.524,4054092152.11,2943732902.11
300895,铜牛信息,56.8,-2.856,58.47,59.08,59.2,56.69,4431860,254736151,6.49567,-102.305,11.014,7997477317.6,3875346140.0
300896,爱美客,95.0,3.339,91.93,91.71,95.24,91.6,3647035,343816411,1.65015,22.196,3.634,28746245795.0,20996168690.0
300897,山科智能,16.45,-1.497,16.7,16.7,17.03,16.39,3783860,63181603,3.1406,126.538,3.312,3221670549.2999997,1981931745.85
300898,熊猫乳品,20.57,2.237,20.12,20.18,21.08,19.98,5997300,123578946,5.2267,23.614,2.582,2550680000.0,2360274782.36
300899,上海凯鑫,30.31,-1.077,30.64,30.67,31.04,30.08,484847,14789186,1.11902,70.984,3.049,1933276854.4599998,1313270103.8799999
300900,广联航空,21.48,-2.805,22.1,22.1,22.17,21.45,11496909,249549522,4.47817,-61.371,3.623,7039432774.320001,5514613219.32
300901,中胤时尚,16.59,-1.073,16.77,16.83,16.95,16.56,2623000,43861601,1.09292,829.5,4.098,3981600000.0,3981600000.0
300902,国安达,17.93,-1.321,18.17,18.21,18.48,17.92,3464300,62819225,2.73482,-4845.946,4.072,3259734406.17,2271261915.34
300903,科翔股份,92.29,-4.363,96.5,96.16,96.89,91.9,12752252,1192756951,3.62919,-155.161,22.159,40181825899.27,32428836573.760002
300904,威力传动,50.84,8.308,46.94,47.91,53.99,47.3,4628383,234409565,6.39428,-38.809,6.566,3679963514.88,3679963514.88
300905,宝丽迪,41.49,9.041,38.05,38.44,41.8,37.66,17793547,711841857,12.77097,48.812,3.786,7427361227.04,5780720338.11
300906,日月明,27.96,-2.135,28.57,28.73,28.83,27.73,593600,16762814,0.82156,38.996,2.407,2236800000.0,2020194579.0
300907,康平科技,52.28,1.515,51.5,51.98,56.75,51.9,3690543,198992970,3.84432,104.917,6.26,5018880000.0,5018880000.0
300908,仲景食品,17.23,2.073,16.88,16.89,17.28,16.89,1725195,29527732,0.96737,13.153,2.072,3647591000.0,3072783726.7999997
300909,汇创达,60.97,-8.219,66.43,66.43,67.73,60.31,10997482,694980607,8.51599,717.294,5.243,10546162529.63,7873621413.839999
300910,瑞丰新材,28.02,-0.249,28.09,28.09,28.34,27.89,2449690,68747936,0.91312,11.208,2.828,10732844601.539999,7517096602.2
300911,亿田智能,32.01,-2.409,32.8,32.11,33.7,31.88,8045974,261685549,4.69573,-33.966,5.51,5868890959.469999,5484800792.790001
300912,凯龙高科,19.09,-2.203,19.52,19.72,19.81,19.02,2064900,39751262,2.40246,-20.527,5.082,2174060832.0,1640770705.25
300913,兆龙互连,35.77,-1.324,36.25,36.63,37.3,35.65,7049367,255822327,2.46607,48.338,4.638,12261280662.400002,10225009026.4
300915,海融科技,23.18,-0.855,23.38,23.35,23.6,22.76,1369000,31740539,2.37673,-154.533,1.955,2916954232.2400002,1335172357.84
300916,朗特智能,26.81,-1.759,27.29,27.51,28.1,26.71,2863809,78334042,2.78901,37.761,2.927,3877905827.67,2752901899.86
300917,特发服务,34.55,-4.505,36.18,33.45,37.47,30.06,34787451,1136620483,20.58429,47.135,4.83,5838950000.0,5838950000.0
300918,南山智尚,10.61,-0.376,10.65,10.7,10.87,10.59,5059642,54271432,0.99966,37.893,1.378,5370086270.47,5370086270.47
300919,中伟新材,37.24,0.054,37.22,37.09,37.92,36.97,6269363,234590343,0.6853,22.57,1.656,38895921734.88,34068417154.52
300920,润阳科技,30.94,0.357,30.83,30.96,31.5,30.42,1149290,35531282,1.33106,114.593,3.419,4022200000.0,2671481905.82
300921,南凌科技,15.86,-3.175,16.38,16.3,16.44,15.82,5886224,94059498,3.6356,132.167,4.938,4071982694.26,2567814426.06
300922,天秦装备,16.92,-0.821,17.06,17.16,17.34,16.89,3646700,62226570,2.88902,62.458,2.755,2721622269.6,2135745764.28
300923,研奥股份,23.92,-0.209,23.97,24.1,24.25,23.76,1032400,24763202,1.34553,54.364,1.682,1880112000.0,1835339739.9999998
300925,法本信息,13.69,-0.941,13.82,13.93,13.99,13.69,3699398,51015624,1.05845,54.76,2.61,5869025457.05,4784821292.43
300926,博俊科技,16.39,3.603,15.82,15.96,16.66,15.87,4020643,65556910,1.34924,8.32,1.936,7118608253.679999,4884107187.63
300927,江天化学,27.57,4.156,26.47,26.3,28.63,26.3,12175504,336778442,8.64192,204.071,3.897,3980005200.0,3884307800.1
300928,华安鑫创,24.27,-1.621,24.67,24.99,24.99,24.26,1074400,26285646,1.96827,-15.967,1.968,1941600000.0,1324802559.78
300929,华骐环保,16.02,1.264,15.82,15.95,16.05,15.69,1898080,30187344,1.5141,-53.4,2.759,2116769955.12,2008272823.02
300930,屹通新材,25.48,-1.508,25.87,25.97,26.2,25.4,778202,20014177,1.65136,45.5,2.682,2548000000.0,1200745025.48
300931,通用电梯,17.82,4.639,17.03,17.5,18.66,17.25,17259123,309827708,8.83152,-79.059,7.327,4333307220.0,3482498501.46
300932,三友联众,10.89,-1.18,11.02,11.09,11.15,10.84,8121497,89374942,2.5444,47.348,2.734,4880305551.33,3475993442.1299996
300933,中辰股份,6.56,1.391,6.47,6.53,6.58,6.43,6938000,45109869,1.26816,-218.667,1.682,3588913378.24,3588913378.24
300935,盈建科,27.18,-1.379,27.56,27.78,28.0,26.72,1130880,30802133,1.87624,-27.455,2.993,2158925882.4,1638237942.8999999
300936,中英科技,68.66,-6.471,73.41,73.39,74.13,68.39,2008704,140989682,4.21664,2426.148,5.135,5163232000.0,3270790750.0
300937,药易购,24.05,-0.166,24.09,24.09,24.55,23.88,2397000,57988840,3.69541,-179.077,2.836,2300783702.1,1559983577.1000001
300938,信测标准,29.74,-3.847,30.93,31.38,31.38,29.38,8387202,251810939,2.83495,34.78,5.271,10137236861.42,8798582092.96
300939,秋田微,99.43,-0.56,99.99,101.69,103.33,98.01,4217827,426107263,3.51486,148.403,8.246,11931600000.0,11931600000.0
300940,南极光,13.36,-1.837,13.61,13.67,13.78,13.33,2254760,30446309,1.43176,33.602,2.533,2974528809.92,2103955137.92
300941,创识科技,14.99,-0.991,15.14,15.23,15.31,14.84,2321800,34811114,1.83153,93.688,2.41,3069202500.0,1900252499.8799999
300942,易瑞生物,6.65,1.064,6.58,6.61,6.68,6.57,4891150,32486179,1.20746,221.667,3.315,2693768001.75,2693768001.75
300943,春晖智控,31.78,-2.004,32.43,33.5,33.99,31.7,6529651,211565530,4.86053,109.586,6.386,6477399600.0,4269334320.8599997
300945,曼卡龙,11.19,-0.533,11.25,11.3,11.36,11.14,2897741,32474940,1.21395,25.432,1.696,2932581528.51,2671095488.4300003
300946,恒而达,36.21,-0.795,36.5,37.0,37.99,36.16,781924,28780060,1.03158,150.875,4.719,5649042438.000001,2744680884.75
300947,德必集团,15.95,0.0,15.95,15.71,16.2,15.35,6229980,98255163,4.12362,-41.974,2.033,2410646251.2000003,2409734676.8
300948,冠中生态,17.77,-0.504,17.86,18.0,18.29,17.6,2189550,38964335,1.41119,-49.748,2.943,2921043173.15,2757124927.66
300949,奥雅股份,23.9,-1.848,24.35,24.45,24.79,23.71,651633,15686227,1.31017,-11.168,3.764,2079300000.0,1188703353.8
300950,德固特,19.86,-1.926,20.25,20.31,20.66,19.77,1895699,38006343,1.94158,32.557,3.74,3051369840.0,1939066351.4999998
300951,博硕科技,81.89,4.067,78.69,78.93,84.17,78.2,5785801,473520416,3.82177,95.221,6.403,13872214888.33,12397361248.13
300952,恒辉安防,16.49,-0.543,16.58,16.71,16.95,16.48,3463165,57812230,2.33087,25.766,2.292,3979184997.7499995,2450054930.25
300953,震裕科技,92.15,-0.914,93.0,93.73,96.07,91.6,5687120,530629990,3.21973,30.313,4.616,22590839919.3,16276780987.45
300955,嘉亨家化,29.08,4.831,27.74,27.91,29.51,27.91,1856193,53541501,1.84146,-78.595,3.405,2931264000.0,2931264000.0
300956,英力股份,11.18,-1.237,11.32,11.73,11.73,11.11,4059273,45906921,1.92883,186.333,1.827,2408481238.8,2352857776.1
300957,贝泰妮,32.7,1.207,32.31,32.19,32.89,32.18,4363732,142556749,1.03015,27.25,2.251,13851720000.0,13851720000.0
300958,建工修复,12.42,-1.429,12.6,12.6,12.65,12.36,1590603,19846672,1.74697,-23.0,1.58,1946668311.18,1130833883.34
300959,线上线下,85.62,-4.962,90.09,90.66,90.99,85.42,2075092,180644519,3.49706,-611.571,6.238,6881091036.0,5080529235.06
300960,通业科技,19.35,0.0,19.35,19.42,19.69,19.08,3389784,65611958,2.57623,52.297,4.28,2808563490.0,2546061390.0
300961,深水海纳,12.11,-0.165,12.13,12.13,12.46,12.08,5533100,67878645,3.61389,-12.11,4.106,2146860799.9999998,1854117305.1100001
300962,中金辐照,12.91,-0.077,12.92,12.98,13.07,12.88,1439503,18682902,0.54526,28.746,3.258,3408264490.27,3408264490.27
300963,中洲特材,10.59,-1.213,10.72,10.92,10.92,10.58,2773806,29554265,0.8144,88.25,4.298,4856997600.0,3606896612.79
300964,本川智能,68.98,-7.173,74.31,74.31,74.95,68.86,5868484,414601746,6.79248,167.957,6.992,7371175001.059999,5959653816.26
300965,恒宇信通,42.33,-0.259,42.44,42.57,45.22,42.06,727600,31467211,1.32306,70.421,2.119,2539800000.0,2327885437.5
300966,共同药业,25.7,2.718,25.02,25.88,25.88,25.1,2216300,56782007,2.89083,-40.156,4.244,2962724604.1,1970333393.3
300967,晓鸣股份,15.8,-0.878,15.94,15.96,16.1,15.73,1783826,28283326,1.42939,34.348,4.379,2963684004.6,1971788144.3999999
300968,格林精密,9.64,-0.104,9.65,9.7,9.73,9.45,4762500,45537665,1.15209,-192.8,2.276,3984983200.0,3984983200.0
300969,恒帅股份,75.65,1.028,74.88,75.6,78.85,74.01,1613417,123675282,2.06121,50.772,6.99,12415667106.4,5921526520.650001
300970,华绿生物,17.45,2.95,16.95,17.14,17.57,17.14,7590073,131983141,6.13604,18.763,1.712,2790322531.5,2158506245.85
300971,博亚精工,17.56,-1.348,17.8,17.8,17.92,17.5,1603440,28342751,1.73809,21.157,1.949,2065056000.0,1619958412.92
300972,万辰集团,152.27,1.176,150.5,148.2,153.22,148.2,2165104,325786224,1.19761,20.851,11.15,30058369345.14,27528280413.25
300973,立高食品,25.8,1.415,25.44,25.5,26.0,25.39,1962216,50500751,1.65499,14.116,1.745,4368989415.0,3058945859.4
300975,商络电子,23.09,-4.231,24.11,24.3,24.35,23.04,25409982,596533377,5.13825,52.098,5.597,15862959396.36,11418602199.76
300976,达瑞电子,56.02,-4.026,58.37,59.53,59.55,55.66,3718119,211856255,3.08876,26.178,2.851,10483131558.9,6743445761.66
300977,深圳瑞捷,19.05,-4.463,19.94,19.63,19.67,18.86,4466877,85314532,4.664,95.25,2.124,2918428129.35,1824485803.65
300978,东箭科技,8.75,-1.13,8.85,8.85,8.92,8.73,3166098,27856916,1.10283,25.735,2.344,3698648966.25,2512030666.25
300979,华利集团,33.43,-1.241,33.85,33.67,33.97,33.11,2216836,74279743,0.18996,12.156,2.527,39012810000.0,39012810000.0
300980,祥源新材,15.98,-2.975,16.47,16.63,16.69,15.87,5244550,85199887,3.78242,43.189,2.135,3067122210.8599997,2215722192.86
300981,中红医疗,20.3,13.408,17.9,18.01,21.46,17.9,37319782,739364871,9.49619,-78.077,1.656,8705958667.699999,7977846793.7
300982,苏文电能,14.33,-0.348,14.38,14.47,14.5,14.25,1102367,15839379,0.56853,-95.533,1.04,2965810542.18,2778546102.1800003
300983,尤安设计,37.04,-2.346,37.93,38.19,38.57,36.2,927700,34486465,0.60709,-74.798,2.326,6400512000.0,5660091215.52
300984,金沃股份,32.63,-0.821,32.9,32.98,33.77,32.0,5688968,186657479,4.58679,81.575,3.534,6279730752.62,4047082487.11
300985,致远新能,34.91,0.345,34.79,34.98,35.49,34.58,1267040,44317143,0.67933,-151.783,7.69,6511150676.8,6511150676.8
300986,志特新材,11.27,1.076,11.15,11.28,11.58,11.01,20298948,229596547,3.52831,26.209,2.907,6488396418.070001,6483822285.71
300987,川网传媒,14.29,-2.056,14.59,14.55,15.08,14.26,6703497,97423260,3.86663,119.083,3.155,2477428720.0,2477428720.0
300988,津荣天宇,16.28,-1.631,16.55,16.5,16.78,16.2,3305336,54336459,2.03905,25.046,2.43,3206477851.7200003,2639013803.7999997
300989,蕾奥规划,14.65,-1.347,14.85,14.85,15.0,14.57,1854682,27331614,1.13858,162.778,3.263,3084678611.5499997,2386401377.7999997
300990,同飞股份,97.02,-1.412,98.41,98.8,99.07,94.7,4085380,394627739,4.93105,65.114,7.585,16611433561.8,8038113888.42
300991,创益通,26.08,-3.906,27.14,27.44,27.44,26.01,3696666,98222756,3.51707,-1304.0,6.088,3755520000.0,2741177520.0
300992,泰福泵业,26.86,-2.997,27.69,27.7,27.85,26.82,2294200,62300297,2.94172,134.3,2.91,2559778709.06,2094764959.06
300993,玉马科技,9.76,-0.611,9.82,9.82,9.89,9.73,1493799,14623938,0.61598,20.333,1.926,3007360512.0,2366871413.92
300994,久祺股份,11.42,-1.126,11.55,11.6,11.63,11.42,1512214,17409215,1.27708,17.844,2.404,2661864960.0,1352266867.2
300995,奇德新材,25.95,-2.002,26.48,26.62,26.63,25.94,918400,24059327,1.51227,110.473,2.634,2390279126.5499997,1575936804.9
300996,普联软件,11.99,-1.721,12.2,12.3,12.38,11.98,8625128,104178529,2.58902,45.589,3.695,4745531715.98,3994376224.96
300997,欢乐家,15.25,2.212,14.92,15.22,15.48,14.95,7493368,114186148,1.89902,144.413,6.793,6633345493.749999,6017518041.750001
300998,宁波方正,29.67,1.332,29.28,29.76,30.04,29.11,1984800,58771090,1.84323,147.759,3.229,4069811054.1000004,3194882808.6
300999,金龙鱼,24.1,0.542,23.97,23.99,24.2,23.94,7648917,184160257,1.40956,41.552,1.34,130660356017.6,13077795037.7
301000,肇民科技,23.49,-0.128,23.52,23.56,24.12,23.34,2493639,59034758,1.08428,37.887,4.404,5721902227.440001,5402250307.44
301001,凯淳股份,25.27,-2.016,25.79,25.81,25.93,25.1,758200,19244263,1.54603,-180.5,2.626,2021600000.0,1239283759.0
301002,崧盛股份,28.17,0.356,28.07,28.18,29.58,27.53,7360530,210593877,8.38373,-939.0,3.396,3801166219.2599998,2473196277.15
301003,江苏博云,57.14,-0.21,57.26,56.69,58.49,56.44,1121900,64207913,1.49308,54.419,4.802,5550198076.22,4293506971.06
301004,嘉益股份,35.14,-3.7,36.49,36.49,36.75,35.0,2508005,89399866,1.84267,11.636,2.708,5123632046.68,4782813157.5
301005,超捷股份,56.75,-1.081,57.37,57.83,58.69,56.62,3511666,201926338,1.9071,472.917,13.371,10667037301.25,10449723731.75
301006,迈拓股份,13.87,-1.631,14.1,14.16,14.22,13.83,950600,13309746,1.10232,20.68,1.485,1931813599.9999998,1196096787.5
301007,德迈仕,31.52,-0.568,31.7,31.95,32.25,31.45,1751287,55729799,1.1573,92.706,7.392,4833276800.0,4769767940.0
301008,宏昌科技,51.63,-5.266,54.5,55.48,55.48,51.51,8118018,429948196,7.02003,191.222,4.348,6761631771.419999,5970531096.42
301009,可靠股份,9.25,-0.644,9.31,9.38,9.39,9.23,1605200,14917444,1.0628,66.071,1.932,2514705000.0,1397074009.0
301010,晶雪节能,19.92,1.117,19.7,19.7,20.13,19.3,3735700,73636706,3.45898,258.031,2.582,2151360000.0,2151360000.0
301011,华立科技,15.4,-1.66,15.66,15.66,15.96,15.31,2336038,36283669,1.59243,32.766,2.872,2378639740.4,2259131890.4
301012,扬电科技,21.86,-1.041,22.09,22.12,22.3,21.83,2332420,51307867,1.18421,109.574,3.606,4305549141.32,4305549141.32
301013,利和兴,32.9,-3.235,34.0,34.39,34.65,32.83,9901576,330560024,5.23224,-45.694,12.213,7690146542.4,6226049890.2
301015,百洋医药,25.68,2.556,25.04,25.01,25.88,24.91,6498400,165835135,1.23648,28.533,5.882,13498026297.36,13496292897.359999
301016,雷尔伟,14.99,-1.834,15.27,15.25,15.6,14.87,3373319,51079962,1.14807,46.223,4.481,4593071299.74,4404421280.32
301017,漱玉平民,14.84,5.698,14.04,14.13,15.01,14.0,19233186,283735971,7.43469,53.0,3.013,6019209735.0,3839035284.0
301018,申菱环境,88.31,-3.486,91.5,92.19,92.75,88.08,7463685,666655765,2.639,109.025,12.114,33052785047.089996,24976090210.69
301019,宁波色母,15.9,0.0,15.9,15.99,16.59,15.81,2265563,36381506,1.56088,23.731,2.962,3147501497.1000004,2307831862.2
301020,密封科技,22.08,-0.406,22.17,22.17,22.39,22.04,2968300,65857435,2.02753,36.8,3.19,3232512000.0,3232512000.0
301021,英诺激光,76.38,-4.87,80.29,81.13,81.7,76.03,6137138,480866851,4.01942,239.136,11.1,11676206093.580002,11662255821.24
301022,海泰科,22.31,-1.152,22.57,22.94,22.94,22.27,906940,20345401,1.33927,37.616,1.613,2235839619.06,1510812808.6599998
301023,奕帆传动,28.81,-4.063,30.03,30.03,30.08,28.66,2377408,69497163,3.56165,31.315,3.252,2687986828.7999997,1923073578.9099998
301024,霍普股份,33.57,-0.915,33.88,33.99,35.49,33.2,943600,32197277,1.53281,-25.593,6.344,2134548450.0,2066569200.0000002
301025,读客文化,9.97,-1.287,10.1,10.17,10.32,9.93,10051593,101466103,3.62676,498.5,6.372,3991084718.0,2763192877.8
301026,浩通科技,18.6,-0.054,18.61,18.79,18.79,18.5,1524080,28400625,0.95235,16.757,2.381,4121454606.6,2976610079.9999995
301027,华蓝集团,18.87,2.443,18.42,18.41,18.9,18.21,2950000,54699590,2.33256,-78.625,3.121,2773890000.0,2386501693.86
301028,鼎熔岩,13.04,-0.912,13.16,13.29,13.34,12.98,3462767,45445354,1.38179,21.377,2.877,5037681390.4,3267822682.96
301029,怡合达,24.11,-0.577,24.25,24.3,24.38,23.95,3804300,91892833,0.84015,29.765,3.504,15329974906.32,10917292690.880001
301030,*ST仕净,4.18,-15.895,4.97,4.92,4.95,4.06,28794952,127062776,14.24747,-0.627,-0.73,845962319.4,844801867.8000001
301031,中熔电气,92.64,-2.832,95.34,94.94,95.42,92.03,1262142,117665845,1.09848,22.377,7.69,13539739261.92,10644219366.240002
301032,新柴股份,10.25,-1.82,10.44,10.48,10.52,10.24,2565800,26539452,1.56583,23.295,1.949,2471617350.0,1679583460.25
301033,迈普医学,53.66,0.506,53.39,53.87,54.98,53.4,881043,47747133,1.54745,31.38,4.472,3629080640.52,3055135426.92
301035,润丰股份,49.5,1.268,48.88,49.14,49.68,48.62,1095770,54003450,0.30124,13.2,2.35,18043010667.0,18005675787.0
301036,双乐股份,22.4,-1.104,22.65,22.68,23.0,22.3,773632,17444731,1.11027,44.8,1.376,2240000000.0,1560818739.2
301037,保立佳,13.34,-0.075,13.35,13.41,13.75,13.17,1599600,21428003,2.35282,-33.509,3.422,1854682691.2400002,906940883.82
301038,深水规院,17.13,-1.608,17.41,17.35,17.55,16.78,5225845,89099768,2.34259,72.493,4.164,3821360400.0,3821360400.0
301039,中集车辆,7.22,0.979,7.15,7.15,7.29,7.11,10338044,74804274,0.71447,15.042,0.96,13531178312.4,10447032247.5
301040,中环海陆,25.93,-1.407,26.3,26.32,27.25,25.79,1481600,38971654,1.57009,-33.057,3.809,2593028574.86,2446863602.28
301041,金百泽,37.2,-5.799,39.49,39.5,39.52,37.13,12130064,463570129,15.35396,195.789,5.779,3968496000.0,2938905610.8
301042,安联锐视,29.18,-1.452,29.61,29.73,30.62,29.18,2034800,60261102,2.20572,74.821,2.672,2823957353.7200003,2691884880.32
301043,绿岛风,47.37,-2.249,48.46,47.85,49.42,47.29,561900,26897132,0.99017,46.901,3.764,3221160000.0,2688140917.5
301045,天禄科技,65.09,-0.898,65.68,65.93,67.67,65.0,2481400,164130952,2.73575,224.448,6.974,7180621922.22,5903847009.43
301046,能辉科技,33.14,-0.867,33.43,33.43,33.94,33.0,3052690,101918837,2.34471,828.5,5.118,5586990744.2,4314663294.2
301047,义翘神州,159.0,10.987,143.26,142.89,165.0,142.89,14568887,2302741395,12.18332,130.907,3.696,19340241978.0,19013318739.0
301048,金鹰重工,9.06,0.0,9.06,9.12,9.14,9.02,2110799,19163270,0.39577,23.842,1.688,4832000604.0,4832000604.0
301049,超越科技,20.88,-0.855,21.06,21.16,21.39,20.69,801700,16742227,2.22884,-13.92,3.868,1968009613.92,751041677.52
301050,雷电微力,26.64,-1.04,26.92,27.1,27.25,26.55,2279200,61065123,1.08281,39.761,2.174,6595509674.88,5607452987.280001
301051,信濠光电,17.75,-0.449,17.83,17.91,18.24,17.5,6126740,109580742,2.7129,-11.993,2.665,5045629874.5,4008608809.0
301052,果麦文化,24.34,-1.097,24.61,24.86,25.4,23.84,3813676,93987864,4.75285,-1159.048,3.692,2408670311.2599998,1953036585.96
301053,远信工业,33.98,0.473,33.82,34.03,35.18,33.68,1326000,45589327,1.07609,169.9,4.737,4481463071.66,4187139423.1200004
301055,张小泉,29.85,0.539,29.69,29.91,30.45,29.58,1705173,50934261,1.11692,82.917,6.756,4656600000.0,4557130128.6
301056,森赫股份,12.99,-0.307,13.03,13.44,13.44,12.95,2663600,34980417,1.51344,46.393,4.554,3465558804.33,2286185831.7
301057,汇隆新材,22.93,-4.179,23.93,24.42,24.51,22.9,5159617,121612039,6.24941,76.433,3.441,2682109213.34,1893137786.09
301058,中粮科工,8.58,1.06,8.49,8.49,8.63,8.44,6365480,54385352,1.24259,18.652,1.93,4468489782.9,4395313022.1
301059,金三江,12.85,-1.154,13.0,13.03,13.17,12.81,1717370,22186299,0.83148,38.939,4.746,2970328900.0,2654097775.9
301060,兰卫医学,12.02,2.037,11.78,11.95,12.7,11.78,19301054,235189167,5.35893,-150.25,3.104,4814214340.0,4329200212.14
301061,匠心家居,41.21,2.538,40.19,40.84,41.95,40.07,2825805,116352603,1.4964,10.459,2.687,11720025961.41,7782082223.76
301062,上海艾录,6.87,-0.866,6.93,6.99,7.0,6.85,4195998,28968873,1.52442,-24.536,2.209,2976717036.15,1890976032.54
301063,海锅股份,18.71,-2.247,19.14,19.09,19.29,18.6,3045111,57341546,3.15075,37.42,1.226,1952589146.04,1808271039.1299999
301065,本立科技,20.06,0.1,20.04,20.21,20.29,20.0,1382293,27850005,1.60196,26.395,1.526,2126761200.0,1730927250.0
301066,万事利,12.3,-1.046,12.43,12.32,12.65,12.3,3020960,37549620,1.2959,76.875,2.253,2889554265.3,2867335028.7000003
301067,显盈科技,31.75,-3.495,32.9,33.26,33.35,31.66,1639800,52744975,2.48392,-54.741,4.081,3087243000.0,2096028637.5
301068,大地海洋,23.41,-0.973,23.64,23.72,23.81,23.14,1168828,27408467,1.16508,-101.783,4.013,3308201520.22,2348526900.25
301069,凯盛新材,15.47,0.0,15.47,15.56,15.75,15.46,2579770,40277503,0.60448,50.688,3.001,7010605322.63,6602197322.63
301070,开勒股份,62.71,-2.851,64.55,64.56,66.28,62.63,1798645,115085620,2.1207,-6271.0,10.656,7912392610.56,5318677787.7
301071,力量钻石,61.62,-3.387,63.78,64.0,64.81,61.46,11664773,730781864,6.23621,143.302,2.945,15679227054.66,11525965357.14
301072,中捷精工,44.8,-0.797,45.16,45.21,46.31,44.5,1794000,81526899,2.64126,-86.154,6.641,4697885606.4,3042913350.3999996
301073,君亭酒店,17.26,0.7,17.14,17.3,17.45,17.05,3519099,60675275,1.97503,143.833,3.777,3356225053.96,3075378170.0
301075,多瑞医药,63.17,-1.328,64.02,64.1,64.76,63.0,609200,38784264,1.07633,-48.969,7.662,5053600000.0,3575422000.0
301076,新瀚新材,20.4,-1.019,20.61,20.69,20.92,20.3,2024717,41651207,1.32892,53.684,3.842,4654656474.0,3108101527.2000003
301077,星华新材,21.25,-1.117,21.49,21.55,21.72,21.16,691908,14782912,0.72397,27.961,3.058,3617763986.2499995,2030892335.0
301078,孩子王,6.97,1.603,6.86,6.87,7.0,6.84,11434920,79281855,0.90682,29.298,1.999,8814073363.92,8789072566.37
301079,邵阳液压,27.91,4.571,26.69,26.96,29.6,26.69,7167825,202852601,9.31692,558.2,6.272,3027055355.94,2147211528.92
301080,百普赛斯,141.07,14.691,123.0,120.51,141.07,120.47,20941125,2810188959,16.51022,142.653,8.9,23654484712.06,17892945810.92
301081,严牌股份,17.67,-5.911,18.78,18.5,18.77,17.34,11851401,212067377,5.26342,220.875,3.714,4141782391.29,3978671151.39
301082,久盛电气,9.51,-1.349,9.64,9.68,9.77,9.48,3197074,30621511,1.17234,59.438,2.692,2797860316.26,2593451672.52
301083,百胜智能,14.24,-0.836,14.36,14.44,14.53,14.2,1226700,17542020,1.41091,83.032,3.051,2532821338.08,1238081378.08
301085,亚康股份,75.23,-1.441,76.33,76.47,80.9,74.89,5532772,430066984,9.26388,-45.594,6.698,6528134030.25,4493045923.75
301086,鸿富瀚,150.7,-4.202,157.31,159.22,160.5,147.86,3685768,563184305,5.28343,133.363,9.614,18967734940.0,10512962054.099998
301087,可孚医疗,52.1,-0.038,52.12,52.34,53.03,51.86,1423981,74877564,0.73404,28.47,2.224,12290233700.000002,10106945167.0
301088,戎美股份,13.35,-1.91,13.61,13.59,13.61,13.32,1264300,16961542,0.6725,39.265,1.258,3042465000.0,2509800000.0
301089,拓新药业,24.5,1.323,24.18,24.15,24.85,24.15,1950903,48071858,2.17615,-44.545,2.126,3100340250.0,2196408168.5
301090,华润材料,6.94,1.314,6.85,6.86,7.0,6.85,4818510,33476749,0.32758,-119.039,1.588,10208277074.24,10208277074.24
301091,深城交,19.99,-1.186,20.23,20.1,20.1,19.62,6654709,132427895,1.26208,166.583,4.348,10540327200.0,10540327200.0
301092,争光股份,41.79,-1.901,42.6,42.9,43.16,41.26,1417500,59759831,2.32439,55.72,2.867,5622229518.36,2548508154.36
301093,华兰股份,63.11,0.0,63.11,63.77,66.2,62.34,4782244,307653688,2.35018,171.962,6.16,13450720950.03,12841876312.869999
301095,广立微,68.11,-3.28,70.42,71.13,71.32,68.08,3479297,240379265,1.99382,151.356,4.344,13641144903.68,11885469823.85
301096,百诚医药,49.3,4.693,47.09,47.78,50.99,47.0,4011011,198499797,4.82588,-59.398,2.161,5384954401.200001,4097550125.1
301097,天益医疗,34.7,0.521,34.52,34.85,35.45,34.33,1143826,39927801,2.88915,-123.929,2.782,2831845937.1,1373785873.7
301098,金埔园林,8.88,1.602,8.74,8.78,9.0,8.65,5114800,45092596,2.65034,-6.779,1.494,2055291282.48,1713722082.48
301099,雅创电子,50.7,-6.595,54.28,54.12,54.48,50.2,15043237,781628185,13.08398,56.333,6.071,9578523306.3,5829206592.3
301100,风光股份,16.03,-0.062,16.04,16.01,16.27,15.9,1821635,29211920,2.05308,-66.792,1.604,3225668810.0,1422293810.0
301101,明月镜片,29.9,-1.092,30.23,30.25,30.46,29.85,1202305,36154649,0.61942,31.11,3.397,6025211790.0,5803683975.700001
301102,兆讯传媒,9.45,-0.839,9.53,9.58,9.64,9.42,1599400,15253174,0.39394,315.0,1.317,3836700000.0,3836700000.0
301103,何氏眼科,17.03,0.059,17.02,17.2,17.28,16.76,3719521,63547070,3.05797,98.439,1.409,2691190801.13,2071420480.48
301105,鸿铭股份,48.5,-1.463,49.22,50.09,50.5,48.2,367100,17933418,1.85287,-131.081,3.194,2425000000.0,960906153.0
301106,骏成科技,18.5,-2.272,18.93,19.01,19.15,18.41,2050622,38263409,1.43439,20.677,2.097,2644774226.5,2644774226.5
301107,瑜欣电子,23.05,-3.918,23.99,24.5,24.54,23.02,3154364,74290449,3.88656,31.149,3.46,3277451563.4,1870754826.5
301108,洁雅股份,51.23,-7.51,55.39,55.4,56.56,51.01,4652040,246698706,7.17545,75.338,3.012,5766256789.96,3321379989.45
301109,军信股份,12.92,1.572,12.72,12.78,12.97,12.71,2963740,38214983,0.47474,14.105,1.374,10195182878.64,8065811399.36
301110,青木科技,35.36,-2.32,36.2,36.41,36.41,35.2,1985420,70639598,2.18101,26.592,2.952,4580869117.76,3218901102.56
301111,粤万年青,21.3,-3.182,22.0,22.23,22.73,21.22,5040300,109891703,3.15021,-710.0,4.569,3408000000.0,3407979232.5
301112,信邦智能,29.24,-2.011,29.84,30.03,30.15,29.2,701200,20715808,0.63591,-42.377,2.836,3224195384.0,3224195384.0
301113,雅艺科技,17.69,-0.562,17.79,17.87,17.93,17.54,867697,15386354,1.21078,221.125,3.087,2092727000.0,1267739892.59
301115,联检科技,33.52,-2.643,34.43,34.46,35.0,33.41,5126745,174374267,3.43611,279.333,2.483,6102560025.6,5001256068.0
301116,益客食品,9.31,1.416,9.18,9.18,9.51,9.18,3221629,30122080,0.71755,-15.016,2.664,4180000010.83,4179979063.33
301117,ST佳缘,12.08,-0.33,12.12,12.21,12.21,11.9,3638691,43632115,3.14073,-36.606,1.826,2184499701.44,1399528218.8
301118,恒光股份,24.13,4.009,23.2,23.4,24.46,23.29,4293000,103635046,4.05255,-163.372,1.884,2656978430.0,2556171904.4100003
301119,正强股份,27.7,6.252,26.07,26.33,28.45,25.67,5584490,152886669,4.74251,25.648,3.745,4033120000.0,3261785800.0
301120,新特电气,14.25,-0.973,14.39,14.6,14.68,14.21,3237288,46566364,1.43395,118.75,3.386,5317043433.750001,3217085842.5
301121,紫建电子,35.31,-1.698,35.92,35.91,36.27,35.17,1024340,36549462,1.33446,504.429,2.102,3489548072.67,2710419398.94
301122,采纳股份,66.67,-1.826,67.91,67.12,69.8,65.56,8687004,587857565,11.48474,1333.4,4.307,8150118018.86,5042887665.11
301123,奕东电子,67.6,-3.36,69.95,70.11,70.47,67.5,3872718,265832580,2.34651,-233.103,5.615,15861664000.0,11156814593.6
301125,腾亚精工,14.85,0.406,14.79,14.95,15.15,14.7,3963560,59142432,2.25211,430.435,5.264,3081933166.95,2613503148.2999997
301126,达嘉维康,10.52,-0.19,10.54,10.54,10.69,10.47,2610600,27626040,1.87111,-8.915,1.439,2160841664.0,1467765327.88
301127,武汉天源,15.0,-3.038,15.47,15.54,15.59,14.85,10349900,156127978,1.58152,44.118,2.943,10111200960.0,9816407550.0
301128,强瑞技术,105.8,-1.673,107.6,108.5,108.5,102.0,6134105,642186861,4.81524,77.26,15.964,15321720912.4,13477796721.4
301129,瑞纳智能,23.15,-2.444,23.73,23.74,23.89,23.12,1500506,35012041,2.22388,28.938,1.726,3145330310.0,1561988375.0
301130,西点药业,28.51,1.894,27.98,27.98,29.02,27.98,4423300,126772745,7.49491,99.581,2.503,2180863469.35,1682584933.6
301131,聚赛龙,33.7,-1.028,34.05,34.06,34.29,33.45,495427,16748503,1.2653,49.211,1.718,1842123992.1000001,1319519354.9
301132,满坤科技,66.62,-6.721,71.42,71.41,71.82,66.0,11825171,811861129,12.48161,82.247,5.477,9865505908.38,6311628232.04
301133,金钟股份,25.77,-0.155,25.81,25.99,26.3,25.6,1562600,40557478,1.40603,-368.143,2.351,3130194900.48,2863973921.1299996
301135,瑞德智能,18.03,-2.488,18.49,18.45,18.66,17.98,1655760,30094232,1.643,66.778,1.944,2340093253.98,1817003287.98
301136,招标股份,12.25,-0.81,12.35,12.5,12.93,12.12,14915965,185017396,5.4245,-357.143,2.325,3371259045.0,3368433888.75
301137,哈焊华通,29.78,-1.162,30.13,30.31,30.55,29.7,1434478,43140122,0.78898,141.81,3.906,5414403051.999999,5414403051.999999
301138,华研精机,28.36,-1.357,28.75,28.69,29.04,28.19,916859,26219805,1.33731,34.585,2.872,3403200000.0,1944365570.4
301139,元道退,0.91,-72.508,3.31,0.8,1.27,0.75,32900761,28660561,43.20171,13.0,0.059,110638528.0,69302094.68
301141,中科磁业,35.33,-1.34,35.81,36.18,36.19,35.25,986600,35100923,2.21645,130.852,3.479,4382071934.650001,1572630334.6499999
301148,嘉戎技术,57.56,-1.269,58.3,59.05,59.19,56.8,1008100,58175736,1.71243,130.818,3.872,6705571924.799999,3388535902.8
301149,隆华新材,7.81,-1.264,7.91,7.86,8.04,7.81,20453496,161346962,6.01377,23.667,1.983,4365790179.63,2656265059.03
301150,中一科技,40.99,-6.883,44.02,44.36,44.6,40.68,34006963,1429265103,11.19243,146.393,3.57,13276820738.029999,12454360855.94
301151,冠龙节能,20.92,-1.041,21.14,21.14,21.41,20.86,2387629,50331763,1.41464,58.322,1.717,3535565772.0,3530888750.3599997
301152,天力锂能,22.23,-1.156,22.49,22.76,22.87,22.2,9615254,216153448,13.52665,-13.076,2.178,2639590355.61,1580191918.11
301153,中科江南,16.98,-1.565,17.25,17.35,17.48,16.93,1867642,31851063,0.56296,58.552,3.333,6039183549.6,5633154869.040001
301155,海力风电,44.8,2.752,43.6,43.01,45.24,42.95,7425530,329215543,5.96246,28.0,1.727,9739138214.4,5579299980.8
301156,美农生物,11.76,-0.927,11.87,11.87,12.07,11.68,2417389,28594136,2.04357,30.239,2.971,2165098402.3199997,1391120917.2
301157,华塑科技,61.71,-2.481,63.28,64.38,64.8,61.63,683700,42972894,1.41084,128.563,3.34,3702600000.0,2990489556.1200004
301158,德石股份,14.06,-0.776,14.17,14.3,14.43,13.9,1710995,24174067,0.89979,17.797,1.959,2741913191.7799997,2673568951.84
301159,三维天地,31.64,-1.372,32.08,32.61,32.68,31.44,1003300,31944145,1.89248,287.636,3.895,2447354000.0,1677393840.64
301160,翔楼新材,39.59,-4.256,41.35,41.34,41.58,39.39,3099801,124476179,2.79823,21.994,3.481,6600322664.85,4385669070.87
301161,唯万密封,28.56,-2.158,29.19,29.42,29.88,28.53,1891729,54961361,2.4505,39.123,3.476,3427200000.0,2204762742.0
301162,国能日新,37.0,-0.964,37.36,37.65,37.89,36.86,1180872,44215256,0.97417,35.577,4.265,6908868253.0,4485066592.0
301163,宏德股份,23.6,-0.169,23.64,23.82,24.03,23.47,1033800,24523590,1.88906,47.238,1.693,1925760000.0,1291525080.4
301165,锐捷网络,100.74,-2.09,102.89,103.6,104.34,100.22,6798679,688930425,0.61049,115.079,21.023,112187727208.62,112187727208.62
301166,优宁维,35.35,7.251,32.96,32.98,35.5,32.75,4651453,161834544,8.24427,-135.962,1.575,3046055343.8,1994463543.8
301167,建研设计,13.67,-0.437,13.73,13.73,13.81,13.55,1901700,25940727,1.79732,71.947,1.637,1531040000.0,1446385025.4799998
301168,通灵股份,40.33,-2.749,41.47,41.48,41.78,40.11,1355986,54897358,1.42266,183.318,2.279,4839600000.0,3843986840.8799996
301169,零点有数,50.37,-1.371,51.07,51.06,51.45,50.2,977742,49532453,1.3578,-93.278,8.587,3628681798.32,3627095143.3199997
301170,锡南科技,23.13,-0.216,23.18,23.23,23.74,23.03,1001582,23312433,2.63548,22.811,1.297,2313000000.0,879026159.25
301171,易点天下,32.61,-3.062,33.64,33.8,33.96,32.52,28719745,946193525,5.72238,95.912,5.291,20169969549.120003,16366458795.21
301172,君逸数码,17.02,-3.733,17.68,17.87,17.87,16.99,5177490,89236833,3.11357,84.341,2.57,3826072137.96,2830219275.08
301173,毓恬冠佳,32.93,-2.775,33.87,33.83,34.14,32.9,1034240,34496043,3.3548,16.019,1.867,2892399041.96,1015187740.87
301175,中科环保,5.58,-0.179,5.59,5.61,5.63,5.57,8372805,46854392,1.34637,21.462,2.161,8213090400.0,3470090400.0
301176,逸豪新材,52.07,-5.773,55.26,55.28,55.8,51.8,11132440,592055904,6.78585,-147.007,5.871,8803301350.689999,8542271420.63
301177,迪阿股份,23.16,0.827,22.97,23.05,23.35,22.94,916438,21206754,0.2291,66.171,1.522,9270358578.0,9264231600.0
301178,天亿马,33.91,-2.417,34.75,35.48,35.48,33.9,1416760,48689306,2.06261,308.273,4.038,3157165592.2400002,2329197262.02
301179,泽宇智能,19.63,0.77,19.48,19.51,19.75,19.49,1716869,33763602,0.72297,53.054,3.181,7938520579.47,4661634819.2699995
301180,万祥科技,12.07,1.258,11.92,11.95,12.07,11.72,3819180,45545462,2.32681,0.0,3.746,4828120700.0,1981145684.14
301181,标榜股份,25.1,-1.915,25.59,25.67,25.8,25.08,1612360,40962141,1.37532,24.369,2.608,3770101926.4,2942613283.8999996
301182,凯旺科技,59.05,-2.558,60.6,61.0,61.3,58.18,1818332,107933662,2.08085,-48.802,9.086,5658271385.0,5160037010.0
301183,东田微,276.62,-5.306,292.12,294.0,295.74,276.02,3294804,933945089,5.61299,219.54,21.408,22150719937.0,16237477266.36
301185,鸥玛软件,17.14,-1.267,17.36,17.4,17.46,17.11,1461900,25189961,1.04072,45.105,2.425,2629577664.0,2407662021.82
301186,超达装备,32.9,-0.243,32.98,32.98,33.38,32.2,2565600,84214907,2.36854,19.701,2.332,3775067302.2999997,3563730500.4
301187,欧圣电气,15.62,-1.575,15.87,16.13,16.13,15.54,3120800,49090272,1.22416,38.098,2.748,3982061660.5,3982061660.5
301188,力诺药包,33.28,-0.359,33.4,33.61,34.97,33.02,12506092,423744283,4.67455,195.765,4.555,8903618547.199999,8903584035.84
301189,奥尼电子,68.13,-0.873,68.73,69.0,70.77,67.1,5508859,379544303,3.48789,-49.73,5.295,11148788499.03,10760610738.51
301190,善水科技,35.93,20.007,29.94,33.2,35.93,33.2,14466104,510373314,7.95479,102.775,3.861,7711889445.0,6534014220.0
301191,菲菱科思,76.22,-2.867,78.47,79.21,79.55,76.1,2302101,177894466,3.15107,81.085,4.326,7385495437.6,5568460485.4800005
301192,泰祥股份,19.68,-2.671,20.22,19.99,20.1,19.56,1806900,35668970,3.58614,36.444,3.029,1992442560.0,991588667.04
301193,家联科技,21.42,-3.383,22.17,22.28,22.59,21.42,3784856,82420520,2.05496,-54.545,2.404,5159682394.0199995,3945165780.7799997
301195,北路智控,26.7,-0.964,26.96,27.19,27.19,26.69,589900,15808942,0.67271,23.217,1.458,3526264728.0,2341318407.6
301196,唯科科技,86.08,1.991,84.4,85.2,88.68,84.9,4288027,372087503,3.97792,41.795,4.249,14135491365.759998,9279053511.68
301197,工大科雅,26.7,0.338,26.61,26.84,27.8,26.58,2361500,64226084,2.17151,98.889,2.482,3218418000.0,2903604975.0
301198,喜悦智行,14.1,-0.704,14.2,14.47,14.61,14.01,2583179,36775778,1.59183,-176.25,2.648,2382900000.0,2288108238.0
301199,迈赫股份,18.13,-0.766,18.27,18.2,18.45,18.05,821120,14959762,0.457,31.216,1.75,3384435880.0,3257523613.75
301200,大族数控,224.79,-2.646,230.9,232.06,234.84,223.76,1634146,370897439,0.38429,115.277,9.124,109924050099.39,95589266429.67001
301201,诚达药业,30.49,3.99,29.32,29.91,31.18,29.36,7881833,239984630,7.2614,-387.421,2.25,4717224493.759999,3309515828.96
301202,朗威股份,35.64,-3.047,36.76,37.22,37.99,35.6,952793,34327300,1.19671,72.735,4.041,4861296000.0,2837567700.0
301203,国泰环保,33.19,-1.103,33.56,33.69,33.99,32.89,804875,26732899,1.83898,23.373,1.961,2655200000.0,1452643325.0
301205,联特科技,283.32,7.53,263.48,267.0,286.48,266.66,8363247,2322853334,9.99325,356.602,22.531,36855540540.0,23710756147.2
301206,三元生物,25.01,4.864,23.85,23.85,25.4,23.85,6570254,163163724,5.04306,54.37,1.208,5060165757.0,3258380906.23
301207,华兰疫苗,20.11,4.251,19.29,19.4,20.73,19.3,13545125,273831503,2.25512,65.42,2.296,12086663025.0,12078829938.68
301208,中亦科技,30.33,-0.947,30.62,30.75,30.8,30.21,714800,21753911,1.06021,67.4,2.324,3639601819.7999997,2044874683.8
301209,联合化学,61.71,3.194,59.8,59.0,62.38,59.0,2644936,162194547,1.97448,131.298,12.908,9676128000.0,8266437102.0
301210,金杨精密,29.18,-3.185,30.14,30.2,30.35,29.16,2466866,73101639,4.00801,64.844,2.477,4702621137.360001,1795984354.6000001
301211,亨迪药业,12.7,2.09,12.44,12.5,12.83,12.38,12320208,156226458,2.95027,158.75,2.328,5303520000.0,5303474280.0
301212,联盛化学,26.17,-0.305,26.25,26.42,26.76,26.06,896500,23666112,0.95627,201.308,2.082,2826360000.0,2453437500.0
301213,观想科技,42.45,0.736,42.14,42.57,43.02,41.85,1710106,72816384,2.36217,255.108,6.038,4754399915.1,3073187616.6000004
301215,中汽股份,5.28,0.0,5.28,5.28,5.32,5.26,6628488,35035069,0.50125,33.0,2.351,6990192000.0,6982272000.0
301216,万凯新材,16.69,2.142,16.34,16.56,16.88,16.4,11693951,195142277,2.14721,52.156,1.476,9683610751.71,9089553851.44
301217,铜冠铜箔,99.56,-2.631,102.25,103.11,103.81,99.08,15584434,1574408970,1.87987,1244.5,14.713,82536787560.64,82536787560.64
301218,华是科技,69.75,15.845,60.21,61.81,72.0,60.0,24198144,1608252150,33.74767,-299.613,8.77,7954290000.0,5001295479.75
301219,腾远钴业,39.75,1.455,39.18,39.18,39.95,39.06,3459995,137170608,1.26628,10.544,1.534,15217546043.25,10861295763.75
301220,亚香股份,29.02,-2.059,29.63,30.15,30.15,29.02,1193120,35083362,1.52725,28.175,1.903,3279460063.8799996,2267102210.2200003
301221,光庭信息,26.53,-1.85,27.03,27.07,27.26,26.4,1132400,30217292,1.26751,32.842,1.711,3486049428.3999996,2370211317.88
301222,浙江恒威,24.98,-3.141,25.79,25.27,27.0,24.91,2190340,55904245,2.05473,30.096,2.46,3505649235.2000003,2662871697.04
301223,中荣股份,18.12,-0.385,18.19,18.19,18.3,18.02,545907,9890213,0.28267,22.65,1.176,3499471387.2,3499471387.2
301225,恒勃股份,58.52,1.615,57.59,58.28,61.2,56.61,3029736,179876769,6.88765,43.672,5.174,8432274432.12,2574176648.12
301226,祥明智能,36.39,-2.309,37.25,37.07,37.66,36.3,3275245,120438386,3.01034,242.6,4.356,3959232000.0,3959232000.0
301227,森鹰窗业,31.08,-0.893,31.36,32.42,32.62,30.91,2874117,90372368,3.88875,-58.642,2.569,4085743761.96,2297074221.96
301228,实朴检测,51.59,-0.731,51.97,52.58,52.6,49.71,2423709,122694060,2.02648,-88.948,10.476,6310264125.55,6170262021.0
301229,纽泰格,12.0,-0.58,12.07,12.13,12.13,11.92,2064140,24778254,1.59664,50.0,1.769,2181366012.0,1551367692.0
301230,泓博医药,38.48,1.934,37.75,37.34,40.09,37.2,20642379,805116948,12.68365,153.92,6.877,6962614528.48,6262539923.12
301231,荣信文化,29.23,-1.748,29.75,29.81,30.29,29.16,3145351,92975093,4.80713,-132.864,3.058,2467012000.0,1912548130.0
301232,飞沃科技,78.78,-2.076,80.45,81.5,82.0,78.68,3204645,255443373,5.10982,157.56,5.943,8304083599.5,4940720078.58
301233,盛帮股份,36.58,2.58,35.66,36.08,37.38,35.07,1823105,65706483,4.62997,21.302,2.653,2625229544.0,1440379128.04
301234,五洲医疗,135.65,1.08,134.2,134.03,138.66,129.05,2175708,295786299,5.39637,488.301,12.092,9224200000.0,5469140226.900001
301235,华康洁净,40.68,-3.189,42.02,42.44,42.98,40.53,4269468,177487201,4.09666,35.684,2.962,5664693132.360001,4239601867.7999997
301236,软通动力,35.23,-1.039,35.6,35.88,35.99,35.0,8292949,293848060,0.95546,160.136,2.786,36469718334.4,30578137687.11
301237,和顺科技,36.18,-3.081,37.33,37.73,37.98,36.07,1146629,42097296,1.41873,-15.595,3.48,4025767883.9399996,2924086883.94
301238,瑞泰新材,15.95,1.334,15.74,15.71,16.09,15.61,9192475,146489699,1.25352,53.167,1.605,11696666135.0,11696666135.0
301239,普瑞眼科,31.98,0.788,31.73,31.91,32.28,31.58,1902616,60929983,1.33945,-78.0,2.246,4784817155.04,4542568655.04
301246,宏源药业,17.54,1.212,17.33,17.58,17.82,17.34,4481897,78870042,1.88239,58.486,1.524,7016119272.0,4176202086.0
301248,杰创智能,53.05,-5.437,56.1,56.9,56.9,53.0,3408700,184695313,3.03458,589.444,5.355,8154050250.0,5959037535.0
301251,威尔高,81.1,-7.176,87.37,87.38,87.8,80.84,11778340,978613768,6.77566,162.2,9.883,15292547374.6,14097869276.0
301252,同星科技,35.86,-3.081,37.0,37.17,38.21,35.74,2456651,89939546,1.81026,55.169,4.458,6068424278.400001,4866454454.4
301255,通力科技,19.09,0.21,19.05,19.05,19.33,18.97,1003440,19240300,0.75065,65.828,2.742,2907788800.0,2551891791.92
301256,华融化学,9.76,-0.204,9.78,9.79,10.03,9.73,3192302,31502332,0.66506,65.067,2.742,4684800000.0,4684800000.0
301257,普蕊斯,42.71,5.718,40.4,40.95,43.88,40.31,6317927,270211325,8.38965,30.949,2.666,3374293726.7000003,3216327161.35
301258,富士莱,27.4,1.144,27.09,27.11,27.87,27.1,1490571,40901653,1.63555,38.592,1.372,2511758000.0,2497126400.0
301259,艾布鲁,19.25,-0.875,19.42,19.61,19.71,19.25,2416825,46940602,1.66609,99.741,5.277,4354350000.0,2792393392.25
301260,格力博,11.69,-0.256,11.72,11.72,11.81,11.64,1178600,13793746,0.57351,-15.797,1.4,5653389022.96,2402361106.9500003
301261,恒工精密,52.47,-1.833,53.45,54.39,54.39,52.25,1406924,74783136,1.34532,51.95,3.382,5533918290.45,5487285577.950001
301262,海看股份,20.55,1.232,20.3,20.1,20.6,19.74,12152443,246232275,9.95487,20.55,2.221,8569350000.0,2508649305.6
301263,泰恩康,19.09,0.105,19.07,19.12,19.58,18.94,3145631,60580375,0.86346,272.714,5.908,9747296730.0,6954549347.94
301265,华新科技,21.9,-3.012,22.58,22.86,23.1,21.83,7471800,166751182,3.06305,109.445,3.135,6635112685.8,5342135152.8
301266,宇邦新材,24.71,-0.202,24.76,24.8,25.17,24.51,2261161,56034918,1.66712,91.519,1.936,3532899895.0000005,3351477048.78
301267,华厦眼科,15.16,1.134,14.99,15.0,15.21,14.87,3333074,50401930,0.51401,28.604,2.349,12734400000.0,9830416846.28
301268,铭利达,11.78,0.341,11.74,11.84,12.13,11.74,2363400,28034276,0.65191,-19.966,3.373,4721997850.92,4270667530.3199997
301269,华大九天,84.66,-2.33,86.68,87.29,87.41,84.23,3677259,312733700,0.67119,769.636,8.959,46383067699.68,46382921661.18
301270,汉仪股份,32.2,-0.556,32.38,32.38,32.67,32.0,1130800,36516186,1.1967,221.763,3.383,3220000000.0,3042669576.7999997
301272,英华特,35.1,-0.763,35.37,35.37,35.61,34.73,732000,25692816,1.84446,56.613,2.034,2049716097.0,1392989937.3
301273,瑞晨环保,35.51,0.169,35.45,35.48,35.85,34.65,1441900,50922542,1.87307,-37.261,4.171,3561600019.08,2733582277.83
301275,汉朔科技,38.35,-1.566,38.96,39.15,39.19,38.2,3036572,116858040,1.0093,34.864,3.843,16199040000.0,11537951585.550001
301276,嘉曼服饰,17.36,-0.402,17.43,17.45,17.59,17.3,1630200,28376517,2.25578,21.432,1.062,2249856000.0,1254565692.24
301277,新天地,10.47,1.453,10.32,10.32,10.57,10.32,3693110,38820496,0.94193,33.774,2.677,4105060848.0,4105060848.0
301278,快可电子,29.02,-0.956,29.3,29.39,29.8,29.0,913788,26763701,1.68951,126.174,1.821,2603330309.86,1569575952.1599998
301279,金道科技,23.3,-2.101,23.8,23.83,24.3,23.3,1645980,39067818,1.26129,46.6,2.873,3926626395.4,3040643895.4
301280,珠城科技,41.06,-1.535,41.7,41.97,42.46,40.93,1245454,51540739,1.25255,26.662,3.98,7862669567.76,4082737292.7599998
301281,科源制药,47.25,-1.026,47.74,47.74,48.59,46.92,1590083,75940395,2.24107,315.0,3.579,5116702500.0,3352482000.0
301282,金禄电子,41.67,-8.397,45.49,44.88,45.8,41.6,15466263,667757425,8.75889,69.45,5.013,8789614571.25,7358000051.25
301283,聚胶股份,25.25,-1.29,25.58,25.58,25.88,25.2,482190,12255724,0.52778,10.477,1.816,2934624589.0000005,2306870350.5
301285,鸿日达,88.89,-2.522,91.19,91.19,93.65,88.77,1397767,126821816,1.06508,-269.364,20.069,18370896300.0,11665529639.52
301286,侨源股份,44.1,-3.311,45.61,46.77,46.77,43.98,1366927,61407181,0.84747,75.256,9.149,17644410000.0,7113149101.8
301287,康力源,41.24,-0.627,41.5,41.5,41.97,40.46,511100,21031463,3.00094,39.654,2.358,2749470800.0,702372874.0
301288,清研环境,17.1,-1.724,17.4,17.54,17.59,16.93,1054800,18161975,1.35041,-81.429,2.366,1846971000.0,1335674519.1000001
301289,国缆检测,44.53,0.203,44.44,44.38,45.0,44.0,507300,22538676,0.65457,40.117,3.377,3473340000.0,3451115077.0
301290,东星医疗,28.7,0.035,28.69,28.9,29.6,28.54,1808100,52572617,2.2721,-75.526,1.336,2874974685.7999997,2283903925.8
301291,明阳电气,35.98,2.274,35.18,35.0,36.74,35.0,6742774,243059934,4.05428,19.138,2.166,11317267142.439999,5983921339.34
301292,海科新源,56.76,2.473,55.39,55.77,58.67,54.9,6338700,361794064,7.44074,-70.074,4.081,12645888359.28,4835336551.32
301293,三博脑科,48.85,0.971,48.38,48.51,49.44,48.46,3039858,148854312,1.76524,119.146,4.236,10062464314.95,8412263881.599999
301295,美硕科技,35.35,-2.59,36.29,35.93,37.35,35.0,1244400,44893917,4.23265,160.682,3.638,3563280000.0,1039290000.0
301296,新巨丰,6.42,0.0,6.42,6.46,6.47,6.37,2162600,13888743,0.50583,64.2,1.029,2744816519.88,2744753924.8799996
301297,富乐德,47.7,3.403,46.13,47.01,50.4,47.01,26311823,1286741783,4.88452,75.714,6.094,33617065499.100002,25694941172.4
301298,东利机械,12.86,-0.924,12.98,13.07,13.1,12.78,1037300,13388328,0.95865,27.644,2.072,1887848000.0,1391509767.1200001
301299,卓创资讯,45.06,-2.657,46.29,46.29,46.75,45.0,1062900,48432188,2.31772,41.339,4.689,2733457657.2000003,2066436189.4799998
301300,远翔新材,32.94,0.642,32.73,32.73,33.31,32.73,821000,27073596,2.1011,23.035,2.585,2155231260.0,1287122693.22
301301,川宁生物,8.19,1.866,8.04,8.04,8.25,8.02,14816293,121189850,2.39299,24.088,2.29,18282479670.0,5070869065.08
301302,华如科技,20.93,-0.993,21.14,21.32,21.65,20.85,2587603,54681881,1.86172,-13.953,2.294,3262254450.0,2909060700.0
301303,真兰仪表,14.04,-0.355,14.09,14.16,14.18,13.94,2616501,36803351,0.83103,16.714,1.664,5739552000.0,4420474372.08
301305,朗坤科技,24.36,-1.297,24.68,24.7,25.78,24.28,4294709,106115750,3.45368,22.113,1.494,5894165185.44,3029203855.44
301306,西测测试,86.53,-2.666,88.9,88.88,90.53,86.07,1794800,157192226,3.08054,-56.188,8.019,7303132000.0,5041454125.0
301307,美利信,55.61,-1.383,56.39,56.39,57.69,55.17,4746686,267089965,4.34611,-20.666,5.039,11711466000.0,6073549862.65
301308,江波龙,301.93,-3.122,311.66,317.0,317.0,300.94,7527897,2294327995,2.67087,88.543,7.469,138784418866.07,85099541751.56
301309,万得凯,29.7,-1.329,30.1,30.48,30.48,29.69,634400,19056768,1.04671,26.053,1.781,2985871680.0,1800084330.0
301310,鑫宏业,61.6,5.209,58.55,58.95,62.8,58.62,11164922,685405923,11.34332,63.128,5.021,11817721977.599998,6063118230.400001
301311,昆船智能,18.32,-3.579,19.0,18.66,19.93,18.14,26279348,496499738,10.94973,-46.974,2.609,4396800000.0,4396800000.0
301312,智立方,79.05,-2.887,81.4,81.3,82.78,78.81,3656587,293915968,4.31334,125.476,10.827,13321538252.4,6701374423.5
301313,凡拓数创,28.94,-3.854,30.1,30.4,30.4,28.78,3389285,99157203,4.30596,-22.434,4.968,2961528596.0000005,2277911244.1
301314,科瑞思,48.68,-4.661,51.06,50.55,51.64,48.5,1697682,84925253,5.67162,143.176,2.579,2689570000.0,1457136152.04
301315,威士顿,42.82,-2.902,44.1,44.3,44.95,42.8,1828133,79375628,2.26254,130.39,3.734,3768160000.0,3459856000.0
301316,慧博云通,38.74,-3.56,40.17,40.29,40.5,38.15,13706995,532059298,3.50341,158.966,14.383,15635502740.0,15156923384.980001
301317,鑫磊股份,43.6,-2.088,44.53,44.68,44.99,43.1,1237463,54263790,2.37077,23.696,5.914,6853484000.0,2275777558.8
301318,维海德,21.16,-1.81,21.55,21.56,21.66,21.14,832030,17739412,0.89293,33.063,1.563,2862924406.6000004,1971692926.2
301319,唯特偶,81.77,-5.095,86.16,88.0,88.58,81.5,6818390,569304880,4.95817,128.468,12.404,14919899341.75,11244863786.39
301320,豪江智能,14.0,-2.029,14.29,14.31,14.41,13.97,1074200,15164212,0.93393,233.333,2.422,2559480000.0,1610268450.0
301321,翰博高新,44.95,-3.208,46.44,46.45,47.6,44.73,4518450,207435190,3.06107,-81.727,7.949,8380253250.0,6635070129.299999
301322,绿通科技,42.42,-3.918,44.15,44.44,45.5,42.29,3745988,163092984,3.48251,136.839,2.123,6051462344.759999,4562943569.099999
301323,新莱福,72.34,-0.686,72.84,73.15,74.74,71.38,996800,72646571,1.45385,53.985,3.414,7710314772.599999,4959841126.42
301325,曼恩斯特,31.31,-1.479,31.78,32.09,32.09,31.2,2601708,82304431,1.80809,-40.662,1.732,4505279184.6,4505279184.6
301326,捷邦科技,93.53,-3.368,96.79,97.05,98.38,93.08,998254,94579224,1.38502,-146.141,5.64,6800540859.84,6741166612.889999
301327,华宝新能,41.55,0.096,41.51,41.48,41.95,41.32,622540,25932439,0.43603,415.5,1.189,7245545341.799999,5932221266.25
301328,维峰电子,46.84,-0.021,46.85,47.95,48.2,46.21,2228708,104975378,1.93525,51.473,3.739,7463753103.24,5394284804.6
301329,信音电子,20.31,-1.884,20.7,20.71,20.96,20.05,2822800,57507948,4.27438,56.417,2.2,3456762000.0,1341272400.0
301330,熵基科技,25.28,-1.519,25.67,26.0,26.0,25.28,2042437,51959696,0.99792,27.52,1.738,5949687184.0,5174022713.6
301331,恩威医药,21.84,1.111,21.6,21.61,22.06,21.6,1136542,24826416,1.10784,43.265,2.199,2247158812.08,2240586959.52
301332,德尔玛,7.71,-0.13,7.72,7.7,7.77,7.66,3430800,26439290,1.29542,27.536,1.211,3558646875.0,2041918250.3999999
301333,诺思格,66.67,1.538,65.66,65.3,68.5,65.0,2500140,167657177,2.59193,46.622,3.222,6439072337.52,6430886461.58
301335,天元宠物,24.88,-0.837,25.09,25.24,25.52,24.61,1445996,36381667,1.63592,55.289,1.634,3179611752.0,2199154321.3599997
301336,趣睡科技,41.67,-1.209,42.18,42.58,42.85,41.5,460529,19296414,1.14657,54.117,2.587,2162862181.8,1673714136.42
301337,亚华电子,27.36,-1.512,27.78,27.81,28.12,27.2,1668200,46058683,1.63655,-195.429,2.62,2850912000.0,2788908768.0000005
301338,凯格精机,86.8,-2.549,89.07,90.18,90.6,86.64,3331403,292802711,3.06943,49.6,7.538,12929728000.0,9420838000.0
301339,苏交数智,12.25,-2.546,12.57,12.5,12.61,12.05,8359851,103147688,1.45836,32.161,2.526,7107663149.999999,7022162339.5
301345,涛涛车业,228.0,-0.463,229.06,227.92,232.0,225.06,503924,114662708,1.43335,30.4,6.295,24863188188.0,8015789388.0
301348,蓝箭电子,21.64,-2.698,22.24,22.27,22.61,21.56,4682691,102741816,2.42026,-135.25,3.508,5193600000.0,4186876492.8399997
301349,信德新材,42.9,-2.699,44.09,44.1,44.3,42.85,2132087,92714723,2.45991,112.128,2.2,6113184791.999999,3718281867.3
301353,普莱得,20.13,-2.282,20.6,20.65,20.65,20.03,1732012,35158832,4.24233,27.203,1.984,2556849653.4900002,821844953.49
301355,南王科技,12.5,2.543,12.19,12.3,12.64,12.22,4985800,62175382,3.51824,-89.286,1.67,2438724100.0,1771411600.0
301356,天振股份,19.74,-0.152,19.77,19.78,20.2,19.52,1671050,32939659,1.32442,50.615,1.449,4263840000.0,2490643965.6
301357,北方长龙,88.15,-2.489,90.4,91.0,91.58,87.99,1983445,176478008,3.18997,293.833,7.487,8391880000.0,5480946625.0
301358,湖南裕能,50.69,0.237,50.57,50.07,51.19,49.89,9513849,481376117,1.24645,30.173,2.109,42971517744.02,38690569626.26
301359,东南电子,19.27,-3.89,20.05,20.13,20.5,19.15,2874237,55850319,4.03986,56.676,2.769,2315791520.0,1371003210.2900002
301360,荣旗科技,59.62,-2.931,61.42,61.7,62.8,59.55,1557845,94325968,4.57456,74.525,3.485,4160615087.2,2030329766.96
301361,众智科技,27.15,-0.257,27.22,27.34,27.98,27.02,1153900,31592092,2.04825,32.711,2.52,3158522400.0,1529522400.0
301362,民爆光电,102.47,-3.403,106.08,108.08,108.1,102.18,1829737,190681869,4.4688,57.246,6.1,14954950949.72,4195600949.72
301363,美好医疗,16.25,1.817,15.96,16.12,16.48,15.92,12178879,198177008,2.33298,32.5,3.503,12934461020.0,8482993041.25
301365,矩阵股份,33.62,-1.321,34.07,34.0,34.84,33.4,2060750,69619933,1.67373,96.057,3.45,6133256289.62,4139391561.7999997
301366,一博科技,69.76,-6.987,75.0,75.65,75.97,69.43,14304587,1026348574,12.22652,497.93,6.629,14617245381.759998,8161666073.6
301367,瑞迈特,46.64,0.172,46.56,46.65,47.74,46.58,1762123,83159578,1.83374,18.362,1.91,5843262317.200001,4481850418.32
301368,丰立智能,38.7,-1.976,39.48,39.8,40.25,38.58,1289006,50777817,1.08447,-175.909,5.859,5462489365.2,4599893416.5
301369,联动科技,137.73,-2.326,141.01,142.0,147.99,137.5,3149025,446158964,5.74042,286.938,9.073,14101134838.5,7555467832.08
301370,国科恒泰,8.74,1.746,8.59,8.62,8.77,8.58,2587400,22536333,0.54981,62.429,1.671,4113044000.0,4113044000.0
301371,敷尔佳,20.81,1.068,20.59,20.68,20.91,20.61,1603681,33378140,2.05665,25.072,1.955,10823364240.000002,1622665993.0
301372,科净源,34.25,0.617,34.04,34.11,34.38,33.53,869700,29622227,2.11244,-62.273,3.161,2348571477.5,1410087741.25
301373,凌玮科技,119.15,-9.919,132.27,132.87,132.87,118.5,7549184,929074320,10.8379,93.819,7.617,12924449642.650002,8299442935.55
301376,致欧科技,22.27,-0.09,22.29,22.52,22.65,22.03,2122400,47392708,1.09604,26.512,2.544,8962984073.25,4312426803.98
301377,鼎泰高科,341.0,-2.214,348.72,352.21,354.4,339.32,1924153,664442730,1.94632,321.698,46.298,144599322494.0,33711578494.0
301378,通达海,25.4,-0.314,25.48,25.59,25.91,25.03,1426600,36035303,2.3079,-19.538,2.102,2453640000.0,1570071231.2
301379,天山电子,19.09,-4.835,20.06,20.25,20.32,18.99,10851528,211074383,4.96229,26.284,3.675,5297125996.62,4174595511.18
301380,挖金客,33.75,-0.735,34.0,33.96,34.0,33.0,2828650,94718809,3.43486,80.357,4.556,3421994613.75,2779354451.2500005
301381,赛维时代,23.12,-0.943,23.34,23.38,23.5,23.02,3842216,88992057,0.94611,32.827,3.279,9397931766.56,9389192406.56
301382,蜂助手,36.33,-9.107,39.97,39.0,39.77,36.25,21749155,821887446,9.20184,66.538,5.317,10365944550.99,8586834260.759999
301383,天键股份,23.15,-0.941,23.37,23.74,23.74,23.04,974700,22649340,1.38032,-115.75,1.949,3780001450.0,1634716646.5
301386,未来电器,20.64,-1.994,21.06,21.02,21.23,20.62,1049900,21897354,1.25037,29.956,1.964,2889600000.0,1733082677.76
301387,光大同创,50.3,-2.764,51.73,53.0,53.0,50.1,1553400,79521189,3.63942,296.057,3.354,5397285771.200001,2146934880.6000001
301388,欣灵电气,25.06,-2.376,25.67,25.9,25.9,25.06,961208,24485231,1.32284,119.333,2.636,2567336856.0,1820923803.72
301389,隆扬电子,52.04,-4.898,54.72,55.2,55.3,51.91,6151589,327141348,2.16987,140.649,6.604,14753340000.0,14753340000.0
301390,经纬股份,39.5,-3.682,41.01,40.93,41.26,39.38,3497607,139781136,7.1298,449.886,2.573,2370000000.0,1937719110.0
301391,卡莱特,43.91,-0.992,44.35,44.55,45.15,43.75,721400,31895187,0.77707,209.095,1.994,4172100351.0099998,4076418704.61
301392,汇成真空,148.22,-4.306,154.89,157.5,158.71,148.09,2453551,372718614,6.01421,673.727,20.105,14822000000.0,6046769928.42
301393,昊帆生物,67.13,1.866,65.9,65.73,69.45,65.17,3676669,249164016,8.3622,62.768,3.02,7250040000.0,2951551701.0
301395,仁信新材,11.51,-4.955,12.11,12.16,12.22,11.5,2859100,33733100,2.21035,83.406,1.943,2795208541.38,1488826418.88
301396,宏景科技,155.92,-4.102,162.59,164.07,165.48,155.23,8391642,1328743201,5.9302,906.512,25.496,33511038174.800003,22063739476.399998
301397,溯联股份,21.98,-0.633,22.12,22.25,22.34,21.93,1189426,26274281,1.28644,24.154,2.259,4443639276.16,2032245874.68
301398,星源卓镁,38.0,-1.196,38.46,38.46,38.9,37.72,1041949,39883731,0.95432,92.683,4.126,4256056772.0,4148925272.0
301399,英特科技,20.28,-2.076,20.71,21.15,21.41,20.18,2568500,52990912,4.69702,112.667,2.891,3752205600.0,1108983124.08
301408,华人健康,14.93,1.772,14.67,14.65,15.15,14.64,14473746,216786626,6.32154,31.104,2.819,5972149300.000001,3418358317.9
301413,安培龙,52.02,-1.496,52.81,53.25,54.3,52.01,2531282,133769412,3.31428,56.543,5.763,7147134545.04,3973025367.1800003
301418,协昌科技,34.73,-0.373,34.86,35.16,35.27,34.68,1020600,35607746,3.31005,496.143,1.588,2546866689.82,1070841689.82
301419,阿莱德,41.49,-3.354,42.93,43.0,43.6,41.41,5265011,222516903,4.69657,78.283,6.614,6223500000.0,4651163842.5
301421,波长光电,71.37,-2.964,73.55,73.77,74.75,71.06,2064133,149876592,3.39934,230.226,6.81,8258793660.0,4333702376.25
301428,世纪恒通,27.03,0.222,26.97,27.13,27.97,26.76,2173300,59112551,3.12133,-73.312,2.19,2666960009.0099998,1882030108.6499999
301429,森泰股份,17.43,-1.134,17.63,17.65,17.78,17.21,1586641,27728102,3.60664,39.399,1.543,2060574600.0,766784237.73
301439,泓淋电力,13.81,-0.361,13.86,14.02,14.08,13.78,1920600,26665082,1.0481,26.558,1.803,5373495982.29,2530619305.44
301446,福事特,37.37,-2.809,38.45,38.84,38.89,37.25,1189850,44938965,3.74496,51.192,3.178,3886480000.0,1187319640.0
301448,开创电气,50.91,-4.124,53.1,53.69,53.69,50.64,2030744,105461594,2.86492,-2545.5,7.651,5325186000.0,3608653530.0
301449,天溯计量,39.18,-2.876,40.34,41.28,41.34,39.13,1141054,45507896,5.55434,18.569,3.085,3577304354.64,804893507.22
301456,盘古智能,25.37,-3.499,26.29,26.15,26.48,25.17,3737199,96019563,5.45164,45.304,1.714,3858506175.25,1739160130.06
301458,钧崴电子,35.68,-2.779,36.7,37.0,37.22,35.59,4890187,177068801,4.1625,71.36,5.79,9514667856.0,4191757296.1600003
301459,丰茂股份,31.2,-1.453,31.66,31.79,31.93,31.08,539552,16888543,2.06733,35.471,2.545,3248600784.0,814288519.2
301468,博盈特焊,29.87,-2.162,30.53,30.76,30.92,29.8,1931727,58411954,1.98119,72.854,2.224,5052451954.8,2912426199.56
301469,恒达新材,28.77,-0.656,28.96,29.19,29.63,28.63,1083300,31478545,2.36329,31.967,1.837,2574339600.0,1318778967.45
301479,弘景光电,47.92,-3.348,49.58,50.0,50.0,47.86,1611189,78154332,2.2597,21.11,4.583,5968506250.719999,3416739703.04
301486,致尚科技,190.73,0.437,189.9,193.7,196.38,188.42,3793941,729041461,5.20296,257.743,9.493,24555198928.120003,13907810925.390001
301487,盟固利,17.16,8.47,15.82,15.82,17.89,15.7,47480660,806614748,10.3305,289.865,4.1,7887018076.08,7887018076.08
301488,豪恩汽电,90.41,-1.083,91.4,91.4,93.25,89.72,640996,58467451,1.53184,111.617,3.836,9195107280.58,3783182129.71
301489,思泉新材,108.41,-3.849,112.75,113.6,114.5,108.28,3529457,388845906,5.07246,144.547,11.6,12607391777.84,7543250950.47
301491,汉桑科技,36.21,-0.522,36.4,36.59,36.59,36.02,355300,12865226,0.92887,17.837,2.149,4671090000.0,1385062916.4
301498,乖宝宠物,38.74,0.545,38.53,38.5,39.16,38.3,2881575,111811023,1.52024,23.06,3.314,15514317821.6,7343048920.4800005
301499,维科精密,25.46,-1.049,25.73,25.9,26.16,25.37,1314816,33777241,0.95101,65.282,2.698,3519968888.36,3519968888.36
301500,飞南资源,24.2,-2.459,24.81,24.84,24.99,24.15,6787932,166435767,4.71218,47.183,2.511,13578202961.4,3486026165.6
301501,恒鑫生活,26.82,-0.037,26.83,27.37,27.37,26.7,478700,12850784,1.10046,16.613,1.899,3966678000.0,1166670000.0
301502,华阳智能,49.03,-4.032,51.09,51.68,51.68,48.9,676038,33596620,2.856,131.307,3.368,2798804005.0,1160578098.25
301503,智迪科技,22.27,-0.978,22.49,22.52,22.67,22.07,661650,14782206,1.14734,16.744,2.117,2316080000.0,1284266360.0
301505,苏州规划,18.65,2.755,18.15,18.31,18.86,17.88,2950830,54454855,3.23665,98.158,2.262,2133559832.1499999,1700309328.65
301507,民生健康,13.42,0.751,13.32,13.45,13.73,13.34,3908100,53061021,1.10041,40.667,2.969,4784959108.6,4766090588.599999
301508,中机认检,23.76,-1.206,24.05,24.1,24.2,23.73,738400,17626791,1.25501,35.431,2.586,5371784351.999999,1397952864.0
301509,金凯生科,31.25,1.461,30.8,30.99,32.11,30.52,3206654,101065711,5.6514,35.92,1.77,3763958406.25,1773154000.0
301510,固高科技,27.77,0.982,27.5,27.57,28.36,27.46,7775351,216767134,2.04597,173.563,7.475,11230823377.6,10553523074.8
301511,德福科技,95.25,-0.936,96.15,97.01,98.16,94.0,16906493,1616356512,4.24096,533.613,14.206,60038170500.0,37971165516.75
301512,智信精密,31.36,-0.223,31.43,32.22,32.77,30.69,1220119,38549543,2.50428,48.246,2.32,2341549593.6,1527898713.6
301513,尚水智能,56.52,9.918,51.42,54.5,58.84,53.3,8279539,461965585,41.09159,26.411,4.344,5652000000.0,1138820858.28
301515,港通医疗,20.52,0.638,20.39,20.4,20.69,20.39,992158,20377547,1.46861,-748.905,1.698,2052000000.0,1386280926.0
301516,中远通,18.11,-2.947,18.66,18.77,18.98,18.09,4120700,75749056,5.872,-88.949,4.049,5083508783.05,1270877200.29
301517,陕西华达,34.43,-2.74,35.4,35.88,35.9,34.39,2470472,86369010,2.53266,-77.896,4.162,5207102993.400001,3358459889.4
301518,长华化学,24.82,3.546,23.97,24.03,26.37,24.03,4849943,122684901,8.25669,35.971,2.241,3610553362.3,1457915357.98
301519,舜禹股份,12.13,-1.302,12.29,12.3,12.4,12.01,1603100,19444488,2.10677,-71.353,1.459,1960728122.27,923006622.27
301520,万邦医药,71.05,-1.319,72.0,71.38,74.79,69.0,14260367,1030116710,40.81569,129.182,4.423,6619826051.65,2482376375.15
301522,上大股份,21.7,-1.319,21.99,21.99,22.19,21.7,2915770,63865142,1.05345,80.281,4.137,8069506673.9,6006162173.9
301525,儒竞科技,43.25,11.297,38.86,40.34,44.21,40.34,6875719,294388988,9.52497,32.519,1.761,5710577543.75,3122054707.0
301526,国际复材,26.97,-2.706,27.72,28.0,28.19,26.85,65894390,1799741943,4.69202,373.029,11.618,101700580954.56,37876477133.31
301528,多浦乐,71.06,-1.524,72.16,72.52,72.56,70.5,836720,59578271,1.80888,66.152,4.018,6377990300.0,3286975022.9799995
301529,福赛科技,140.6,2.718,136.88,137.0,143.49,134.2,3591355,504023017,5.64975,88.428,11.454,16650384030.4,8937474364.4
301531,春光集团,46.89,-5.273,49.5,49.9,50.08,46.86,2553444,122337390,5.44634,62.52,6.899,10303296312.6,2198374489.17
301533,威马农机,28.42,-0.246,28.49,28.6,28.8,28.33,741400,21145189,2.59692,91.677,2.518,2793876414.0,811368264.0
301535,浙江华远,13.54,0.148,13.52,13.52,13.69,13.34,1345499,18185198,0.79242,56.417,4.87,5758482357.72,2299039437.72
301536,星宸科技,123.36,-1.391,125.1,125.0,125.88,122.51,9534584,1180852802,5.07227,168.986,13.428,52119191061.6,23188560842.4
301538,骏鼎达,39.35,-2.187,40.23,40.23,40.62,39.23,971688,38545133,2.22316,15.813,2.896,4319056000.0,1719891659.6499999
301539,宏鑫科技,15.35,-0.518,15.43,15.5,15.58,15.25,1038061,15986420,1.3313,80.789,2.991,2271800000.0,1196893593.3999999
301548,崇德科技,53.32,1.215,52.68,53.69,54.44,52.51,1292300,68910411,3.83094,34.4,2.934,4638840000.0,1798656783.3600001
301550,斯菱智驱,100.22,6.628,93.99,95.49,102.8,92.49,13908177,1379274867,6.74942,133.627,18.332,33608651725.0,20651807741.7
301551,无线传媒,21.83,-1.711,22.21,22.2,22.57,21.8,6277146,138377698,4.06147,33.384,3.729,8732218300.0,3373907707.6
301552,科力装备,24.25,-2.099,24.77,24.74,24.76,24.17,726660,17746596,2.34861,14.877,2.633,3001180000.0,750295000.0
301555,惠柏新材,35.11,-1.487,35.64,35.7,36.1,34.88,1524688,54177529,3.15362,44.443,2.754,3239483837.0,1697471947.5
301556,托普云农,60.07,-4.469,62.88,61.76,61.8,60.03,1057800,64347333,3.5882,48.056,5.083,5122769600.0,1770863599.9999998
301557,常友科技,80.05,-1.912,81.61,81.77,83.99,78.55,748249,59967920,3.00852,38.301,4.839,4965583070.95,1990921708.85
301558,三态股份,6.73,-0.296,6.75,6.73,6.92,6.59,14901058,100124363,1.8861,109.076,3.857,5320334354.79,5317003004.79
301559,中集环科,12.8,0.471,12.74,12.74,12.88,12.71,1173646,15040068,1.30405,67.368,1.703,7680000000.0,1152000000.0
301560,众捷股份,37.86,11.747,33.88,34.45,39.0,34.42,16017884,582328379,27.41286,66.421,4.772,4603776000.0,2212235520.0
301563,云汉芯城,105.43,0.333,105.08,107.86,111.54,105.0,2650176,286230391,4.91516,56.38,6.635,8924747339.04,5684613011.09
301565,中仑新材,19.22,-0.826,19.38,19.5,19.6,19.17,2313791,44768471,1.80751,96.1,3.121,7688192200.0,2460352200.0
301566,达利凯普,23.48,-4.63,24.62,24.85,24.98,23.4,15848470,380045011,7.34032,58.7,5.904,9392234800.0,5069563090.16
301567,贝隆精密,36.6,-1.427,37.13,37.16,37.86,36.6,877210,32519101,4.13002,-332.727,3.626,2635200000.0,777378510.0
301568,思泰克,66.3,-5.353,70.05,70.7,71.45,66.07,2793800,190750901,5.84746,60.932,6.616,6846031920.0,3167681400.0
301571,国科天成,67.1,-1.843,68.36,68.94,69.19,66.83,3228809,218074429,2.70957,58.86,5.68,12039478426.8,7995848371.5
301575,艾芬达,23.75,-0.586,23.89,23.88,24.21,23.35,2958699,69800954,4.06524,14.482,2.035,2881777500.0,1728534500.0
301577,美信科技,54.21,-3.866,56.39,56.3,57.24,54.0,1058705,58432581,5.61911,-492.818,3.357,2451891195.0,1021379012.5500001
301578,辰奕智能,23.2,-3.253,23.98,23.98,24.18,23.19,1311183,30728424,4.35307,74.839,2.663,2453191316.0,698804184.0
301580,爱迪特,50.11,-3.783,52.08,52.51,52.59,49.5,5438402,275223791,5.39397,27.234,3.416,7475928488.610001,5052280016.68
301581,黄山谷捷,35.47,-3.535,36.77,36.8,37.09,35.4,742201,26627688,1.75484,51.406,2.871,2837600000.0,1500185915.0
301583,托伦斯,124.82,-4.073,130.12,132.7,133.2,124.45,7062729,898366276,22.9076,175.803,24.666,23150826235.440002,3848371977.8599997
301584,建发致新,18.53,3.346,17.93,17.99,18.99,17.99,3317962,61802090,1.39065,25.736,3.613,7843605559.27,4421094880.41
301585,蓝宇股份,27.68,-0.036,27.69,27.96,27.96,27.47,363300,10056770,0.53339,40.706,2.905,2878720000.0,1885337004.4799998
301586,佳力奇,29.0,-1.058,29.31,29.47,29.5,28.8,571715,16635216,1.08052,42.029,1.897,2406289587.0,1534421030.0
301587,中瑞股份,21.86,-3.232,22.59,22.58,22.7,21.77,6387649,141278518,8.69628,62.87,1.608,3220590954.4,1605675256.9
301588,美新科技,25.65,-0.965,25.9,25.87,26.2,25.46,1956835,50419690,2.66747,98.654,3.175,3048957890.1,1881663043.95
301589,诺瓦星云,157.0,-0.121,157.19,157.46,159.41,156.02,447235,70528460,1.29765,24.266,3.552,14514336000.0,5410998720.0
301590,优优绿能,65.85,-1.775,67.04,67.03,68.33,65.85,507919,34101112,2.08398,23.105,2.059,3876877857.15,1604935710.0
301591,肯特股份,40.01,-4.374,41.84,42.13,42.36,40.01,4408739,179934619,9.86411,51.295,4.705,4375333560.0,1788236867.48
301592,六九一二,110.0,1.196,108.7,109.98,110.24,107.2,753987,81965363,3.2279,144.623,8.295,7700000000.0,2569426640.0
301595,太力科技,45.96,-1.395,46.61,46.6,46.9,45.2,1511871,69491399,3.70262,72.952,5.505,4976548800.0,1876661700.0000002
301596,瑞迪智驱,44.79,-1.344,45.4,45.67,46.55,44.6,1114114,50586203,2.54122,28.232,5.331,4838727301.8,1963672340.8200002
301598,博科测试,50.61,-1.383,51.32,51.5,51.53,50.4,322600,16370538,1.78933,24.712,3.005,2980788456.03,912452649.7800001
301599,理奇智能,32.7,-1.447,33.18,33.36,33.84,32.7,6154989,204560565,11.25215,43.6,6.516,14113320000.0,1788707527.1999998
301600,慧翰股份,74.1,-2.217,75.78,76.91,76.91,74.01,563126,42129532,1.74567,48.654,6.302,7745191350.0,2390354850.0
301601,惠通科技,16.1,-0.617,16.2,16.35,16.59,16.08,4408174,71615219,5.98286,29.503,1.71,2261728000.0,1186248000.0
301602,超研股份,16.16,0.937,16.01,16.01,16.29,16.01,2386209,38642874,1.14447,46.171,5.229,6921806950.08,3369350158.56
301603,乔锋智能,113.01,-3.575,117.2,118.81,119.77,112.86,1079221,124562973,2.86019,38.835,5.135,13647087600.0,4264149825.0
301606,绿联科技,49.89,-1.772,50.79,50.98,50.98,49.33,2270396,113386117,1.37601,29.378,5.802,20699850221.34,8231789982.330001
301607,富特科技,41.93,-1.688,42.65,42.77,42.88,41.6,5712969,240355022,3.7637,21.613,5.18,9817017606.97,6364608286.54
301608,博实结,50.12,-2.205,51.25,51.25,51.58,49.89,1726135,87312439,2.90076,19.002,2.949,6645666412.0,2982458462.48
301609,山大电力,30.13,0.2,30.07,30.39,30.55,30.07,837500,25350703,0.85315,30.434,3.884,4907574400.0,2957731335.8
301611,珂玛科技,84.1,-4.519,88.08,88.71,88.9,83.61,5117706,437124901,3.49139,127.424,19.762,36667600000.0,12327440065.800001
301613,新铝时代,33.86,-1.369,34.33,34.48,34.63,33.81,696664,23730833,0.83034,21.163,3.528,5668260941.18,2840896223.42
301616,浙江华业,35.4,-1.283,35.86,36.01,36.66,35.31,710800,25475080,2.50266,13.489,1.954,2832000000.0,1005423401.4
301617,博苑新材,53.97,-1.855,54.99,54.58,55.96,53.61,2352033,128817933,3.41112,41.837,5.205,9376316040.0,3721339440.0
301618,长联科技,29.88,-1.516,30.34,30.31,30.65,29.81,630360,18972610,1.30912,66.326,3.983,3773909855.52,1438764160.6799998
301622,英思特,35.89,-0.938,36.23,36.24,36.88,35.89,732789,26501683,1.13331,31.761,2.731,4160795173.2,2320625722.44
301626,苏州天脉,285.35,-3.435,295.5,298.88,298.99,280.7,1862069,535458987,3.53878,212.948,20.529,33009288000.0,15014831079.3
301628,强达电路,110.3,-5.322,116.5,116.51,118.0,110.3,3041276,343834626,10.4645,68.938,6.972,8313950740.0,3205626840.0
301629,矽电股份,266.2,-0.378,267.21,270.2,297.0,265.3,1871886,524910594,9.75136,197.185,9.444,11107800338.8,5110016194.8
301630,同宇新材,191.55,-3.869,199.26,203.26,204.4,190.67,1226962,241264047,5.84833,51.409,6.17,10726800000.0,4018661535.0
301631,壹连科技,59.48,-3.048,61.35,61.41,62.69,59.42,1523967,91861217,3.49578,18.53,2.926,7612274905.759999,2592997172.24
301632,广东建科,13.12,-0.304,13.16,13.22,13.3,13.04,2311300,30379758,1.25742,39.758,2.0,5491507200.0,2411620000.0
301633,港迪技术,59.94,-1.754,61.01,61.16,61.78,58.77,1295200,77526324,5.07589,46.108,3.73,3337459200.0,1529470518.48
301636,泽润新能,40.18,-1.904,40.96,41.0,41.5,40.11,1201578,49025199,3.18034,69.276,2.392,2599409862.14,1518057576.14
301638,南网数字,20.59,0.439,20.5,20.81,20.93,20.54,4200333,86844256,1.67856,89.522,5.88,65468998235.7,5152318162.95
301655,绿控传动,24.05,-6.638,25.76,25.59,25.59,23.89,11274562,276383548,25.07231,60.125,10.574,10957378051.750002,1081484921.4
301656,联合动力,13.71,0.219,13.68,13.68,13.85,13.58,3941370,54112810,1.19132,26.365,3.549,33476134203.6,4535835045.599999
301658,首航新能,21.72,0.277,21.66,21.74,22.15,21.37,3301884,71856819,3.38944,55.692,2.854,8956701052.2,2115890311.32
301662,宏工科技,73.89,5.482,70.05,69.77,74.98,67.5,8777702,634672666,19.68447,90.11,5.644,8571240000.0,3294904210.02
301665,泰禾股份,22.03,1.148,21.78,21.99,22.1,21.81,820479,18065762,0.78763,20.589,2.713,9913500000.0,2294865100.0
301666,大普微,339.9,-4.471,355.81,362.92,362.92,339.55,2002220,692735360,7.55089,-278.607,40.663,148269940764.0,9012904985.7
301667,纳百川,55.02,-2.169,56.24,56.12,56.94,55.01,1006620,55789518,4.24201,47.843,4.887,6144061392.0,1305613045.8
301668,昊创瑞通,29.64,-0.403,29.76,29.81,30.39,29.45,1010912,30171880,2.08866,25.119,3.149,3260400000.0,1434576000.0
301669,高特电子,24.18,-3.933,25.17,25.37,25.51,24.17,4627436,114036491,5.65096,63.632,6.688,11606400000.0,1980040838.1000001
301677,欣兴工具,50.82,-2.213,51.97,51.97,54.3,50.55,2902718,150937738,13.53879,19.323,3.508,5082000000.0,1089581714.76
301678,新恒汇,51.26,-3.845,53.31,53.0,53.62,51.0,5707947,297220818,4.10729,85.433,6.822,12279613238.42,7123651768.42
301680,固德电材,95.43,-1.74,97.12,97.27,99.8,95.41,672354,65147193,3.79307,33.135,4.376,7901604000.0,1691579487.8100002
301682,宏明电子,100.6,-3.455,104.2,104.53,104.9,100.03,2189451,223728774,7.20514,28.774,2.471,12227865414.8,3056966403.9999995
301683,慧谷新材,97.2,-2.79,99.99,101.85,101.85,97.18,753471,74138909,5.28172,22.243,2.601,6134914080.000001,1386621179.9999998
301686,中塑股份,165.82,-13.662,192.06,186.88,189.0,165.6,4078762,715793859,46.70486,48.344,9.422,8180148500.9,1448115511.74
301687,新广益,48.5,-4.49,50.78,50.9,51.13,48.47,2297067,113242464,7.37354,43.304,4.681,7122904000.0,1510913031.0
301688,格林生物,39.16,2.755,38.11,38.14,41.33,38.14,7046549,277179725,27.11781,21.877,6.135,5221333359.44,1017570759.48
301689,电科思仪,73.43,-5.264,77.51,75.03,81.0,72.89,22555557,1715915881,39.18518,138.547,24.792,68135985726.76,4226737420.36
301696,三瑞智能,87.08,-1.437,88.35,88.95,90.48,87.08,1170283,103297384,3.89013,74.427,16.421,34832870800.0,2619658466.32
301697,贝特利,26.26,-5.335,27.74,27.34,27.98,26.24,10627266,286320830,24.1578,44.508,7.348,6898502000.0,1155204552.84
301699,洛轴股份,37.76,0.133,37.71,38.38,41.33,37.63,33868205,1320482598,48.43058,42.909,9.995,27338240000.0,2640611514.24
301707,展芯股份,67.89,-3.852,70.61,71.0,71.52,67.75,3788589,260596000,14.00455,109.5,17.931,27915684347.7,1836598569.9599998
301716,C鸿富诚,586.6,1.334,578.88,598.0,630.88,578.8,5604592,3378216030,45.00472,121.954,50.073,43949493918.399994,7305131003.799999
301717,超纯应材,338.0,-4.617,354.36,355.0,355.89,335.59,1622661,556277689,9.31153,138.525,35.503,34424000052.0,5890111708.0
302132,中航成飞,57.76,1.333,57.0,57.19,58.2,57.04,4793713,277095838,0.81794,44.967,7.388,154339997877.76,33851374262.239998
