序号,股票代码,股票简称,每股收益,营业总收入-营业总收入,营业总收入-同比增长,营业总收入-季度环比增长,净利润-净利润,净利润-同比增长,净利润-季度环比增长,每股净资产,净资产收益率,每股经营现金流量,销售毛利率,所处行业,最新公告日期
1,900917,海欣B股,0.1071,312155065.56,-16.2160953404,7.5194,129329589.99,20.3,246.9082,4.169948206459,2.7043,-0.048141337424,64.3863633542,化学制药,2026-08-21
2,688677,海泰新光,0.64,320565151.44,20.6899836794,-16.2557,76302393.68,2.49,-38.3396,11.169901591798,5.59,0.601187805667,62.4208696644,医疗器械,2026-08-21
3,688523,航天环宇,0.0098,156397070.98,-24.4523468347,40.1937,3974457.02,-88.55,60.468,4.137023719696,0.24,-0.17720960696,35.7884068028,航天装备Ⅱ,2026-08-21
4,688513,苑东生物,0.74,658897905.28,0.6798602713,1.9531,129751906.83,-4.99,55.2613,16.616063193233,4.33,0.948247446971,76.3621379319,化学制药,2026-08-21
5,688466,金科环境,0.11,209014156.33,-24.5070126633,52.0649,13024355.16,-57.39,360.9799,9.238813091265,1.12,0.454884941856,33.7695148928,环境治理,2026-08-21
6,688127,蓝特光学,0.67,1012452775.31,75.5007893474,24.3063,272068137.89,163.21,10.0125,5.883239749351,11.75,0.963897754952,44.1381214717,光学光电子,2026-08-21
7,688109,品茗科技,0.02,158651410.77,-15.3793011867,158.2325,1817554.32,-94.18,213.1446,9.783476536199,0.23,-0.694099842724,71.3102647502,软件开发,2026-08-21
8,688101,三达膜,0.55,911014935.17,27.0464441887,-14.1583,183762058.0,-5.88,-13.4296,13.546086225523,4.1,-0.148818582575,38.4095337224,环境治理,2026-08-21
9,688027,国盾量子,-0.23,123587343.37,1.8263861657,337.3481,-23175396.2,2.5835913652,78.1115,31.31138856786,-0.72,-0.374331288396,40.6897764518,通信设备,2026-08-21
10,605338,巴比食品,0.56,851601363.68,2.0309851071,24.1029,134650247.34,2.28,85.2057,9.119106380294,5.71,0.594382216838,29.2937355657,食品加工,2026-08-21
11,605337,李子园,0.17,604686753.7,-2.6903726262,1.873,65035413.29,-32.34,-78.4615,4.153923690209,3.88,0.035738221832,34.7474451895,饮料乳品,2026-08-21
12,605319,无锡振华,0.59,1404421662.41,9.1058239993,9.8266,205241125.85,1.93,3.6201,8.216389130346,7.16,0.2822393223,27.2391935847,汽车零部件,2026-08-21
13,605259,绿田机械,0.51,1342387919.33,2.6960294099,11.4897,88472706.01,-37.02,-3.2165,10.653704545744,4.72,-0.003217970489,18.2621980092,专用设备,2026-08-21
14,605208,永茂泰,0.25,2984691796.81,13.943891816,18.3632,80449561.83,306.94,250.4934,6.888484566103,3.58,-1.130453609535,7.3903623954,工业金属,2026-08-21
15,605077,华康股份,0.14,2481144512.5,32.9757986554,9.0585,41964049.18,-68.61,-10.7293,9.841285199772,1.3,0.353779567733,12.1548763396,化学制品,2026-08-21
16,605060,联德股份,0.58,730668236.77,24.5732614043,17.0039,139233307.03,27.6,23.317,10.808420587384,5.49,0.720722489443,38.063483876,通用设备,2026-08-21
17,603938,三孚股份,0.31,1312153910.3,30.1691139897,2.7462,119116332.26,209.73,106.5975,6.831427223778,4.65,0.036500349872,19.0604591166,化学原料,2026-08-21
18,603867,新化股份,0.75,1698227962.21,14.6014983966,6.6858,162205428.39,9.49,-0.4113,14.396777137584,5.2,0.38793410654,21.0711312152,化学制品,2026-08-21
19,603677,奇精机械,0.028,1030197901.25,-2.5213018233,11.4112,5384638.44,-86.7,-153.8648,5.794371953158,0.47,0.185530064,10.1635251667,家电零部件Ⅱ,2026-08-21
20,603637,镇海股份,0.09,183894913.69,7.7922591741,128.9431,20951716.34,-19.28,1312.8043,4.368970661595,1.98,0.074499891546,18.944189092,专业工程,2026-08-21
21,603517,ST绝味,0.22,2514530142.15,-10.822064967,-1.224,134786284.95,-23.16,-11.1086,10.019315188145,2.24,-0.300035880496,26.3585264829,休闲食品,2026-08-21
22,603505,金石资源,0.11,1894642299.29,9.7987576874,5.9407,89725478.37,-28.87,-53.5328,2.238315446922,4.77,0.3747783725,14.4894134346,化学制品,2026-08-21
23,603391,力聚热能,0.36,340241241.52,-15.8413994783,92.9721,32791387.31,-37.6,675.8058,23.759096844176,1.44,0.124510557692,34.2818438908,专用设备,2026-08-21
24,603303,得邦照明,0.1634,2043438965.07,-5.0355445265,5.8269,76394657.81,-46.5,-27.643,6.50728810485,2.4105,0.521935081367,15.6661795053,照明设备Ⅱ,2026-08-21
25,603193,润本股份,0.56,1053868679.36,17.7365414404,194.571,225090488.36,20.03,227.6406,5.785751658145,9.72,0.466119413036,60.5203093119,个护用品,2026-08-21
26,603171,税友股份,0.23,1012084944.1,9.7213340771,7.5442,94004618.14,32.38,100.5628,6.294677174864,3.65,-0.733501261908,62.2271688509,IT服务Ⅱ,2026-08-21
27,603160,汇顶科技,0.55,2062850458.44,-8.3737853779,12.8557,251508811.18,-41.59,14.617,19.970043063182,2.7,0.178084153951,40.7387468554,半导体,2026-08-21
28,603068,博通集成,0.33,638636909.5,70.208448928,5.65,50501645.85,162.6,111.099,11.783601154718,2.9,-0.204378504571,29.535261914,半导体,2026-08-21
29,603042,华脉科技,0.0888,394057097.6,5.0382693561,36.1448,18543338.79,185.0595994219,1046.1751,4.082292576158,2.19,-0.199187369369,35.7897414611,通信设备,2026-08-21
30,603039,泛微网络,0.37,848617295.07,5.0443807674,55.0249,114753842.11,74.68,-15.3027,8.714041700662,4.39,-0.103341088556,94.2402557344,软件开发,2026-08-21
31,603016,新宏泰,0.17,294984328.74,-4.135310883,27.2018,25580761.93,-25.36,186.5907,5.500403986366,3.09,0.114339333963,25.8625061121,电网设备,2026-08-21
32,601958,金钼股份,0.54,7918300077.59,13.7856977567,-9.5512,1740972319.61,25.95,-6.9066,6.405805569995,8.79,0.29418038083,41.9557983224,小金属,2026-08-21
33,601728,中国电信,0.21,259010338291.03,-3.8643498262,-2.875,19587741668.36,-14.9,66.4953,5.156784152826,4.2,0.659786295142,29.7628442917,通信服务,2026-08-21
34,601588,北辰实业,-0.26,3045481061.0,0.8664658837,37.5615,-880204194.0,44.4811223034,-383.2299,1.729211004093,-14.06,0.20494012866,26.0107184098,房地产开发,2026-08-21
35,601177,杭齿前进,0.3959,1194675435.2,11.297379309,31.5065,158739169.59,24.6,52.9535,7.345255499192,5.44,0.040868397171,22.0197037973,通用设备,2026-08-21
36,601006,大秦铁路,0.21,39597345874.0,6.1999760693,13.2318,4254959778.0,3.4,-21.5363,8.288932457782,2.57,0.362075337232,12.936312793,铁路公路,2026-08-21
37,600995,南网储能,0.35,4120056569.77,24.8299503322,22.773,1112188955.83,33.61,45.0736,7.330504520939,4.8,0.715974131148,51.9531553713,电力,2026-08-21
38,600980,北矿科技,0.3594,657394999.29,19.0013402307,53.391,68259871.13,25.68,97.4541,7.930717615439,4.52,0.300325012336,27.4110882581,专用设备,2026-08-21
39,600971,恒源煤电,0.1348,3442797025.95,44.8213255038,11.087,161244253.83,224.7899409241,328.2758,9.782394824778,1.36,1.196034649356,28.2552638465,煤炭开采,2026-08-21
40,600969,郴电国际,0.1404,2005772754.18,2.5097794514,-9.3193,51959387.3,100.49,259.1593,9.826383569519,1.43,2.173167832933,7.2752389874,电力,2026-08-21
41,600955,维远股份,-0.04,5601413530.56,21.7499980727,8.9564,-22400266.41,86.6298050929,-231.4065,13.735314024182,-0.3,1.767728177873,3.1899749104,化学原料,2026-08-21
42,600906,财达证券,0.24,2074130186.97,67.9216834493,82.378,766194871.25,104.59,102.3804,3.931791273045,6.06,0.264978193772,,证券Ⅱ,2026-08-21
43,600853,龙建股份,0.07,4921817676.73,-3.1712673694,73.4232,73680231.48,5.35,741.9758,3.593729579843,1.79,-1.721103823641,15.7276274247,基础建设,2026-08-21
44,600851,海欣股份,0.1071,312155065.56,-16.2160953404,7.5194,129329589.99,20.3,246.9082,4.169948206459,2.7043,-0.048141337424,64.3863633542,化学制药,2026-08-21
45,600785,新华百货,0.22,3263765356.04,0.2869900587,-26.2636,68589616.62,-20.25,-94.5464,7.250542196638,3.01,1.82859931924,23.8828798745,一般零售,2026-08-21
46,600662,外服控股,0.1745,13043176872.7,6.5222277328,-3.6044,398185559.63,3.68,-31.6538,2.295308208476,7.41,-0.36940085785,7.9889421255,专业服务,2026-08-21
47,600589,大位科技,-0.05,259319014.76,26.056755276,8.2314,-69744050.26,-202.31,-18.8884,0.393754653002,-11.28,0.027059394341,15.8089068547,IT服务Ⅱ,2026-08-21
48,600549,厦门钨业,1.3862,35014480428.15,81.6985110158,22.4106,2200748489.7,127.04,-1.164,11.773995846987,12.15,-1.551198378021,21.8280630899,小金属,2026-08-21
49,600501,航天晨光,-0.09,1002492578.15,35.782747617,144.2676,-39603258.34,53.1235115968,136.0874,3.550100276445,-2.61,-0.9248591575,12.7839429322,专用设备,2026-08-21
50,600459,贵研铂业,0.45,22651848105.94,-23.3550231536,-25.9809,349570955.98,7.63,-42.6293,10.969869589125,4.25,0.871441294567,4.4297279376,小金属,2026-08-21
51,600452,涪陵电力,0.13,1300600418.75,-8.1721159131,1.4019,206694224.34,23.91,-38.9169,3.722306383137,3.63,0.259538760952,20.5584363826,电力,2026-08-21
52,600419,天润乳业,0.1719,1450345988.03,3.9320479953,17.5236,54249956.07,348.2113208366,-17.6341,7.845861421281,2.19,0.748537090849,18.2728192498,饮料乳品,2026-08-21
53,600335,国机汽车,0.1727,15362229515.29,-8.7135074655,22.9659,257589756.89,21.08,4.455,7.828637639725,2.21,-0.31037311919,10.2999557612,汽车服务,2026-08-21
54,600256,广汇能源,0.2,14241034437.76,-9.5674039644,7.6264,1278219929.2,49.81,340.7313,3.909426439987,5.15,0.440295710313,23.9310197785,煤炭开采,2026-08-21
55,600198,大唐电信,-0.0468,359109602.91,30.5039923522,212.6441,-61024716.44,24.8228339787,106.7288,0.157311100737,-26.37,-0.168993940566,43.3141926753,通信设备,2026-08-21
56,600187,*ST国中,0.0018,147022377.53,90.8471925098,91.3069,2902908.56,115.847618753,-183.4231,1.82206821299,0.1,-0.008590550183,14.6424141016,环境治理,2026-08-21
57,600176,中国巨石,0.7391,11158886608.98,22.50258137,11.265,2933304204.75,73.87,31.488,8.282254105706,9.06,0.605467616606,42.1382635808,玻璃玻纤,2026-08-21
58,600173,卧龙新能,0.02,1155153117.12,-46.2699214443,44.4906,14922387.17,-81.7,-74.843,5.110362406591,0.42,0.674046696392,27.5900901765,房地产开发,2026-08-21
59,600116,三峡水利,0.2,5069319221.77,3.5332463907,-4.2024,378002426.93,688.61,969.3955,6.037597494847,3.29,0.525953659194,15.7738011437,电力,2026-08-21
60,600064,南京高科,0.726,1408208446.73,-28.1519676625,32.0721,1255756416.58,-9.07,0.2903,11.499087670686,6.38,0.528083602297,17.7979943824,房地产开发,2026-08-21
61,600022,山东钢铁,-0.0028,31805223773.57,-8.2246856215,15.9744,-29595668.15,14.2950564949,186.4251,1.776157446313,-0.16,0.102460349073,8.2159555799,普钢,2026-08-21
62,301609,山大电力,0.2889,303484869.71,8.0471427923,55.5563,47057198.69,-4.61,124.1261,7.758318906741,3.64,0.217980464821,40.111102572,电网设备,2026-08-21
63,301577,美信科技,-0.43,278730901.7,35.7213168729,6.0307,-18940109.71,-280.24,53.1555,16.218894162938,-2.57,-0.761989401837,20.2609718462,通信设备,2026-08-21
64,301509,金凯生科,0.25,309328555.12,-11.2152209577,8.8495,30272472.03,-57.81,-18.1123,17.656796781819,1.37,0.369814467679,38.6264701924,医疗服务,2026-08-21
65,301227,森鹰窗业,-0.3,222269240.39,-9.8894643209,112.1177,-38575939.6,-202.59,17.212,12.098305049203,-2.4,0.056074537861,13.4969353597,家居用品,2026-08-21
66,301171,易点天下,0.13,2232345502.86,28.5355614903,14.2712,78451479.7,-45.34,323.4696,6.163647742468,2.1,0.211521677149,13.8672277944,广告营销,2026-08-21
67,301033,迈普医学,0.85,189801626.51,20.2968845526,42.2087,56580533.57,19.62,73.1329,12.102773711917,6.9,0.718909188598,78.9624766267,医疗器械,2026-08-21
68,301028,鼎熔岩,0.35,743223305.5,18.6916362052,21.748,133507792.88,6.57,29.0386,4.559071055306,7.79,0.26220947754,29.8824825495,通用设备,2026-08-21
69,300958,建工修复,0.01,220306884.56,-32.2965545387,52.7276,2014269.71,105.76,209.5773,7.860114572553,0.16,0.087662065152,12.2760502578,环境治理,2026-08-21
70,300886,华业香料,0.0913,225032837.99,17.2497873894,-0.3759,6832640.76,-67.46,-44.0355,7.982123206289,1.15,0.684700975798,19.9577854331,化学制品,2026-08-21
71,300876,蒙泰高新,-0.1102,256854446.72,5.4239621879,14.7781,-16696582.52,50.6,4.5541,6.661124667857,-1.65,0.051194651158,5.919182017,化学纤维,2026-08-21
72,300872,天阳科技,0.12,963875042.73,-3.2890033532,16.2116,60017096.85,17.59,595.9073,7.325527197501,1.63,-0.698423968608,24.6748140689,IT服务Ⅱ,2026-08-21
73,300657,弘信电子,0.26,3375792103.59,-3.3783486834,8.8344,123961305.68,129.59,126.9125,3.239545348206,8.91,-0.969708802091,13.1842608245,元件,2026-08-21
74,300515,三德科技,0.4364,297602408.54,19.5987875703,32.9746,87613469.29,42.8,64.4404,4.563083692021,9.11,0.119988335273,57.52754683,通用设备,2026-08-21
75,300484,蓝海华腾,0.0833,194198889.54,-19.1073955155,-3.6067,17259796.17,-58.02,-54.2289,3.245619614807,2.5,0.314774005606,33.8186834207,自动化设备,2026-08-21
76,300399,天利科技,0.07,276971121.51,19.9129510339,19.3753,12904724.29,60.9,490.5762,2.565191084615,2.49,-1.32115974752,15.3289758978,IT服务Ⅱ,2026-08-21
77,300395,菲利华,0.5656,1307833466.33,44.0592363283,10.3529,294779713.29,32.95,5.1051,9.96254601183,6.1,0.259175212016,50.1135854681,航空装备Ⅱ,2026-08-21
78,300386,飞天诚信,-0.15,265352471.12,-26.8488482967,48.5512,-60673767.94,-1101.0,-17.4906,3.350857151568,-4.22,-0.362505513511,38.6860340312,计算机设备,2026-08-21
79,300332,天壕能源,0.0841,1406841432.84,2.5432324719,-12.4225,71999591.82,4.33,69.9561,4.541591946732,1.81,0.559204922895,16.7138165682,燃气Ⅱ,2026-08-21
80,300315,掌趣科技,0.01,333826977.96,-6.7542484212,-19.3993,36258443.75,-24.13,-132.9678,1.697430751289,0.78,-0.026988954277,76.9306103028,游戏Ⅱ,2026-08-21
81,300314,戴维医疗,0.0836,251904726.04,0.2578766692,23.3239,24087957.38,-52.75,43.6617,4.278140021354,1.94,0.012565126215,50.3097691307,医疗器械,2026-08-21
82,300250,初灵信息,0.01,115547858.61,0.8527247175,39.3163,1859542.26,-46.05,277.3987,2.604346164979,0.33,-0.096412007488,43.7714252072,IT服务Ⅱ,2026-08-21
83,300236,上海新阳,0.6823,1198578622.96,33.6730119364,7.6117,213229671.5,59.96,5.6392,21.790409483944,4.05,0.594271076056,42.2934801497,电子化学品Ⅱ,2026-08-21
84,300214,日科化学,0.0651,1905536476.8,-2.6332095845,8.7211,30272680.44,2518.58,1257.0424,5.221311110524,1.26,0.167833873978,7.8172228096,化学制品,2026-08-21
85,300200,高盟新材,0.13,695410641.12,16.4797897673,9.8092,52310263.14,-31.73,12.3049,3.773655447318,3.17,-0.054543032102,21.9142668186,化学制品,2026-08-21
86,300151,昌红科技,0.04,459923141.79,-7.5808657254,-7.9623,20184576.45,-34.63,-80.9478,2.876733295268,1.24,0.097595836896,26.5008982578,专用设备,2026-08-21
87,300078,思创智联,-0.02,189872044.47,-65.1625997541,8.5268,-23087328.17,55.46,-54.0386,0.439674909609,-4.59,-0.067286674417,24.8432703306,IT服务Ⅱ,2026-08-21
88,300006,莱美药业,-0.0222,350442837.47,-7.0921014482,-7.671,-23417471.67,25.368132002,44.0154,1.639471799989,-1.34,0.022557689621,51.9034699334,化学制药,2026-08-21
89,200570,苏常柴B,0.1489,1669786673.48,6.9562501916,-22.6986,105059653.98,43.09,-58.7811,5.017963906226,3.0,-0.190883779442,14.8674483293,汽车零部件,2026-08-21
90,003036,泰坦股份,0.14,821947787.96,20.4829683596,15.4308,30666595.49,-15.38,-50.4872,6.561926580947,2.06,-1.066936704076,15.328737839,专用设备,2026-08-21
91,002967,广电计量,0.2,1685680855.06,14.0321381596,36.3754,121804805.52,25.16,519.4202,7.695588636428,2.59,0.192776851049,43.5686448289,专业服务,2026-08-21
92,002890,弘宇股份,0.0523,183501696.42,5.7222104347,-22.6566,8883582.81,6.27,-39.411,3.559212521478,1.47,-0.01883945528,17.7485752968,专用设备,2026-08-21
93,002802,洪汇新材,0.16,222615513.39,13.1707024403,37.8216,28700138.11,34.45,24.5016,3.594131049703,4.4,0.090027312564,26.1607436711,化学制品,2026-08-21
94,002763,汇洁股份,0.34,1526639580.13,-2.6392201186,0.9852,137625807.27,15.06,-49.9423,3.918063598789,7.59,0.714458977737,69.4232132295,服装家纺,2026-08-21
95,002759,ST天际,0.45,2254417697.49,111.1094950144,27.708,225880026.51,531.39,-85.4869,7.010958481258,6.64,-0.04201656298,27.7550661027,电池,2026-08-21
96,002728,特一药业,0.06,393321980.2,-19.91699341,-12.5893,31108115.76,-18.15,-79.2539,3.466972214862,1.69,0.166353409079,56.9226466205,中药Ⅱ,2026-08-21
97,002687,乔治白,0.02,520255232.06,-0.6538995947,-5.0474,11646092.0,-20.01,-94.8927,3.018777912909,0.75,-0.44222802073,44.690186359,服装家纺,2026-08-21
98,002632,道明光学,0.1406,636787656.79,-13.1967901101,17.9098,87847432.43,-22.97,14.284,3.470820476203,3.97,0.173995333983,32.9970266163,塑料,2026-08-21
99,002536,飞龙股份,0.13,2205529320.7,2.0349039544,5.6932,75709903.08,-64.02,-69.0932,5.793038432774,0.26,0.218840165836,20.4916289459,汽车零部件,2026-08-21
100,002529,海源复材,-0.1869,175559787.84,-13.3232372224,-37.0019,-48598559.0,24.87,-39.33,0.219334912885,-61.9,-0.2708165895,-0.3368175693,专用设备,2026-08-21
101,002496,辉丰股份,0.0124,258015802.88,74.8724993589,39.8861,18712878.05,63.21,3036.9845,0.862091005874,1.67,-0.001148502538,5.4970468986,农化制品,2026-08-21
102,002484,江海股份,0.4552,3150759750.0,16.96473698,27.7077,383312921.32,6.92,36.6017,7.706010545352,5.91,0.464705260178,25.184486291,元件,2026-08-21
103,002393,力生制药,0.25,641633361.63,-12.2862239226,-6.9014,78326032.27,-77.16,-49.0333,14.555868717924,1.74,-0.143342620752,55.6900743709,化学制药,2026-08-21
104,002376,新北洋,0.067,1573902257.0,23.0257368487,47.8408,53167294.23,42.71,366.1236,4.560210469743,1.36,0.129777168101,24.43466801,计算机设备,2026-08-21
105,002302,西部建设,-0.1766,7206390615.35,-20.1143796075,26.5856,-208119915.01,-116.17,107.6552,6.148284449149,-2.83,-0.20694684136,4.6276893566,水泥,2026-08-21
106,002274,华昌化工,0.1293,4015952154.0,24.8486434092,19.5801,123105705.32,1026.9,54.2225,5.520026565675,2.33,0.207059917079,9.013343476,化学原料,2026-08-21
107,002243,力合科创,0.1057,1184762478.18,8.2890007907,13.779,128015340.83,8.13,795.9361,6.0951794149,1.74,-0.020687550495,20.4185813364,化妆品,2026-08-21
108,002241,歌尔股份,0.42,40046292708.53,6.6493551748,14.6257,1465845199.2,3.46,91.4213,10.699244446891,3.92,-0.068907802455,14.5163052612,消费电子,2026-08-21
109,002237,恒邦股份,0.47,62178071135.31,44.4308342036,-10.8296,672473516.31,112.6,168.6627,9.604337066232,4.96,-1.423594411039,2.5965178073,贵金属,2026-08-21
110,002196,方正电机,0.0492,1717451547.7,35.7741569841,10.71,24376531.33,438.74,9.6332,2.900372386677,1.71,0.0777272479,12.4370115958,电机Ⅱ,2026-08-21
111,001395,亚联机械,1.39,514742742.51,36.9333133648,74.3508,157373219.84,60.01,134.5986,11.189504239058,12.32,0.859578419744,43.2743122387,专用设备,2026-08-21
112,001379,腾达科技,0.1314,1056653209.54,6.7566027656,17.3335,26280422.66,-33.18,-59.767,7.5283995098,1.75,0.52434988245,6.9609316137,通用设备,2026-08-21
113,001337,四川黄金,1.0299,827033385.63,87.0261079822,-27.977,432572275.71,107.34,-37.0739,4.900986582048,21.86,1.351327299714,71.0147106737,贵金属,2026-08-21
114,001328,登康口腔,0.59,961053771.63,14.1633397728,-5.9682,101378134.46,19.05,-4.249,8.557159155284,6.52,0.476138966149,52.7089462987,个护用品,2026-08-21
115,001259,利仁科技,0.0883,265747491.51,29.6601322714,-17.5433,6419201.45,30.36,-77.8185,9.792026550938,0.89,0.318790671086,26.7443086014,小家电,2026-08-21
116,000948,南天信息,0.0337,4205790713.32,-8.1690496358,57.4305,13120565.93,362.26,255.0779,7.012953401372,0.48,-4.006113901397,9.7688521478,软件开发,2026-08-21
117,000915,华特达因,0.9534,848351991.81,-27.5209107893,5.7763,223413208.68,-33.8,2.0443,11.16220096352,7.52,-0.346391158789,82.4314738659,化学制药,2026-08-21
118,000811,冰轮环境,0.31,3678438453.08,17.9573663735,26.46,311006981.7,17.01,65.3293,6.554917408863,4.83,-0.227339139165,25.8994038199,通用设备,2026-08-21
119,000809,和展能源,0.01,173779318.62,1409.8489184755,29.8874,9503369.91,126.83,84.6355,3.229409446918,0.36,0.084315494975,24.0645796647,风电设备,2026-08-21
120,000766,通化金马,0.0074,557162456.82,-14.2805636717,-14.343,7104631.09,-57.72,-122.1777,2.397980130687,0.31,0.058518307602,75.3052579071,化学制药,2026-08-21
121,000713,国投丰乐,-0.0391,1194988800.77,3.8834241556,45.6544,-31201071.38,-11.33,13.7558,3.875069811752,-1.0,-0.120979114499,12.0186696978,种植业,2026-08-21
122,000661,长春高新,1.18,5542712027.14,-16.0568568324,14.2311,475322883.61,-51.64,-27.6208,54.940980512582,2.14,4.21811250553,78.836738171,生物制品,2026-08-21
123,000570,苏常柴A,0.1489,1669786673.48,6.9562501916,-22.6986,105059653.98,43.09,-58.7811,5.017963906226,3.0,-0.190883779442,14.8674483293,汽车零部件,2026-08-21
124,000534,万泽股份,0.251,666595211.43,6.5823550859,-14.722,125378811.25,5.0,-38.1546,3.669910639343,7.47,-0.063962493966,71.0690616174,生物制品,2026-08-21
125,000532,华金资本,0.1513,247561859.49,5.9789949922,13.9702,52164072.47,43.76,1167.8141,4.772713535681,3.15,0.335859339435,42.4730521643,多元金融,2026-08-21
126,000518,四环生物,-0.0251,110742539.5,-39.1180468908,-63.5677,-25833217.42,-155.8,-28.3343,0.299923201173,-8.03,-0.016773579957,20.5701109915,生物制品,2026-08-21
127,000516,国际医学,-0.0292,2032048577.68,-0.1110506926,9.6196,-65320241.84,60.4,64.8776,1.452876971723,-1.99,0.220404553005,12.5824652933,医疗服务,2026-08-21
128,000423,东阿阿胶,1.34,3155143496.5,3.3936375551,-26.0886,860377588.81,5.66,-10.8264,15.877009486054,8.12,0.127483336944,74.8225662617,中药Ⅱ,2026-08-21
129,920839,万通液压,0.5197,372623956.27,8.1850029337,23.5456,61435579.42,-8.74,36.8445,5.500842113057,8.86,-0.180760659945,29.358345718,工程机械,2026-08-20
130,920821,则成电子,0.0128,191259111.78,-10.2255855878,38.7739,1770507.79,-84.55,265.2019,3.780717334474,0.34,0.178915425409,25.0429315677,元件,2026-08-20
131,920694,中裕科技,0.68,445445800.41,24.1206459938,48.9891,88988030.39,69.16,65.801,7.089774596612,9.55,0.732009308291,49.2559417078,橡胶,2026-08-20
132,920656,海昇药业,0.47,141142471.8,39.9588025023,15.0179,47021107.42,55.05,34.0234,7.1088457703,6.47,0.2754028127,45.70773633,化学制药,2026-08-20
133,920425,乐创技术,0.53,93466437.51,80.1444337751,-7.8291,37610320.52,105.94,-22.5006,3.99329994831,13.29,-0.16583507788,70.2607127216,自动化设备,2026-08-20
134,920200,振宏股份,0.58,678417741.4,7.1154213588,,47522330.6,-19.85,,11.76610075,5.84,-1.343715163155,18.1175217273,风电设备,2026-08-20
135,920118,太湖远大,0.8821,877429956.5,15.845425142,45.6268,44897629.01,226.41,197.8803,11.559093378391,7.64,-3.894131808126,12.3200400852,电网设备,2026-08-20
136,920086,科马材料,0.61,152142303.21,9.1434188419,9.3458,48551050.65,6.7,-0.8498,10.291538890057,5.8,0.312484897586,50.3190476776,汽车零部件,2026-08-20
137,920036,觅睿科技,0.44,362404063.66,1.5668069459,17.541,20885564.22,-35.1,350.4876,11.02829180891,5.83,-0.503189204581,39.8545925814,计算机设备,2026-08-20
138,900937,华电B股,0.07,8033840944.11,-3.0255203769,-39.4985,591665272.62,29.16,-101.6751,0.665997844316,12.6,0.024268265801,23.5016495287,电力,2026-08-20
139,900926,宝信B,0.247,5631881861.11,19.4534838685,13.0107,706779643.48,-0.81,-14.6229,3.879438307685,6.32,0.611521960903,29.7842731726,IT服务Ⅱ,2026-08-20
140,875152,都铂股份,0.89,391169175.99,24.7538361835,,29442247.76,52.52,,7.702886855503,12.35,0.817850008536,19.2542581888,,2026-08-20
141,875085,视科新材,0.07,48385968.7,1.1777046013,,3612950.07,31.57,,2.278436085496,3.14,0.025859405607,31.4063723808,,2026-08-20
142,874957,绿霸股份,0.37,1815554266.06,8.6780496236,,144816266.56,98.99,,8.995201067103,4.17,0.08530187541,22.9628204716,,2026-08-20
143,874943,巨联环境,0.17,82969388.75,38.3192851843,,8355822.25,36.6,,2.3221753754,7.47,-0.123538787,36.0169623884,,2026-08-20
144,874938,东润换热,0.27,80204957.65,23.8497705711,,15263727.8,55.05,,2.946158231951,8.3,0.167007322004,37.4170584329,,2026-08-20
145,874913,通灵生物,1.44,68636214.39,15.2798562426,,36496102.38,15.13,,11.419006412439,12.68,0.873894923505,93.9081549337,,2026-08-20
146,874905,信远科技,0.2414,61802398.72,-32.8134826124,,10281246.67,-61.3,,6.314129305591,4.17,-0.047093075458,43.0342616967,,2026-08-20
147,874876,滨沅国科,0.51,55231949.1,9.2484775547,,5083758.53,-18.07,,5.827911973,9.12,0.37613449,35.1410762,,2026-08-20
148,874868,华日激光,0.59,197834953.47,52.4037134828,66.6372,28412787.55,31.72,161.2895,7.135931126692,8.73,0.169981698767,43.8873774463,,2026-08-20
149,874856,软控科技,0.4709,605798096.69,50.5497197666,,23544057.71,38.11,,5.5795016588,8.83,0.7974699948,18.6584046793,,2026-08-20
150,874847,美昱新材,1.57,543683802.98,12.4515868895,14.3839,47164019.9,40.97,38.6095,16.305649363,10.13,0.085366079667,16.6106150735,,2026-08-20
151,874846,一通密封,0.32,121473013.27,-13.7509660726,,15409548.86,8.37,,8.782644946309,3.55,0.407181422399,49.295879511,,2026-08-20
152,874840,生和堂,1.04,391237878.76,36.694309266,,33995057.52,6.09,,4.193366514712,24.26,1.268763877449,23.6256353022,,2026-08-20
153,874832,中诺凯琳,1.39,192207970.29,82.5661094203,,29634380.9,56.38,,5.471268234272,29.05,1.003805568545,22.573793472,,2026-08-20
154,874822,华源科技,-0.04,18448698.53,54.3577262827,,-2390447.53,57.67,,1.138928997325,-3.25,0.173194256846,28.6337924131,,2026-08-20
155,874799,冠联新材,0.34,741936989.25,26.2233772772,,40298134.71,211.68,,6.407378830388,5.38,0.286940529003,15.2460272205,,2026-08-20
156,874798,环能涡轮,0.88,280027210.71,5.6794221831,16.7845,58296755.35,-40.67,6.5331,14.870791966818,6.13,0.846152981818,36.9101171661,,2026-08-20
157,874753,天宝翔,0.93,80622551.73,-34.2795815404,,19629317.5,-37.48,,12.03065402381,7.33,1.83363185,49.5667905226,,2026-08-20
158,874727,尚睿科技,0.53,667003640.83,9.6862572127,-22.0746,28112121.98,-34.4,-103.2341,12.997057644506,4.16,-3.13382343424,42.0773944383,,2026-08-20
159,874711,元贞科技,0.03,104049580.95,-33.4489760329,,3684541.77,-38.01,,1.696337583095,1.63,0.170780654444,13.5376982506,,2026-08-20
160,874678,暨博医疗,0.28,177801327.88,4.7037878636,,16315589.99,18.44,,2.729277270862,9.57,0.684264993276,33.2426542843,,2026-08-20
161,874639,阿宽食品,0.22,634830218.57,-2.4417413163,,20224365.26,1.9,,5.187967979249,3.67,0.128454636808,25.7808815306,,2026-08-20
162,874620,中矿岩土,-0.2944,30517056.87,-52.02279225,,-35325955.2,-85.17,,1.752332802333,-15.08,-0.21078203975,25.969103881,,2026-08-20
163,874602,弘昌新材,0.46,240375902.6,55.0788798998,,28467924.98,1683.51,,9.620369879199,4.89,-1.351235080683,29.4464367578,,2026-08-20
164,874576,城市云,0.09,350438239.21,31.2919364382,,8940735.8,456.48,,3.490486600736,2.64,-1.674770656391,19.2755907581,,2026-08-20
165,874557,联成科技,0.6,101212927.51,100.50645902,,20843815.12,113.89,,3.042972744565,21.92,0.145619351172,36.7501829411,,2026-08-20
166,874488,利思德,0.15,124518482.3,53.2163645089,,11135348.92,291.56,,3.801099474444,4.15,0.139428843194,28.4597071257,,2026-08-20
167,874445,科金明,0.55,386352216.53,0.0107102715,28.7854,15125967.0,12.85,294.1184,13.479250310417,4.16,-1.129815323949,28.6981784849,,2026-08-20
168,874366,中科仙络,0.21,192951791.57,61.1455512156,,5927455.58,351.26,,2.139238257379,9.84,-0.61308374442,19.0601319432,,2026-08-20
169,874360,世纪数码,1.14,372360431.93,19.7008893043,17.9576,38103426.0,60.93,67.8124,10.569375461008,11.43,0.743673541992,21.284799491,,2026-08-20
170,874346,天奇新材,0.1793,209912036.92,23.4012239902,,6949271.48,-44.85,,3.84565546725,4.2,0.592869163,12.8765782642,,2026-08-20
171,874338,高裕电子,0.02,29067045.48,3.0970970342,,828875.34,-37.59,,2.159745387133,0.72,0.118808289315,43.5620159562,,2026-08-20
172,874283,鑫诺特材,-0.1,85314481.74,16.6980719366,,-2592867.91,21.11,,3.931247842444,-2.62,-0.708790524984,12.0949736429,,2026-08-20
173,874277,水泊智能,0.1,49929211.68,35.0750887335,,3181462.67,-50.15,,2.335387602722,4.71,-0.208401583355,24.7104595383,,2026-08-20
174,874274,谐通科技,0.14,418224020.95,41.1864272136,,7092530.32,-68.06,,6.8194746636,1.97,-0.9592625514,11.4820396712,,2026-08-20
175,874199,天安股份,0.05,124721010.64,16.2523947161,,4018566.91,46.81,,8.065103413373,0.66,-0.036982259815,22.7513006705,,2026-08-20
176,874169,高飞股份,0.18,46383691.55,-19.5081628568,,5839814.03,-1.68,,2.211396165625,7.54,0.355047142813,31.6735878475,,2026-08-20
177,874155,实华股份,-0.06,67153986.72,-32.4204201442,,-3028149.53,-142.47,,7.403770542998,-0.8,-0.427707127924,38.6207229634,,2026-08-20
178,874022,海图科技,0.33,73132517.93,9.514769719,,16459244.55,50.43,,3.793033433339,8.31,-0.070103600198,47.8606308394,,2026-08-20
179,874005,泽瑞股份,0.3256,14668720.56,-42.9837867066,,3581274.48,-62.56,,4.621645332727,6.7,0.117812173636,74.862733768,,2026-08-20
180,873985,久煜智能,-0.09,42250741.89,211.9586123677,,-2817514.2,25.58,,3.290189181207,-2.69,-0.160603146875,37.6640217619,,2026-08-20
181,873978,梯度科技,-0.18,10320200.52,-48.8222994206,,-9189795.24,-131.17,,0.590373135393,-26.94,-0.26900069422,29.7910179559,,2026-08-20
182,873956,久恒智循,0.65,60502910.59,40.6124186177,,6466788.43,179.83,,4.267104628,16.4,0.008148594,20.5070444199,,2026-08-20
183,873953,伊宝馨,0.06,115934443.67,-21.1424958445,,2630608.48,-78.36,,4.562685258199,1.39,-0.314233795623,11.840645692,,2026-08-20
184,873949,昌德微电,0.02,64736314.8,30.8703383455,,409025.02,132.89,,1.734916824,1.19,0.2502041165,12.8954408909,,2026-08-20
185,873944,蓬达高科,-0.08,6800298.35,-64.2835984444,,-2568756.43,-218.86,,2.092891734292,-3.55,-0.062633494613,39.3765126496,,2026-08-20
186,873915,建业能源,-0.09,40767002.16,-15.2862652743,,-4248612.79,-27.8,,4.2646159822,-1.94,-0.3523166218,19.3538766943,,2026-08-20
187,873913,菲高科技,0.85,310038995.32,73.8289861502,,34069226.2,152.14,,6.176125750502,14.79,-1.537694970619,22.9441468537,,2026-08-20
188,873909,海多硅材,0.53,149434278.17,24.9058480333,,20297264.13,18.45,,5.312181596579,10.34,0.550050102632,23.4842973579,,2026-08-20
189,873881,中科英泰,0.06,148946504.15,59.1257262397,,6160507.72,63.8,,3.150490817384,1.92,-0.447029155384,33.9661658652,,2026-08-20
190,873851,宏德众悦,0.47,35364702.46,-16.0447912444,,5227291.39,-33.61,,9.927613151434,4.49,1.050632595878,43.9685440238,,2026-08-20
191,873849,金牌股份,0.1605,38152852.45,11.0633651811,,8024237.76,333.56,,1.9070488112,8.78,-0.0443909224,30.7932985755,,2026-08-20
192,873800,天舒科技,0.39,51086364.5,18.2888877451,,13053242.76,-21.87,,4.141628238524,9.93,0.477556560756,45.1958451849,,2026-08-20
193,873760,华兴股份,0.17,459599380.28,11.1819006378,,12768587.81,-35.85,,7.257664096308,2.32,-0.594451867395,12.0643436869,,2026-08-20
194,873746,油威力,-0.02,105337682.14,-15.9867453938,,-1036318.87,-125.99,,5.826169611283,-0.19,0.26747154304,16.0954806348,,2026-08-20
195,873729,北化高科,0.18,119402657.97,-1.0020165689,,3687210.82,-20.23,,6.727121556001,2.66,0.218209254962,14.1711600962,,2026-08-20
196,873687,山力科技,0.2472,144207331.42,58.4727072317,,12362840.57,23867.72,,3.609873215303,4.95,-0.488806304246,21.2587900685,,2026-08-20
197,873639,行新科技,0.15,56507462.21,3.3225403098,,10755238.85,13.12,,2.934962323429,5.11,0.200166719857,41.0346613759,,2026-08-20
198,873615,海瓴科技,-0.02,4311419.04,-34.406611631,,-248762.47,37.3,,1.384900575,-1.75,-0.065061281,29.0080388475,,2026-08-20
199,873569,博大新材,0.29,221413723.04,-1.2652919588,,10521142.18,66.73,,4.791727532192,6.01,1.023298920713,19.0539463366,,2026-08-20
200,873566,上元家居,0.07,95103267.31,6.245600066,,3360110.1,-47.07,,2.449112220858,2.71,0.07802788538,13.1863285402,,2026-08-20
201,873561,瑞达股份,0.2476,183087308.99,5.4951807652,,19811872.54,-489.14,,1.19684045875,23.09,0.535158442,10.9141058986,,2026-08-20
202,873554,赛康智能,0.4982,77828912.15,28.5128262975,,25210182.89,25.47,,3.362466733399,14.15,0.321220746047,54.9591909592,,2026-08-20
203,873542,黄淮股份,0.12,108880162.52,-15.0787297467,,11682748.89,-8.43,,3.343563045351,3.49,-0.036843856146,18.9135632822,,2026-08-20
204,873530,佰能盈天,0.18,374577899.67,47.2646561805,,10824638.06,-28.66,,5.073295533467,3.62,3.536729409091,11.1039264694,,2026-08-20
205,873502,三英新材,0.06,73165636.36,10.0777716998,,2485434.26,-23.36,,1.3762114245,4.41,0.04945930575,17.4731874908,,2026-08-20
206,873471,山脉科技,0.03,133598863.09,64.8926904513,,2254950.68,132.37,,1.318790971028,2.19,-0.502838580421,19.986511758,,2026-08-20
207,873450,西格医学,0.1,32091305.42,-3.4229731292,,3093977.74,90.62,,1.94692116657,5.47,0.188269428642,39.4780907295,,2026-08-20
208,873429,嘉广科技,0.03,33136941.55,-13.2095976997,,819832.52,105.15,,1.923744968148,1.59,-0.119544534444,14.5641415419,,2026-08-20
209,873403,方等股份,-0.16,4105477.92,-50.4398650113,,-1596189.76,-2824.08,,0.317072781,-40.22,-0.271650408,32.8193712463,,2026-08-20
210,873391,华阳制动,0.09,127718710.41,47.723067182,,6370042.68,24.62,,1.474617293499,6.02,0.079152082652,14.504078377,,2026-08-20
211,873376,德冠物业,-0.05,66693973.92,4.1841466256,,-1052070.03,-652.17,,1.3535662555,-3.81,-0.6103868805,5.7608982254,,2026-08-20
212,873369,柴米河,0.28,56017895.44,14.1525765812,,3076903.18,-25.32,,3.270848512613,8.85,0.419673174775,23.5795619708,,2026-08-20
213,873335,诚佰股份,-0.44,21252966.92,7.3884955189,,-8889068.08,-276.85,,1.367632233,-27.24,-0.0964207775,19.6005734902,,2026-08-20
214,873330,正华钢构,-0.12,210980.95,-90.1117795995,,-894688.69,-9.15,,0.288582133333,-34.31,-0.010114586667,-6.1552713645,,2026-08-20
215,873295,工源环境,0.05,42536406.82,-7.5986116108,,1112583.28,1268.14,,2.74947806,1.8,0.599489383182,28.6653863633,,2026-08-20
216,873277,智通科技,-0.0691,2653457.46,-8.408147116,,-797055.38,66.88,,1.464278492201,-4.61,0.009719980069,40.7896288641,,2026-08-20
217,873253,安天利信,0.27,99569252.65,5.5597237347,,14974592.91,31.28,,8.182024671091,3.73,-0.109844711636,41.2381557129,,2026-08-20
218,873248,中浩华,-0.09,2193029.12,-42.8399889005,,-905023.36,-156.34,,1.457079163,-6.02,0.061775719,9.9671230084,,2026-08-20
219,873198,华冠电容,0.17,117867684.04,20.1522301154,,13263913.41,35.7,,2.274976733125,7.56,0.19877127975,32.9211625443,,2026-08-20
220,873173,康源堂,-0.31,122727895.01,3.1699530165,,-28918536.23,-204.511221131,,3.825730078936,-7.73,-0.176680140957,3.62192253,,2026-08-20
221,873154,博兴新材,0.2,203688610.39,32.3702292589,,11958962.16,9180.34,,5.277422505667,3.86,0.554126271167,22.0850433089,,2026-08-20
222,873097,信溢创,0.01,4740418.09,-36.9923918431,,309992.02,973.06,,1.338657271048,1.02,0.024376727455,34.180474364,,2026-08-20
223,873095,鼎信数智,0.06,57915399.51,-0.1294405434,,6992124.36,43.74,,3.134585639988,2.09,0.063663024439,42.0292641093,,2026-08-20
224,873065,秦元热力,0.3,281405510.07,16.5198979067,,36234848.67,16.26,,2.047392131083,11.78,0.117017372833,20.0033861405,,2026-08-20
225,873056,山东隆驰,0.0,0.0,,,-3540.21,-97.01,,0.363239102,-0.19,-0.00072116,,,2026-08-20
226,873030,中基国威,-0.12,25939572.36,5.7331852079,,-4059292.12,21.87,,4.742196510808,-2.48,-0.088773500352,25.9174690573,,2026-08-20
227,873015,中瑞泰,-0.02,8610710.85,-17.4760140619,,-612271.62,-118.57,,1.881449540625,-0.92,-0.043573201875,47.6444888403,,2026-08-20
228,873006,和天下,0.0034,132673423.47,-20.2358507485,,2097986.72,-79.36,,1.754987350374,0.19,0.081446037281,22.7762986962,,2026-08-20
229,873000,加宏科技,0.01,12676144.21,-0.6527845827,,828828.16,85.87,,1.202000485161,1.08,0.025158799516,50.9884390152,,2026-08-20
230,872994,中科智易,-0.39,5954618.26,-7.6419415899,,-8694647.32,-3.57,,2.402485226019,-14.9,0.1134703546,56.6244357367,,2026-08-20
231,872962,达攀股份,0.05,35932650.25,-1.3614492766,,1362656.62,-41.19,,1.198444635,3.86,0.053828743,20.4780343192,,2026-08-20
232,872951,中平自动,-0.19,3492276.86,-95.0156680295,,-5988344.86,-181.16,,2.06109859625,-8.69,-0.001251049687,-73.0534680461,,2026-08-20
233,872940,快乐番薯,0.14,169906615.69,6.5117990424,,6870051.73,-50.48,,4.438784590571,3.25,2.192452390819,34.4183956419,,2026-08-20
234,872930,东钢新材,0.04,110659953.24,38.8998088628,,1110785.44,-63.09,,2.676851621035,1.37,-0.021385746418,5.4617727579,,2026-08-20
235,872922,汇科信,0.11,21045797.46,94.4013895013,,1236550.51,173.63,,0.965485714545,12.36,0.008865864545,21.4273012395,,2026-08-20
236,872899,恒发股份,0.11,224466102.56,-23.2368853719,,7857804.01,-13.66,,2.195732835384,5.32,0.053709193717,16.0514905899,,2026-08-20
237,872870,卡乐福,-0.12,3467033.77,-32.8101974375,,-699810.33,-131.13,,1.915896586667,-5.94,0.203227748333,10.8428130482,,2026-08-20
238,872765,奥狮科技,0.28,96173949.83,26.2509052059,,1395212.54,70.35,,4.651044478,6.19,0.045054646,36.8401974782,,2026-08-20
239,872711,金合科技,0.03,35568631.51,11.3307880402,,549593.16,21.78,,3.1635742965,0.87,-0.3877308325,22.6498010409,,2026-08-20
240,872665,交设股份,0.2508,617772355.97,4.6653485046,,45868456.24,143.53,,11.595575169073,2.2,-0.271599637413,52.1320098784,,2026-08-20
241,872631,创投汽车,-0.1,6547120.91,-14.2531132775,,-1306599.33,14.58,,0.945141196296,-9.74,-0.027425455556,14.0495726693,,2026-08-20
242,872628,英迪迈,0.04,50492103.24,-11.1602974047,,858285.44,-77.12,,1.55519811619,2.39,0.25215706792,20.0653820694,,2026-08-20
243,872586,政平股份,0.07,41001897.4,-10.7779805308,,2624122.66,15.57,,1.381493149245,5.01,-0.154668285355,16.2134306985,,2026-08-20
244,872547,淡淡股份,0.0,2379790.33,620.7364982955,,-1233.69,97.37,,0.442446006,-0.06,-0.141144026,48.5248437832,,2026-08-20
245,872511,智林信息,-0.39,49419520.46,-19.5479494636,,-21972104.51,2.31,,3.01905014756,-12.21,-0.247547343062,14.8943672692,,2026-08-20
246,872506,合信科技,0.02,21330559.0,14.4797430342,,665218.17,39.01,,2.130686610131,1.03,-0.399791360458,30.2633846586,,2026-08-20
247,872497,龙腾汇景,-0.04,1721796.6,-3.4027039767,,-568519.66,-69.94,,1.00807267608,-3.83,0.022273364828,9.6042215439,,2026-08-20
248,872476,上海生农,0.2546,194492425.59,29.7549759555,,17503496.18,58.8,,2.927830195788,9.09,-0.167078062292,22.4604507489,,2026-08-20
249,872461,山东京普,-0.0609,29792817.53,4.159811609,,-5353963.04,-454.97,,1.73035559079,-3.27,-0.284455169414,21.5729897769,,2026-08-20
250,872411,育才药包,0.05,62354750.32,17.6711118371,,1477930.96,886.03,,1.734006400928,3.0,-0.007882369136,20.8479117201,,2026-08-20
251,872399,城安科技,-0.02,1923764.37,-70.4312030295,,-843927.94,-135.3,,0.752543664135,-3.11,-0.042573829817,68.5835630691,,2026-08-20
252,872393,迪富电子,0.01,64173406.43,-7.8342553052,,298325.98,121.28,,2.220018067625,0.41,-0.185441266524,17.4978820428,,2026-08-20
253,872342,华达股份,0.03,48034052.28,40.5201629861,,1706441.35,89.04,,1.1258030326,3.0,0.4046114712,16.1230100572,,2026-08-20
254,872294,汉邦生物,0.1,16229445.54,22.9674620707,,3182914.78,84.62,,1.548868054328,5.65,0.102386476716,45.0154857231,,2026-08-20
255,872289,鸿途信达,0.12,99998752.52,34.7582044596,,1447102.0,37.11,,4.863044975833,2.51,0.350541049167,13.9905148189,,2026-08-20
256,872223,泰得科技,0.0473,19023314.53,-4.7257720355,,1041205.05,-41.36,,2.478940586818,1.93,-0.067289983636,41.3223640265,,2026-08-20
257,872217,瑞普股份,-0.037,1455040.77,-47.5382522498,,-1321691.52,-98.64,,1.08047593537,-3.36,-0.036671518152,59.7538624296,,2026-08-20
258,872188,优天下,0.38,32793262.58,9.0344608782,,3841183.61,5.9,,4.300253305,9.35,-0.517834294,37.892847074,,2026-08-20
259,872137,正泽科技,-0.11,35676379.24,-33.2084748726,,-4297228.82,-153.22,,1.08276288575,-9.45,-0.21864384025,43.8845530391,,2026-08-20
260,872093,大地牧业,-0.2,46009341.1,-43.7852497984,,-13695022.2,26.91,,-0.180795320188,,-0.156585786424,-5.8798304764,,2026-08-20
261,872069,三驰惯性,0.49,10868611.28,-16.8407953945,,5351404.53,-20.06,,3.069879131434,17.42,0.209900311581,63.4681165081,,2026-08-20
262,871941,绿世生,-0.14,6081450.71,1086416.59937111,,-4225578.91,-46.09,,0.001557763,-195.68,-0.11859376,-1.7840565545,,2026-08-20
263,871923,永锋科技,0.2,207134157.63,26.4125471768,,12619241.15,39.66,,3.361500859744,5.83,0.142305415478,24.0956397685,,2026-08-20
264,871920,奥绿新,0.07,70662066.44,70.6107279015,,7468240.69,203.21,,2.240510579026,3.37,-0.14803293592,52.7793492024,,2026-08-20
265,871902,绮耘科技,0.0035,6991554.61,-42.8372609661,,52360.77,-67.12,,0.118725536985,3.0,-0.164514673782,40.4351482281,,2026-08-20
266,871835,睿智教育,-0.32,2246949.05,-84.9922808247,,-2180469.44,-92.24,,1.054491018868,-21.64,-0.631143272859,17.6504874465,,2026-08-20
267,871827,万杰科技,0.31,62445725.22,53.3347287086,,19115383.63,118.61,,1.81813519513,15.43,0.329358649734,51.4087234905,,2026-08-20
268,871823,天启新材,0.556,60639761.68,21.8161948389,,27805718.29,26.52,,2.511041950133,21.3,0.537519661159,71.4096779247,,2026-08-20
269,871819,音明股份,0.09,4142166.77,-38.4095266426,,459197.16,-64.51,,1.015740762,9.47,-0.24896518,22.3770360168,,2026-08-20
270,871705,博奥检测,-0.04,10462561.78,-16.505550357,,-1088780.38,-353.48,,1.217763170667,-2.94,-0.009818192,24.6934856331,,2026-08-20
271,871653,德融嘉信,-0.29,3066367.64,-36.1233963354,,-2187091.18,-2.37,,1.22692806359,-21.24,-0.388578843811,27.7407639875,,2026-08-20
272,871599,蓝海豚,-0.02,86069554.65,5.1002346601,,-459879.08,-116.36,,17.051699267,-0.13,0.777972985,22.1576946663,,2026-08-20
273,871574,西力生物,0.02,3044863.43,-14.0940325278,,645740.1,-38.72,,1.254695531817,1.37,-0.044693829703,78.6710841084,,2026-08-20
274,871427,威联股份,0.06,12128376.2,4.4415519992,,1116198.56,126.22,,0.261921174,23.85,-0.0036606285,30.1135386945,,2026-08-20
275,871409,沈信股份,0.01,35545472.89,0.1596104791,,512123.01,136.6,,0.92377363062,0.9,-0.055749459952,20.067741431,,2026-08-20
276,871271,瑞泽能源,-0.02,4474740.24,14.59634684,,-330944.17,-38.81,,1.099534430751,-1.48,-0.000929918979,32.8388559154,,2026-08-20
277,871252,必安必恒,-0.02,,,,-118092.91,18.02,,0.116563528256,-14.22,-0.01853216984,,,2026-08-20
278,871248,东元环境,0.07,66577372.99,47.4204688375,,4589067.49,308.67,,0.619209619631,11.4,0.209686230123,23.0132455847,,2026-08-20
279,871228,成名科技,0.01,30732682.18,48.6329360176,,213563.73,38.96,,2.380214234189,0.56,0.194616592987,13.6392507997,,2026-08-20
280,871140,雅图股份,-0.13,7863716.05,-32.5136575354,,-1420152.9,-533.17,,2.867357116257,-4.57,-0.338308298677,8.7293735638,,2026-08-20
281,871048,先正电子,1.43,249079681.44,89.7139340633,,31534552.8,176.29,,11.885762484545,12.83,0.131062784091,28.7625220997,,2026-08-20
282,871028,天华信息,0.24,26886825.02,-10.2041290915,,13435965.56,100.93,,1.793365272349,12.44,0.249127724673,54.4965986467,,2026-08-20
283,871019,天沐影业,-0.018,384905.66,-85.3174031878,,-746872.94,-6.56,,0.589566141162,-3.02,-0.044751497094,11.764706188,,2026-08-20
284,871005,太环股份,0.0708,107246160.51,2.0406389855,,3774737.23,77.66,,1.478130744976,4.78,-0.580361634385,21.3526379043,,2026-08-20
285,870997,爱德利,0.0465,15344147.64,133.0411262554,,1085267.6,2566.88,,1.171981907534,4.04,0.292531374572,12.5743727528,,2026-08-20
286,870815,汇维科技,0.004,20606260.17,9.2341346417,,110251.33,-96.73,,4.30978821,0.1,-1.219349823462,44.5598011199,,2026-08-20
287,870762,中明科技,0.09,48995782.42,28.8433137206,,1902058.75,152.6,,1.188974926,8.46,0.2168917735,33.3368280763,,2026-08-20
288,870753,精点数据,0.03,73342287.19,-8.652490807,,913889.77,-84.39,,1.956637268628,1.42,-0.885464479388,13.975643633,,2026-08-20
289,870733,晟融数据,-0.04,2033024.06,-74.713894177,,-975861.1,-103.64,,1.16104371662,-3.34,-0.028888071563,83.6284928177,,2026-08-20
290,870669,普瑾特,0.45,145788037.43,8.6002287465,,13698127.68,-13.12,,6.48454438138,6.77,0.299022545975,30.7566758086,,2026-08-20
291,870652,厚基股份,0.2,84091373.02,-2.1460420845,,5713504.12,217.53,,1.178101759286,19.29,0.292142111786,16.1808876242,,2026-08-20
292,870635,骏宇文博,-0.09,27707268.75,-21.1500257343,,-4324318.1,51.07,,1.936553407327,-4.37,-0.040719679426,37.5769628683,,2026-08-20
293,870632,卓金光电,-0.0027,2886238.53,-42.9842503512,,-233109.5,-143.58,,0.503943760824,-0.54,0.020764668588,44.1424333698,,2026-08-20
294,870623,凤阳矿业,0.06,120375972.02,-21.0381497506,,7730461.28,-59.24,,2.767866253867,2.15,0.371574180038,28.7931185006,,2026-08-20
295,870600,振强科技,0.48,72084328.01,-11.8531598975,,11413169.11,10.9,,2.391803750937,18.89,0.124634083188,47.2984566566,,2026-08-20
296,870519,弘盛特阀,0.23,136873922.75,100.4953849664,,11890621.33,597.57,,3.835591287115,6.17,-0.148531128269,25.9554597956,,2026-08-20
297,870512,索拉特,-0.81,466262259.19,-37.1346637423,,-70403187.5,-1888.46,,5.04592344174,-14.63,-1.516426700392,-6.9666856752,,2026-08-20
298,870507,泰德网聚,0.04,19886298.45,-16.9494904534,,1919349.59,120.8497320627,,1.265448688781,3.32,-0.063171127548,41.6676206527,,2026-08-20
299,870482,正邦电子,0.16,57587240.14,21.2341831576,,7055917.94,87.43,,3.618592194923,4.35,-0.122307727815,29.204105908,,2026-08-20
300,870421,博诚环境,0.0218,7300995.07,-13.5128223795,,653060.73,328.11,,0.919680945667,2.4,0.039686079333,47.6866903295,,2026-08-20
301,870301,康通股份,0.02,55483572.45,14.2148449998,,1671738.61,33.04,,2.393199804605,1.03,0.15553294932,52.4180798491,,2026-08-20
302,870233,协新股份,-0.0874,17662941.53,-3.6498027742,,-7647923.79,-85.99,,2.192015358514,-3.91,-0.113786598971,14.5871747671,,2026-08-20
303,870229,特通电气,0.06,7852181.55,-55.1079993464,,1991145.3,-801.92,,1.299812000231,4.51,0.050657938667,43.277237394,,2026-08-20
304,870220,恒基永昕,0.05,45786882.09,-2.1492859021,,1243087.51,-70.85,,3.026184113128,1.69,0.334396315207,28.8636261234,,2026-08-20
305,870167,三佳股份,-0.17,16105179.66,-22.2286154046,,-2541074.36,7.82,,2.03345456,-8.0,-0.240007592667,32.2931016592,,2026-08-20
306,870145,光博士,0.63,162345676.59,3.0590029287,,39790583.83,-24.41,,5.741175172698,11.52,0.569960235556,50.1994424994,,2026-08-20
307,870100,商翔科技,-0.13,457966.52,-61.2558974654,,-1337401.62,-123.4,,2.041702859,-6.34,-0.128547901,65.50671215,,2026-08-20
308,870030,嘉洋集团,0.07,112043039.1,7.6538826091,,9027988.42,0.91,,1.97285748154,3.48,0.505790448879,18.6177427242,,2026-08-20
309,870001,楚星时尚,0.22,161456202.43,21.7588997312,,12714169.96,23.39,,3.507420302171,6.08,0.162385029348,28.768297353,,2026-08-20
310,839881,瑞尔康,-0.11,34669.61,-98.0341179353,,-1075376.14,28.37,,0.032751615,-124.01,0.663319104,-27.7644023108,,2026-08-20
311,839853,明峰环保,0.01,2679091.17,62.160764597,,660177.29,135.86,,0.160089885866,7.56,-0.012542756714,89.857568005,,2026-08-20
312,839833,赤马传媒,0.27,77423014.53,92.4015286332,,5655426.23,693.95,,2.135269361953,12.57,0.485205167429,19.0588911832,,2026-08-20
313,839765,ST齐心科,-0.11,10546148.01,187.8124004407,,-6562584.33,-56.06,,-0.158435013748,,0.033874635025,-22.2137563192,,2026-08-20
314,839596,安行天下,0.03,8190860.58,4.4979673492,,823296.63,-37.77,,1.291256583333,2.04,0.083437666667,42.1919112924,,2026-08-20
315,839587,鼎泰药业,0.21,84075552.15,9.3748781757,,5158220.77,-3.59,,3.5939305076,5.91,0.1774858156,29.7277312261,,2026-08-20
316,839559,振有电子,0.15,269095307.03,6.967575603,,15834667.98,6.63,,3.110696525973,4.51,-0.059944820198,18.0027596002,,2026-08-20
317,839540,安耐杰,0.21,53024951.67,4.5375672404,,12766999.09,-3.77,,6.212714371816,3.39,0.413919745452,52.6646885108,,2026-08-20
318,839501,泽华伟业,-0.23,2431351.85,-31.602484752,,-2873220.17,-86.8,,1.269217344551,-16.63,-0.183989719551,33.482163431,,2026-08-20
319,839472,亮威科技,0.36,20335585.53,-12.1736033239,,1802316.17,-46.39,,4.162462304,9.06,1.318438284,37.6931504072,,2026-08-20
320,839392,鹏程新材,0.02,100222367.04,4.8420480795,,1296682.21,-12.78,,2.252986292424,1.1,0.206232194886,25.8971821326,,2026-08-20
321,839322,光尘环保,-0.2,15485165.38,-7.17216592,,-1970921.95,-44.37,,-0.091631346,,-0.164299148,25.0925125735,,2026-08-20
322,839319,华海股份,0.04,49267853.7,-17.8719758336,,1932913.43,-66.58,,2.919648765622,1.3,-0.045038912011,23.2033486776,,2026-08-20
323,839178,伟思创,0.19,94739666.86,92.1761397597,,3025488.12,153.91,,1.06239261125,19.54,-0.902010299375,12.0182542618,,2026-08-20
324,839032,动力未来,0.5,214595206.11,-23.0598712232,,13679257.8,12.21,,9.481299998167,5.43,-1.57128186985,21.6730504577,,2026-08-20
325,838981,钜芯集成,-0.05,19379439.65,-20.8876431146,,-1150889.96,-716.55,,2.7551234612,-0.85,-0.156712978,17.8049043848,,2026-08-20
326,838949,恒远药业,0.01,26395617.37,-35.2396060048,,627818.1,-90.99,,1.634206112957,0.65,0.166145114927,25.1676524435,,2026-08-20
327,838939,金坤新材,0.16,136039124.58,42.3226505445,,10422274.96,308.65,,1.733830046655,9.97,-0.001397202289,24.3549093338,,2026-08-20
328,838917,联泰信科,-0.11,3218966.48,-46.6066513207,,-6891265.19,-139.26,,1.014376319432,-9.58,0.128162247679,36.1529340933,,2026-08-20
329,838875,龙心生物,0.0192,45837748.06,6.543521337,,1036111.9,-7.95,,2.617410866852,0.74,0.034596573519,41.5798724123,,2026-08-20
330,838834,创四方,0.01,56102712.98,7.2700018492,,272807.42,112.58,,0.812169079604,0.7,-0.069791792769,32.9187359025,,2026-08-20
331,838823,海天消防,0.013,97590969.41,1.4896588069,,727971.01,240.85,,1.92358906735,0.69,0.024561132153,16.0524078864,,2026-08-20
332,838799,嘉农股份,0.27,35786842.21,-6.9935391167,,15398786.4,-5.64,,1.829275078222,12.88,0.506585668622,70.2399184384,,2026-08-20
333,838708,科能股份,0.11,53162229.42,1.6493649969,,5985129.34,14.95,,2.548585005745,4.49,-0.225554763669,43.7833765701,,2026-08-20
334,838696,置富科技,0.21,442496535.87,169.4805441349,,22958688.82,108.29,,1.916299607268,11.82,-0.46788311316,10.4952737311,,2026-08-20
335,838656,斯曼股份,0.14,43615344.81,14.2605934599,,4978559.5,32.55,,2.94973054133,4.76,0.381703990246,31.5702467102,,2026-08-20
336,838632,协同环保,0.3,62369549.39,-10.746452462,,7651484.94,10.06,,3.565477826329,8.03,0.348794481057,41.4466106182,,2026-08-20
337,838595,禺山水务,0.03,3899202.84,4.3283279871,,167644.41,-22.9,,2.441299140064,1.27,0.184311799681,30.0658493058,,2026-08-20
338,838531,圣帕新材,-0.02,0.0,,,-1976693.81,-18.54,,0.220678010037,-9.04,-0.008167266541,,,2026-08-20
339,838518,仁通档案,0.09,31009809.83,10.0174943116,,4912501.58,9.57,,2.09232333587,4.05,0.076603705616,41.4248890929,,2026-08-20
340,838502,联陆股份,0.18,95092181.06,-16.5046714358,,11152812.16,7.71,,1.336478963932,13.56,0.044002577207,33.2920372812,,2026-08-20
341,838483,亿嘉股份,-0.12,9822001.23,-44.2912687576,,-6379562.17,-6.81,,0.208920150647,-44.4,-0.001714811275,-5.4401284167,,2026-08-20
342,838313,神州安信,-0.21,33167301.92,162.1231161272,,-2989999.11,-22.08,,-0.129394157143,,-0.616585823571,13.7340191885,,2026-08-20
343,838269,优合科技,-0.21,177688488.65,8.3022908411,,-15597985.64,-657.24,,0.793255214535,-23.29,-0.004859923572,2.3317211663,,2026-08-20
344,838222,合筑设计,-0.66,4737313.2,-80.6414899772,,-7915090.56,-4517.5,,5.635700335,-11.06,-0.043171066667,34.6761506079,,2026-08-20
345,838140,伟才教育,-0.09,7109351.19,-20.2895020533,,-1761248.98,25.3735645806,,0.631067245894,-12.63,0.004139255556,72.8214861193,,2026-08-20
346,838116,永盛装备,0.05,31100608.99,-8.7020538291,,1606255.46,2419.36,,1.592895065333,3.42,-0.163086762,30.9687834508,,2026-08-20
347,837986,金锁安防,-0.06,20526489.51,12.3172903543,,-4064744.65,11.6,,1.703203041862,-3.42,-0.120439507728,31.5645308315,,2026-08-20
348,837961,国瑞智能,-0.39,27517452.8,-20.09200457,,-21186368.71,284.46,,0.756306874727,-56.83,-0.555104138182,10.8436982946,,2026-08-20
349,837952,鑫紫竹,0.45,35055267.26,1.9058094293,,9022035.02,1.56,,3.257368393,14.19,0.1580275865,69.4465655031,,2026-08-20
350,837918,力力惠,0.02,142879209.49,11.840767361,,540435.33,-19.27,,2.966110383432,0.6,-0.711070487885,10.8240034398,,2026-08-20
351,837868,同创双子,-0.04,33469795.18,16.5840650565,,-536229.75,-36.96,,1.119544293425,-3.58,-0.79605545496,26.3285026771,,2026-08-20
352,837837,睿信传媒,-0.29,7273625.36,9.2123723241,,-2876991.19,11.1,,5.989499219,-4.69,-0.607348742,-2.1052137335,,2026-08-20
353,837819,华泰机械,0.36,91028684.4,-0.0335362627,,10490141.58,-2.24,,3.867566159558,8.84,-0.029604489339,36.4180283265,,2026-08-20
354,837815,虎凤蝶,-0.0051,87419271.03,33.8631992514,,-74768.09,-87.32,,1.358285115283,-0.38,-1.099486734393,3.7355512366,,2026-08-20
355,837814,奥拓股份,0.04,62833848.64,37.7907919677,,2461746.94,139.04,,0.092989291089,53.07,0.048656952713,29.2727581202,,2026-08-20
356,837745,冠军科技,0.16,146184300.48,3.2267084605,,9320787.68,163.26,,1.946848514087,8.69,-0.181307043652,17.2252358682,,2026-08-20
357,837674,米乐星,-0.05,3129084.5,-61.9453441369,,-3354913.42,25.57,,0.009639367282,-144.96,-0.021396809927,92.6812107503,,2026-08-20
358,837637,新基地,0.03,10791884.51,-15.2481621546,,978091.66,-60.68,,1.30069132697,2.15,0.260570934242,48.6662520817,,2026-08-20
359,837620,ST永力达,-0.14,13023585.21,47.3780894802,,-3338639.11,-107.38,,-0.299568523649,,0.019416827703,15.1908641753,,2026-08-20
360,837593,每日科技,-0.01,11339663.07,-14.6802758519,,-183171.85,-111.01,,1.572632406882,-0.48,-0.0478240021,60.1830193531,,2026-08-20
361,837580,锐邦传播,1.13,18493781.03,14.3632741808,,3396866.43,33.87,,4.308111243333,19.72,0.08528419,34.7686122679,,2026-08-20
362,837576,吉山会津,0.14,88590480.4,2.8717783764,,8242688.93,11.28,,2.70317142661,5.3,-0.366515667797,34.573198104,,2026-08-20
363,837558,宏辉石油,1.14,849552737.05,57.8391830445,,83837378.2,36.09,,9.298951623455,12.73,-0.25436549803,15.255100578,,2026-08-20
364,837550,ST通泰,-0.08,3488328.54,-30.5119618556,,-3936428.5,-18.84,,-0.104384419612,,0.037444470291,12.1060853402,,2026-08-20
365,837525,纳兰德,0.01,12298706.03,-0.8981927747,,224209.69,264.6,,2.142748247788,0.38,0.217601177599,74.9877415356,,2026-08-20
366,837522,能信科技,-0.08,2852372.37,-60.8608256839,,-2465451.0,-189.23,,1.082494360183,-7.19,-0.128370756385,3.8606323339,,2026-08-20
367,837393,诺和股份,0.19,113242989.11,25.5645877489,,9571345.43,-22.44,,2.661620948207,7.08,0.266745754781,26.6371320177,,2026-08-20
368,837289,迪威高压,0.1,87919900.28,5.7485060879,,4890907.72,-62.43,,3.127916314864,3.0,-0.142365325081,27.3207419066,,2026-08-20
369,837274,中盈高科,-0.09,17961704.41,-47.8696387032,,-4403678.8,-576.18,,1.024596096,-8.24,0.1075061208,20.2228288423,,2026-08-20
370,837217,江南传媒,0.09,16618988.23,-14.3904652676,,4506974.73,-5.28,,5.3028403824,1.71,-0.5658543872,55.3152857609,,2026-08-20
371,837108,学海文化,-0.09,52932894.1,-8.4780497796,,-5529478.04,22.6,,1.443182260187,-5.79,0.259638036858,17.4733613895,,2026-08-20
372,837087,五福坊,0.23,72431616.38,0.324355823,,8362575.82,82.08,,1.199457942127,20.72,0.206302191644,46.4367081407,,2026-08-20
373,837078,阿泰可,0.17,66485492.46,6.5792148619,,5781681.92,-57.09,,5.361085212937,3.29,-0.227981083387,45.5677750123,,2026-08-20
374,837074,富邦物流,-0.03,178034888.67,-20.6899414891,,-633373.6,-110.49,,3.928695629,-0.8,0.0247549325,14.6478519041,,2026-08-20
375,837067,百克特,0.14,43102398.52,22.3797241063,,2834283.56,84.41,,4.1110981095,3.4,-0.2737657815,28.9001295003,,2026-08-20
376,837052,京融教育,-0.38,2020586.19,-49.1554911173,,-5669748.32,-199.41,,0.719026400667,-41.63,-0.368052437333,-14.4356267228,,2026-08-20
377,837019,百家医道,0.14,77470792.49,114.3510534067,,5465772.0,71.01,,0.412754198697,42.44,0.122761079045,17.5720389226,,2026-08-20
378,836859,爱立方,0.06,43777274.54,-32.4277496371,,4106385.53,134.4,,1.869840948377,3.26,-0.203719424686,45.9125478258,,2026-08-20
379,836830,华迅智能,0.14,57216238.49,-25.3879214079,,5655179.21,-16.09,,2.648136344821,5.03,0.380286592724,23.1542790817,,2026-08-20
380,836820,撼力合金,0.05,41292711.83,-11.5701421195,,739403.16,-55.52,,1.521328749333,3.29,0.088621154,6.4594388012,,2026-08-20
381,836770,创洁工贸,0.19,534401480.08,28.2188750644,,4771489.37,35.23,,5.398090135299,3.39,0.554195302182,9.2365461642,,2026-08-20
382,836733,四联环保,-0.05,482331.38,79.5757641284,,-1379741.85,14.23,,0.257979896333,-16.37,0.034563888667,18.4542233184,,2026-08-20
383,836665,胜利监理,-0.04,123530716.01,-6.4095178103,,-10779451.69,-273.4,,1.56372841615,-2.34,0.03286190321,5.8984597721,,2026-08-20
384,836652,北创网联,-0.09,2334939.76,-70.8404303021,,-1184341.96,-1407.9849321444,,0.852604208698,-9.57,-0.265423870758,34.5448111261,,2026-08-20
385,836650,贯石发展,0.02,61660099.08,15.8942279634,,9049144.54,-40.85,,2.129541244851,0.89,0.280753902802,90.1852188688,,2026-08-20
386,836618,哥俩好,0.12,94624974.21,-3.7215930451,,6426416.91,10.73,,4.183744437091,2.79,-0.200930594364,23.4630711557,,2026-08-20
387,836389,ST新亚股,-0.03,0.0,,,-167872.01,18.0,,-0.081829176,,-0.001168062,,,2026-08-20
388,836189,新诺北斗,0.06,53319935.28,15.4703521402,,3125370.05,71.1,,2.550080748646,2.22,-0.335088095522,41.0912228887,,2026-08-20
389,836075,三禾生物,-0.04,8516573.34,-16.0594180069,,-351963.84,-107.27,,6.830883440909,-0.58,0.313742552273,53.4613593781,,2026-08-20
390,835817,金美科林,-0.01,8884656.53,,,-216650.99,-74.34,,0.682112963667,-1.05,-0.19498943,18.6876897761,,2026-08-20
391,835812,盛迪科技,0.24,63133675.62,32.4222416619,,7529709.92,-11.49,,2.219486840635,9.89,-0.199864388571,43.9267492153,,2026-08-20
392,835773,纵横科技,-0.04,24189002.92,41.0125152314,,-1174883.3,-411.15,,0.792897497333,-4.82,-0.1428006,22.3243574688,,2026-08-20
393,835756,弘易传媒,0.07,17995536.65,-8.2875725624,,1424729.27,188.57,,1.290060514047,5.66,0.090572623032,40.834591782,,2026-08-20
394,835675,蓝色方略,0.05,52887243.76,36.036382145,,1359373.99,413.88,,0.876389908359,5.35,-0.114386338033,24.5452518927,,2026-08-20
395,835655,法塞特,-0.03,350000.0,-80.9046930863,,-2381012.09,12.27,,0.356583263694,-8.16,-0.004865609936,15.0,,2026-08-20
396,835333,帕克国际,0.04,71921055.64,-13.7049654034,,8512549.98,-37.94,,1.585373764178,2.68,0.048744748625,48.7118810038,,2026-08-20
397,835297,东杨新材,0.26,237057048.93,11.9421728132,,20943157.35,9.95,,3.715347613162,7.03,-0.087748713792,17.1226269344,,2026-08-20
398,835287,鹏业软件,-0.24,38142269.56,94.3546357433,,-11308137.96,30.73,,2.185855475523,-10.09,-0.74848836046,50.2829003393,,2026-08-20
399,835272,凯基生物,0.04,51153395.39,66.300243251,24.5021,2242424.41,451.93,123.8021,0.906664535587,4.04,-0.30948343887,39.3553438369,,2026-08-20
400,835262,佳乐股份,-0.15,89336393.18,9.9001373896,,-10084943.64,-268.14,,0.887574903801,-15.18,0.654539953801,30.7609716509,,2026-08-20
401,835257,晶锐材料,0.21,53968115.53,0.4139319557,,10532738.31,-4.47,,4.276906143102,5.0,0.198477721452,45.4382422828,,2026-08-20
402,835231,福泰科技,-0.07,50706833.6,-20.5952612911,,-3167433.62,4.25,,1.210107980638,-4.76,-0.231911043617,13.0740604754,,2026-08-20
403,834952,ST中化气,-0.25,44436483.87,-47.1237858176,,-36333226.74,-10.01,,-0.563045796332,,-0.186064420397,-25.8315221645,,2026-08-20
404,834939,ST盈放,-0.15,3254526.35,5.5764171865,,-1546820.72,15.72,,-0.219878103,,-0.025224329,43.124305016,,2026-08-20
405,834927,自然科技,0.028,183700193.83,-10.6917791237,,1598759.32,-77.89,,5.569634576356,0.51,-0.762426360889,31.8738191012,,2026-08-20
406,834919,狼卜股份,-0.04,129408280.01,0.504437365,,-2072964.99,72.46,,2.004385455102,-1.98,0.525647775607,9.3427456489,,2026-08-20
407,834881,雅迪力特,-0.23,15757123.14,10.4733202829,,-6009027.29,-75.58,,0.390316824621,-45.15,-0.088174178788,31.1678848757,,2026-08-20
408,834872,五米常香,0.01,354817890.52,40.8631012514,,310096.79,-46.21,,1.293733358427,0.39,0.846485543337,6.1694318254,,2026-08-20
409,834843,明昊科技,-0.0806,19082965.92,-52.324922347,,-2135008.9,-162.64,,2.867468219623,-2.72,0.636059053585,12.3285913723,,2026-08-20
410,834781,新生活,0.06,186507358.9,17.0226259233,,4394949.96,73.23,,1.512128198358,4.28,0.067770777145,6.58715157,,2026-08-20
411,834763,万力粘合,-0.17,164455057.65,-5.0636267492,,-3525697.06,-339.75,,6.749181069345,-2.47,-0.457413448589,17.2531699635,,2026-08-20
412,834730,联君科技,1.14,20293753.83,-22.4640762565,173.7635,28597384.27,19.41,-62.6539,6.8986011912,16.18,0.0384675312,43.8253152891,,2026-08-20
413,834701,鑫考股份,-0.28,27686790.96,-10.2594489417,,-5725397.97,26.93,,2.474943122519,-10.76,-0.360926718965,44.0837299911,,2026-08-20
414,834624,天涯泰盟,0.11,28746011.63,72.3914739738,,906026.3,231.2027636698,,0.780220959301,15.4,-0.568976281017,12.5359010369,,2026-08-20
415,834579,残友软件,-0.09,2788549.39,-4.1096817122,,-928117.67,-115.870330573,,1.400804441,-6.28,-0.052656225,23.4696764686,,2026-08-20
416,834561,磊鑫股份,-0.07,9659654.2,70.766395747,,-3010753.69,40.8393106058,,0.899969539996,-7.71,-0.004579281182,4.1500762005,,2026-08-20
417,834546,鸿冠信息,0.07,75247313.59,1.3870346466,,1944977.37,-13.66,,2.420723059048,2.9,-0.351886519614,29.8955837581,,2026-08-20
418,834515,蓝卡科技,-0.0009,25462699.26,-20.208134352,,-18444.53,97.46,,2.472748754286,-0.03,0.258968049524,36.4478461817,,2026-08-20
419,834500,猫诚股份,0.04,156203267.81,3.5485469213,,989889.64,566.1,,0.5067127527,7.29,-0.219623294456,25.5817482568,,2026-08-20
420,834477,华艺股份,0.12,20733162.93,6.8829994534,,2406773.25,5.12,,2.009330169744,6.34,-0.050452302051,23.0443927255,,2026-08-20
421,834440,怡丽科姆,0.01,96325446.25,-4.4502933161,,336533.99,-97.34,,2.077271306804,0.26,0.245829310897,14.3687985769,,2026-08-20
422,834429,钢宝股份,0.1656,1745985467.79,13.1824813225,,24979760.38,7.49,,3.356035899098,4.78,-0.092559183439,5.0478173029,,2026-08-20
423,834426,ST发现者,-0.08,1038360.17,-55.1637723305,,-1008056.79,14.81,,-0.510100526098,,0.000928155267,31.6582511057,,2026-08-20
424,834361,融航信息,0.16,22939052.67,-0.0192331015,,4369137.82,-8.74,,1.509745715926,9.48,-0.035619374074,95.5030295068,,2026-08-20
425,834327,车讯互联,0.25,713436557.83,285.4172882078,,14098242.83,60.04,,7.391519219649,3.39,0.501892549825,16.5946144364,,2026-08-20
426,834300,合泰电机,0.95,91788230.15,83.4445022856,,7596021.93,71.97,,5.95066372625,17.34,-0.67604751625,23.5963003803,,2026-08-20
427,834221,华畅科技,0.03,47894277.29,3.485818076,,890336.34,-50.58,,1.940429205769,1.73,0.117597953077,22.8035810706,,2026-08-20
428,834205,东方红,-0.06,129192957.03,-9.8319805211,,-3615019.03,55.73,,1.128364035493,-5.37,0.684649681254,10.6939621769,,2026-08-20
429,834170,汉德股份,0.09,22863914.36,31.0101342517,,1790840.87,88.63,,1.562241792632,6.22,0.292094291053,37.1826612283,,2026-08-20
430,834101,择尚科技,0.05,7724842.39,,,967181.4,-1183.9,,0.058915831688,125.68,-0.023853299953,19.4333418627,,2026-08-20
431,834031,群大科技,0.0263,123240984.94,6.7212390142,,625632.32,123.77,,2.500742954526,1.0,0.131071968842,7.0212613233,,2026-08-20
432,833999,昆机器人,-0.01,22727436.27,-24.4754846581,,-136316.79,-113.85,,0.384288135257,-1.66,-0.123106838804,31.1495223038,,2026-08-20
433,833978,龙广传媒,-0.17,27445986.34,-20.8378332346,,-5062151.68,-12344.27,,0.562495579333,-26.09,0.113904138333,47.196191966,,2026-08-20
434,833876,鑫浩源,0.0484,58328525.6,5.2133330948,,3345469.77,-64.31,,1.168420697839,4.07,0.205964231059,30.4406815145,,2026-08-20
435,833859,国能新材,0.29,73347422.72,-20.6644257587,,15547170.3,-34.71,,3.698432698413,8.0,0.278389862758,47.3091232973,,2026-08-20
436,833846,中正股份,0.05,17130763.17,25.8956313198,,1881652.82,55.77,,1.130826410792,4.94,-0.174476099473,59.2555452975,,2026-08-20
437,833838,美世创投,-0.0027,0.0,,,-650416.97,8.27,,0.266538844453,-1.01,-0.000464860543,,,2026-08-20
438,833804,康威通信,-0.18,42072356.51,-20.5122560086,,-10485314.79,-44.61,,2.37746303934,-7.3,-0.192530797114,50.4450076975,,2026-08-20
439,833785,递蓝科,-0.07,5335255.5,-15.2712924424,,-754434.37,-1929.05,,1.148193138394,-6.29,-0.041826593665,45.1339293873,,2026-08-20
440,833784,美福润,0.54,27030460.4,-51.5160272176,,44623380.03,-24.63,,5.829841968766,9.67,0.2422256252,80.0814491861,,2026-08-20
441,833681,辰泰科技,-0.01,15948294.61,35.8185328585,,-308918.79,85.36,,1.7424712878,-0.35,-0.1188325126,49.8015548636,,2026-08-20
442,833662,ST大地生,-0.04,38199241.26,-39.0060065528,,-3503030.09,-89.64,,-0.149082886282,,0.040248435416,1.3456017006,,2026-08-20
443,833649,宝美户外,0.14,148719220.29,-0.9736151745,,8042944.03,-39.26,,1.950564549403,6.51,-0.248003131256,24.9657696481,,2026-08-20
444,833606,科迪光电,-0.03,29159377.63,31.601351055,,-723134.75,-8.8302954896,,2.023113623333,-1.69,0.172434071905,16.8691583971,,2026-08-20
445,833594,中斗科技,-0.03,1251442.28,-45.9416321448,,-3293710.55,-166.1,,0.01437314038,-99.04,-0.002286829508,47.4536915918,,2026-08-20
446,833571,锁龙消防,0.28,66512640.63,57.7073077424,,7411447.88,17.52,,2.685214899698,9.91,0.078895202489,35.7381859521,,2026-08-20
447,833555,ST华南信,-0.05,2366373.62,181.0190388365,,-1412484.47,69.36,,-0.122436796429,,0.017476455714,12.4491727557,,2026-08-20
448,833538,中旭石化,-0.08,36088547.68,-43.1440073707,,-7471794.46,-74.9489557395,,0.676390492954,-11.56,-0.034530003332,12.1190254005,,2026-08-20
449,833528,宁波中药,0.84,218678856.51,33.0864162749,,35984751.08,71.61,,3.527969673398,25.53,-0.604300151914,30.8105253042,,2026-08-20
450,833331,爱夫卡,0.0169,30828801.78,-4.3016569416,,503090.27,-73.01,,2.159719029387,0.76,0.075376235768,55.3231314396,,2026-08-20
451,833265,润杰农科,0.09,165442735.15,8.1401645338,,1878036.24,68.97,,2.195224409048,4.16,-0.012102343333,29.3168144108,,2026-08-20
452,833246,澳佳生态,0.0194,115686374.23,15.0652528924,,1337649.39,100.02,,1.037270821289,1.89,-0.079496603765,14.4134080189,,2026-08-20
453,833211,海欣药业,0.1672,175838921.44,-13.5497338502,,16718548.61,-13.02,,2.8929763553,5.46,0.2350262568,81.8872032658,,2026-08-20
454,833146,双喜电器,0.22,312032179.53,13.8846954938,,9638709.44,-33.19,,5.633416394984,3.85,-0.216994543215,20.1691901633,,2026-08-20
455,833077,伯肯节能,-0.07,33415080.3,9.3070701044,,-4935227.38,-22.52,,3.213221258051,-2.19,-0.050867644765,20.171915463,,2026-08-20
456,833033,誉德股份,-0.01,7113380.32,-42.2644611408,,-832622.56,-190.69,,0.398802821563,-3.57,0.086227991952,49.7978866678,,2026-08-20
457,833012,和凡医药,-0.1,4419212.99,-40.1761437821,,-3751666.46,-50.51,,1.948718875781,-4.96,-0.085154020833,32.8728167954,,2026-08-20
458,832996,民生科技,-0.91,132905045.46,0.7665500242,,-37615884.62,-2172.68,,2.123057800241,-35.18,-0.337127725783,-0.2355131357,,2026-08-20
459,832988,力软科技,-0.01,0.0,,,-240689.09,24.67,,0.103162022941,-12.84,-1.1070588e-05,,,2026-08-20
460,832943,徽远成,-0.04,7499613.91,53.0669593147,,-442137.64,55.76,,0.311277766337,-13.14,0.069999893069,30.1263849995,,2026-08-20
461,832749,德信股份,0.39,439265246.68,5.3580996427,,30512613.59,56.89,,3.955231583871,10.42,0.195926715355,14.1593489606,,2026-08-20
462,832702,九通水务,0.07,17908731.0,5.2432606871,,3318861.63,-54.24,,1.292003774598,4.67,-0.108630271911,48.6961127508,,2026-08-20
463,832653,ST金点,-0.0312,6839557.19,-28.8836379087,,-4216591.47,-0.99,,-0.068792234815,,-0.030793882,10.6964591373,,2026-08-20
464,832649,医模科技,-0.12,3519836.72,-63.2064141772,,-3946932.69,-49.2,,0.869613932433,-13.09,-0.053727999099,21.0672249592,,2026-08-20
465,832642,确信信息,0.0126,68656220.18,136.7595277184,,660995.76,107.1034198833,,1.68282402834,0.82,-0.185284989417,24.6885195334,,2026-08-20
466,832627,锦达保税,0.33,188421131.26,-5.5309581347,,15341868.79,-9.5,,2.51903211761,11.9,0.690476388642,14.4063071474,,2026-08-20
467,832553,新财智,-0.01,16788588.51,-1.2646923793,,-172901.99,-131.22,,1.57945452844,-0.5,-0.40919556055,32.0031665366,,2026-08-20
468,832524,尚洋信息,-0.05,529481.13,-68.5943709617,,-1504810.08,-18.99,,0.715622859944,-6.75,-0.026065308855,-24.6661368272,,2026-08-20
469,832476,交控生态,-0.0917,10691531.87,-89.8994113657,,-12440425.49,-314.0,,1.034928327554,-8.49,0.093993386547,37.7829918025,,2026-08-20
470,832431,兴亿海洋,0.01,42668704.44,10.0731860915,,223627.53,80.16,,1.230771289153,0.47,-0.017918311905,19.3639793109,,2026-08-20
471,832417,ST京东汇,-0.13,3398627.36,-30.867268967,,-778133.97,-119.97,,-0.488184221667,,-0.575331673333,-6.5779120898,,2026-08-20
472,832383,大通物流,0.04,66414085.87,-9.1737413235,,2238381.79,-8.56,,5.013822994667,0.78,0.290827564622,26.954256579,,2026-08-20
473,832381,国汇小贷,0.03,9071926.29,4.815668382,27.8592,4705366.85,9.89,20.4089,1.151753306,2.72,0.167923301,,,2026-08-20
474,832334,金呢股份,0.07,111353757.76,30.5878425729,,6051154.28,148.67,,3.184368097828,2.18,-0.19403234917,39.8392915268,,2026-08-20
475,832323,聚丰股份,0.22,17366548.94,18.6949415827,,4257632.63,22.44,,4.019328221064,5.08,0.182434319604,39.497065558,,2026-08-20
476,832294,鑫乐医疗,0.28,154387186.15,8.7936006588,,17123205.18,17.36,,2.58667150129,11.28,0.162508195806,34.6448182222,,2026-08-20
477,832291,中泊防爆,0.08,61461955.44,1.6734501235,,11717760.89,10.67,,2.875707265547,2.72,-0.080382713109,51.0977116253,,2026-08-20
478,832239,恒鑫智能,0.37,116483442.4,29.0183391104,,9614559.07,60.6,,5.153449636923,7.44,0.751939283077,22.312611127,,2026-08-20
479,832209,新比克斯,-0.02,3378823.5,-31.5839869786,,-541745.27,-15.98,,0.104159245306,-14.27,-0.006604508533,43.3641703984,,2026-08-20
480,832120,永辉化工,0.18,56742411.26,8.2701128859,,4991351.58,38.07,,8.320642885835,2.09,-0.172427901032,28.0486291234,,2026-08-20
481,832117,腾冉电气,-0.034,95846371.97,0.8586230382,,-1806372.86,-437.19,,0.852261838606,-3.91,0.32064839774,12.3156140576,,2026-08-20
482,832114,中爆数字,0.08,43185512.0,-1.6303383499,,4971824.5,32.13,,1.400925551282,5.07,0.113004509768,68.7093238121,,2026-08-20
483,832107,达能电气,-0.03,33766412.57,-5.6668069666,,-1628788.57,-30.92,,2.798933488187,-1.05,-0.067886236396,28.9589719362,,2026-08-20
484,832105,宇宏新科,-0.09,22492750.38,-39.0202027006,,-2588061.69,-963.81,,0.338924064784,-22.51,-0.128576432226,24.4061279179,,2026-08-20
485,832061,贵材科技,0.02,125240279.22,46.9998023676,,552430.81,676.99,,1.456309117062,1.17,0.358577416934,10.0045036294,,2026-08-20
486,832037,华能橡胶,0.03,28523163.25,20.3587786677,,1176295.59,231.7,,1.694481967778,1.47,-0.073153872,15.4078903573,,2026-08-20
487,832027,智衡减振,0.15,70395318.42,11.7434925485,,6989799.81,56.16,,7.090684809105,2.11,0.25304357809,28.4725322505,,2026-08-20
488,832025,川盛科技,-0.01,95238.1,-0.1989981976,,-347812.57,7.61,,0.013088758976,-67.33,7.3312834e-05,,,2026-08-20
489,831951,天禄华鑫,0.13,3045201.52,65.284995627,,2318577.59,65.5,,0.336876006932,49.63,0.224543722704,91.7118473657,,2026-08-20
490,831866,蔚林股份,0.23,566587672.33,11.0083516714,,19388758.2,-2.0,,6.746904711385,3.42,0.612608637441,16.2214405622,,2026-08-20
491,831860,盛安传动,0.08,124932643.63,20.3807461602,,8431618.1,572.7,,3.961155768773,1.97,0.092914608791,24.566839497,,2026-08-20
492,831850,分豆智慧,0.02,,,,2105286.78,917.9551311903,,0.02437972288,105.54,0.02499065064,,,2026-08-20
493,831838,福康药业,0.05,10268623.9,-60.6977955548,,828764.68,-86.87,,2.151400820631,2.08,-0.141814553219,26.319405271,,2026-08-20
494,831817,捷创技术,0.29,220311196.35,32.9584107581,,14743784.2,618.72,,1.309375387533,24.88,-0.062578585269,19.890434883,,2026-08-20
495,831783,丽洋新材,-0.015,7613399.19,28.1281548463,,-496451.38,55.18,,1.074452598289,-1.39,0.116490267996,29.1235616926,,2026-08-20
496,831753,艾博德,-0.39,102310003.16,50.440216417,,-11199898.38,-622.59,,2.161690954598,-16.45,-0.213027141535,21.0250175795,,2026-08-20
497,831738,振野智能,0.44,46729168.59,42.4101968132,,7260519.26,48.7,,3.925577789654,10.94,0.096344719355,43.4945881839,,2026-08-20
498,831714,福航环保,-0.09,18319917.77,-6.22148532,,-4469138.08,-118.85,,2.189572543958,-4.16,-0.137288659375,25.7885790718,,2026-08-20
499,831668,天元小贷,0.03,8518473.55,-12.0287521767,2.3214,4137948.29,1.81,-29.5409,1.256169379867,2.13,-0.039017040733,,,2026-08-20
500,831593,朗昇电气,-0.17,32192567.95,-61.8435802557,,-8473434.35,-131.5572442199,,2.792350467958,-5.85,-0.322818630035,20.1257656427,,2026-08-20
501,831532,君悦科技,0.04,18733717.65,41.3629198899,,602684.18,83.76,,1.878169056296,2.41,-0.018006092593,28.7666465391,,2026-08-20
502,831524,世臻科技,-0.1,25650532.69,-21.0391542446,,-5778574.87,-66.69,,0.425659780893,-21.62,0.055305303571,12.1345351678,,2026-08-20
503,831516,ST金环,-0.18,57343222.33,-47.8262528424,,-13137273.9,27.44,,0.36821973119,-40.03,-0.046685427708,-3.7963930898,,2026-08-20
504,831515,威和光电,0.39,26869695.15,-15.6927032847,,3888912.76,-32.74,,2.107253425,15.6,0.164295314,34.2991303346,,2026-08-20
505,831510,特思达,0.28,90580816.84,-22.9827220828,,11592497.68,-55.21,,2.013484533508,13.72,0.34060138308,29.9736075774,,2026-08-20
506,831483,汇通华城,0.01,42357502.38,-1.9256620283,,387972.17,-85.15,,1.523046987879,0.37,-0.034031075758,49.1024382963,,2026-08-20
507,831467,世窗信息,-0.14,36019651.09,-18.7570429608,,-8720759.27,-331.86,,3.881803496946,-3.48,-0.301616660616,66.4686899109,,2026-08-20
508,831389,万和过滤,0.28,78732128.1,9.6245926025,,8361643.88,34.46,,3.880985861333,7.13,0.401971150333,29.7103162895,,2026-08-20
509,831337,雷力生物,-0.07,56470032.01,-26.935414406,,-7451897.69,-276.21,,1.2943784642,-5.6,0.0632975275,37.299265363,,2026-08-20
510,831306,丽明股份,0.03,33156619.35,-4.4700485997,,2407497.8,-49.94,,1.749239000123,1.71,-0.05662115188,34.1430394043,,2026-08-20
511,831273,ST金视和,-0.16,863716.82,555.0335469691,,-829595.34,13.32,,-0.884839154887,,-0.028941613467,48.3762837917,,2026-08-20
512,831144,欣影科技,0.07,77227423.35,-18.7543154879,,5007717.86,-41.3,,1.885705977127,3.69,0.310611377301,40.3325040237,,2026-08-20
513,831021,华雁智科,-0.13,51691136.31,-35.844546791,,-15191924.29,-49.0,,0.785655863928,-14.99,0.10752696239,32.2321759384,,2026-08-20
514,830927,ST兆久成,-0.0238,21013859.09,42.1040626224,,-896564.5,-4130.19,,-0.09245085073,,-0.035797116069,15.9761212142,,2026-08-20
515,830888,世纪工场,-0.02,289385.63,-65.5338462526,,-751767.27,-153.05,,0.050371560454,-36.3,0.045452401531,81.0693226198,,2026-08-20
516,830848,鑫森海,-0.05,21537791.97,-15.5460033208,,-1638229.3,-6068.8029780085,,2.237097856667,-2.41,0.053397958333,17.7916549911,,2026-08-20
517,830829,华精新材,0.0088,6594614.0,-86.4635598826,,634925.3,120.81,,2.319649700278,0.38,0.049197471944,70.1560268728,,2026-08-20
518,830794,奥派股份,-0.17,9447668.9,-22.7462465039,,-5122282.7,-153.27,,0.508359202013,-28.61,-0.287821155712,72.5188448338,,2026-08-20
519,830774,百博生物,0.0,18900456.28,8.0922177393,,201243.74,-92.41,,1.736395531726,0.19,0.018749756316,41.9109986693,,2026-08-20
520,688820,盛合晶微,0.27,3406831397.09,7.2006133293,0.5936,449359445.31,3.33,34.8628,10.35714638052,2.8,0.791030584558,30.1400071353,半导体,2026-08-20
521,688798,艾为电子,0.41,1350429235.14,-1.3967187849,8.8937,94872384.39,-39.39,-14.1749,18.00069636426,2.24,0.008941499405,31.052519373,半导体,2026-08-20
522,688788,科思科技,-0.8115,97381848.93,-36.9521046605,142.5063,-176170639.02,-62.04,-42.6989,7.554412491802,-10.11,-0.623430936864,27.6590494696,军工电子Ⅱ,2026-08-20
523,688778,厦钨新能,0.98,14487960872.5,91.089293552,20.0093,491169347.29,46.62,23.1678,18.84443698507,5.22,0.560290399563,8.2940741976,电池,2026-08-20
524,688755,汉邦科技,0.39,417620265.55,19.7500912058,14.5507,44397969.73,59.72,40.5596,11.233758228934,3.5,0.621148134003,37.0456462706,专用设备,2026-08-20
525,688686,奥普特,1.3972,904139670.57,32.4634399476,52.9516,170499744.61,16.78,66.92,26.089790490329,5.4,-1.375350353872,58.6052081219,自动化设备,2026-08-20
526,688665,四方光电,0.8,542031607.38,6.7193109875,41.66,80496909.6,-4.31,38.3665,12.011385888978,6.68,0.185406137605,43.3596775483,通用设备,2026-08-20
527,688636,智明达,0.31,296794389.98,0.6914234469,73.8448,53663881.31,40.12,100.8652,8.249002178954,3.79,-0.05249384439,50.7191884288,军工电子Ⅱ,2026-08-20
528,688617,惠泰医疗,3.82,1526351745.77,25.749347161,16.7872,537319119.8,26.38,34.1885,21.813993344425,15.96,3.881074226243,72.9767273171,医疗器械,2026-08-20
529,688615,合合信息,1.26,1030962358.26,22.2827166865,4.6675,246708764.8,4.81,-41.0875,15.147701858163,8.27,1.3992676275,86.9547530603,软件开发,2026-08-20
530,688608,恒玄科技,0.7223,1351185977.87,-30.2941207792,1.945,171096913.09,-43.87,-7.8515,41.577035787899,2.43,1.29248375498,42.4663447962,半导体,2026-08-20
531,688578,艾力斯,3.42,3319788082.89,39.8534171741,9.6123,1540790493.67,46.57,42.2466,18.804578009244,19.7,3.210180945822,94.8541737429,化学制药,2026-08-20
532,688536,思瑞浦,2.25,1605824436.86,69.1856086309,28.6508,307757831.93,368.52,91.9889,47.95350082947,4.81,2.572696150337,49.0039019153,半导体,2026-08-20
533,688425,铁建重工,0.09,4274749800.07,-11.6309450425,-4.7829,504676729.02,-31.38,3.2082,3.496235505416,2.68,-0.087188576705,27.9039051532,工程机械,2026-08-20
534,688378,奥来德,0.69,461165167.69,64.1447568998,-3.8503,175808330.99,551.02,19.5202,8.032883736892,8.9,0.600595690513,56.2948063164,光学光电子,2026-08-20
535,688375,国博电子,0.16,886064397.69,-17.2281986477,77.8688,98143788.36,-51.26,11261.3038,10.589590025048,1.51,0.248358364162,35.6763253398,军工电子Ⅱ,2026-08-20
536,688353,华盛锂电,1.44,792459942.58,126.512398032,42.3355,222863455.56,451.483715654,29.7158,22.889240758495,6.14,-0.278025090596,52.5522782558,电池,2026-08-20
537,688334,西高院,0.44,440906422.12,5.0720143653,1.8655,139174210.3,4.87,9.6053,9.423647476081,4.69,0.97325912572,54.7189700254,专业服务,2026-08-20
538,688321,微芯生物,0.1645,543229019.55,33.6032956103,11.3414,71380590.11,141.21,52.4792,5.477650618941,3.14,0.20175376774,86.3306076337,化学制药,2026-08-20
539,688290,景业智能,-0.12,103114889.0,-4.4932950445,-22.1619,-12508884.54,-511.42,38.5288,12.380825181877,-0.98,-0.765481439355,22.782790398,自动化设备,2026-08-20
540,688281,华秦科技,0.45,733953443.6,42.1247743751,45.4341,171206528.48,17.55,16.5438,12.679765151657,3.58,0.178278608815,43.4044157893,航空装备Ⅱ,2026-08-20
541,688271,联影医疗,1.1,7051579098.09,17.2156693851,42.5251,896995952.14,-10.12,24.8847,26.727587556356,4.12,-0.293657411581,47.1804815405,医疗器械,2026-08-20
542,688267,中触媒,0.36,459071930.75,-0.4462705906,-2.7957,80492021.49,-36.54,54.4803,12.594889897002,2.81,0.25247609966,35.8568716456,化学制品,2026-08-20
543,688261,东微半导,0.87,736433420.21,19.5835547497,63.2232,106301799.14,285.41,1712.6182,24.66920877879,3.54,-1.054896635631,17.39971302,半导体,2026-08-20
544,688234,天岳先进,-0.12,913646546.53,15.0970720694,49.9683,-58616647.35,-638.75,103.1284,14.669535391448,-0.82,-0.041795896506,22.8636429627,半导体,2026-08-20
545,688212,澳华内镜,-0.64,279529566.56,7.369603333,3.2882,-85619640.22,-110.0310022246,-150.4216,9.081057520927,-6.76,-0.620286366602,63.8610588629,医疗器械,2026-08-20
546,688187,时代电气,1.25,13070519326.0,7.0128517726,56.1965,1712297377.0,2.44,66.1557,31.465224620307,3.96,1.099116808847,32.810792372,轨交设备Ⅱ,2026-08-20
547,688179,阿拉丁,0.2,371138130.86,34.8033493571,17.3801,67908348.7,138.58,33.4159,3.726015213414,6.12,-0.243583385816,65.4572233193,化学制品,2026-08-20
548,688139,海尔生物,0.47,1296472460.72,8.4460396961,-1.1785,147414556.88,3.28,-14.4815,13.970048749684,3.34,0.455857179422,47.1286183851,医疗器械,2026-08-20
549,688126,沪硅产业,-0.292,2317244795.55,36.5146767485,13.7862,-965151893.58,-163.3154676601,0.2129,5.866738294185,-5.63,0.054156189914,-8.3407009433,半导体,2026-08-20
550,688118,普元信息,-0.483,76198706.89,-23.1722120859,65.4338,-45039042.26,-51.9940321311,42.2346,8.582989488925,-5.29,-0.514974604817,46.5854950678,软件开发,2026-08-20
551,688117,圣诺生物,0.61,507264016.25,50.2693222448,7.6522,135194010.21,51.98,3.7213,5.191665389741,12.1,0.395867856062,58.7334460588,生物制品,2026-08-20
552,688111,金山办公,5.44,3313262599.2,24.6936697354,5.3815,2517594330.93,236.94,-85.3118,32.492038974087,17.76,1.385074709119,84.8953080927,软件开发,2026-08-20
553,688099,晶晨股份,1.45,4391461594.29,31.8596733481,31.6805,610791100.57,23.0,152.6332,18.833987651729,7.97,-1.186234667181,38.7258453099,半导体,2026-08-20
554,688065,凯赛生物,0.52,1900180844.78,13.7309854214,17.2803,372730644.26,20.75,24.9202,24.624253966194,2.08,1.040634761595,35.7333406415,化学制品,2026-08-20
555,688046,药康生物,0.27,459550008.7,22.6091214663,20.8561,110814393.33,56.28,35.2558,5.527763171341,4.85,0.214719467927,65.0686108974,医疗服务,2026-08-20
556,688012,中微公司,4.33,6691287327.67,34.8886347323,29.5478,2825194624.91,300.22,103.6253,31.359810291923,11.56,0.714682841106,39.7417373409,半导体,2026-08-20
557,688003,天准科技,0.51,887141718.39,48.6292382214,31.0687,98482552.25,793.9166584513,1897.7236,10.218850048772,4.83,0.416205865621,36.1079767302,自动化设备,2026-08-20
558,603993,洛阳钼业,0.76,135319885598.22,42.7839090612,3.7852,16152187485.37,86.27,8.1453,4.191346387888,18.29,0.763459564765,23.0090744347,工业金属,2026-08-20
559,603969,银龙股份,0.28,1590553539.25,7.9624900043,83.6591,240971113.09,40.35,167.2495,3.465936502795,8.23,0.054928569747,29.1334829193,通用设备,2026-08-20
560,603933,睿能科技,0.3166,1563487082.09,38.0056596963,24.8699,65715852.1,84.66,-9.5753,6.515674544227,4.92,-0.082916353126,21.8008622485,其他电子Ⅱ,2026-08-20
561,603919,金徽酒,0.42,1815665707.81,3.1946281964,-33.7485,214058226.49,-28.24,-95.3542,6.706525630011,6.16,0.417669523485,62.573710252,白酒Ⅱ,2026-08-20
562,603916,苏博特,0.18,1636414183.23,-2.1889321672,35.2683,74018170.59,17.03,45.1992,9.973677611151,1.69,0.366943095349,35.9918886683,水泥,2026-08-20
563,603909,建发合诚,0.1997,3930633900.35,15.8292316484,19.2596,52043489.22,15.54,6.006,4.494362648027,4.42,0.402812654652,4.4362370658,工程咨询服务Ⅱ,2026-08-20
564,603806,福斯特,0.32,6987738143.08,-12.1979499046,7.1964,842218835.71,69.89,70.125,6.241825255216,5.04,0.490864534319,17.0546236527,光伏设备,2026-08-20
565,603659,璞泰来,0.69,10114704705.86,42.7046197898,32.4787,1451879417.3,37.58,6.2192,9.982338078607,6.89,0.838798233165,26.3161208135,电池,2026-08-20
566,603655,朗博科技,0.18,124485571.18,2.1734915052,13.5667,18876982.28,-2.11,29.5709,5.285172993302,3.27,0.244266712925,36.7370433268,汽车零部件,2026-08-20
567,603650,彤程新材,0.63,2136150191.44,29.0996907337,3.6817,389033227.78,10.86,13.4009,6.815986352877,9.04,0.067581901428,23.0521361505,橡胶,2026-08-20
568,603579,荣泰健康,0.56,990807574.01,22.2912907705,24.0648,112201641.61,31.48,-39.1116,13.723795853403,3.97,-0.008102028037,29.3139967173,其他家电Ⅱ,2026-08-20
569,603519,立霸股份,0.37,817573898.72,0.0191446143,6.849,98675593.1,29.07,91.8578,3.989765252929,8.0,0.208429146868,15.6176813105,家电零部件Ⅱ,2026-08-20
570,603392,万泰生物,-0.1,1048467239.17,24.2904982757,0.3396,-128316086.16,10.9151939041,-98.5218,9.28215673056,-1.09,-0.064319120943,63.9116973555,医疗器械,2026-08-20
571,603383,顶点软件,0.35,247908836.08,0.9706052532,-34.2273,72074487.84,36.3,-44.8107,7.061649525524,4.69,-0.631434613497,71.011058276,软件开发,2026-08-20
572,603382,海阳科技,0.36,2221492686.57,-5.7856861435,26.8676,64663596.2,-17.99,213.1011,9.905219989898,3.63,1.621869380208,10.6515122773,化学纤维,2026-08-20
573,603199,九华旅游,1.3732,499554544.88,3.4342011379,12.5872,151988634.44,7.27,18.5095,15.536277323365,8.94,1.654503058366,55.9898456849,旅游及景区,2026-08-20
574,603015,弘讯科技,0.05,441525796.79,1.2708769041,31.0028,25116596.22,-11.03,171.241,3.425870239202,1.34,0.004880684926,31.0200974769,自动化设备,2026-08-20
575,601877,正泰电器,1.47,38064189390.13,28.4618259054,-21.3233,3130443926.08,22.23,47.0675,21.409554584621,6.85,6.133909806295,23.517616672,电网设备,2026-08-20
576,601788,光大证券,0.44,6055522454.29,18.166929111,-3.6235,2229090140.0,32.45,-8.8548,13.331931920675,3.28,1.740796205828,,证券Ⅱ,2026-08-20
577,601766,中国中车,0.28,131682442000.0,9.956998576,44.6785,7990535000.0,10.28,36.5239,6.149270786467,4.54,-0.562373130867,22.2659912397,轨交设备Ⅱ,2026-08-20
578,601619,嘉泽新能,0.08,1210172403.38,-7.6400961859,3.7218,237224536.29,-48.4,-19.3881,2.731369622978,2.96,0.277849727607,54.0238992968,电力,2026-08-20
579,601377,兴业证券,0.24,6730289948.61,24.5380615221,52.5776,2129258950.19,60.08,71.0096,6.511437459984,3.6,0.926503808923,,证券Ⅱ,2026-08-20
580,601360,三六零,0.03,4172122000.0,9.0140371065,7.4745,215688000.0,176.5442789106,-2.6028,4.035910410343,0.74,-0.008159086617,69.6623684542,软件开发,2026-08-20
581,601179,中国西电,0.13,12232947022.33,7.9555532905,21.4547,688068060.24,15.03,-1.4811,4.570291649255,2.97,-0.057982301005,24.5364469494,电网设备,2026-08-20
582,601127,赛力斯,-0.99,57493119128.58,-7.866134882,23.3114,-1716868878.67,-158.38,-427.5612,21.512567897077,-4.38,-7.104611419928,23.301121695,乘用车,2026-08-20
583,601096,宏盛华源,0.0686,4885774738.27,-0.3976019899,2.3975,183624146.72,-7.43,-19.4544,1.78901256902,3.87,-0.075733698345,11.722566599,专业工程,2026-08-20
584,601026,道生天合,0.14,1799762197.15,0.8380855632,66.2622,89393670.97,3.55,89.1629,3.859481561344,3.37,-0.45759259219,14.4282390441,风电设备,2026-08-20
585,600976,健民集团,1.17,1611146284.7,-10.7199930385,-15.4624,177212173.52,-19.68,1.9907,17.572171063165,6.57,0.785217577475,62.4810113849,中药Ⅱ,2026-08-20
586,600936,北投科技,0.03,1412590656.59,-30.7787254647,-51.101,52352877.39,117.4946992213,9.727,0.611290539771,5.26,-0.120268082176,20.0011892704,IT服务Ⅱ,2026-08-20
587,600919,江苏银行,1.13,48951744000.0,9.1107021147,2.4447,21875647000.0,8.09,6.7239,14.786864152145,7.86,10.313779485338,,银行Ⅱ,2026-08-20
588,600895,张江高科,0.21,1850623354.35,8.6139828996,20.8352,329414681.47,-10.76,194.4445,8.835275895773,2.31,-0.724973949982,28.5113200079,房地产开发,2026-08-20
589,600872,中炬高新,0.5387,2541951319.39,19.231324855,-7.4967,414167437.15,61.25,-42.3804,7.199111271007,7.05,0.79984334161,42.7923041886,调味发酵品Ⅱ,2026-08-20
590,600866,星湖科技,0.0426,8188978120.36,0.360537521,18.9523,70718627.33,-91.54,350.8193,4.605272555506,0.87,-0.476338216934,10.3384165148,化学制品,2026-08-20
591,600845,宝信软件,0.247,5631881861.11,19.4534838685,13.0107,706779643.48,-0.81,-14.6229,3.879438307685,6.32,0.611521960903,29.7842731726,IT服务Ⅱ,2026-08-20
592,600726,华电能源,0.07,8033840944.11,-3.0255203769,-39.4985,591665272.62,29.16,-101.6751,0.665997844316,12.6,0.024268265801,23.5016495287,电力,2026-08-20
593,600688,上海石化,0.028,38991994000.0,-1.344100808,20.7721,300431000.0,165.0103434546,-127.6368,2.221675868366,1.291,-0.079812813098,18.1308219323,炼化及贸易,2026-08-20
594,600601,方正科技,0.14,3699993416.88,72.8939532958,36.6215,573573120.51,232.38,47.6213,1.228073736765,11.61,0.119760022222,32.2297627888,元件,2026-08-20
595,600550,保变电气,0.073,3846312711.49,28.4281331355,35.2225,133655502.87,77.34,24.3911,0.532569494749,14.71,-0.210032762279,12.2203158749,电网设备,2026-08-20
596,600526,菲达环保,0.16,1545831887.04,-2.7758307987,48.177,146147975.94,15.3,81.5701,5.260384328197,3.15,-0.432199019292,29.2016253646,环保设备Ⅱ,2026-08-20
597,600511,国药股份,1.166,26728336667.88,4.2692834603,-2.8203,879769480.08,-7.25,-14.4979,24.930686434118,4.69,-3.491495137505,5.977274228,医药商业,2026-08-20
598,600505,西昌电力,0.018,688339895.33,-5.332559729,-14.7445,6570088.98,102.69,11.0628,3.371365561549,0.54,0.391045539331,16.8695058412,电力,2026-08-20
599,600458,时代新材,0.37,10467455938.49,13.0874937431,34.7019,345907678.41,14.08,18.6196,8.523541597653,4.29,-1.142173445578,15.2962414905,综合Ⅱ,2026-08-20
600,600426,华鲁恒升,1.108,17162488970.88,8.8738463081,5.6966,2352959838.15,49.98,10.7266,16.513983132924,6.87,1.272616470934,24.0998324414,农化制品,2026-08-20
601,600418,江淮汽车,-0.34,22179881513.48,14.3442014363,-6.748,-748926742.94,3.0906599617,76.413,5.50654982702,-6.44,-2.345832837945,11.1446249201,商用车,2026-08-20
602,600405,动力源,-0.09,218811928.46,8.9375596366,74.8234,-54085136.74,40.7978096382,46.3482,0.062943172809,-136.66,-0.049034526088,22.2368663411,其他电源设备Ⅱ,2026-08-20
603,600399,抚顺特钢,-0.1287,4195668878.59,9.7500682558,20.9558,-252519412.7,9.077410067,27.5621,2.66748565624,-4.69,-0.450563357375,2.6260650554,特钢Ⅱ,2026-08-20
604,600379,宝光股份,0.1172,700176652.35,9.5568950579,31.5618,38694427.99,3.98,219.5668,2.446773298748,4.8807,0.081070905406,21.8710883683,电网设备,2026-08-20
605,600346,恒力石化,1.02,98257701611.02,-5.4701076371,-0.3307,7205753072.78,136.25,-15.7187,10.220498124996,10.29,0.497207008303,13.9588598285,炼化及贸易,2026-08-20
606,600315,上海家化,0.57,3790925984.05,8.9867151443,11.1648,380974528.05,43.35,-28.4936,10.513055508238,5.41,0.590464272818,66.3238046493,化妆品,2026-08-20
607,600312,平高电气,0.602,5374387439.86,-5.6390449045,19.3674,816852368.99,22.87,-3.0953,8.744982084035,7.01,-0.508092845685,29.7540277297,电网设备,2026-08-20
608,600305,恒顺醋业,0.11,1224329932.59,8.7949327111,-11.1975,120800704.87,9.21,-18.7625,3.022444665377,3.61,-0.0075910665,36.0823113518,调味发酵品Ⅱ,2026-08-20
609,600276,恒瑞医药,0.68,15455583728.11,-1.9390022608,-10.1411,4465439428.1,0.34,-4.342,9.712895713484,8.04,0.299373818788,86.3263460861,化学制药,2026-08-20
610,600268,国电南自,0.19,3946999307.44,-7.815562383,41.6042,193821196.79,22.01,260.8851,3.680078793299,5.06,-0.539815418276,28.6075299297,电网设备,2026-08-20
611,600233,圆通速递,0.9276,38893318775.44,8.3885031634,7.2246,3175039883.44,73.44,30.4833,10.852221518917,8.72,1.156557510542,12.0387327621,物流,2026-08-20
612,600219,南山铝业,0.2,18574161325.39,7.5268313796,4.8606,2247326443.12,-14.4,4.1586,4.341111133494,4.41,0.18383921716,21.298204911,工业金属,2026-08-20
613,600132,重庆啤酒,1.64,8575903111.57,-2.9790087323,-2.8486,795919088.84,-7.98,-18.1674,3.272851352985,47.54,5.898162732568,50.1638027739,非白酒,2026-08-20
614,600118,中国卫星,0.03,1885317136.19,42.7240432654,109.5047,34565755.4,213.3620952489,280.9688,5.416211397858,0.54,-0.237377390119,18.752860868,航天装备Ⅱ,2026-08-20
615,600111,北方稀土,0.5679,25798892982.11,36.747397269,17.5485,2053166573.28,120.46,23.7197,7.262595571511,8.02,0.334237676806,15.0254626695,小金属,2026-08-20
616,600105,永鼎股份,0.344,3339017624.9,47.7515331414,68.0501,503450137.78,58.06,116.9818,2.4890568498,14.77,0.23697454267,27.8880348234,通信设备,2026-08-20
617,600010,包钢股份,0.0062,28034371304.31,-10.5151522617,10.564,279377597.15,84.61,260.38,1.158553696292,0.54,0.054735294349,13.8850658864,普钢,2026-08-20
618,600009,上海机场,0.49,6502799586.18,2.352023716,3.333,1216000536.71,16.46,10.4549,17.33177913756,2.82,0.912191745067,24.737394856,航空机场,2026-08-20
619,430644,紫贝龙,-0.06,8508898.64,32.7162210816,,-2881870.11,29.68,,1.835360803922,-3.03,0.10009940451,6.4368262354,,2026-08-20
620,430585,久恒新数,0.04,6388327.26,45.1522242778,,752674.96,285.01,,0.199750071429,25.26,0.013478609524,43.3343436761,,2026-08-20
621,430538,中大科技,-0.06,4834680.18,-15.6155214668,,-4686692.21,-6.02,,0.930168372069,-6.43,-0.101069505534,-28.6278011879,,2026-08-20
622,430530,云铜科技,0.0011,64787222.34,43.7285310611,,100275.43,-94.36,,1.139301929826,0.1,0.088329873644,18.289798485,,2026-08-20
623,430500,亚奥科技,-0.1,32829794.17,-45.4081977821,,-8700426.11,-6578.36,,0.926915708897,-10.18,-0.013433855002,16.2865989726,,2026-08-20
624,430497,威硬工具,0.2,79626726.87,2.2121324219,,11152200.77,9.89,,5.350423758607,3.6,0.308206611889,37.1464010298,,2026-08-20
625,430490,旭龙物联,0.0286,47713815.06,3.835402433,,1318011.68,87.46,,2.125569130142,1.3,-0.057800647674,23.7773843817,,2026-08-20
626,430472,安泰得,-0.05,13546003.19,-29.5080651755,,-2578146.47,-261.68,,1.737821098044,-2.92,,56.8202687689,,2026-08-20
627,430451,万人调查,-0.0617,7317918.0,-46.5244120778,,-3192428.95,-372.98,,1.834093659698,-3.27,-0.084289269841,64.4171029246,,2026-08-20
628,430429,星业科技,0.16,197980001.7,23.5048807851,,8992468.62,253.24,,3.047563661114,5.43,0.259152975819,18.6501869093,,2026-08-20
629,430427,飞田科技,-0.01,25586429.19,9.6627926291,,-1895381.7,-39.3269057635,,0.172485370111,-5.96,-0.046954267477,3.2750453914,,2026-08-20
630,430391,万特电气,0.1,47548413.25,36.1774335904,,5982591.43,507.56,,2.641594632857,3.46,-0.050369585692,47.8109849228,,2026-08-20
631,430368,明波通信,0.14,83562595.81,-3.3371124676,,5888803.41,12.04,,2.200340179587,6.3,0.491086430505,39.6466373727,,2026-08-20
632,430331,中环系统,0.01,13070501.12,79.3087457139,,276158.36,247.23,,1.193013722512,1.16,0.053577628692,32.1752269587,,2026-08-20
633,430330,捷世智通,-0.16,36814474.05,-7.2988461143,,-16587393.6,-33.89,,1.923554701098,-7.93,-0.143679582453,31.7992334322,,2026-08-20
634,430285,锐创信通,-0.11,1020278.47,-35.7357425432,,-1179316.43,-90.59,,1.523643779592,-6.78,0.147968927891,84.5753218727,,2026-08-20
635,430251,光电高斯,-0.43,3972109.68,-63.9438899307,,-15696942.1,-20.82,,1.414799720189,-26.58,0.342818467706,25.4206605896,,2026-08-20
636,430218,一鑫达,-0.01,,,,-165878.86,29.8082662463,,0.016867900625,-47.01,-6.991875e-06,,,2026-08-20
637,430145,智立医学,-0.5097,29506216.87,24.7428902984,,-16311257.2,-626.1531898548,,1.714514969063,-25.88,0.000217028125,18.4770723201,,2026-08-20
638,430089,ST天一众,-0.08,4748451.34,-2.5578153276,,-3648900.18,27.25,,-0.23748099625,,-0.006284889375,55.800066596,,2026-08-20
639,430061,富机达能,-0.22,2067281.42,139.8441672972,,-3700702.97,-33.33,,0.362769444242,-47.23,-0.027737810303,0.429563673,,2026-08-20
640,430028,京鹏科技,0.08,116031790.35,-57.7788030916,,4882544.14,-55.97,,1.818798174068,4.66,0.508166768305,14.7020652862,,2026-08-20
641,430020,建工华创,-0.0203,1159162.05,172.4985130455,,-1027703.28,-76.21,,0.123130192479,-15.26,-0.014178010688,70.779770611,,2026-08-20
642,400083,龙力3,-0.04,39823194.34,30.9859362741,,-24951520.37,14.54,,-9.876940231736,,-0.055579114948,24.3752196449,,2026-08-20
643,301689,电科思仪,0.2,965708752.33,-2.7838098251,,166759603.16,4.0,,3.327826794073,6.26,-0.089695110703,50.7007039709,,2026-08-20
644,301617,博苑新材,0.5617,774420710.33,3.700533685,-2.0043,97586580.81,-1.47,-8.79,10.368922580526,5.5,-0.202101550492,20.0361581102,化学制品,2026-08-20
645,301611,珂玛科技,0.23,592213616.61,13.8002239754,18.918,98247047.71,-42.83,14.1047,4.25569515039,5.35,0.085355131606,45.5942749266,半导体,2026-08-20
646,301575,艾芬达,0.49,625202084.58,23.718716621,6.7901,59018020.04,-1.27,2.9245,11.670357895878,4.15,0.484350542946,23.7752789132,家居用品,2026-08-20
647,301526,国际复材,0.1696,4964162070.47,19.5238327937,24.149,639665974.44,176.56,36.7478,2.321342781616,7.46,0.157343677411,27.5869595513,玻璃玻纤,2026-08-20
648,301500,飞南资源,1.1583,9980677960.82,52.543704291,19.5829,648670469.17,307.31,-39.9979,9.620982646288,12.78,-1.156676815991,12.1902323627,环境治理,2026-08-20
649,301377,鼎泰高科,1.66,1942851207.14,114.8532705135,38.6454,679131331.85,325.12,60.6279,7.591405318093,23.27,-0.110535461848,55.9236303489,通用设备,2026-08-20
650,301371,敷尔佳,0.49,1156139070.47,33.9499635147,10.8616,255985054.92,11.46,-50.785,10.641846249635,4.45,0.32200837967,76.8814731405,化妆品,2026-08-20
651,301358,湖南裕能,3.62,34877330172.01,142.915947481,33.0524,2909817706.47,853.51,14.5792,24.034836368716,17.39,-2.079666752094,14.8604117606,电池,2026-08-20
652,301310,鑫宏业,0.297,2478284273.22,53.4944682272,27.4447,56714920.52,1.58,-46.5208,12.324296530096,2.41,-1.470464268536,10.1310251593,汽车零部件,2026-08-20
653,301221,光庭信息,-0.227,318979128.57,15.8208992132,-3.8634,-29437247.61,-168.59,-638.5051,15.507040696717,-1.46,-0.490050179954,30.3539427655,汽车零部件,2026-08-20
654,301002,崧盛股份,0.28,587162516.82,30.6523836836,13.6036,37819984.43,5121.12,47.2881,8.295367687205,3.58,-0.211283004907,25.5542239145,电网设备,2026-08-20
655,300970,华绿生物,0.2948,693881412.3,39.1838142437,-32.4944,46096252.7,185.85,-158.053,10.269831900237,2.79,1.042108510891,15.4400576007,种植业,2026-08-20
656,300776,帝尔激光,1.11,1029395546.77,-12.0187773753,43.5811,305844250.82,-6.38,-13.1192,17.298288954018,7.3,1.256953721573,45.2559708813,光伏设备,2026-08-20
657,300732,设研院,-0.12,754508848.37,-4.54201002,-10.2067,-43739551.85,-73.26,-441.7007,7.453658314731,-1.57,-0.069563170368,21.1359334015,工程咨询服务Ⅱ,2026-08-20
658,300667,必创科技,0.03,337160132.8,8.2676680127,84.367,7022702.97,170.19,792.0899,5.08623330175,0.68,-0.171039075722,34.4651780402,通用设备,2026-08-20
659,300623,捷捷微电,0.36,2113864472.06,32.0771545931,29.8277,297724284.19,20.61,97.0291,7.461264246458,4.82,0.723680735648,30.668922068,半导体,2026-08-20
660,300540,蜀道装备,0.1512,299925556.92,46.3331918464,99.9986,34017702.89,235.11,76.8505,5.076238100638,2.97,-0.179700917867,31.0885312634,专用设备,2026-08-20
661,300487,蓝晓科技,0.83,1378036255.21,10.4700247046,27.0109,420519056.45,-5.4,31.1551,8.989113019475,9.09,0.870090919568,53.2784589284,塑料,2026-08-20
662,300465,高伟达,0.0207,470445168.2,-9.5667467331,252.0957,9189067.26,-33.54,264.7038,1.56109512677,1.34,-0.187453184772,21.0200710655,软件开发,2026-08-20
663,300418,昆仑万维,0.87,5359200218.63,43.5498435095,8.5455,1088006458.02,227.17,322.6631,11.517927746302,7.92,-0.363564008277,65.5753851484,数字媒体,2026-08-20
664,300387,富邦科技,0.1908,674241111.44,-1.5127889328,-2.1831,55150223.68,-9.91,7.3494,5.007903201575,3.77,0.065665096427,26.1316604106,农化制品,2026-08-20
665,300377,赢时胜,-0.1044,629535497.27,8.9023812752,23.0049,-78375103.82,2.7,110.6229,3.216230064196,-3.19,-0.37450187416,32.3538412819,软件开发,2026-08-20
666,300349,金卡智能,0.2,1404090670.71,-8.7459588989,30.4951,81953211.0,-39.42,75.7702,10.730451966977,1.81,-0.098859043383,35.7105941418,通用设备,2026-08-20
667,300319,麦捷科技,0.1701,1984879018.7,10.5330097309,29.6562,150961786.69,1.12,120.1966,5.567032999344,3.05,0.271148103352,17.0610628355,元件,2026-08-20
668,300211,*ST亿通,-0.0583,81965910.38,-6.6846820445,37.8764,-17731253.56,-36.87,50.4241,1.430389676958,-4.0,-0.087765652029,48.699660072,通信服务,2026-08-20
669,300153,科泰电源,0.1737,1498393653.78,110.8054218234,43.1409,55583901.11,131.66,73.2446,2.958823004094,5.86,0.147826024219,13.7101804323,其他电源设备Ⅱ,2026-08-20
670,300014,亿纬锂能,1.57,45691465298.91,62.2015350628,20.9466,3301230562.92,105.66,28.2529,23.083164040306,7.24,-0.178494119176,14.3107269459,电池,2026-08-20
671,200521,虹美菱B,0.0574,16136185712.66,-10.7092849675,20.3525,57982645.46,-86.1,-117.4572,5.704832089501,0.95,0.314234730492,8.1758619656,白色家电,2026-08-20
672,003009,中天火箭,0.1048,382564444.67,27.0460152283,51.3744,16934481.56,329.31,157.5048,12.306228367482,0.96,-0.328212528805,21.3399795871,航天装备Ⅱ,2026-08-20
673,003008,开普检测,0.31,96223547.96,-13.5700014032,48.4916,32722657.65,-19.78,269.1903,10.024348137308,3.06,0.473064569519,63.1520049908,专业服务,2026-08-20
674,002990,盛视科技,0.42,734282227.88,33.7342910379,123.3099,106660446.72,342.91,2599.8877,9.828604530012,4.2,-5.030791055905,41.5296543674,计算机设备,2026-08-20
675,002983,芯瑞达,0.23,510006882.0,3.8365043502,25.5667,50818610.3,-23.61,-33.17,6.059827139232,3.68,0.322379496505,21.5796806777,光学光电子,2026-08-20
676,002956,西麦食品,0.4787,1402268158.77,22.0320423693,-29.7949,148210740.83,81.88,-53.7589,5.264874623831,8.8,0.769759770476,44.0338739169,休闲食品,2026-08-20
677,002906,华阳集团,0.76,6923087857.78,30.3613116605,23.6377,401307253.02,17.55,42.1063,13.588415409492,5.61,0.670344181056,16.824066706,汽车零部件,2026-08-20
678,002887,绿茵生态,0.1438,181311060.72,-19.3551182325,2.2156,43999322.89,-25.28,-90.7325,7.495163976399,1.81,-0.243900004364,44.7678597752,环境治理,2026-08-20
679,002860,星帅尔,0.28,1094029547.61,-3.3883313773,15.0352,100266597.47,-17.6,-24.6337,6.690808516083,4.3,0.373794883613,17.2740232915,家电零部件Ⅱ,2026-08-20
680,002847,盐津铺子,1.56,3070218410.03,4.4079143594,-6.0071,425281605.55,14.1,-15.6903,7.77354194978,19.51,2.171899351509,32.219531075,休闲食品,2026-08-20
681,002824,和胜股份,0.28,2380778710.32,44.6399754766,34.6957,88271694.83,102.82,158.971,7.544205377809,3.7,1.223553350501,13.7096214438,工业金属,2026-08-20
682,002760,凤形股份,0.07,331408071.97,12.820146809,24.1131,7783088.13,6.9,-83.1658,7.763211126078,0.93,-1.007981912479,18.6498928232,通用设备,2026-08-20
683,002718,友邦吊顶,-0.0069,203663116.14,-20.2648544661,24.4861,-898027.32,-108.84,-298.0344,7.095899958353,-0.1,-0.101733854262,24.4659119896,装修建材,2026-08-20
684,002667,*ST威领,-0.0752,271966623.17,219.513004267,-11.8772,-19590321.91,-1884.77,-317.34,-0.202244568837,,0.491386817222,63.6378465573,专用设备,2026-08-20
685,002660,茂硕电源,-0.0853,632848616.68,-2.9902595462,18.887,-30436570.62,-35.09,95.3697,2.792535112111,-3.01,-0.137266488091,16.5127404368,消费电子,2026-08-20
686,002644,佛慈制药,0.0778,440320280.34,2.5513960453,8.1158,39738459.63,32.0,-24.6413,3.646438482406,2.15,0.314025595968,33.1939966601,中药Ⅱ,2026-08-20
687,002624,完美世界,-0.07,2751024838.4,-25.4665312892,34.8958,-118437769.22,-123.54,-315.3436,3.356690888601,-1.7,0.333665816626,69.705639087,游戏Ⅱ,2026-08-20
688,002588,史丹利,0.47,6932849128.93,8.4817324921,-29.2406,544353775.21,-10.29,-40.6518,6.7692639402,6.95,-0.993702294524,18.0718474419,农化制品,2026-08-20
689,002569,*ST步森,-0.0925,80846880.35,55.6201102584,4.429,-13315655.88,-27.3,-119.221,0.212268849455,-35.77,-0.01637498146,19.5609347591,服装家纺,2026-08-20
690,002542,*ST中岩,-0.095,141735744.9,-61.0931546086,21.8501,-171548125.12,-8.54,-206.752,-0.158436124664,,-0.070849860935,16.287090611,专业工程,2026-08-20
691,002526,山东矿机,0.0035,836526989.08,-20.0531188231,29.3109,6281816.11,-93.62,-137.5523,1.808967656796,0.19,-0.060907413503,23.0988492974,专用设备,2026-08-20
692,002491,通鼎互联,0.1647,2457536233.34,61.4560293732,31.055,202537933.47,326.04,195.0107,2.172370632161,7.88,0.116317122792,27.8234609241,通信设备,2026-08-20
693,002481,双塔食品,0.0277,1123239938.66,7.2902385313,3.8198,33148787.37,-39.02,21.3545,1.984422684963,1.36,0.103026556532,19.3856802483,农产品加工,2026-08-20
694,002480,新筑股份,-0.1303,707042848.72,0.4032267798,14.9439,-100228801.72,-48.03,-64.1907,0.968434274124,-12.62,-0.014373791733,31.4968769705,电力,2026-08-20
695,002479,富春环保,0.37,3225788584.17,29.2538357374,31.3776,320784779.63,72.11,110.3748,5.09798736059,7.43,0.346693909214,18.5655028048,电力,2026-08-20
696,002373,千方科技,-0.01,3282785790.62,-0.8212476132,50.0223,-20857160.1,-112.29,-758.2942,7.232186738907,-0.18,-0.250913628627,36.9307446713,IT服务Ⅱ,2026-08-20
697,002351,漫步者,0.24,1267929732.52,-6.2649616741,19.1258,211125621.34,5.54,6.5264,3.371258394974,6.93,0.132702695963,42.374399016,消费电子,2026-08-20
698,002348,高乐股份,-0.0307,164572784.77,25.2941390556,55.139,-29036355.81,-3.88,-7.2733,0.403171959692,-7.31,-0.046757685906,21.7527535613,文娱用品,2026-08-20
699,002346,柘中股份,0.77,409244006.73,11.7686441677,11.1907,320441112.58,118.53,47525.4783,7.284877472096,10.5,-0.452640528407,27.4215932804,电网设备,2026-08-20
700,002281,光迅科技,0.73,6609670765.36,26.068034387,38.3278,582178717.03,56.34,42.6435,17.461234464306,5.24,-1.493707005068,25.5255594633,通信设备,2026-08-20
701,002276,万马股份,0.2078,10509689033.65,13.3544932761,27.2693,209327490.48,-16.41,131.0413,6.171822615599,3.38,0.502506300366,10.6590446173,电网设备,2026-08-20
702,002271,东方雨虹,0.26,14867118630.48,9.5666228281,6.7724,613388814.38,8.67,-47.3531,8.598031892337,3.02,-0.142417430985,27.3533970239,装修建材,2026-08-20
703,002255,海陆重工,0.1938,1050885794.48,1.8469809741,10.8065,161032172.22,-15.87,-44.3991,5.584998863357,3.62,0.204376622271,31.2752941487,其他电源设备Ⅱ,2026-08-20
704,002219,新里程,0.0028,1407749593.98,-11.5442793143,-4.474,9180113.3,-4.24,-155.1427,0.572284591721,0.46,0.019337171775,29.3060193115,医疗服务,2026-08-20
705,002215,诺普信,0.7752,3963877592.28,7.7577530733,-49.3171,764523837.15,17.98,-98.4094,4.563935034727,16.75,0.091214930403,36.7841639593,农化制品,2026-08-20
706,002148,北纬科技,0.01,198738963.1,2.1870686355,4.5294,4782431.51,252.77,-2.0191,2.198408561676,0.39,-0.016897087279,34.9429331555,通信服务,2026-08-20
707,002142,宁波银行,2.51,41450000000.0,11.54467169,3.3458,16562000000.0,12.12,2.4447,36.760751059964,7.12,5.032404603271,,银行Ⅱ,2026-08-20
708,002127,南极电商,0.0217,1005176459.23,-25.7328896657,0.6546,51679188.9,279.42,-41.6448,1.534099943393,1.33,-0.129870005284,13.6880357888,互联网电商,2026-08-20
709,002119,康强电子,0.17,1526232359.9,57.1428944,32.6288,63316075.77,6.44,48.613,3.833483999877,4.53,-0.803249609522,13.993099872,半导体,2026-08-20
710,002056,横店东磁,0.59,12342421834.54,3.4077605103,25.261,948383632.05,-7.03,45.7644,6.520439107247,8.8,0.44828957302,15.7009662492,光伏设备,2026-08-20
711,002036,联创电子,-0.34,3193350824.59,-24.3354000635,-6.613,-357952945.53,-1585.66,-169.8011,0.636016867414,-41.63,0.083191630148,7.4732128325,光学光电子,2026-08-20
712,002014,永新股份,0.3,1937443224.39,10.9517997998,6.146,184053225.0,0.43,2.8186,4.073837307139,7.24,0.164666040904,21.1746571902,包装印刷,2026-08-20
713,002006,精工科技,0.24,1005197365.9,-5.2643090698,5.5238,124014161.72,9.31,48.8565,4.75772176565,4.97,0.494931007633,27.662866102,专用设备,2026-08-20
714,002004,华邦健康,0.1619,5909893380.15,-0.5910600215,9.6671,319346014.86,-17.79,6.2526,5.099128565894,3.11,0.328877941645,37.8321457593,化学制药,2026-08-20
715,002001,新和成,1.3,13129300260.89,18.2752411861,8.5786,4010733454.55,11.31,19.4983,11.348948219855,11.39,1.184394678618,44.2188439956,化学制品,2026-08-20
716,001390,古麒绒材,0.4649,564188322.63,5.0726754364,46.0968,92978395.62,-5.51,32.6032,8.3803226977,5.58,0.53831730375,22.6211148212,纺织制造,2026-08-20
717,001218,丽臣实业,1.198,2992390334.39,35.3851348279,12.1449,154870032.54,181.23,0.6637,18.66468873812,6.39,-0.65279247011,12.4142969616,化学制品,2026-08-20
718,000989,九芝堂,0.2956,1632248087.33,29.0812274081,-32.2865,250180745.63,74.01,-48.3315,4.296992090663,6.62,0.550707558131,59.6972529178,中药Ⅱ,2026-08-20
719,000975,山金国际,0.8712,9659029378.83,4.4711248177,-37.3366,2416474433.01,51.43,-26.631,5.742175405409,15.45,1.106255954771,42.5271551017,贵金属,2026-08-20
720,000966,长源电力,0.0497,6858920549.61,3.6954168492,-15.6422,172944169.45,82.39,-34.7525,3.890461146533,1.29,0.387066019404,8.3383804369,电力,2026-08-20
721,000960,锡业股份,0.8991,31572707886.24,49.6824241355,3.0156,1503643577.31,41.6,-26.6875,13.046793505284,7.32,1.32494788563,11.2353292662,小金属,2026-08-20
722,000955,欣龙控股,-0.0057,209602637.24,-5.5694137898,14.6948,-3082930.52,-265.58,-205.4264,1.199354953148,-0.48,-0.014033885512,9.0751904749,纺织制造,2026-08-20
723,000917,电广传媒,-0.039,2216800621.54,12.6555300063,5.9103,-55629853.11,-236.69,139.956,7.259662335269,-0.54,0.218520907583,28.1084678945,电视广播Ⅱ,2026-08-20
724,000859,国风新材,-0.04,1168137265.8,13.95744757,19.8457,-31807427.62,20.61,52.3172,2.999096982592,-1.18,0.034756487028,6.9830937132,塑料,2026-08-20
725,000828,东莞控股,0.5295,700476855.56,-8.5118914137,-2.7274,550427691.44,3.38,-6.4861,9.979420615272,5.32,1.083900376503,69.5716605583,铁路公路,2026-08-20
726,000767,晋控电力,0.0033,7237766287.18,-2.315357997,-18.3608,119669744.42,-16.44,-9.7057,1.967045426153,0.17,0.326572455318,13.7600602334,电力,2026-08-20
727,000739,普洛药业,0.4515,4823307257.79,-11.4093198065,-2.9221,522374662.52,-7.22,9.7718,5.669702905953,8.05,0.064163245358,29.5472105792,化学制药,2026-08-20
728,000738,航发控制,0.1649,2759291909.92,0.8684895854,4.5379,216908976.35,-29.69,-28.6696,9.570587643865,1.73,0.419428097118,24.3421710231,航空装备Ⅱ,2026-08-20
729,000736,中交发展,0.02,777399758.22,-94.1308733006,23.2498,18321944.01,101.55,333.4116,1.642061136643,1.5,-0.16693431021,17.1481566916,房地产服务,2026-08-20
730,000721,西安饮食,-0.0911,257232440.76,-16.0930463368,-8.4955,-52304482.81,3.44,21.2377,0.180893736666,-40.24,-0.041389320616,1.7664944812,酒店餐饮,2026-08-20
731,000711,ST京蓝,0.0253,444550830.15,98.0652175543,124.0081,74201518.71,213.11,597.8298,0.247198503244,11.6,-0.049002340569,18.4913055144,环境治理,2026-08-20
732,000701,厦门信达,0.5482,14405456145.65,-11.754789571,-11.3827,422704319.63,855.35,3731.0338,-0.345627188254,85.27,-4.114576064486,1.5087777543,贸易Ⅱ,2026-08-20
733,000682,东方电子,0.3005,3667345480.29,15.9770065265,41.442,402856329.62,33.22,-29.172,4.662759777658,6.59,-0.574539244148,30.681485067,电网设备,2026-08-20
734,000609,*ST中迪,-0.35,178828373.89,33.5498580224,-36.3521,-105529770.68,-24.38,-43.8321,-0.503987498633,,0.103252102893,5.6458998929,房地产开发,2026-08-20
735,000547,航天发展,-0.14,1083528780.12,57.2330011785,-28.7376,-223552399.31,40.92,-2.9506,2.289038546958,-5.93,-0.137234661553,12.0051698484,军工电子Ⅱ,2026-08-20
736,000533,顺钠股份,0.075,1424500128.99,32.8195799833,89.553,51802740.79,27.93,106.2711,1.477605501291,5.21,-0.075579030335,16.3488275228,电网设备,2026-08-20
737,000521,长虹美菱,0.0574,16136185712.66,-10.7092849675,20.3525,57982645.46,-86.1,-117.4572,5.704832089501,0.95,0.314234730492,8.1758619656,白色家电,2026-08-20
738,000520,凤凰航运,0.0295,672590221.07,95.6994130971,76.121,29889930.35,2329.69,705.2158,0.441815063255,6.91,0.029377052696,6.9550446386,航运港口,2026-08-20
739,000400,许继电气,0.4096,6525206200.08,1.2099981405,74.4276,415877522.54,-34.4,174.5085,12.136703481557,3.4,-0.305170636146,19.8958216746,电网设备,2026-08-20
740,000089,深圳机场,0.3593,2682812721.97,6.1184699802,-0.3327,736766609.67,135.97,85.4024,5.870053798016,6.17,0.55416451695,24.0894373136,航空机场,2026-08-20
741,000059,华锦股份,0.2283,17511252076.49,-12.8960301041,9.2454,365157005.62,136.92,623.2206,6.306206014052,3.7,-0.901958372544,19.3264867184,炼化及贸易,2026-08-20
742,920974,凯大催化,0.11,499260896.9,9.7283961926,-27.7494,18780297.19,80.59,-56.882,4.02144429591,2.9,-0.109772396947,8.2779216331,化学制品,2026-08-19
743,920719,宁新新材,-1.08,84742286.9,-24.2995971976,21.4529,-100652433.35,-88.64,-25.4789,0.713104012637,-94.03,0.234348887891,-42.1462462916,非金属材料Ⅱ,2026-08-19
744,920249,利尔达,0.11,1581800544.45,35.0107426198,44.1121,47467511.46,345.64,121.6262,1.928329560657,6.05,-0.219296037355,15.3569897534,通信设备,2026-08-19
745,920179,凯德石英,0.12,137965368.64,-12.4442537277,-9.7258,8930123.82,-48.31,-15.424,10.039962040416,1.18,0.581652697212,39.4051742737,半导体,2026-08-19
746,920066,科拜尔,0.31,266600640.92,13.705460562,45.159,19615161.98,46.87,138.532,6.605288021671,4.77,-1.357644575245,18.9722915164,塑料,2026-08-19
747,875108,久祥科技,0.29,93097078.71,40.6210187889,,11756030.71,95.82,,2.312278174,12.83,0.26149536225,24.5623101572,,2026-08-19
748,874969,嘉拓智能,0.19,2610683476.21,42.7622632893,32.5189,68061807.02,36.71,223.3185,6.147398028854,3.19,5.716762893437,16.4779762495,,2026-08-19
749,874859,昌德科技,0.46,905696611.01,26.0406087977,,60987138.41,23.82,,7.596580917082,6.19,-0.315815482671,15.5932898327,,2026-08-19
750,874772,腾信精密,1.85,442862813.93,14.0250540633,17.9927,110892678.89,4.39,26.6436,17.700707446167,11.03,1.004885221333,45.8376687441,,2026-08-19
751,874739,创世云,0.07,491484287.81,63.4390523012,,6680705.93,23.81,,1.267349115537,5.36,0.380861151046,6.2779755376,,2026-08-19
752,874463,张掖丹霞,0.09,43664339.82,1.3852297258,,9593041.35,-15.98,,3.301718763273,2.5,0.235420357818,44.0770142165,,2026-08-19
753,874441,探创科技,0.2,40200681.14,16.4510094049,,6082152.24,-13.55,,1.924458571,10.68,0.765912744667,36.0853567119,,2026-08-19
754,874389,立万精工,0.36,303235224.62,13.9461590437,,13832619.44,-24.41,,8.63543929474,4.13,-0.613410583032,18.5576002691,,2026-08-19
755,874316,海推股份,0.4,173346905.54,42.0899818995,,12335503.37,64.52,,2.826537253437,12.8,-0.145676758807,17.5884995611,,2026-08-19
756,874242,美亚科技,0.47,190715425.45,4.414281803,,32094847.15,-11.53,,8.877839793348,4.82,-3.48343001264,55.2499668872,,2026-08-19
757,874234,旭泉电机,0.64,44655673.82,1.3068468628,,7647563.88,24.7,,8.255929725,7.37,0.598362988333,36.8999871918,,2026-08-19
758,874218,多宝电子,0.48,139225622.54,-0.2711075252,,19622791.88,-20.31,,8.394131647345,5.66,0.898145795665,23.3222383622,,2026-08-19
759,874103,钜芯科技,0.22,260934282.83,-19.8644603624,,20051548.04,-37.59,,5.731725394667,3.98,-0.118307971667,15.3089503712,,2026-08-19
760,874090,普瑞金,-0.3822,30409783.64,440.5226000221,,-30578364.63,29.2412068918,,6.074949751125,-6.1,-0.352991120375,76.0150752917,,2026-08-19
761,873973,碧盾科技,-0.01,15756043.12,9.6807643445,,-340885.61,88.81,,3.501781484444,-0.31,0.03310414923,53.9556204896,,2026-08-19
762,873675,宇恒股份,-0.05,10480692.56,1.4279037726,,-501577.78,-187.11,,1.359459881,-3.62,-0.276516639,20.4655000394,,2026-08-19
763,873659,中天防爆,0.19,27558801.26,24.0159098957,,2239529.21,5.83,,8.135605273333,2.32,0.198725015,33.8194842804,,2026-08-19
764,873647,奥琳斯邦,0.07,47989226.99,2.0958563064,,846080.26,169.27,,1.059521922034,7.0,0.320012415254,19.617802808,,2026-08-19
765,873587,普赛通信,-0.04,29185685.03,-32.0774998468,,-2029746.51,-213.78,,3.351076428215,-1.28,-0.481121221396,19.6962977024,,2026-08-19
766,873508,风扬能源,-0.12,0.0,,,-771607.23,-53.17,,0.702503966667,-15.36,-0.0398713,,,2026-08-19
767,873495,思创科技,0.0047,12731495.83,-39.9255870321,,590998.79,81.63,,1.383505647379,0.33,-0.16528057224,26.556329006,,2026-08-19
768,873494,中奥电力,0.04,56175795.33,-5.1149296604,,1620561.16,-34.04,,1.079444304823,3.77,0.196275135256,23.8868350705,,2026-08-19
769,873490,硕而博,0.06,64011335.46,16.4973786958,,1878742.28,-59.1,,1.814181869206,3.34,0.588569383492,22.129365929,,2026-08-19
770,873336,美莱股份,0.11,50955673.82,28.5457281087,,4448387.44,-19.83,,1.4055974195,7.34,-0.043401349,27.5885890738,,2026-08-19
771,873306,华星科技,0.15,13805420.45,5.1779176571,,1469570.89,-0.32,,2.915513165,5.0,0.43318121,32.6133352932,,2026-08-19
772,873239,科苑生物,-0.07,43639118.59,15.1087083315,,-4741062.28,44.22,,3.068456416624,-2.2,0.012748220527,22.3452491367,,2026-08-19
773,873226,ST中森,-0.06,,,,-359484.58,-115.2,,-0.143140815385,,-0.000762050769,,,2026-08-19
774,873215,紫光优健,1.67,104916954.1,15.2007528009,,13354200.6,40.34,,4.412365875,29.49,-3.29637310875,28.3260398712,,2026-08-19
775,873184,浩博特,-0.14,36334233.52,14.5212985784,,-1453021.33,39.39,,1.524569187085,-8.66,-0.173818905033,14.124964098,,2026-08-19
776,873137,信东股份,-0.051,10868406.43,3.3108983622,,-1816527.67,52.97,,0.614157745724,-8.01,0.015471884575,30.6722887249,,2026-08-19
777,873128,正业电子,0.22,94681776.99,-12.2521158184,,7526584.07,-33.96,,2.482023313604,8.7,0.160624006184,21.877420237,,2026-08-19
778,873058,金新城,0.23,93299507.43,5.5557067303,,5073766.79,-37.89,,4.435045720889,5.22,0.779106408444,9.7709600095,,2026-08-19
779,872911,亿舟科技,-0.44,3948886.97,1.1417589658,,-3210298.8,-372.6345967859,,0.465872720802,-64.18,-0.252292642584,25.0238740057,,2026-08-19
780,872894,博大股份,0.44,122387950.3,24.5971635561,,20994339.79,23.46,,3.807304628033,10.95,0.417977072803,43.6995317014,,2026-08-19
781,872893,威易发,1.1,80012811.06,13.1927212276,23.6969,33038811.71,-4.08,7.0361,9.670323681333,12.09,0.697870119333,67.8770224174,,2026-08-19
782,872861,文祥渔业,-0.2183,50262707.72,-18.4733254467,,-3060892.02,-156.04,,4.387592031384,-4.86,-0.364259064907,54.2302459745,,2026-08-19
783,872593,中创融科,-0.0012,10812555.65,17.2848413581,,-12234.21,-170.7,,0.775521009,-0.16,0.025979957,15.7579619949,,2026-08-19
784,872444,浩鸿达,-0.12,12836360.77,23.1069655097,,-1338322.18,52.11,,0.213958287273,-44.28,-0.645664924545,44.9946580926,,2026-08-19
785,872397,世德装备,0.18,94309780.99,3.4219926867,,10321373.12,-22.61,,2.785369883894,6.3,0.412977093097,22.8735394713,,2026-08-19
786,872155,九州治水,0.11,30862550.83,12.0005152367,,3340561.61,-18.16,,3.081161993868,3.56,-0.122005929505,32.7207722901,,2026-08-19
787,872144,精一科技,-0.02,,,,-124544.13,52.74,,0.188719168,-12.38,-0.003060326,,,2026-08-19
788,872007,润生保险,-0.0894,6632817.19,-27.8792864658,,-1072243.49,22.22,,1.06758029,-8.03,0.025190495,32.1411107668,,2026-08-19
789,871988,味巴哥,0.32,171372154.13,113.0782962865,,9907010.36,51.86,,3.400058717484,9.7,0.136694527645,20.2374997712,,2026-08-19
790,871933,爱尔信,-0.11,18265429.87,-30.0044339931,,-3944616.26,-24.2554820402,,0.530429113314,-18.12,-0.092675136887,29.9604102337,,2026-08-19
791,871833,乐聪网络,-0.01,44450080.55,147.1031481947,,-146691.74,-115.74,,1.986363650724,-0.36,0.396917787263,13.9521656502,,2026-08-19
792,871717,升学在线,-0.69,11764335.09,9.3758480913,,-6662666.04,-0.22,,0.107633321281,-152.35,-1.357210150826,33.652828398,,2026-08-19
793,871604,兴达软件,-0.0099,8220535.17,-19.8791699623,,-106787.48,-124.98,,2.089504421296,-0.45,-0.063458308333,73.3899198195,,2026-08-19
794,871352,百灵科技,-0.06,4712712.56,-1.0986378597,,-1700194.31,-49.76,,0.596853780714,-9.68,-0.089090152143,29.2939786253,,2026-08-19
795,871330,优比贝柠,0.08,110794142.97,28.7843033062,,4311513.31,-1.8,,1.949247777659,3.85,-0.138433297047,19.7793337288,,2026-08-19
796,871297,绿源国瑞,-0.02,0.0,,,-125812.62,38.81,,0.7283099056,-2.73,-0.000420456,,,2026-08-19
797,871274,硅普搪瓷,0.19,47218252.43,-9.3337080252,,7699833.98,-13.77,,1.864166058594,9.71,0.097430400352,32.8876214829,,2026-08-19
798,871229,合力创新,-0.05,36968920.47,72.103073577,,-2386113.02,84.86,,1.62399688058,-2.14,0.230386217865,37.043244233,,2026-08-19
799,871225,都都股份,0.15,13707597.96,-23.3016253468,,1882927.82,112.14,,1.51407577919,10.39,0.115393515488,38.8949073029,,2026-08-19
800,871163,润康生态,0.1,61114601.53,-11.8724512163,,6754126.19,-10.06,,2.419696596465,4.31,-0.105384067382,41.8193640802,,2026-08-19
801,871148,艾科技术,-0.004,20251572.38,0.4056906895,,-148735.37,66.79,,1.098906860576,-0.32,-0.098406196764,48.9849692846,,2026-08-19
802,871135,鼎邦科技,0.24,123253689.11,2.8199135578,,5027004.88,-70.05,,8.15721113615,2.87,-1.486431424413,21.4209262787,,2026-08-19
803,871090,金曦科技,-0.01,215002.24,40.6804768089,,-143454.61,38.41,,0.0048797145,-84.72,-0.003648277,86.1644790305,,2026-08-19
804,871047,中卓智能,0.23,81728169.79,-4.500753174,,5011699.99,79.9,,2.020822746377,11.9,0.604274256341,24.4722071978,,2026-08-19
805,870647,智信道,0.41,15422460.53,-12.186309035,,2692167.39,3.58,,3.367767812121,12.47,0.271176983333,44.4817769944,,2026-08-19
806,870637,裕隆气体,0.06,108877864.66,-12.2823775786,,2226646.98,-48.76,,3.918302442703,1.52,0.220132239459,23.2491880871,,2026-08-19
807,870620,科域生物,0.83,104711295.57,22.3251928064,,27728741.39,25.66,,4.727959608505,16.09,0.460705014185,68.2229386821,,2026-08-19
808,870619,水利咨询,-0.9,40767774.64,-27.9488293193,,-9028709.92,-27.2,,11.635887924,-7.76,-2.141536294,18.5372862187,,2026-08-19
809,870553,久信模具,0.08,27970914.01,74.7977772821,,1726091.74,155.86,,1.104828412631,7.7,0.311330192783,27.7832721777,,2026-08-19
810,870450,益升医学,0.08,24474917.0,-21.0725065236,,1532786.14,-49.18,,1.378492507,5.72,0.1349090905,49.1495151546,,2026-08-19
811,870437,首量科技,-0.05,26256522.4,24.7722055605,,-4023676.62,19.88,,0.916229285648,-5.0,0.052560099067,17.324969395,,2026-08-19
812,870395,龙普股份,0.01,37131876.61,-21.2341038473,,178230.67,115.4830440977,,1.035802686014,0.6,0.141214437063,18.5227494485,,2026-08-19
813,870260,邦力达,0.2,56191107.58,-1.5570546375,,11136204.59,-3.87,,2.701185387969,7.34,0.083782390588,37.9810011212,,2026-08-19
814,870130,益健堂,0.14,93863108.77,26.5643079398,,10794643.74,-14.43,,1.405664037656,8.5,-0.108420746865,43.9233778214,,2026-08-19
815,870098,赛康医疗,0.1029,107499343.41,-9.9493567662,,2646122.36,249.68,,3.292195886818,3.17,0.62034579803,37.2879524642,,2026-08-19
816,839914,阿推传媒,-0.01,0.0,,,-177863.25,77.8446502136,,1.198039776,-0.97,-0.192188854667,,,2026-08-19
817,839707,昌宏股份,-0.01,17522.12,,,-121294.63,-2.33,,0.835547635833,-1.2,-0.01128128,16.6666476431,,2026-08-19
818,839640,得奇环保,0.17,56180455.51,-7.5978748335,,19320365.94,-8.33,,2.234573759269,6.77,0.200286487815,59.2906032492,,2026-08-19
819,839630,安继行,-0.14,4743887.73,-15.4296396492,,-1413181.74,-400.47,,0.754391851,-17.13,0.048876848,5.3136744448,,2026-08-19
820,839555,君信达科,-0.047,19754562.11,-47.5443629314,,-4760230.55,-1114.84,,0.972933139699,-4.72,-0.063702188823,10.2319768909,,2026-08-19
821,839517,至胜科技,0.11,8866687.39,-6.1901123309,,2149569.18,98.95,,0.380065369309,33.63,-0.074233985117,75.4392882684,,2026-08-19
822,839443,纳加软件,0.07,7666212.62,-7.0141793185,,728402.11,461.38,,1.126178817166,6.15,0.017073481765,55.0119589561,,2026-08-19
823,839409,大地生态,-0.0107,25599984.84,-43.8963763037,,-546829.07,-856.26,,1.46679459451,-0.73,-0.002704967255,10.6690165134,,2026-08-19
824,839391,金恒新材,0.11,209524124.19,5.4144901368,,10571606.46,-26.66,,3.098776831477,3.43,-0.488741864387,20.258104194,,2026-08-19
825,839365,数尔安防,0.57,27642699.89,0.4499917049,,5684288.21,19.95,,7.957743479,7.41,0.517885634,28.9743976597,,2026-08-19
826,839275,众信科技,0.0043,31842372.62,-4.2931041822,,362057.3,-37.34,,1.292379246849,0.33,0.089561788022,16.3011159123,,2026-08-19
827,839155,聚塔科技,0.0053,3850384.68,16.9417487458,,105123.67,136.1,,0.4474592705,1.18,0.0122305415,28.8088687804,,2026-08-19
828,839033,恒电科技,-0.1,52587412.32,-46.2020319301,,-1916145.87,-131.38,,2.245274650398,-4.16,0.965211756474,17.1330407839,,2026-08-19
829,838866,ST基线,0.05,,-100.0,,330091.52,146.3,,-0.319738583204,,-0.012721190809,,,2026-08-19
830,838841,东方阿胶,-0.03,26231592.39,-15.7413110551,,-1568987.09,-166.79,,1.454553273667,-1.78,0.1448160265,22.5623953057,,2026-08-19
831,838726,敦善文化,-0.08,16173682.73,-19.1599355055,,-3221112.32,-24.88,,0.534052536099,-14.23,-0.010231102663,36.4070250313,,2026-08-19
832,838508,誉兴通,-0.24,1691054.41,371.8140123807,,-1204609.4,25.32,,0.692097932,-29.65,-0.087385792,14.5596923756,,2026-08-19
833,838470,斯维尔,0.04,40098863.92,6.6755837992,,3282936.39,4.8,,4.986616582412,0.72,-0.11254109635,87.2725022829,,2026-08-19
834,838425,畅达通,-0.02,4540639.6,7.0523578482,,-1356981.34,-5.68,,0.875494904306,-2.27,0.005752543772,28.0283251285,,2026-08-19
835,838394,金润股份,0.56,103741136.95,4.5462283961,,25590839.36,19.2,,6.827906598335,8.31,0.138590920384,46.9304929282,,2026-08-19
836,838386,三德利,0.02,23996288.35,-25.8172180761,,914059.61,-64.51,,1.4194372906,1.31,-0.0027208418,29.7809585206,,2026-08-19
837,838374,国广联,0.0362,19296219.35,-61.4299434113,,543271.42,-93.84,,2.385849164,1.28,0.012030222667,27.8562020492,,2026-08-19
838,838369,景然环境,-0.03,19614273.79,53.7658425663,,-2300128.02,-19.46,,0.731457364245,-3.96,-0.014511918167,8.4425605441,,2026-08-19
839,838241,开信精工,0.18,36340058.85,49.0204837952,,10902971.13,86.56,,2.788098515254,6.74,0.309359787252,49.3337987261,,2026-08-19
840,837995,华亨股份,-0.03,45049818.26,-6.726074365,,-1526309.85,0.75,,1.786105720943,-1.59,0.065198087778,17.4548623584,,2026-08-19
841,837993,和源兴,-0.08,34151566.02,-24.8505700544,,-4521565.17,-571.97,,1.103835759266,-6.79,0.059645437543,11.9335313573,,2026-08-19
842,837967,锐亿科技,-0.16,4445843.41,-45.8140480483,,-5686731.75,-53.9312049996,,0.759541483714,-19.32,0.003742670857,11.8306449754,,2026-08-19
843,837874,鲁南数据,-0.08,4648005.33,113.781525696,,-950904.27,-303.7389009452,,0.399324864167,-18.05,-0.326497005833,2.678637634,,2026-08-19
844,837870,超固股份,-0.3,107749129.85,11.6050286813,,-6133179.18,-19.09,,3.551519005782,-8.09,-0.453462220208,8.314135838,,2026-08-19
845,837711,精棱股份,0.16,120789396.74,28.1481919441,,16115235.74,111.22,,2.415671681084,6.61,0.146582786995,37.6400339492,,2026-08-19
846,837651,龙鼎源,-0.07,4539352.04,-27.3402662343,,-8854123.78,22.98,,0.379691462444,-16.15,-0.036115220758,27.9855891062,,2026-08-19
847,837646,德能电机,0.1194,114960171.16,43.7135576281,,3630100.07,81.85,,3.19348658011,3.81,-0.003373262828,14.8069000926,,2026-08-19
848,837552,海蕴生物,-0.02,3268513.32,-56.4562753484,,-836675.96,24.15,,0.624988717698,-3.0,-0.052236022526,14.5099448455,,2026-08-19
849,837485,天谷生物,0.36,66371884.82,16.2623213519,,15105155.91,31.08,,2.823635791084,13.78,0.649710032289,32.9333986209,,2026-08-19
850,837284,诚优股份,0.01,52028886.5,-16.0815054649,,504897.29,145.76,,0.46321922731,3.09,-0.128375144019,16.7933680457,,2026-08-19
851,837251,智唐科技,0.08,113861066.11,20.4807763941,,1695658.81,15.1,,1.33947008619,6.22,0.169782370952,9.6126837504,,2026-08-19
852,837136,怡力信息,-0.22,23740232.92,71.0493180305,,-10974886.22,3.08,,1.684641334166,-12.2,0.145397278437,22.7083011703,,2026-08-19
853,837058,金安特,0.01,11335117.86,4.126125644,,528888.03,-34.38,,1.052312550709,1.32,-0.018560835336,29.224009939,,2026-08-19
854,836866,AB集团,-0.05,171475625.15,-15.5220607955,,-3904931.68,-228.73,,3.751212189229,-1.16,-0.124343535604,11.3342780544,,2026-08-19
855,836774,科立工业,0.63,79270185.45,72.6148513608,,30276588.14,375.39,,1.880562555417,41.27,0.240050737292,53.7957199014,,2026-08-19
856,836507,纽迈分析,-0.24,55244778.99,26.1910821531,,-8528011.85,40.58,,2.352354505343,-10.07,-0.164084891502,59.4776269916,,2026-08-19
857,836503,寰宇科技,-0.09,73307648.83,8.8747326863,,-4347164.27,-20.64,,2.5819126188,-3.31,0.0228077926,22.9541525592,,2026-08-19
858,836333,像素软件,0.77,91454970.68,-2.7952661184,,23104408.57,11.89,,16.868808692333,4.67,0.767444426333,33.1739397918,,2026-08-19
859,836284,欧菲特,0.4,68567385.67,2.9598820038,,11987963.83,1.69,,2.346514757116,16.53,-0.408423949053,40.6682470354,,2026-08-19
860,836036,昆仑股份,-0.01,33619127.56,-8.8416111827,,-1155520.25,0.0,,0.54121865632,-1.69,-0.07259332336,37.8180594285,,2026-08-19
861,835983,诺博教育,-0.005,2333306.96,-12.9716747349,,-86783.11,102.97,,0.114234092707,-4.26,-0.109898922011,40.7569323841,,2026-08-19
862,835841,圣安化工,0.26,152766670.8,36.6829917132,,16053494.25,58.13,,3.038252526136,8.99,0.373642296916,22.7114686916,,2026-08-19
863,835495,视野股份,-0.03,1140316.98,4.1597380113,,-1299333.21,54.4405096765,,0.157640769933,-18.4,-0.050692313954,4.1732273425,,2026-08-19
864,835435,江苏海天,0.17,164889315.46,-28.2669474548,,8483564.07,-16.67,,1.5298966836,10.96,-0.1287342958,21.8219830979,,2026-08-19
865,835211,古莱特,-0.09,30708034.04,-40.8806241582,,-4745437.37,-730.43,,2.494033725741,-3.44,-0.526568527055,27.4608870728,,2026-08-19
866,835168,宗源传媒,0.05,57402830.68,-5.862993759,,1522806.26,5.77,,3.099143267667,1.65,-0.145600581333,12.8284729216,,2026-08-19
867,835104,红鼎豆捞,-0.01,42165425.45,-9.8112601801,,-656341.77,82.57,,0.6428814075,-2.29,0.170358214773,14.9404572414,,2026-08-19
868,834596,ST拜特,-0.18,39786536.08,31.9412039886,,-11592866.85,49.31,,0.198589898605,,-0.202613865524,17.3566503154,,2026-08-19
869,834568,国鸿科技,-0.01,23562340.66,-15.7022951409,,-796500.36,81.55,,0.947271961965,-1.36,-0.168913164918,9.7856034902,,2026-08-19
870,834143,三人数据,-0.3185,35684453.52,-31.0249902618,,-3694097.4,-910.46,,0.088405306897,-128.73,-0.49027882931,13.6620281638,,2026-08-19
871,834114,明尚德,0.0,39126753.72,30.2137908483,,-269700.62,-89.55,,1.826057723037,-0.27,0.025736093534,35.0657081806,,2026-08-19
872,834084,聚能鼎力,-0.03,10267573.02,56.2574259986,,-3188172.01,-340.01,,0.089031372978,-32.38,0.040711806834,57.5589629457,,2026-08-19
873,833955,盈丰软件,0.05,6858846.76,-34.8122285069,,1493199.28,-62.22,,1.396090050667,3.63,-0.253689982,73.6769113938,,2026-08-19
874,833383,漯效王,0.09,28835580.0,4.6228392774,,2398388.33,-4.36,,2.119884010357,4.12,-0.432201565714,51.8205137889,,2026-08-19
875,833162,港力环保,0.03,49582825.99,0.2777712912,,2419475.61,-56.53,,1.642534908147,1.66,0.191877855297,25.463871185,,2026-08-19
876,833126,通化耐博,-0.017,6016109.97,-50.6993697993,,-781184.53,74.03,,2.385670763111,-0.73,0.010793054222,24.4184183355,,2026-08-19
877,832947,意畅科技,-0.01,24763204.94,11.3840870816,,-133669.74,-112.2,,0.264973637418,-2.81,-0.797366853273,34.3744208822,,2026-08-19
878,832864,协力仪控,0.56,93872126.07,23.2071829646,,12819330.08,73.83,,3.27093024913,14.57,0.417114808261,36.5700597581,,2026-08-19
879,832834,吉泰新材,0.24,326395310.47,30.2810633144,,29493390.14,2110.97,,4.621345767317,5.26,0.18118418589,25.4316695024,,2026-08-19
880,832656,优力克,-0.01,20421126.07,31.7319981224,,-210783.41,91.91,,0.496669866493,-1.57,-0.021735076237,26.3730489765,,2026-08-19
881,832403,德尔智能,-0.1,6407693.37,-54.1056165101,,-2411589.94,-86.97,,2.050855453157,-4.69,-0.088331552772,40.1391991078,,2026-08-19
882,832402,辉文生物,0.46,90603837.81,61.0510067481,,12328999.98,2119.47,,7.850813062892,6.03,0.315735515262,48.6698089903,,2026-08-19
883,832327,海颐软件,-0.38,171335740.69,-26.4671619918,,-41663197.94,-101.5443439154,,5.556361759724,-6.6,-1.142299541517,28.3657095386,,2026-08-19
884,832173,凯林科技,0.075,41572948.64,4.8391395763,,976637.96,716.1,,2.933760184615,2.43,-0.262026073077,18.5557206606,,2026-08-19
885,832139,沃田集团,0.08,162373868.84,5.5340717677,,7853829.15,38.05,,4.19677101086,2.03,0.081773663978,16.966615002,,2026-08-19
886,832042,高健实业,0.13,2963510.59,147.5582159446,,1382817.92,210.26,,0.225795776959,65.38,-0.027838386175,77.2136019261,,2026-08-19
887,831736,利源捷能,0.11,8352676.36,-13.0762971202,,1139526.15,-55.93,,1.861270388566,6.11,0.669407815891,36.7080063665,,2026-08-19
888,831660,富深协通,0.09,51205666.39,42.6696268653,,1811557.73,114.28,,3.957411138416,2.28,-1.137912344436,44.125462186,,2026-08-19
889,831284,迈科智能,0.24,341121363.81,30.6472864876,,88761245.81,696.68,,2.269628042068,11.12,-0.198097476782,27.4806437958,,2026-08-19
890,831270,宇虹颜料,0.0262,60222087.49,4.9033393447,,1731687.87,16.96,,1.602325715122,1.62,0.052516148418,21.051316134,,2026-08-19
891,831187,创尔生物,0.24,173651135.75,-19.0030645822,,20261313.57,53.36,,4.332193482998,5.44,0.22902656805,75.0643172341,,2026-08-19
892,831048,天成股份,0.0057,98153010.92,7.0662656628,,149103.8,337.83,,4.342910844987,0.13,-0.13649153412,10.5631974127,,2026-08-19
893,830934,嘉斐科技,0.11,31041306.87,6.4316063069,,3281417.92,-6.34,,2.383688035114,4.57,0.004686867147,28.4886511932,,2026-08-19
894,830860,奥特股份,-0.05,134844.55,-97.3934986257,,-3543653.42,-233.38,,0.601457895969,-8.12,-0.035522625337,51.3675339493,,2026-08-19
895,830857,金冠科技,0.03,39259923.56,-3.2674036346,,1285667.77,874.53,,1.966124586923,1.67,-0.039500677692,26.1779902712,,2026-08-19
896,830833,九生堂,0.05,12200932.57,21.5196461238,,3248704.39,31.85,,1.906742459637,2.69,0.093209475321,81.1841201742,,2026-08-19
897,688766,普冉股份,5.58,3959291997.88,336.6701829247,73.6624,826745893.31,1929.65,129.2339,22.478140532997,28.73,6.351654252135,51.1492760833,半导体,2026-08-19
898,688683,莱尔科技,0.16,704934916.3,83.4296613212,25.2593,25308014.04,26.97,-19.0944,7.509305584868,2.1,-0.102731176962,17.010098342,电子化学品Ⅱ,2026-08-19
899,688662,富信科技,0.2,292637800.84,8.5223254956,50.1432,22080977.91,8.52,98.9374,6.265625130181,3.0,-0.064121629447,29.4139025146,其他电子Ⅱ,2026-08-19
900,688627,精智达,0.52,803714323.87,81.1679117713,41.4418,48909868.62,59.9,136.1356,18.989424385822,2.8,-3.71576266374,43.3773684636,通用设备,2026-08-19
901,688610,埃科光电,1.02,377620179.42,82.3315306969,57.6843,69160497.57,91.92,98.0438,24.136814372647,4.38,-0.429152433971,43.0095025376,通用设备,2026-08-19
902,688569,铁科轨道,0.42,630834081.94,25.1538855976,41.2931,88596978.21,32.38,295.444,14.15218714092,2.97,0.823635319441,42.9368558476,轨交设备Ⅱ,2026-08-19
903,688332,中科蓝讯,2.69,905292701.52,11.5231736486,22.4496,479615585.24,265.77,8371.9114,31.905792019799,8.74,-0.249201559449,21.7830742708,半导体,2026-08-19
904,688297,中无人机,0.08,1634010604.95,272.4767912404,84.53,54925640.39,72.87,125.688,8.219440927956,0.97,0.811230185156,10.7444593247,航空装备Ⅱ,2026-08-19
905,688278,特宝生物,1.17,1836563644.13,21.5772053732,30.206,476526946.01,11.37,89.6918,7.60381334274,13.22,0.824479509712,88.9389377695,生物制品,2026-08-19
906,605006,山东玻纤,0.05,1560213068.59,38.2454952024,-15.3178,29227747.85,234.89,89.8912,4.78919110526,1.1,0.164420674119,16.1975518067,玻璃玻纤,2026-08-19
907,605003,众望布艺,0.26,258721765.21,8.1457307492,8.446,29128323.36,-12.93,12.7416,13.024384818091,1.98,0.297922988545,33.2877889342,服装家纺,2026-08-19
908,603986,兆易创新,9.83,11565760432.15,178.6722977786,76.1593,6856786413.68,1091.5,269.2417,53.129211296108,23.13,8.618944799796,63.1304509177,半导体,2026-08-19
909,603799,华友钴业,1.86,55567528870.01,49.3890763568,15.3467,3507405417.91,29.38,-59.5509,26.865650771988,7.05,1.13443871431,19.594899026,能源金属,2026-08-19
910,603366,日出东方,0.0451,2099677490.37,12.8527035472,58.439,36646276.22,-11.27,292.2651,5.317626133475,0.85,0.154277445819,27.2632092298,厨卫电器,2026-08-19
911,603209,兴通股份,0.66,1018639993.43,29.3579038665,17.8868,213040187.27,57.11,-8.8837,10.553339224338,6.17,1.017886800031,31.0597441815,航运港口,2026-08-19
912,603182,嘉华股份,0.34,855890451.94,25.661472101,5.0259,56668370.67,-9.03,7.4874,6.859066512975,5.0,0.422644766636,12.7473958464,农产品加工,2026-08-19
913,603075,热威股份,0.41,1104822259.96,12.1290471704,10.1806,163420278.08,1.76,28.5355,5.083454593577,7.42,0.447458104397,29.2171529737,家电零部件Ⅱ,2026-08-19
914,603023,威帝股份,-0.014,67852231.73,-8.2507933099,16.9337,-7664601.5,-1488.3,-42.7037,1.371693414769,-0.996,-0.01102004912,10.869219526,汽车零部件,2026-08-19
915,601952,苏垦农发,0.1,4331531121.89,-5.5936400106,7.2089,143952959.8,-32.48,93.0276,5.220918374608,2.04,0.121312552431,11.3081048797,种植业,2026-08-19
916,601609,金田股份,0.26,79299656306.4,33.7407335256,17.4046,442298687.08,18.44,59.7693,5.900094106569,4.23,-2.878044383369,2.3377594947,工业金属,2026-08-19
917,601211,国泰海通,1.14,47163077753.0,97.5628794336,90.5542,20259526242.0,28.74,117.1267,18.77872083859,6.12,3.852836657482,,证券Ⅱ,2026-08-19
918,601101,昊华能源,0.52,4810709609.69,9.4583908746,-15.2988,744589635.71,66.14,32.8437,8.635352685945,6.03,1.126790102752,40.6829217648,煤炭开采,2026-08-19
919,601066,中信建投,0.92,16228807704.41,51.1077143242,10.8851,7639129546.85,69.44,8.2979,11.28992529276,8.27,7.842420803745,,证券Ⅱ,2026-08-19
920,601009,南京银行,1.1,31595756000.0,10.9393325773,-3.8913,13650199000.0,8.17,6.8211,15.624888917575,7.25,8.507068550686,,银行Ⅱ,2026-08-19
921,600987,航民股份,0.294,3887830018.19,-28.5632702371,-10.0144,300198145.61,-4.59,16.0726,6.605131005116,4.41,0.736486814395,18.2899290631,纺织制造,2026-08-19
922,600961,株冶集团,1.8,14150488145.14,35.9090987001,1.9331,1948072940.84,232.75,-29.6663,5.462395440804,39.52,2.117783584303,20.0710366181,工业金属,2026-08-19
923,600901,江苏金租,0.3,3514500108.63,16.9079065611,-4.5722,1709159567.35,9.27,7.9688,4.448588768063,6.64,-0.240353539141,,多元金融,2026-08-19
924,600769,祥龙电业,0.0247,40350383.46,1.3118351163,23.2935,9273132.45,-35.21,-4.7949,0.350055725468,7.32,0.035268676656,35.9065619398,环境治理,2026-08-19
925,600738,丽尚国潮,0.14,324666695.44,0.3927197417,-15.5879,103435666.0,29.73,-31.5026,2.801998099993,4.81,0.133733172347,67.3731024377,一般零售,2026-08-19
926,600702,舍得酒业,0.4425,2286904653.19,-15.3375162179,-45.6188,145134120.55,-67.26,-137.3199,20.977362121268,2.12,-0.080049607688,61.2386260405,白酒Ⅱ,2026-08-19
927,600660,福耀玻璃,1.52,21971104612.0,2.4418488874,10.9963,3970299706.0,-17.37,31.9724,14.627654418496,10.34,1.743828841492,38.8449038986,汽车零部件,2026-08-19
928,600605,汇通能源,0.13,83201016.97,44.342854995,1.9625,25785483.15,25.04,96.8686,6.966203280891,1.81,0.231247304975,42.5630339985,一般零售,2026-08-19
929,600573,惠泉啤酒,0.195,369260484.82,5.112556983,45.1167,48777324.52,23.26,393.0767,5.52545005528,3.53,0.39815853752,40.2003382172,非白酒,2026-08-19
930,600444,国机通用,0.224,478268039.64,16.194316596,139.4708,32779839.33,2.23,146.8457,5.215063642378,4.323,-0.6434165379,12.6897764391,专用设备,2026-08-19
931,600338,西藏珠峰,0.3884,1625865336.04,44.8266679355,-8.1719,355073121.26,18.03,-2.5381,5.195735896672,7.7,0.662196109473,70.7471029281,工业金属,2026-08-19
932,600133,东湖高新,-0.0151,903329244.61,-15.417805456,33.3383,-16139096.56,-132.82,-714.0631,8.365350407084,-0.18,-0.230411794288,25.9996032434,环境治理,2026-08-19
933,600050,中国联通,0.133,201363902351.0,0.5801484613,-4.1669,4138833223.0,-34.8,-6.318,5.483738305656,2.41,1.064436570573,23.8175790422,通信服务,2026-08-19
934,600011,华能国际,0.35,106909025871.0,-4.5728479478,-11.7222,6585729326.0,-28.89,-53.1256,4.109116315327,8.13,1.608005899489,17.4204841577,电力,2026-08-19
935,430732,威马股份,0.29,128606469.19,15.3701557569,,16540310.56,-21.97,,4.191987353348,7.26,-0.491253457315,36.5203545481,,2026-08-19
936,430676,恒立数控,0.23,92203438.25,18.8483892173,,11898067.37,-22.04,,4.139652087572,5.26,-0.010482494455,36.5172291175,,2026-08-19
937,430663,大陆股份,0.01,45572177.29,2.5796995291,,422700.9,118.88,,1.619758209532,0.32,-0.014673529153,30.6509578007,,2026-08-19
938,430658,舜网传媒,0.14,23205035.31,13.1721642338,,2808278.27,54.41,,2.1533058135,6.74,-0.4681015895,45.1597914418,,2026-08-19
939,430653,同望科技,0.16,48106292.21,9.6832743598,,8662665.08,444.88,,0.313769417461,68.52,-0.038019095345,74.8855533549,,2026-08-19
940,430602,腾旋科技,0.127,92512244.33,36.8741242763,,6127468.14,174.22,,6.47207546465,1.98,0.00873041093,34.3154559809,,2026-08-19
941,430592,凯德股份,-0.25,206659084.48,-18.7466804652,,-13162269.86,20.19,,2.993906460048,-7.87,0.34469005122,6.599957657,,2026-08-19
942,430547,畅想高科,0.21,65129543.67,83.3593760886,,10790690.47,796.02,,4.043652499169,5.19,0.178850966928,48.7020039488,,2026-08-19
943,430470,哲达科技,0.05,88111509.19,5.5245191502,,2765931.0,-45.77,,3.84147612466,1.41,-0.227056658641,26.7004729306,,2026-08-19
944,430467,深圳行健,0.07,79173405.58,26.4624457332,,3797248.22,118.34,,3.08323085089,2.25,0.306784942188,26.0809548973,,2026-08-19
945,430452,ST汇龙科,-0.07,4799755.48,-59.3925933149,,-8022557.08,21.75,,-0.446894804011,,-0.058016542071,14.5972869435,,2026-08-19
946,430439,亚杜股份,0.0,13795621.73,11.8158890337,,-117482.09,-118.22,,1.219143200295,-0.27,0.108983757882,24.976072318,,2026-08-19
947,430319,欧萨咨询,-0.45,30249252.23,-0.023906577,,-14189994.04,-88.55,,-0.33235893485,,-0.352169177017,14.7797871035,,2026-08-19
948,430289,华索科技,-0.05,8382660.89,100.9513977286,,-5469336.85,-1141.01,,0.846620678691,-6.13,0.013324056487,35.5202912187,,2026-08-19
949,430204,石竹科技,-0.07,10704416.6,-23.4332983923,,-1676782.54,-7013.839761297,,1.68618546995,-4.28,-0.119395364218,56.4364939795,,2026-08-19
950,430170,金易通,-0.03,2506256.74,-16.549387503,,-1735436.79,-405.948586113,,0.012360105653,-102.22,-0.005017309355,22.0034580336,,2026-08-19
951,430160,三泰晟驰,0.23,7857547.44,-16.3349935916,,2920134.77,34.87,,4.431674471094,5.28,0.189218971094,45.5020079395,,2026-08-19
952,430027,北科光大,0.0,52447.03,-86.136603451,,-98285.48,83.5969866133,,0.352533748606,-0.27,-0.009330475055,36.6706751555,,2026-08-19
953,420140,东海B5,0.0225,21467830.77,11.5757479275,,8208094.92,250.43,,0.130563915353,18.9,0.01774713326,77.6321776921,,2026-08-19
954,400140,东海A5,0.0225,21467830.77,11.5757479275,,8208094.92,250.43,,0.130563915353,18.9,0.01774713326,77.6321776921,,2026-08-19
955,400129,圣莱达3,-0.01,61327.43,-45.303868783,,-1644451.59,-189.35,,-0.314187861875,,-0.014254578625,,,2026-08-19
956,400055,国瓷5,-0.008,28340115.45,-52.0975417935,,-6192964.34,-424.13,,0.08003796973,-9.29,-0.008963296201,16.562182424,,2026-08-19
957,301563,云汉芯城,1.96,2745619251.15,90.6619549459,38.9976,165908329.46,207.69,121.3699,15.890528736673,12.79,-4.412394360048,16.7862040061,其他电子Ⅱ,2026-08-19
958,301528,多浦乐,0.2374,90554204.66,13.2138638565,119.0371,21304399.22,11.91,5938.3672,17.686088469612,1.35,0.340154306167,71.4164165903,通用设备,2026-08-19
959,301469,恒达新材,0.6,547578935.0,5.1558721064,13.0519,53848003.08,57.29,15.1559,15.663482454403,3.82,0.497461869133,17.7163632345,造纸,2026-08-19
960,301399,英特科技,-0.02,242617939.85,20.5148410316,52.2742,-4276585.21,-125.93,47.2334,7.014750023025,-0.32,-0.066049968166,13.0465376425,通用设备,2026-08-19
961,301373,凌玮科技,0.63,292687704.19,27.7913680019,-2.897,67852261.34,4.07,-22.7515,15.641989756056,4.02,0.645623723249,45.6773709473,化学制品,2026-08-19
962,301299,卓创资讯,0.6,185293764.56,8.2647373474,2.532,36461985.47,3.76,-4.3054,9.609080997326,6.15,0.678959023366,63.7220815878,数字媒体,2026-08-19
963,301007,德迈仕,0.1,319023569.63,2.1403770734,0.7926,15221519.98,-36.55,-28.2701,4.263988450698,2.32,0.205570083409,20.7583577592,汽车零部件,2026-08-19
964,300855,图南股份,0.63,1023010757.94,70.8964547914,98.6666,249075915.72,167.92,60.6484,5.558117081901,11.68,0.02445675639,40.1062844106,金属新材料,2026-08-19
965,300641,正丹股份,0.45,1039646007.19,-27.2336001974,25.9932,236851063.37,-62.4,152.5808,6.058715142444,7.21,0.282604546775,28.2964384738,化学制品,2026-08-19
966,300628,亿联网络,1.2032,3349291691.41,26.3958025693,33.8835,1524249434.33,22.92,32.4274,7.268441138034,15.11,0.65412607455,64.8810539173,通信设备,2026-08-19
967,300480,光力科技,0.21,452702150.54,57.2278726213,19.0428,74168955.79,194.56,35.2369,4.844428426979,4.14,-0.069805569865,50.3928573783,专用设备,2026-08-19
968,300394,天孚通信,1.1057,2827938748.37,15.1492291388,12.5838,1204285104.14,33.92,44.6646,5.728302744856,19.6,0.917545511964,60.8695979509,通信设备,2026-08-19
969,300365,恒华科技,-0.0519,154534864.72,-58.5418185376,-23.9982,-31135390.47,-613.58,-39.1891,2.609654569874,-1.93,-0.251182556577,22.6043377611,软件开发,2026-08-19
970,300296,利亚德,0.0255,2866634760.69,-18.337221437,19.7761,69152096.17,-59.74,206.4682,2.878748338462,0.86,0.078622617945,30.0496040379,光学光电子,2026-08-19
971,200553,安道麦B,0.19,14476540000.0,-3.645185767,0.9045,432567000.0,638.34,-124.0081,7.569717642454,2.46,0.287537792749,27.3076992154,农化制品,2026-08-19
972,002973,侨银股份,0.11,1631819589.64,-12.762637949,-7.713,43566486.87,-65.08,-74.9209,6.228099558637,1.68,0.61959976898,23.2248453068,环境治理,2026-08-19
973,002895,川恒股份,0.9244,4058128441.28,20.7627425244,22.5273,560109836.24,4.5,96.9665,12.211328434743,7.14,0.271051292622,28.5288189914,农化制品,2026-08-19
974,002886,沃特股份,0.105,1069786923.67,18.0311315073,32.1876,27425666.66,48.99,10.8596,7.040511829314,1.53,0.282261088105,16.843782046,塑料,2026-08-19
975,002857,三晖电气,-0.3412,103219151.84,-29.1367935546,939.9999,-44574342.15,-173.3,19.6146,3.453082313104,-9.53,-0.732214844145,11.5999548209,电网设备,2026-08-19
976,002810,山东赫达,0.62,1224829762.77,26.0454990502,5.2869,212998088.44,88.27,7.3843,6.50516607835,9.28,0.79205496268,33.8197873281,化学制品,2026-08-19
977,002749,国光股份,0.33,1104185144.21,-1.3095019651,90.2514,183532391.85,-20.39,105.2223,3.411548383908,9.75,0.26793868631,44.3066978301,农化制品,2026-08-19
978,002532,天山铝业,0.91,17511499645.5,14.2464397289,7.3735,4177413975.66,100.44,-11.725,6.936935451017,13.42,0.867453343622,37.3641946865,工业金属,2026-08-19
979,002528,*ST英飞,-0.0921,189253278.97,-19.497145044,9.6093,-110374717.79,-1047.04,-364.5704,-0.181310249494,,-0.030178360636,35.3240992567,计算机设备,2026-08-19
980,002445,中南文化,0.0129,542030298.15,-3.058220075,47.578,30587030.27,-49.85,-83.8485,0.963313705476,1.35,-0.043971886627,14.5916588371,通用设备,2026-08-19
981,002402,和而泰,0.2593,5680682732.38,4.3081508785,1.8237,239710070.78,-32.23,-58.9737,7.840738765722,3.41,0.238833844356,19.6773279697,家电零部件Ⅱ,2026-08-19
982,002043,兔宝宝,0.3,4266515853.16,17.403057941,53.0576,247308823.93,-7.67,-32.9366,3.964994200272,7.22,0.256664513532,16.2272057182,装修建材,2026-08-19
983,002027,分众传媒,0.2166,5991375629.17,-1.9792869063,5.5247,3128055743.26,17.39,-25.2049,0.968716375612,20.44,0.308362168983,70.5382202675,广告营销,2026-08-19
984,001393,维通利,0.69,1675144988.1,18.8273713193,51.0559,135827347.83,-2.23,76.3525,14.847895837225,6.2,0.092885643281,19.7866708646,电网设备,2026-08-19
985,001378,德冠新材,0.35,885008688.0,20.1657871725,13.0676,60937134.83,63.8,16.2354,10.819063829257,3.25,0.503999416443,16.1211310515,塑料,2026-08-19
986,001301,尚太科技,1.1,4509557018.11,33.1100988723,5.446,399715584.14,-16.6,21.0562,27.591850861121,5.59,-6.607086424117,18.2986445067,电池,2026-08-19
987,000659,珠海中富,-0.0214,465735107.42,-14.4201375705,12.3423,-27556064.77,25.95,-310.9829,0.0530657759,-28.58,0.017235242473,18.2015033502,包装印刷,2026-08-19
988,000605,渤海股份,0.0407,936935716.08,11.5620056926,-58.0695,14340551.86,1.75,-122.9046,6.018211531436,0.67,0.047608145413,21.9845423901,环境治理,2026-08-19
989,000553,安道麦A,0.19,14476540000.0,-3.645185767,0.9045,432567000.0,638.34,-124.0081,7.569717642454,2.46,0.287537792749,27.3076992154,农化制品,2026-08-19
990,920985,海泰新能,-0.46,592686985.06,-49.9300668874,-63.2288,-142672337.9,-3.27,-170.1295,1.678573054245,-23.86,-1.348361934197,3.6000573402,光伏设备,2026-08-18
991,920396,常辅股份,0.1852,114627102.58,6.753420575,15.4645,13377876.41,-0.28,-10.4822,4.997388457169,3.64,0.030987293664,36.6947482081,自动化设备,2026-08-18
992,920212,智新电子,0.02,250803252.59,16.2941783291,33.9888,2459295.09,198.45,58.2259,4.00268642394,0.58,0.080445975212,10.8761000419,消费电子,2026-08-18
993,920206,彩客科技,1.32,302559212.9,6.8837526638,17.6572,85949440.72,-0.56,35.0082,12.338631135923,12.94,0.320106426437,41.2346689973,化学制品,2026-08-18
994,920191,瑞尔竞达,0.315,236235739.08,4.0875855844,6.1212,46562188.2,-18.97,18.7256,5.857931418515,5.75,-0.212853234131,37.3696632795,装修建材,2026-08-18
995,920110,雷特科技,0.37,93811810.73,4.1572102198,41.389,14533104.74,-28.39,61.3189,9.322202277949,3.85,0.294534242821,45.6809533432,其他电源设备Ⅱ,2026-08-18
996,920026,卓兆点胶,0.15,195239281.64,25.3422903582,58.7885,17346796.56,-35.23,218.2893,5.509073109996,2.71,0.320237328522,55.1444585514,专用设备,2026-08-18
997,920005,鼎佳精密,0.35,254009002.37,17.9259522409,21.9898,28935656.46,-23.96,22.6241,7.541172417229,4.55,0.238287751084,29.3497496169,消费电子,2026-08-18
998,875039,科佳股份,-0.18,27230167.07,-4.3724832883,,-13646646.39,-16.77,,6.080842730267,-2.85,0.545940248933,58.6017193687,,2026-08-18
999,874990,荆洪科技,0.48,312646467.14,27.4119573183,,48485472.89,54.44,,5.968313408894,7.34,0.438267454255,26.4185781933,,2026-08-18
1000,874889,邦科电子,1.03,160099414.16,22.9490150334,,46377062.36,42.14,,8.657483972014,11.17,1.220589164018,51.8886483038,,2026-08-18
1001,874862,威诺高,0.17,49602634.25,-27.9303481732,,854134.11,-92.25,,8.694384207171,1.99,1.50279247012,24.7386148247,,2026-08-18
1002,874684,科建股份,0.57,249578951.68,11.0673724357,29.0123,30799228.13,-2.96,-7.0811,7.916875115676,7.49,0.847958407451,29.9100469761,,2026-08-18
1003,874680,昂盛达,2.35,31143621.01,34.7590572437,,11768875.49,15.6,,6.391592824,35.05,1.636234074,77.2018856198,,2026-08-18
1004,874606,西立股份,0.05,15562859.61,29.1502220878,,1429505.27,-56.33,,4.772693158333,0.94,0.326429668,40.9367593723,,2026-08-18
1005,874540,新彩股份,0.8,64463447.11,19.1118556695,,8073613.89,30.32,,9.409846694059,8.26,1.449955765347,37.4018762119,,2026-08-18
1006,874509,埃夫科纳,0.44,225405660.34,9.32278769,,35672078.3,12.81,,4.616136606662,9.46,0.424697998653,49.4877078205,,2026-08-18
1007,874469,恒达科技,-0.12,85360949.25,-12.7205988559,,-11175977.63,-1597.7,,4.09613170764,-2.97,-0.070058674347,40.9471632487,,2026-08-18
1008,874421,旭阳新材,0.55,731203856.58,20.9985205475,10.8018,64862152.49,75.91,24.3963,6.909732993306,8.23,0.067279052688,21.5090275064,,2026-08-18
1009,874411,友邦股份,0.9469,224181401.98,25.1083846061,6.7007,48482688.59,12.5,-2.9914,8.553303632031,11.72,1.213498744922,34.0782738154,,2026-08-18
1010,874399,赤诚生物,0.08,192915633.9,13.3407006064,,20107439.55,92.79,,1.753927880819,4.38,0.140185023169,18.4693784634,,2026-08-18
1011,874298,嘉洋科技,-0.3572,14626596.08,16.3303073991,,-4200339.57,33.04,,0.334067258503,-180.69,0.182300542517,53.0938752087,,2026-08-18
1012,874279,定西高强,1.08,547860694.83,-2.486672461,48.1225,48862212.78,5.94,24.8015,15.703670642447,7.12,-1.308944870804,19.2365646057,,2026-08-18
1013,874196,汉通鑫宇,0.27,71661467.38,7.244157554,,8033787.05,18.51,,5.261481893803,4.94,0.349004508762,25.2791413186,,2026-08-18
1014,874192,广识电气,0.0046,45024736.98,-44.6897946096,,460751.22,-88.01,,1.4196460662,0.31,0.0047756303,31.7074217587,,2026-08-18
1015,874188,博士隆,0.19,94882814.92,25.3672819024,,10770615.67,34.96,,3.158703333581,6.0,0.287437232195,35.5753498444,,2026-08-18
1016,874122,科茂股份,0.49,618226087.67,7.3498010146,,54362623.16,8.48,,6.350360713363,8.05,0.451564876861,21.6878950378,,2026-08-18
1017,874109,唯源立康,-0.95,466019.42,,,-20558601.27,-59.7168272087,,-0.497260683404,,-1.085761966508,24.4132765969,,2026-08-18
1018,874093,科砼股份,-0.09,20773078.03,7.9629057169,,-9189341.49,-97.63,,0.9893318663,-7.07,0.1353160542,12.6756791468,,2026-08-18
1019,874067,泰和兴,0.43,98956402.5,-8.2097671777,,22719020.87,-2.09,,3.868974385391,10.78,0.931210096599,35.7853455616,,2026-08-18
1020,874033,金仕达,0.17,74414537.96,10.7726016831,,5664487.77,163.59,,1.973840811212,9.09,0.766075458788,21.5751188815,,2026-08-18
1021,874031,翰林航宇,0.18,173926755.91,9.6559754101,,9233537.64,295.39,,5.89222050237,2.56,0.475906131185,39.2751433341,,2026-08-18
1022,874027,永驰科技,0.2234,75746907.02,4.5783762583,,9662708.35,-26.83,,3.133326491447,7.1,0.221754444753,27.8216723812,,2026-08-18
1023,873976,今大禹,0.45,111416898.65,-12.7792612976,,33643376.0,42.49,,5.504393192568,8.62,0.279865805541,54.6960830255,,2026-08-18
1024,873962,多维电气,0.99,150556740.77,67.4493957825,,29785832.75,117.09,,10.559474976,9.16,0.669508257333,29.6047288099,,2026-08-18
1025,873957,驭腾能环,0.42,104838681.79,46.6578932445,,20675633.42,39.71,,4.773508104475,9.31,-0.05435432787,35.1467338018,,2026-08-18
1026,873950,哈德胜,0.18,184974168.35,17.2420449804,,11237761.97,53.84,,5.278059387442,3.47,-0.215695502624,29.1348077089,,2026-08-18
1027,873872,智胜传媒,0.08,28082724.91,29.9867610777,,866733.93,138.35,,0.930129474084,6.57,-0.190395888258,32.5622768777,,2026-08-18
1028,873801,邻商科技,-0.06,12518171.73,-14.2517075877,,-900666.78,-188.03,,2.048645098,-2.89,-0.074365883333,53.5045571707,,2026-08-18
1029,873793,合通股份,0.17,157401271.36,6.7552299019,,10503127.47,38.92,,1.993986665079,8.36,0.219227346984,20.3338886551,,2026-08-18
1030,873765,长宇股份,0.37,472406996.72,29.5475315366,,23094960.28,80.01,,4.837990214554,7.72,-0.291885132516,12.432129335,,2026-08-18
1031,873741,豪钢重工,0.24,217080848.04,29.1976672949,,39330423.36,26.42,,5.127017469216,4.89,0.265749744465,31.9308704779,,2026-08-18
1032,873728,嘉乐威,-0.07,44395853.15,28.2557627299,,-4638986.45,48.91,,3.21838997519,-2.13,-0.165075258975,8.3755510845,,2026-08-18
1033,873658,森创服装,-0.19,417566734.34,-8.2435534344,,-4307235.16,-126.95,,10.340831274348,-1.52,-2.806899847391,15.9557694689,,2026-08-18
1034,873650,腾升科技,0.09,67828761.14,87.6168290041,,5476604.67,-14.16,,2.665153388103,3.61,0.026609945,28.1277058424,,2026-08-18
1035,873644,万佳物业,0.18,43348375.1,-4.0859558295,,9097637.06,3.33,,1.718096674,10.17,-0.0369675124,32.4692984397,,2026-08-18
1036,873641,建元科技,-0.14,5249621.68,-60.9084790255,,-4346615.35,-45.43,,0.82414003641,-15.93,-0.219720258027,22.7883579603,,2026-08-18
1037,873632,天作电气,-0.45,8378100.67,-34.4323234231,,-2278760.44,-969.08,,11.919598672549,-3.16,5.028039237255,35.7999657457,,2026-08-18
1038,873627,西安瑞霖,0.37,59276668.97,96.4843269136,,8865437.7,369.68,,7.151700746435,5.01,-0.636177214986,36.8446506012,,2026-08-18
1039,873626,启源软件,0.1,6769920.35,58.7293638086,,2103915.7,11.6,,1.643941434346,5.77,0.106082869622,58.6096236716,,2026-08-18
1040,873590,亿利华,0.134,15149108.29,4.9439876571,,2679721.34,6.71,,2.666273351,4.74,0.040939011,49.4024496804,,2026-08-18
1041,873585,华新玻璃,0.0028,33035395.06,-35.3805062373,,121036.86,-97.17,,2.442827027682,0.12,0.144422141823,18.8088981794,,2026-08-18
1042,873571,斯迈特,-0.03,65775619.46,5.4902965564,,-1461708.76,-86.64,,2.06184193273,-1.4,0.037336611791,11.6335215431,,2026-08-18
1043,873556,聚宝盆,0.105,187713796.66,15.3043124965,129.2747,6010594.37,-43.16,46.3585,1.645677471435,6.8,0.570237460665,9.7862148584,,2026-08-18
1044,873533,荣际股份,0.32,83855907.09,11.0360435437,,5713114.36,-25.63,,3.673632182222,9.03,0.051279970556,24.1460684317,,2026-08-18
1045,873526,鼎梁科技,-0.13,73958420.29,3.6990780663,,-2683654.53,-173.79,,0.916014878,-14.85,0.050427568,5.1694464336,,2026-08-18
1046,873510,三新股份,0.35,172851566.25,0.7967742998,,15790537.44,-26.93,,5.81542957433,5.92,0.367077182366,24.1615915818,,2026-08-18
1047,873477,同方德诚,0.17,28893956.26,-8.2487631736,,3683267.51,36.23,,4.032870109545,4.13,-0.281041780909,51.5314133032,,2026-08-18
1048,873476,网智股份,-0.28,75978850.85,-15.506950975,,-9183811.58,-159.82,,1.389333130734,-18.03,-0.948192650375,20.06983367,,2026-08-18
1049,873469,银杉股份,0.04,160658635.78,3.3972578059,,1654552.09,-22.35,,4.320314428824,0.84,-0.456782926818,19.035486279,,2026-08-18
1050,873456,联城科技,0.2,60200440.32,17.3403605199,,11775065.28,19.72,,3.369710902333,6.0,-0.1885613945,39.2957918651,,2026-08-18
1051,873446,海普股份,0.55,25544677.11,16.7363958645,,2745650.95,389.49,,3.263806712,16.55,0.223096328,31.5071077835,,2026-08-18
1052,873419,纽时达,0.84,74477376.78,14.4991901494,,13282925.57,5.89,,7.762257208861,11.01,0.833979110759,30.9842157145,,2026-08-18
1053,873402,优联智能,0.16,39768497.54,6.6109767109,,872496.1,11.98,,3.268075834545,4.97,-0.337623858182,16.5468575809,,2026-08-18
1054,873383,宁夏环境,-0.24,10814378.79,-22.334483345,,-7074945.58,-633.88,,2.212994636744,-10.48,-0.246403564439,39.4516806083,,2026-08-18
1055,873346,榕工股份,0.064,17475356.29,-6.6024260911,,1060239.54,1775.71,,1.424059090361,4.59,0.368477084337,37.6464595675,,2026-08-18
1056,873340,毅圣消防,0.0104,25986806.49,9.9855572021,,398532.38,162.29,,1.775839679481,0.58,0.112891454545,21.0634604991,,2026-08-18
1057,873180,勇仕网络,-0.96,97360659.49,-24.7750980408,,-4787844.4,-118.49,,54.230001954,-1.67,-2.091804112,97.4165692866,,2026-08-18
1058,873140,易通城建,-0.39,345664942.83,5.9427917863,,-93768168.02,-74.0640227338,,0.490171822879,-57.05,-0.167341836258,-4.8163957281,,2026-08-18
1059,873081,心为心,0.07,27638700.73,-4.6570040183,,1064145.67,22.31,,1.848243516,3.91,0.350139521333,19.4268032439,,2026-08-18
1060,873049,红海云,0.03,26332198.39,-12.0542919874,,342138.3,-93.55,,2.653154444697,0.98,-0.32446814697,58.5536194952,,2026-08-18
1061,873046,繁荣电气,0.13,40428228.41,-45.7392138594,,4031361.74,-49.31,,1.546648083,7.41,-0.224468081333,23.8048558853,,2026-08-18
1062,873026,畅越飞平,1.26,61795557.88,79.2378230279,,27859782.08,31.23,,10.024478178983,13.4,0.989942760678,60.7325218633,,2026-08-18
1063,873011,上海宁远,0.43,87801306.34,17.938320594,,4274925.67,320.39,,5.833495301,6.8,0.463973612,34.4855606507,,2026-08-18
1064,873005,永通生态,0.667,112698708.19,0.3101707384,,35345733.0,49.46,,3.132580912831,21.53,0.216331632792,35.2913781433,,2026-08-18
1065,872996,瑞森光学,0.22,6773617.41,23.3074701968,,1438829.04,57.22,,1.681006038662,12.63,0.251022965634,43.6487356908,,2026-08-18
1066,872957,山格股份,-0.01,32769777.54,-37.4252507084,,-1230499.86,40.81,,1.074372108063,-1.14,0.081551709397,30.1362895673,,2026-08-18
1067,872902,尚视觉,0.021,87981.16,-71.7654822713,,231238.15,116.1,,0.040701845455,69.63,-0.116695239091,-155.9221769752,,2026-08-18
1068,872860,竞成云芯,0.2,167378547.5,249.186511475,,2751683.27,231.75,,0.929524794286,23.64,-0.296864225714,3.8214524594,,2026-08-18
1069,872824,先歌国际,0.14,244010490.98,7.9388926837,27.0887,28872405.03,13.46,25.3444,2.3997351882,14.84,0.181998846,43.874117371,,2026-08-18
1070,872802,金色农业,0.0,74029051.61,71.3994918742,,70388.78,-90.47,,1.192581797,0.06,0.4414890232,0.8755592378,,2026-08-18
1071,872723,三木众合,-0.05,13687791.21,-39.8254671279,,-596167.97,-139.25,,1.385495723759,-3.42,-0.375931536471,16.4256812184,,2026-08-18
1072,872655,正明环保,0.005,8947878.35,-48.445501408,,146094.83,-90.39,,1.425761339056,0.3,0.241651127105,26.6552511859,,2026-08-18
1073,872638,亮星股份,-0.59,3282876.23,1.1506107789,,-2931531.46,-348.11,,2.153203386,-21.35,-1.228886904,-49.2630357252,,2026-08-18
1074,872629,科丰电子,0.08,26707140.06,-23.5129194705,,1046634.36,-63.84,,4.802506076515,1.55,0.394052191667,35.8009386573,,2026-08-18
1075,872623,萌帮股份,0.22,220346671.85,-1.9502424141,,8323547.54,-14.85,,4.007315233017,5.59,0.207335057925,18.3756944727,,2026-08-18
1076,872580,西华航空,0.0492,14988780.78,-0.7856172374,,1082818.61,21.03,,1.482992714091,3.37,0.018133575455,11.1780948337,,2026-08-18
1077,872538,喜跃发,-0.01,37915287.48,-30.9532113343,,-1518925.97,-124.92,,2.637828998833,-0.48,-0.171217208583,12.9801204398,,2026-08-18
1078,872417,荣骏检测,0.2253,93251760.16,8.06118586,,16513424.82,14.8,,3.818554155274,5.77,-0.062375222677,50.7918758517,,2026-08-18
1079,872376,农好股份,0.32,552164335.05,-12.3178616805,,12310596.46,-43.95,,6.780603717784,4.79,-1.575787231186,6.9865305492,,2026-08-18
1080,872358,轩慧科技,-0.07,11779978.22,-11.8348065025,,-3980405.68,8.31,,0.923318436444,-7.38,0.104524427911,45.6673190691,,2026-08-18
1081,872346,特力洁,-0.0446,254716.98,-64.9852317498,,-227410.64,-2437.73,,-0.016917088235,,0.06896397451,89.6293132872,,2026-08-18
1082,872272,华达建业,0.1,20757160.21,-17.7202116709,,2872815.07,-14.54,,2.822635678779,3.44,0.100434134395,44.7084240624,,2026-08-18
1083,872184,技塑股份,0.15,22332900.41,-14.8270682775,,5504413.9,35.44,,1.110117812912,14.62,0.001668137637,18.1069152048,,2026-08-18
1084,872118,奥姆莱特,-0.01,331132.07,,,-121576.94,59.85,,-0.0020820855,,-0.003917143,44.9464378367,,2026-08-18
1085,872109,光隆能源,0.15,49299151.69,-27.2725962686,,20574396.62,-19.55,,1.397909232234,10.61,0.277783772308,66.3376590243,,2026-08-18
1086,872098,鸿龙牧业,0.01,3177426.73,2.8505232323,,340676.77,53.47,,0.099721270693,11.4,-0.059313585539,37.7638114727,,2026-08-18
1087,872090,皇嘉财务,0.1,14200837.18,-4.8462684792,,1046414.41,5.3,,0.826023759259,12.46,0.167344418519,47.0477853194,,2026-08-18
1088,872006,自然种猪,-0.09,73377898.83,8.1092999984,,-2804275.48,-125.11,,4.052226579382,-2.09,-0.760786616396,4.7919530759,,2026-08-18
1089,871910,贝参药业,0.07,156541500.23,-9.7162357101,,4448712.77,-23.14,,2.09238769322,3.29,0.257163288994,11.5718852722,,2026-08-18
1090,871846,中银金行,0.03,134665974.52,-28.1244154727,,3087266.59,730.27,,1.400692040787,2.51,-0.024356649438,2.9058289475,,2026-08-18
1091,871842,中用设计,-0.23,2483043.04,-73.1770939135,,-2285408.62,20.0,,0.47161019604,-38.7,0.02107590396,7.2835797482,,2026-08-18
1092,871768,伊创科技,0.02,53510230.63,90.7321164346,,672407.06,219.83,,1.435147279918,1.56,0.003028246624,16.0457673774,,2026-08-18
1093,871739,先众能源,0.01,48046762.26,13.900939289,,131011.26,-93.16,,1.309307953164,0.48,-0.252788659985,9.2132370461,,2026-08-18
1094,871618,健润科技,-0.13,33529384.5,5.175999092,,-2633885.77,-26.53,,0.4354362645,-26.27,-0.2288964905,17.1198888843,,2026-08-18
1095,871555,永丰面业,0.01,14439202.7,-24.9294574656,,334928.12,1242.16,,1.121808281165,0.68,-0.003897969286,12.8667009433,,2026-08-18
1096,871404,百生医疗,0.85,113391797.99,10.8879428838,,19470203.48,3.96,,3.163191277504,27.89,0.781842513848,44.2747878065,,2026-08-18
1097,871386,诚源环保,-0.01,19720180.19,8.1047798065,,-1288528.65,30.47,,0.718287945765,-1.45,0.10022707329,8.2868894922,,2026-08-18
1098,871343,瘦西湖,0.26,83645748.35,-1.5485659743,,34726005.55,-1.64,,1.784138302783,15.63,0.364631238155,64.4556075276,,2026-08-18
1099,871314,世环新材,-0.09,128181851.0,65.7138503072,,-6115470.38,44.92,,1.758085523734,-4.81,-0.031874290251,8.1091210643,,2026-08-18
1100,871282,关爱通,0.13,460754025.42,-0.9657540234,,14968152.18,-12.63,,3.19396758623,3.84,-2.26178716767,19.3011021594,,2026-08-18
1101,871278,绿石碳,-0.16,3978815.81,141.1429827719,,-2399649.07,14.7,,0.865757736,-16.92,-0.110403758667,29.2387563424,,2026-08-18
1102,871168,曦望文化,-0.11,3054852.95,-12.8186886095,,-1056032.5,37.07,,0.34074029,-26.77,-0.082567779,37.4911447047,,2026-08-18
1103,871136,利达环保,0.001,33617715.31,-38.989686717,,21989.0,-99.33,,1.333203239333,0.05,-0.090342057333,13.6953540345,,2026-08-18
1104,870859,隆赋药业,-0.05,28365194.13,-29.173047802,,-3291565.32,39.55,,1.629868797647,-2.93,-0.071234858235,73.0222819032,,2026-08-18
1105,870825,惠锋新科,-0.09,18128570.88,12.154861367,,-1882626.43,-69.12,,0.074339675714,-76.63,0.04175077,4.535017655,,2026-08-18
1106,870811,神农药房,0.05,74633400.56,-7.9830646097,,1058948.93,53.5,,1.630054025481,3.17,0.366814317308,25.2293555147,,2026-08-18
1107,870775,科曼信息,0.01,39230222.49,-26.6598546079,,349507.58,-92.13,,2.358912048333,0.5,-0.059207309333,19.905287542,,2026-08-18
1108,870757,森罗股份,-0.17,16509695.1,-28.3024804828,,-7470628.15,-190.21,,1.958867141731,-8.23,-0.360281601397,48.1154488431,,2026-08-18
1109,870737,泰和佳,-0.15,46615350.9,-51.8137113219,,-10800635.12,-273.55,,1.140221768884,-12.31,-0.031063219195,2.6111067417,,2026-08-18
1110,870686,国信节能,-0.25,20127566.53,32.3048981611,,-6512787.43,-2868.01,,3.111072889231,-7.74,0.116850859615,25.7896433842,,2026-08-18
1111,870548,凯奥能源,0.13,88732352.18,-32.6086682031,,3935668.33,-47.31,,2.518930140667,4.6,-0.080682314667,15.2949383247,,2026-08-18
1112,870365,华创特材,0.16,74528273.7,9.5427886153,,2979632.1,75.85,,5.493765896489,2.96,-2.706231395585,14.3153890334,,2026-08-18
1113,870308,鲎生科,0.96,43570729.05,5.227834351,,19301091.81,-18.17,,9.747771289617,10.16,0.973130091406,76.8700784684,,2026-08-18
1114,870292,海山密封,0.47,97214320.5,15.62149626,,14074309.99,-14.81,,14.920259659333,3.16,-0.102485687333,37.7664617426,,2026-08-18
1115,870236,恒光塑胶,0.38,65817550.0,33.299070025,,3770526.06,41.51,,4.55165424,8.64,1.03437175,14.0881733367,,2026-08-18
1116,870212,奥旺迪,-0.01,13413382.62,17.6103638337,,-162083.09,-1183.39,,1.298311111675,-0.7,0.119354208362,13.3692618097,,2026-08-18
1117,870123,安邦电气,0.01,34470719.31,-8.8399679252,,227208.9,-94.45,,5.388953558506,0.17,0.185550870954,35.9096269175,,2026-08-18
1118,870061,新能量,0.02,47770498.04,-28.9338932883,,641625.45,188.34,,1.959337042479,0.77,-0.240045355118,30.991907762,,2026-08-18
1119,839998,正昊建设,0.0093,40005535.94,0.0916707829,,373541.5,27.02,,1.17693171625,0.8,-0.07452106825,9.5955119955,,2026-08-18
1120,839893,科技众创,-0.03,0.0,,,-383558.01,16.88,,0.145249523679,-20.5,-0.034977408044,,,2026-08-18
1121,839879,丰亿港营,0.38,83679650.75,-30.0970798648,,9539423.88,7.99,,5.2168562768,8.53,-0.8496832228,22.4773178323,,2026-08-18
1122,839839,欣宝科技,0.16,57046080.68,55.1498624143,,4914317.53,82.86,,2.396838612013,6.89,0.667921672078,18.1433839041,,2026-08-18
1123,839813,微特电机,1.58,638887428.28,65.5931133145,,73263903.86,105.67,,11.809730309622,14.73,-0.680825844973,18.6817419543,,2026-08-18
1124,839783,洛克新材,-0.04,176381194.45,45.8703646519,,-2969958.1,-120.37,,2.927836953,-1.44,-0.276801093,8.6145997295,,2026-08-18
1125,839733,探感科技,0.09,5952902.08,4.8603626902,,474400.79,657.86,,2.350532714,4.12,0.064461268,69.7207866722,,2026-08-18
1126,839698,路得坦摩,0.32,87288280.12,32.4379628032,,20551181.11,51.95,,3.360331139616,9.51,0.009677310117,48.1821396437,,2026-08-18
1127,839573,浦辰瑞铂,-0.0026,,-100.0,,-139054.49,98.66,,0.017814095094,-13.72,-0.003994227358,,,2026-08-18
1128,839561,永裕股份,0.05,90455763.77,4.0872505602,,2349241.78,22.59,,1.310625055056,4.11,-0.24800371191,14.0160413351,,2026-08-18
1129,839553,环美科技,0.01,33415144.95,-27.5309750419,,301351.69,-94.96,,3.478395851485,0.26,-0.005967665467,47.9498724724,,2026-08-18
1130,839447,尊优股份,0.2046,88545933.55,15.9223473293,,5933719.21,-55.81,,5.149890299655,3.93,-0.358637677931,27.7104944025,,2026-08-18
1131,839432,天德泰,-0.12,846524.94,-79.6105225478,,-2616826.29,-521.84,,0.518825532743,-19.9,-0.257607045575,14.4436394278,,2026-08-18
1132,839335,互邦电力,0.06,257521223.07,-5.436307069,,6842059.33,-50.77,,2.802868432936,2.09,0.365672975766,12.2483863753,,2026-08-18
1133,839266,汇龙液压,0.12,107100760.48,13.2996832687,,5977505.66,-8.74,,2.9615637564,4.12,0.051805256,20.7440936184,,2026-08-18
1134,839239,集华股份,0.06,26584231.93,-2.9116121094,,739052.94,196.24,,2.056965614167,3.04,0.00661717,29.8609813174,,2026-08-18
1135,839231,金立达,0.11,48318840.02,10.3557698745,,1139853.84,60.68,,4.311957142,2.62,-0.252769347,13.7789337808,,2026-08-18
1136,839218,金普医疗,0.14,47246961.6,10.9197301482,,4048514.93,50.41,,2.352816451667,5.91,-0.305457259333,26.4778372754,,2026-08-18
1137,839207,雅励股份,0.03,259322516.85,21.0029965145,,1553106.52,3.44,,2.830830036275,0.92,0.024982995752,4.8417181055,,2026-08-18
1138,839202,骏途网,-0.1,43079223.91,-26.2436592389,,-4246652.7,10.86,,1.485757567442,-6.43,-0.414652587442,9.6231356179,,2026-08-18
1139,839192,智能交通,0.05,87763175.26,47.751170024,,2989679.54,34.48,,2.57991886755,2.05,-0.633203549133,14.0591547918,,2026-08-18
1140,839132,其目股份,-0.15,82517.47,-95.5588927791,,-735186.5,-255.41,,-0.026716988,,0.00689978,-9.5931079806,,2026-08-18
1141,839093,ST里定,-0.1,3310598.56,-4.4137480635,,-3388675.83,-13.17,,-0.479090289428,,-0.039651585431,44.2969140904,,2026-08-18
1142,839030,闽雄生物,-0.13,197511824.9,-18.6755791059,,-22989834.24,-301.46,,1.073771746918,-11.66,-0.107737331037,1.5173946479,,2026-08-18
1143,838910,辽联信息,0.11,52044952.26,45.7491386818,,2310173.38,-63.0,,1.08728881405,10.26,-0.165175022498,16.3171622823,,2026-08-18
1144,838712,鸿全兴业,-0.1,44777648.93,-29.6006579344,,-4566816.42,-69.94,,2.261162707326,-4.32,-0.050624287996,11.180132275,,2026-08-18
1145,838624,文龙中美,-0.03,16598906.83,-54.4107540379,,-1327476.54,-126.41,,4.793833471539,-0.62,-0.1370426781,42.583235525,,2026-08-18
1146,838571,宏正设计,0.07,39462415.31,-6.2796783372,,7228389.16,-17.4,,1.635700735258,3.29,0.035072515516,31.9650462115,,2026-08-18
1147,838529,网优科技,-0.03,8530320.68,-51.9244810481,,-277220.02,-140.13,,3.03919915739,-0.87,0.129912506718,24.6569995303,,2026-08-18
1148,838511,华企科技,-0.16,359786719.04,38.626270167,,-5221969.11,-299.57,,1.892718688653,-8.27,-0.964110945295,6.3698003504,,2026-08-18
1149,838411,云网科技,0.04,34538440.4,4.8476872119,,1369547.99,146.12,,0.197759399494,24.58,0.133055883059,35.6015794506,,2026-08-18
1150,838362,百汇科技,-0.022,7223802.45,-71.3285216133,,-768489.62,-844.93,,1.364541930285,-1.61,-0.024121594107,5.3057412997,,2026-08-18
1151,838284,时代华商,0.077,16458856.32,-5.3899404687,,2537882.54,-4.0,,2.082269298887,3.71,-0.026347466545,46.7665136043,,2026-08-18
1152,838197,赢冠口腔,0.65,18003845.22,-8.2612010741,,4000399.01,-13.39,,6.51577753469,8.51,0.842727578872,43.0121580994,,2026-08-18
1153,838174,诚骏科技,0.07,94965688.96,-11.4834232015,,1979830.1,-75.77,,3.846194409667,1.69,0.477274241333,17.3898446595,,2026-08-18
1154,838158,茗皇天然,0.63,260523580.85,29.4972538542,,19036568.6,97.53,,7.914235191333,8.35,0.242504383333,25.5257480121,,2026-08-18
1155,838092,安晶龙,-0.1,28195551.67,-17.0975667166,,-4868340.85,-477.98,,2.253659879882,-4.17,-0.119248331361,36.8384529998,,2026-08-18
1156,838089,明珠国际,-0.06,24083649.19,9.5574665052,,-731977.04,23.94,,0.116913852185,-43.23,0.023797551973,11.0159335866,,2026-08-18
1157,838071,风盛股份,-0.1,78737065.17,4.0911581633,,-4982785.1,71.34,,1.2316827192,-7.78,0.8241058744,4.252039891,,2026-08-18
1158,837953,圣邦人力,0.07,595609475.37,22.4373216173,,2273173.41,165.8744086752,,6.921386775884,0.95,0.044356515421,3.7740130034,,2026-08-18
1159,837881,览众科技,-0.14,6405765.96,11.9569454134,,-1552114.01,16.42,,1.413190764883,-9.25,-0.148269779191,14.6187726159,,2026-08-18
1160,837782,派特森,-0.06,3425960.04,16.8118813949,,-520027.88,-32.21,,1.498482598374,-4.21,0.04192009942,78.9099942333,,2026-08-18
1161,837768,宇超股份,-0.02,137549815.2,-39.5618028225,,-2506602.34,-119.34,,1.19869351222,-1.95,-0.719566626911,20.4359110328,,2026-08-18
1162,837733,香江印制,0.15,35090787.29,-9.2502384384,,2050890.2,-61.77,,1.474654508088,9.52,0.286340508824,17.7841540813,,2026-08-18
1163,837685,淘金互动,0.61,25410547.66,24.773689466,,5927926.53,560.9,,4.974058402321,10.07,0.575457299807,91.9003465902,,2026-08-18
1164,837656,瑞宝股份,0.65,423299124.5,70.3646495854,,39033681.26,33.42,,4.488564610667,15.63,-0.765654379667,19.0338057314,,2026-08-18
1165,837601,天瑞电子,0.25,70818617.99,16.8372678268,,10125609.18,8.46,,3.246201763606,7.44,0.245331397267,29.8409948821,,2026-08-18
1166,837591,ST天骑,-0.05,2487794.13,8.8223270978,,-1017202.67,45.62,,-0.130098777778,,0.000960219742,80.0408826433,,2026-08-18
1167,837579,雨诺股份,-0.15,29293246.0,-5.9119467288,,-3345187.52,-25.21,,2.465593636718,-6.01,-0.123555605992,50.9378171337,,2026-08-18
1168,837535,宝强精密,0.32,133076377.22,8.3931303448,,12765646.74,82.2,,3.8603498595,8.62,0.16246754625,34.3442127031,,2026-08-18
1169,837523,矿益股份,0.1085,90963292.46,8.8102630097,,5713906.76,-34.57,,1.960508735429,5.34,0.256208545512,21.3180705596,,2026-08-18
1170,837512,华精科技,-0.0223,25075937.94,0.0603362608,,-2230237.68,-12.46,,0.823383172262,-2.67,0.055168726819,15.3126733652,,2026-08-18
1171,837406,水利股份,-0.09,46499767.72,98.6088352009,,-4489437.94,11.84,,1.550605365426,-5.55,0.093259783861,17.9985904669,,2026-08-18
1172,837341,睿恒数控,0.1006,52904557.11,74.5122073639,,7206418.05,291.92,,1.81964104595,5.69,-0.034856621369,38.2036028919,,2026-08-18
1173,837320,信昌股份,0.14,37121570.24,9.5753723923,,7423702.25,80.12,,2.694745411914,5.33,0.071529444141,49.7331573817,,2026-08-18
1174,837143,潮庭食品,0.01,70615119.38,4.5457732186,,378424.26,-36.35,,1.744584190056,0.51,0.277445112034,36.5532168842,,2026-08-18
1175,837129,太阳股份,0.16,1391495921.16,36.1633412892,,12684914.29,-1.64,,6.888825099125,2.29,0.248757036,3.067158001,,2026-08-18
1176,836924,鸿源招标,-0.08,11510264.25,-44.6246670497,,-829867.31,-229.55,,2.932435629,-2.79,-0.309883757,36.0961750292,,2026-08-18
1177,836870,山维科技,-0.17,12780479.26,14.6732627963,,-6729188.3,-0.66,,2.271313084198,-7.06,-0.254072898025,36.1721646423,,2026-08-18
1178,836642,新鲜传媒,0.05,22444862.71,481.4779688347,,1088160.87,243.44,,0.353287182273,15.05,-0.049460882727,22.616142614,,2026-08-18
1179,836635,大宏智能,0.08,37786110.09,24.7779479345,,653090.78,70.67,,1.290491058442,6.46,-0.550863267532,29.6470208585,,2026-08-18
1180,836596,鲁新新材,-0.12,38173791.15,-32.4221260563,,-18656766.99,-131.4159018119,,0.5745202434,-19.54,-0.0278953064,-14.1873348621,,2026-08-18
1181,836479,泰源环保,-0.0255,44820418.32,83.9207570772,,-1290230.89,74.96,,2.685192583617,-0.94,0.097959108809,34.445489486,,2026-08-18
1182,836459,赛威客,0.17,427515517.16,63.1850791092,,3453901.41,20.31,,2.156452419,8.34,-1.7337732685,12.5287632308,,2026-08-18
1183,836451,金鼎安全,0.01,51300341.82,-0.4432624556,,544957.21,-47.45,,1.295530973675,0.77,0.005218912431,21.9020918602,,2026-08-18
1184,836374,武当旅游,0.36,102371083.17,1.9727792482,,19009990.14,0.36,,3.652576780381,9.95,0.774033835048,42.6743354053,,2026-08-18
1185,836318,沃土生物,-0.07,42648462.17,2.9668727216,,-2127468.23,-365.79,,0.170318424344,-34.46,-0.044915456831,18.5275056543,,2026-08-18
1186,836305,光跃科技,0.11,60712051.09,7.7142070756,,5091897.24,-2.86,,3.588241103912,3.0,0.038011872145,35.3887773091,,2026-08-18
1187,836259,高正信息,-0.05,94339.62,,,-675962.16,23.84,,0.75310798272,-8.16,-0.173360981968,56.0947987707,,2026-08-18
1188,836209,启超电缆,0.03,131844468.11,-27.3308674787,,2382604.55,-56.28,,1.517049722724,1.77,-0.506211761734,11.5644974405,,2026-08-18
1189,836205,芯联创展,-0.27,28829195.68,6.0850671837,,-1894095.41,50.59,,4.067489713778,-6.41,0.019765725867,26.7085429142,,2026-08-18
1190,836194,诺龙技术,-0.1,7723074.7,-64.6493106177,,-3003483.62,-312.76,,1.795814961094,-5.42,0.209089504194,43.4931055374,,2026-08-18
1191,836076,蛇口船务,0.07,11288711.0,-45.0673499876,,4243410.8,314.78,,2.032107176167,3.51,0.066507104833,37.5098774342,,2026-08-18
1192,835848,友亿成,-0.046,19650780.76,6.2027099305,,-671026.34,52.51,,0.975992772099,-4.64,0.129878994475,23.5459356883,,2026-08-18
1193,835787,海力股份,0.1,187063582.05,-9.0067894783,,6627479.09,-58.49,,3.330565211826,2.7,0.172390431437,12.1010557063,,2026-08-18
1194,835636,骏马科技,0.01,207703228.79,-13.7707662872,,386186.64,-87.03,,1.724952145701,0.41,-0.249196684163,3.3096135867,,2026-08-18
1195,835525,云巢股份,-0.04,84875.59,-26.4512423003,,-523161.26,0.7,,0.260134140625,-13.33,-0.000104984375,59.7057292915,,2026-08-18
1196,835448,秦汉精工,0.16,75768293.45,19.5032676494,,6843341.7,44.61,,2.044080088182,7.95,-0.344451360682,23.2556290074,,2026-08-18
1197,835340,金网信息,-0.1345,16626852.74,-41.2125892133,,-4084387.62,-262.49,,1.133854797431,-11.0,-0.297076070487,42.3304257279,,2026-08-18
1198,835291,力尊信通,0.2,147132183.6,7.4626332968,,8055599.56,-1.7,,2.062047682616,8.24,-0.249166395747,15.3175018807,,2026-08-18
1199,835278,华亿传媒,-0.23,2086904.31,-30.1027419245,,-2277203.68,3.03,,0.406702804,-43.75,-0.399948798,36.6524514964,,2026-08-18
1200,835181,中阳股份,0.07,587130212.47,39.4039248371,,7141642.66,-27.71,,1.447443282395,4.84,0.331915033005,5.3516806754,,2026-08-18
1201,835156,丽江文旅,0.18,25394659.56,-5.3054931684,,10545323.57,13.07,,2.851633478299,6.26,0.145127736979,62.9198760166,,2026-08-18
1202,835135,启光智造,-0.01,36874948.81,-7.3377073395,,-308478.0,58.049056322,,1.056180215255,-0.92,0.054007445691,23.5429146349,,2026-08-18
1203,835075,清源投资,11.3,34969834.96,280.2163482548,196.4898,225949845.47,13726.28,18778.159,28.2379367455,49.84,0.9323081325,,,2026-08-18
1204,835049,瀚易特,0.58,91439885.66,94.4744753207,,5759893.56,92.49,,3.300410187,19.12,-1.684129641,16.4833189709,,2026-08-18
1205,834996,众至诚,0.0046,17804812.01,-48.0264243314,,540760.55,108.33,,1.001210146661,0.46,0.146452441182,31.5573287538,,2026-08-18
1206,834972,英冠陶瓷,0.26,22367718.09,21.976286235,,5167452.27,3.71,,2.396330036218,11.39,-0.012936313006,52.5556366666,,2026-08-18
1207,834794,咸亨股份,0.21,70189934.42,-0.4889502328,,16483210.7,-2.38,,1.850445666035,10.12,0.216692154798,47.5348805149,,2026-08-18
1208,834752,蓬莱海洋,0.44,81793763.78,31.5147147973,,20764200.68,51.64,,2.787430154947,15.24,0.259980480842,46.4394638351,,2026-08-18
1209,834734,创谐信息,-0.01,6510043.02,-36.8352416908,,-331701.11,-126.9,,1.728829596323,-0.7,0.257212195044,62.3748832001,,2026-08-18
1210,834727,天茂新材,0.02,41247882.67,21.0924353838,,1181278.07,6.55,,1.41057924437,1.61,0.059339805951,11.5533471575,,2026-08-18
1211,834702,伊贝股份,-0.22,7262905.3,-42.2491032134,,-8945004.64,-38.85,,0.277890004529,-57.2,-0.10643844215,5.7647476142,,2026-08-18
1212,834609,万兴股份,0.11,34456640.74,21.2493532721,,4966399.81,301.86,,1.599050016559,6.91,-0.117045566022,30.2335229328,,2026-08-18
1213,834594,大隆汇,0.0066,21834454.07,-41.8036926608,,351401.27,108.53,,0.823944866195,0.81,-0.046535122744,22.3699283451,,2026-08-18
1214,834590,仓谷数字,-0.06,225090.54,-26.0997935698,,-728257.06,37.95,,-0.030706611304,,-0.000254486087,38.3222946642,,2026-08-18
1215,834543,蔚蓝航空,-0.06,18464503.51,-45.262468952,,-3812449.12,-57.62,,3.112301048235,-1.79,0.109400973382,-17.9166944738,,2026-08-18
1216,834497,美茵科技,-0.33,6648774.21,-68.3652877006,,-1828036.63,-193.4,,2.314652053571,-13.17,-0.142333317857,30.1908901791,,2026-08-18
1217,834422,鑫光正,0.29,842167736.9,51.2121778409,,43101495.78,59.39,,2.085685480839,14.51,0.972680988242,24.2337928227,,2026-08-18
1218,834357,绿度股份,0.21,5163101.23,7.9419061737,,2016428.62,2866.81,,1.338667311458,17.03,0.08475323125,66.2121614067,,2026-08-18
1219,834290,培诺股份,-0.22,35920830.74,-7.2935568058,,-12561701.72,-53.46,,1.29224677939,-15.66,-0.132010800525,27.2021405093,,2026-08-18
1220,834166,杰事杰,0.03,1069606589.98,20.7422608087,,10151710.94,-56.65,,2.512747720245,1.1,-0.036829834837,12.3971966312,,2026-08-18
1221,834043,杭科光电,0.05,86728671.48,66.3453581576,,3414570.56,174.94,,2.968991632881,1.85,0.010988205485,24.4939203927,,2026-08-18
1222,834012,浦敏科技,-0.02,12277302.81,4.5038479667,,-585196.36,50.11,,0.588669878339,-3.05,0.025426689977,15.5378859634,,2026-08-18
1223,834005,松湖股份,2.58,175365618.67,48.3016582763,,25753180.76,49.0,,10.32231463,26.18,2.817104421,28.9813451265,,2026-08-18
1224,833849,携宁科技,-0.06,62818835.59,-2.783583013,,-3014302.5,-240.75,,2.837969065589,-1.9,-0.552179036418,40.5511313776,,2026-08-18
1225,833746,宏中药业,0.31,45107150.11,9.9910375806,,11990323.48,157.61,,4.657003290552,6.82,0.061123280562,58.2354874026,,2026-08-18
1226,833665,清大天达,-0.14,30370912.54,30.2139271266,,-6128223.77,35.4,,2.494351528657,-5.4,-0.546514409185,25.1333209364,,2026-08-18
1227,833651,正大股份,0.03,9017249.1,26.8560118937,,740529.32,78.1,,0.778004823948,3.92,-0.018549574726,25.2516772549,,2026-08-18
1228,833620,无锡煤机,0.1743,56191526.38,-35.775198331,,9569363.24,118.34,,3.138314872495,5.71,0.410356942805,46.9684694121,,2026-08-18
1229,833543,灵通股份,0.05,23733507.48,-35.5933941739,,2328419.03,3.97,,1.771999666019,2.58,0.148128617864,25.094118242,,2026-08-18
1230,833503,ST花嫁,-0.45,169821301.43,-8.4775494854,,-20976027.91,147.07,,-0.965252067956,,0.658610825026,21.6311120164,,2026-08-18
1231,833430,八达科技,0.05,22216717.54,-53.2645086537,,2456472.72,168.8,,1.726752865716,2.86,0.255996730244,44.0033409634,,2026-08-18
1232,833422,康海时代,0.0,3094467.54,-4.004216153,,-22515.31,-102.01,,1.117513805099,-0.29,-0.053647407131,73.63338476,,2026-08-18
1233,833207,中科生物,0.45,34213625.84,20.834299945,,16272470.59,60.05,,6.0039617575,7.74,0.443970456111,83.6558956769,,2026-08-18
1234,833199,灵岩医疗,-0.44,8979002.56,4.9714216117,,-5893043.93,1.94,,0.080747834074,-155.15,-0.055129044444,18.4764227309,,2026-08-18
1235,832992,神戎电子,0.09,163585122.6,-5.0958857724,,13539961.84,-16.41,,2.410569437754,3.77,0.068229770622,36.4806063238,,2026-08-18
1236,832986,瑞诺医疗,0.37,6008171.69,-13.0118597397,,8418588.5,286.3,,0.773922542174,45.45,-0.203831601304,42.2629304057,,2026-08-18
1237,832894,紫光通信,-0.08,39404914.77,-32.2941817694,,-3851500.21,-11.81,,3.468245647669,-2.25,-0.408838669375,9.4610935,,2026-08-18
1238,832792,鹿城银行,-0.0059,111575094.0,6.3295429127,,-3085769.0,-289.44,,1.50339641535,-0.36,-0.210925505873,,,2026-08-18
1239,832789,诚栋营地,0.07,300091836.93,16.8493257444,,7393634.21,-56.41,,3.894193557063,1.64,-0.047002364779,27.3179161948,,2026-08-18
1240,832787,银科金典,-0.09,28248433.89,10.6121187325,,-2696538.5,-0.98,,1.682695748,-5.49,-0.238056836,31.7975251477,,2026-08-18
1241,832740,芝星炭业,-0.18,25511583.07,-18.5916937309,,-9203806.15,1.44,,2.994424311923,-5.74,-0.270740745192,-7.5141756775,,2026-08-18
1242,832698,青雨传媒,-0.025,93353.84,-93.3944388997,,-2552828.27,-26.71,,0.652692358654,-3.69,-0.083516110192,,,2026-08-18
1243,832696,铂宝集团,0.04,62081800.75,0.4532273815,,1265136.62,351.98,,1.616129452333,2.64,0.079026319,12.9161545785,,2026-08-18
1244,832528,斯迈柯,-0.02,81218406.2,19.1482834952,,-1422629.32,74.11,,0.589100699391,-3.21,0.127413813523,15.9118005445,,2026-08-18
1245,832363,索科股份,0.12,21311091.47,31.2168947294,,1241224.49,490.39,,1.366298763183,9.11,-0.153523271333,25.6133211557,,2026-08-18
1246,832351,美力新,-0.08,3962541.37,-53.5773906199,,-842447.45,-84.24,,0.214059787273,-30.35,0.004460015455,13.4052298866,,2026-08-18
1247,832339,远大宏略,0.1,6274938.96,-25.5984152771,,881665.23,2648.639775727,,0.879064596845,11.63,-0.366864783085,44.3922409087,,2026-08-18
1248,832316,添正生物,0.021,62798077.5,4.2955054017,,2381165.58,-18.81,,2.915465420708,0.73,0.057684830177,26.8633082279,,2026-08-18
1249,832267,诺君安,-0.28,16357162.83,-75.2020278766,,-15416016.97,-1006.9,,2.525229359409,-10.55,-0.385177576769,20.3711997284,,2026-08-18
1250,832256,大乘科技,0.74,182629835.19,-6.7280371197,,16288448.72,49.48,,4.551349225096,16.23,0.512275712251,36.3745582319,,2026-08-18
1251,832151,听牧肉牛,0.02,101837759.53,22.3209454819,,2413737.68,124.74,,1.564928426157,1.34,0.197506735396,23.0499062709,,2026-08-18
1252,832103,星驿物流,-0.1,1878053.38,-9.9842579979,,-1341126.2,-16.74,,1.702556184892,-5.51,-0.066058400719,-29.1675335661,,2026-08-18
1253,832050,百富餐饮,0.19,134534358.19,4.9266719101,,11006470.78,25.79,,1.699200102444,10.94,0.372051824043,48.3265164711,,2026-08-18
1254,832035,天晴股份,-0.1222,17082017.0,103.4987502209,,-8600600.95,-4.52,,0.643361015057,-17.34,0.23151639517,31.2653800778,,2026-08-18
1255,832033,九通衢,0.0768,85066902.71,32.4196743465,,3878918.49,53.17,,3.067609821212,2.42,-0.318235012689,25.8646458365,,2026-08-18
1256,832019,中棉种业,-0.06,4598784.48,35.4701479395,,-3935136.23,5.6209367832,,0.351861288571,-14.8,0.037041903714,43.191520034,,2026-08-18
1257,831994,中冀联合,0.09,21018911.5,-0.2902946514,,3056352.64,-34.12,,3.385027932825,2.54,0.222987553384,52.1288903567,,2026-08-18
1258,831943,西格码,0.1,1035156590.4,-7.3572898691,,19499995.73,0.21,,1.311418687986,7.28,-0.678818371823,8.4673801117,,2026-08-18
1259,831942,天一生物,0.2,84662210.96,-6.5191046737,,9869991.7,3.09,,4.052838847572,4.96,0.70656091764,36.5941912675,,2026-08-18
1260,831910,梦地自控,-0.12,7908095.46,35.7701409045,,-604849.37,42.74,,1.707192892,-6.84,0.36024852,34.6445348802,,2026-08-18
1261,831893,五谷股份,0.07,155578861.89,27.9573612006,,4867504.39,23.64,,1.761144235475,4.24,-0.043395416327,7.9974506748,,2026-08-18
1262,831888,垦丰种业,0.48,1481896471.73,-0.0527270898,,226245038.57,-1.93,,2.171210659563,24.74,1.367899323679,27.9217126678,,2026-08-18
1263,831814,富岛科技,-0.03,5692757.94,71.7045906138,,-509425.66,-42.65,,1.015606593915,-3.26,-0.069807271825,26.1213808083,,2026-08-18
1264,831798,博益气动,0.19,74964866.56,-17.3961982071,,15580581.99,-11.93,,1.962050349018,9.25,0.305956275098,51.514218436,,2026-08-18
1265,831793,利洋水产,0.27,378934480.17,-1.7996275732,,23636394.8,18.65,,3.122659625051,9.01,-0.214453441064,55.9236596509,,2026-08-18
1266,831779,卓越信通,0.0335,40222352.67,-16.9768427038,,2129968.36,-78.71,,3.104073629091,1.07,0.027377098187,46.2273187562,,2026-08-18
1267,831565,润成科技,-0.02,22534668.24,-2.8658145007,,-4102444.35,-88.06,,1.268418601874,-1.82,0.115296281034,43.1916662644,,2026-08-18
1268,831386,风华环保,-0.0466,4996252.19,-7.1561542712,,-3724301.83,14.65,,1.070044205632,-4.26,0.004334446558,28.9524672693,,2026-08-18
1269,831369,帜扬信通,-0.11,371411.06,-94.6218398172,,-1577213.87,42.65,,0.737846040103,-13.3,-0.160663530891,43.1305922877,,2026-08-18
1270,831367,红山河,0.0157,63775363.16,17.4197112669,,1705964.98,-72.01,,0.659345565009,2.41,0.11366337698,29.2319071915,,2026-08-18
1271,831361,胜龙股份,-0.11,2536141.0,-50.2746534458,,-1605756.56,-546.49,,1.098568100714,-9.92,0.095562539286,25.8107021652,,2026-08-18
1272,831231,佳保安全,0.03,45021345.58,28.6341025197,,659654.61,73.05,,2.808174036318,1.08,-0.245543573134,33.3165422241,,2026-08-18
1273,831229,木兰花,-0.25,14171661.81,-24.1827100338,,-1249150.57,72.58,,0.560723134,-36.44,-0.470464718,8.7708972079,,2026-08-18
1274,831199,海博小贷,0.05,42277671.12,-27.970302477,51.3199,30092573.72,-19.94,46.5147,1.260506306519,3.63,0.058464252147,,,2026-08-18
1275,831162,天河股份,0.18,185266347.89,-2.2396852129,,14903311.9,9.01,,2.650951744079,7.07,0.144507190453,22.4528920086,,2026-08-18
1276,831101,奥维云网,0.22,58310616.56,37.6467922867,,8532450.63,330.68,,3.341313910177,6.84,0.105639676305,54.8612275212,,2026-08-18
1277,831091,精冶源,0.02,44900157.06,-8.530010063,,645386.66,-81.06,,2.626213713988,0.58,-0.10818325603,21.110607781,,2026-08-18
1278,831081,西驰电气,0.07,103613864.99,6.5238312522,,7877701.74,37.49,,2.011690277043,3.69,-0.119560221982,28.6895278473,,2026-08-18
1279,831001,英特罗,-0.06,3370653.21,-36.670345776,,-938379.42,-382.53,,0.281071768991,-19.2,-0.04264925467,9.5348011195,,2026-08-18
1280,830953,惠当家,-0.136,1616939.01,-9.4696604901,,-1724075.01,-613.16,,0.590696924961,-20.67,-0.160330082148,76.8050540138,,2026-08-18
1281,830930,天行健,-0.11,408894.94,-29.9292523458,,-635568.14,28.52,,0.721191185,-13.68,-0.00963929,-104.8864092082,,2026-08-18
1282,830900,维福特,-0.01,559668.1,92.9065823257,,-1000459.64,-59.43,,0.4070006851,-2.43,-0.0027336828,84.8379619993,,2026-08-18
1283,830890,海魄科技,-0.02,5243800.13,3.2335871978,,-446728.83,-345.01,,0.115945721957,-17.62,-0.030408333628,37.0412096542,,2026-08-18
1284,830880,火凤凰,0.13,162709425.67,15.2826735813,,11083679.6,35.86,,2.108676494199,6.48,0.190423864342,19.5939109051,,2026-08-18
1285,830877,康莱股份,0.05,72954172.96,4.2329083166,,3156806.66,-33.95,,2.803954255719,1.86,0.129255703105,32.4063724538,,2026-08-18
1286,830874,金田元丰,-0.02,765709.75,1392.8432364944,,-604400.8,47.08,,-0.010643141914,,-0.084056569637,7.4811846134,,2026-08-18
1287,830783,广源精密,-0.03,5798737.1,14.7762231971,,-1326165.46,13.08,,0.447790463725,-5.64,-0.088425374314,15.6180463846,,2026-08-18
1288,688836,宇树科技,0.75,1152245550.58,48.5389986228,72.5012,273999911.92,955.5945828766,347.8483,7.911656929646,9.99,0.636082168332,56.0089333697,自动化设备,2026-08-18
1289,688779,五矿新能,0.2,7812162781.16,168.9977570192,59.5142,377618935.7,1507.6335597105,264.7646,3.792174142464,5.07,-0.446585328301,11.2136284279,电池,2026-08-18
1290,688660,电气风电,-0.41,5653761985.6,112.2674371452,239.8921,-541618710.24,-94.1827468187,-0.6214,2.708757305412,-13.97,-1.953198543058,3.8196320966,风电设备,2026-08-18
1291,688656,浩欧博,0.27,195769304.03,3.2201086051,48.2359,16677554.05,37.05,9198.541,13.08675037624,2.01,0.587011376239,60.3369321075,医疗器械,2026-08-18
1292,688646,逸飞激光,-0.17,674616505.45,56.1819422207,272.4061,-15770681.21,-186.9,134.2403,15.106704315157,-1.12,3.169030915966,19.7812997106,自动化设备,2026-08-18
1293,688582,芯动联科,0.09,156601196.3,-38.1350873055,106.431,36477090.64,-76.36,1228.6142,6.306495441235,1.44,0.004686751168,77.5343240338,半导体,2026-08-18
1294,688545,兴福电子,0.34,966426803.02,43.7110433435,16.3381,123107015.82,17.91,-7.7056,8.250074905972,4.11,0.0319669235,23.401144325,电子化学品Ⅱ,2026-08-18
1295,688521,芯原股份,-1.16,1863539395.68,91.3678078628,22.9809,-612125014.89,-91.379633091,20.4085,5.562667675312,-19.29,1.189915848917,31.3422029646,半导体,2026-08-18
1296,688510,航亚科技,0.2,373581798.3,1.1388521784,17.8913,51303536.31,-16.19,56.0643,4.676185922542,4.18,0.276274621021,37.5861936874,航空装备Ⅱ,2026-08-18
1297,688484,南芯科技,-0.1,1546385212.25,5.1857824986,4.2567,-44872303.83,-136.58,-1544.1636,9.407183506707,-1.08,-0.241237879147,35.2777341563,半导体,2026-08-18
1298,688448,磁谷科技,0.02,160344064.72,5.7366487446,177.8372,1209079.54,-73.04,225.0639,10.520148892615,0.12,-0.035137467552,30.6391614468,通用设备,2026-08-18
1299,688385,复旦微电,1.03,2225494085.21,21.0263401039,15.6382,849153566.43,338.58,372.5585,8.479076501611,12.9,0.934947615453,56.9879500156,半导体,2026-08-18
1300,688328,深科达,0.65,435189073.52,21.0306489102,31.4718,61447386.94,198.23,27.0075,9.291939061658,7.12,1.493431747032,38.6921876664,专用设备,2026-08-18
1301,688319,欧林生物,-0.0811,361322181.04,18.1371742612,28.9692,-32872556.52,-349.09,-320.9025,2.144316590542,-3.71,-0.173653950415,91.8129462313,生物制品,2026-08-18
1302,688205,德科立,0.48,545069470.0,25.7788920906,14.2196,98255620.0,249.74,300.3084,15.4069789721,4.13,-0.972240268294,25.5464078735,通信设备,2026-08-18
1303,688188,柏楚电子,1.94,1278250073.15,15.8383182914,33.2251,787150283.9,22.97,48.7447,15.632417525479,12.33,1.249969086147,73.928625075,计算机设备,2026-08-18
1304,688182,灿勤科技,0.14,599186680.58,108.6290482026,41.8971,56227804.68,8.31,3244.4059,5.72463178995,2.46,-0.348715040525,24.5739170099,通信设备,2026-08-18
1305,688112,鼎阳科技,0.58,357746564.49,28.3075604381,20.9359,91791391.89,19.4,39.3956,9.955433872603,5.56,0.309963049905,63.88720021,通用设备,2026-08-18
1306,688077,大地熊,0.3,983859983.66,35.5042810654,42.6609,34486383.86,54.05,96.2588,9.68227591304,3.09,0.232001872771,16.5462529612,金属新材料,2026-08-18
1307,688036,传音控股,1.54,35431433138.2,21.8520586971,18.7111,1773406788.21,46.22,53.2144,18.385091847346,8.37,-5.091523647149,22.6316078301,消费电子,2026-08-18
1308,688002,睿创微纳,2.72,4396621717.39,72.8372056798,26.0639,1259361594.5,258.78,63.0563,16.857268336089,17.01,3.053877447041,57.7585549231,军工电子Ⅱ,2026-08-18
1309,605299,舒华体育,0.11,788675641.47,28.3675938734,25.8128,46423423.6,130.05,-9.1621,2.988567828335,3.61,-0.037000684356,31.4681981844,文娱用品,2026-08-18
1310,605128,上海沿浦,0.3,1007294747.47,10.0046293068,24.4144,92775211.81,18.94,0.3236,6.954070524277,4.23,0.424447196135,15.9863490448,汽车零部件,2026-08-18
1311,603893,瑞芯微,2.04,2876528206.23,40.6035594528,38.6262,859028900.86,61.73,60.9486,11.639553676018,18.34,1.892354771166,45.7909824874,半导体,2026-08-18
1312,603848,好太太,0.25,752729081.97,11.2100540108,38.968,102230021.04,18.64,51.6,6.426506849488,3.95,0.381772765401,46.9394986913,家居用品,2026-08-18
1313,603588,高能环境,0.679,10319078742.89,54.0155208839,6.7,1021792581.72,103.37,-30.4738,6.843937549799,10.139,-0.398365885555,20.809941729,环境治理,2026-08-18
1314,603580,艾艾精工,0.0434,218703192.47,114.1537316252,13.3395,5668903.15,-38.15,3.1858,3.424319933927,1.25,0.085354032349,23.7439430872,塑料,2026-08-18
1315,603556,海兴电力,0.67,2387912426.89,24.6636644533,12.0036,323662807.13,-16.67,155.962,14.00209038877,4.25,0.001650112407,37.3485975255,电网设备,2026-08-18
1316,603448,天博智能,1.81,944939291.0,2.6613507053,32.188,162737517.95,-12.58,31.7947,21.245738913889,8.89,1.698813635556,29.4297389683,汽车零部件,2026-08-18
1317,603406,天富龙,0.63,1593260010.86,-6.3216640832,16.4235,253336497.6,12.09,29.7439,11.795977087073,5.4,0.251346442239,21.6683853506,化学纤维,2026-08-18
1318,603398,*ST沐邦,-0.51,168109512.47,19.2729161557,-37.8355,-220561924.44,-3.8312136506,-96.954,-0.172390874703,,-0.354557821335,-58.0013609446,光伏设备,2026-08-18
1319,603369,今世缘,1.6696,6435772067.77,-7.4144479085,-51.1148,2081693137.94,-6.6,-49.6895,13.753608378061,11.83,1.296189404131,74.1443123629,白酒Ⅱ,2026-08-18
1320,603332,苏州龙杰,0.25,909046340.56,29.7283948709,72.2165,54612777.94,64.24,82.4369,6.036593508053,4.11,0.645384994889,12.9539489975,化学纤维,2026-08-18
1321,603322,超讯科技,0.33,564977802.93,-64.9241035358,40.0369,51725320.65,-28.25,-75.8514,1.99164141747,20.92,-0.143905166585,29.3853677134,通信服务,2026-08-18
1322,603293,埃泰克,0.63,1778973695.74,16.9216650709,19.0159,93408728.97,1.03,-39.0572,16.452404248579,4.68,0.970030701099,18.0723772431,汽车零部件,2026-08-18
1323,603284,林平发展,1.68,1727092608.78,41.1260315457,42.5983,116406291.23,27.33,47.6771,29.669082121016,5.78,1.161189086095,9.2619766935,造纸,2026-08-18
1324,603281,江瀚新材,0.49,1091780753.58,15.5353334859,11.688,178094586.64,-15.35,-27.708,13.320847946302,3.65,0.28279870187,25.4167312411,化学制品,2026-08-18
1325,603227,雪峰科技,0.237,2537336685.67,-6.0338816874,42.2625,253532446.87,9.85,354.9961,4.921337216233,4.81,-0.024807320515,23.269381677,化学制品,2026-08-18
1326,603196,璞源材料,0.1424,772194130.21,104.253587922,3.9704,59161339.3,54.52,49.9162,4.84653375561,3.0,0.238671502804,48.7243084388,服装家纺,2026-08-18
1327,603189,*ST网达,-0.04,174542457.26,36.9512138857,-55.746,-12053180.85,-349.87,-38.7763,5.318368202804,-0.81,-0.093746728421,11.7454567226,软件开发,2026-08-18
1328,603129,春风动力,6.96,13386075247.16,35.8243216024,49.7982,1064624745.59,6.26,51.871,52.169034320551,13.36,14.637311264067,27.2588539428,摩托车及其他,2026-08-18
1329,603093,南华期货,0.55,879141903.95,48.1764200269,2.9735,388309024.43,67.91,-10.3617,8.133648430416,6.76,7.542075952269,,多元金融,2026-08-18
1330,603077,和邦生物,0.0471,2888094804.07,-26.3438874264,8.105,380158275.34,634.3,18.999,2.140721575955,2.08,0.021409290347,28.8695483845,农化制品,2026-08-18
1331,603071,物产环能,0.65,17164015747.24,-6.8275974595,20.3301,361720377.23,19.66,9.4352,10.646122551131,6.06,-2.816328185841,6.7102329271,贸易Ⅱ,2026-08-18
1332,603049,中策橡胶,2.79,23474496452.47,7.4098812239,9.7678,2440401206.25,5.09,0.095,28.769441610667,9.53,0.962018064259,20.8360611154,汽车零部件,2026-08-18
1333,603031,安孚科技,0.64,2378115865.79,-2.0413899304,-21.2654,196448171.54,84.38,-53.0127,7.703113125152,6.96,1.237314014315,50.5032529469,电池,2026-08-18
1334,601702,华峰铝业,0.56,6418370774.48,7.6237877608,15.6088,557405502.77,-2.29,29.4773,6.705203991024,8.3,0.064857895782,14.2549854941,工业金属,2026-08-18
1335,601677,明泰铝业,1.13,21118578561.28,24.231694841,16.2285,1406755848.47,49.61,0.3794,16.352954451351,7.09,0.467314596934,9.7521340104,工业金属,2026-08-18
1336,601112,振石股份,0.27,3823342888.03,16.7432343035,34.507,464930974.08,15.07,32.2563,3.769272041523,7.57,0.283898591313,22.1462371803,玻璃玻纤,2026-08-18
1337,600889,*ST京化,0.08,434474835.71,15.6020129923,-24.2057,46911276.1,185.3136676975,186.0842,2.692628612739,3.16,0.244986162594,28.2506042909,通用设备,2026-08-18
1338,600871,石化油服,0.027,37664258000.0,1.6558557747,6.1099,509539000.0,3.5,48.8579,0.527933888012,5.36,0.154911318989,8.4930280586,油服工程,2026-08-18
1339,600795,国电电力,0.169,79029113601.09,1.7699058332,1.7658,3013976240.14,-18.25,15.594,3.378041933529,4.934,1.15032840145,14.2151681713,电力,2026-08-18
1340,600753,ST海钦,0.091,796013037.75,24.807910288,-48.2297,20977986.69,141.57,-106.2456,0.375362420906,27.62,0.267273951191,3.122331751,物流,2026-08-18
1341,600673,东阳光,0.129,9375524476.64,31.6090059632,20.6716,389262088.82,-36.46,126.3537,3.481666461059,3.9,0.834721412146,19.5724821341,综合Ⅱ,2026-08-18
1342,600583,海油工程,0.25,12383540000.0,9.4177753499,47.9504,1091302400.0,-0.64,48.922,6.52660204967,3.88,0.352987030129,14.8714689015,油服工程,2026-08-18
1343,600425,青松建化,0.077,1574105054.7,-11.0541790036,156.512,124295349.05,13.19,664.6849,4.004732042817,1.918,0.241496858685,22.0751650617,水泥,2026-08-18
1344,600366,宁波韵升,0.2547,3336660661.1,42.0220388493,22.6846,274095385.26,154.18,35.2088,5.841380673605,4.29,0.1865506614,20.7774458297,金属新材料,2026-08-18
1345,600326,西藏天路,-0.0631,1208138782.67,-14.2545331254,135.4691,-85905549.16,23.2247276961,-31.2398,2.824094447323,-2.2,0.186573570376,13.5985917948,水泥,2026-08-18
1346,600301,华锡有色,0.844,3038991528.54,9.026628461,62.5816,533873867.28,39.81,93.5094,8.050088317139,10.53,0.90868594816,42.9411248542,小金属,2026-08-18
1347,600243,*ST海华,-0.0325,189693635.7,68.2413354591,20.4017,-14277551.12,-555.8077232932,2.9391,1.240763869842,-2.59,-0.075391032335,10.6578909858,通用设备,2026-08-18
1348,600120,浙江东方,0.26,916633304.95,9.3,4.4916,877106312.16,115.47,373.9485,4.906018311283,5.17,0.51557522346,62.7079754429,多元金融,2026-08-18
1349,600096,云天化,1.6097,22820982028.44,-8.9190484402,-9.5201,2934440407.74,6.14,5.9592,13.935762835944,11.41,1.615222306289,20.8901895736,农化制品,2026-08-18
1350,600078,澄星股份,0.174,2137879181.98,20.3681017054,14.2672,117631886.06,533.75,226.4596,2.659056980656,6.77,0.333719171672,19.089391105,农化制品,2026-08-18
1351,430748,恒均科技,0.09,120341960.34,19.6511331293,,6694311.4,-35.07,,2.441922082863,3.83,-0.404999494838,18.4922088249,,2026-08-18
1352,430743,尚思传媒,-0.0347,2771202.81,-72.4393798599,,-723435.88,5.89,,0.153385053717,-20.32,-0.061632758273,3.7489204913,,2026-08-18
1353,430733,御食园,-0.06,61320534.31,-25.4438344182,,-5409855.73,-584.37,,2.2124166143,-2.89,0.019308858109,37.8596209593,,2026-08-18
1354,430677,升华感应,0.31,17123868.62,49.7485731986,,3075412.94,1260.0,,4.231532949,7.54,-0.233354464,40.6470123338,,2026-08-18
1355,430645,中瑞药业,0.02,55665521.82,32.6050627061,,619682.86,-17.94,,4.668444743209,0.35,-0.083748038333,22.8311844468,,2026-08-18
1356,430641,天健创新,0.06,25924881.71,15.3148298706,,1827250.99,165.8,,2.158843244,2.86,0.022438145667,52.5995556799,,2026-08-18
1357,430626,胜达科技,0.01,67848803.82,28.0492950563,,606930.64,-25.14,,2.693239459357,0.51,-0.04513495955,13.3152289965,,2026-08-18
1358,430622,顺达智能,-0.07,9076880.31,301.2237937944,,-4703161.23,-348.6,,1.821910426539,-3.57,-0.015181968138,6.7335257173,,2026-08-18
1359,430590,晶宝股份,-0.08,57875730.78,0.6432116956,,-3967325.09,-24.04,,1.782940609079,-3.46,-0.006832004846,27.0370784941,,2026-08-18
1360,430572,盛储科技,-0.02,995013.29,,,-358442.59,89.02,,0.7291333,-3.03,0.024463760625,8.2010743796,,2026-08-18
1361,430553,海红技术,-0.04,42383724.34,18.451968135,,-4327213.0,-5.67,,1.29538004667,-3.1,-0.086511591115,16.3924626214,,2026-08-18
1362,430502,万隆电气,0.44,34034386.16,18.0047245977,,4594492.5,90.8,,3.509004808612,13.37,-0.116873357895,21.8038361118,,2026-08-18
1363,430496,大正医疗,0.16,30168805.07,-16.0389410195,,6306451.13,-4.87,,3.137826786623,4.62,0.133066674641,71.1502787406,,2026-08-18
1364,430455,德联科技,0.0,21111367.41,-16.226668761,,319834.71,-39.64,,1.4374689917,0.22,-0.0830826732,20.7765108475,,2026-08-18
1365,430398,励图科技,-0.12,3284556.25,19.8488093299,,-2174143.78,37.64,,-0.120132200382,,-0.017797935435,54.8899486803,,2026-08-18
1366,430366,金天地,-0.01,5117847.18,1265.5441263493,,-2925383.07,-60.6713377695,,0.085134159444,-15.94,-0.002880594185,7.1650496215,,2026-08-18
1367,430356,雷腾软件,-0.06,51760347.83,-10.2085471877,,-3219598.35,59.07,,3.61246216487,-1.5,-0.083675242125,10.800359666,,2026-08-18
1368,430350,万德智新,-0.0119,10440481.25,-28.7790232277,,-614647.97,-949.96,,1.014913124967,-1.17,-0.13589992366,28.5767580877,,2026-08-18
1369,430341,呈创科技,0.09,103304661.16,20.762127123,,5809225.61,66.46,,2.734548846911,3.53,0.04093230119,35.4461105131,,2026-08-18
1370,430335,华韩股份,0.4,494883549.23,-7.6963954928,,28113700.47,-11.38,,1.97619065028,13.92,0.868657560586,42.7028997284,,2026-08-18
1371,430288,泓淇科技,0.07,13143344.33,-16.3148788643,,800510.21,79.87,,1.324922036765,5.71,0.061209506434,15.2367914111,,2026-08-18
1372,430284,科胜石油,-0.05,3766179.25,-82.5593584683,,-1895887.65,-236.01,,0.652121211281,-6.71,-0.032641868547,24.1860134512,,2026-08-18
1373,430264,中舟环保,0.0057,11473595.37,-3.1174282701,,214714.83,24.37,,1.263962986842,0.44,-0.034622965526,34.8563031119,,2026-08-18
1374,430209,康孚科技,0.0015,46665398.21,13.1465822316,,89821.35,-37.82,,1.6858621355,0.08,-0.282933296667,35.6620846245,,2026-08-18
1375,430105,合力思腾,-0.14,123690193.25,-18.7039042516,,-12931221.23,13.3,,1.20328419989,-11.16,-0.541194393843,12.4952596515,,2026-08-18
1376,430104,全三维,-0.11,1551183.84,-48.7252403995,,-3365834.27,46.71,,0.801314008816,-12.41,0.017102611146,38.3453034168,,2026-08-18
1377,430085,新锐英诚,-0.02,8954007.84,90.711256433,,-878305.63,42.67,,0.117753384939,-12.26,0.037348681261,15.0519928515,,2026-08-18
1378,420273,凌云B5,-0.01,40393625.21,-20.2439672644,,-2408529.54,-122.52,,1.76352801384,-0.39,-0.048438877966,13.7352200283,,2026-08-18
1379,400161,金洲3,0.0,8765883.71,72.8828717068,,-2310948.13,66.04,,-0.049353900552,,-0.000748317232,32.9936310551,,2026-08-18
1380,301699,洛轴股份,0.48,3060886548.06,8.5223674086,31.0215,285646574.58,11.35,53.9573,4.558508904133,11.04,0.429322377517,22.6542802623,通用设备,2026-08-18
1381,301363,美好医疗,0.16,813213029.1,10.9708673713,1.751,124324075.36,8.77,19.3299,4.638955956321,3.3,0.208169388709,40.8846994628,医疗器械,2026-08-18
1382,301263,泰恩康,0.0073,320275930.94,-7.7228860277,-31.0034,3720188.43,-89.97,-186.9846,3.231077027499,0.22,0.106290332767,56.136709475,化学制药,2026-08-18
1383,301251,威尔高,0.23,979446182.88,37.0057985716,28.5664,44293397.47,-2.01,451.3639,8.20618503409,2.8,0.107938203407,18.6541108265,元件,2026-08-18
1384,301183,东田微,1.09,501801936.18,33.3551472014,43.3942,86959147.21,71.57,109.8449,12.92107843377,8.69,1.278946408771,29.8797535899,光学光电子,2026-08-18
1385,301129,瑞纳智能,0.09,106120143.45,14.6170564094,445.9159,11582284.84,267.16,254.0289,13.41548819658,0.63,-0.677353219168,73.0195295642,通用设备,2026-08-18
1386,301107,瑜欣电子,0.18,413557295.97,8.0400535887,31.9176,25856759.66,-49.23,28.6581,6.662526052406,2.69,0.41751292078,19.2518930305,通用设备,2026-08-18
1387,301069,凯盛新材,0.208,654573354.04,22.9122585951,24.6956,94238928.29,6.5,28.1541,5.154694472024,4.13,0.004187883376,25.6011476965,化学原料,2026-08-18
1388,301062,上海艾录,0.039,670453928.42,14.3575604761,49.8512,16908597.24,479.98,1054.9556,3.110411946402,1.24,0.087300746521,19.7055651447,包装印刷,2026-08-18
1389,301025,读客文化,0.0273,173230008.8,2.845793967,16.1387,10935841.02,78.52,159.187,1.564744842065,1.75,0.047810892475,37.0675915765,出版,2026-08-18
1390,300976,达瑞电子,0.88,1726031590.83,22.8580835233,15.2812,162487989.35,23.02,25.7478,19.651858884436,4.43,1.198516588603,26.8094724383,消费电子,2026-08-18
1391,300967,晓鸣股份,0.01,567952542.55,-24.455709349,20.1567,1847669.91,-99.0,208.1328,3.608095984593,0.24,0.744318073848,12.9063054407,养殖业,2026-08-18
1392,300908,仲景食品,0.7419,566450878.91,8.0091921249,-8.4346,108324636.75,7.75,1.6792,12.058773394452,5.93,0.852669836096,44.8076089137,调味发酵品Ⅱ,2026-08-18
1393,300859,西域旅游,0.02,106714917.12,-6.0840278357,356.2779,3679089.31,-67.23,213.7812,4.773735950645,0.5,0.240466911032,28.7492559409,旅游及景区,2026-08-18
1394,300841,康华生物,1.0862,538353610.55,11.2487105363,112.1762,141149300.39,23.25,315.8321,27.808555733292,3.92,1.242797288606,89.764877508,生物制品,2026-08-18
1395,300807,天迈科技,-0.25,46314954.16,-30.2288512125,92.3713,-16993138.21,-297.86,5.4015,6.471711596515,-3.79,-0.097310667538,30.1741986006,计算机设备,2026-08-18
1396,300765,石药创新,0.9056,3240242226.11,208.7245508115,287.5134,1261185991.32,46025.71,1543.7637,2.802644475103,38.2,1.976474281577,76.7440146191,化学制药,2026-08-18
1397,300620,光库科技,0.5955,1031662205.86,72.9098394423,41.9099,148395975.24,186.09,131.7119,9.059397596269,6.65,-0.647789719498,38.7732870089,通信设备,2026-08-18
1398,300610,晨化股份,0.26,525464030.04,20.9451728968,-1.2831,55610275.58,6.51,15.0448,5.579711834581,4.71,0.420387714718,22.9779442069,化学制品,2026-08-18
1399,300596,利安隆,1.2949,3389569765.43,13.1725811456,12.8833,297323561.86,23.24,25.2424,21.714647072457,6.0,0.703681312324,23.715576441,化学制品,2026-08-18
1400,300580,贝斯特,0.2912,792125671.79,10.5693788631,5.2696,146200909.67,-1.53,0.1917,6.663907252345,4.35,0.19259519484,32.9589545495,汽车零部件,2026-08-18
1401,300575,中旗股份,0.1,1545860526.05,16.1534116492,38.4218,49382078.91,181.57,7139.3067,4.194711252233,2.52,0.348103146178,15.7652797133,农化制品,2026-08-18
1402,300479,神思电子,-0.1579,215957509.52,12.3114913101,185.6674,-31114533.9,47.1,110.3613,2.700369892205,-5.69,-1.758840847811,34.0255862615,计算机设备,2026-08-18
1403,300435,中泰股份,0.34,1188804273.3,-8.716733726,10.4194,130488157.92,-3.13,106.6877,8.958860690876,3.74,0.212906367066,23.0670954083,专用设备,2026-08-18
1404,300390,天华新能,2.76,7780065437.36,125.0015560468,43.1156,2292289086.36,2622.89,36.5852,16.519305096007,18.34,0.214730902464,43.4926349114,电池,2026-08-18
1405,300241,瑞丰光电,0.0765,1072765717.54,27.4656706921,25.5193,53726700.86,73.86,-15.1931,3.270647699715,2.36,0.019519047457,19.4612526031,光学光电子,2026-08-18
1406,300240,飞力达,0.0662,3334492595.27,10.023233036,24.4415,24603988.23,-17.62,554.084,3.887934246162,1.71,0.23723531006,7.6344003079,物流,2026-08-18
1407,300205,*ST天喻,-0.1674,24040591.36,-72.244632608,-22.8481,-71980562.77,16.13,31.0485,0.898730352001,-17.04,-0.39687516249,42.9229332818,通信设备,2026-08-18
1408,300018,中元股份,0.12,258590988.22,9.0475622539,9.3405,57655379.01,-1.28,-3.0264,2.931897648632,4.01,-0.025851921903,48.4142056271,电网设备,2026-08-18
1409,200020,深华发B,0.0297,310983938.59,-31.8285796622,3.6433,8405950.38,-41.38,-38.4435,1.580392295058,1.9,-0.001326530804,13.0010978166,光学光电子,2026-08-18
1410,003022,联泓新科,0.32,5365694741.02,84.3071289737,38.9286,426865507.23,165.68,94.9573,5.841687167385,5.59,0.47628068645,23.8666692814,光伏设备,2026-08-18
1411,002997,瑞鹄模具,1.15,1867012800.31,12.3097352148,-14.4708,240920726.43,6.15,25.6931,12.662806626654,9.3,0.677063753633,24.8183634243,汽车零部件,2026-08-18
1412,002933,新兴装备,0.14,185547766.12,-2.8923975773,77.9038,16327656.53,4.32,935.6643,13.29779834248,1.05,-0.120864918193,35.0242755485,航空装备Ⅱ,2026-08-18
1413,002931,锋龙股份,-0.01,267140627.23,6.4783001347,8.7612,-2015091.32,-113.16,-260.8176,4.672568009985,-0.21,0.000739505627,18.3474904915,通用设备,2026-08-18
1414,002879,长缆科技,0.09,678992201.25,0.8676647897,47.3149,17442020.01,-42.42,1087.2056,9.588595528587,0.92,-0.175719692395,27.7991663708,电网设备,2026-08-18
1415,002859,洁美科技,0.32,1168616745.22,21.4226325324,30.3245,137765382.78,39.87,88.4963,8.420488694495,4.31,0.232145020808,33.2719872978,其他电子Ⅱ,2026-08-18
1416,002846,英联股份,0.077,1312860647.27,21.4659184532,24.0213,32352974.32,28.5,58.3231,3.412019076141,2.27,0.528354213015,12.5075755642,包装印刷,2026-08-18
1417,002803,吉宏股份,0.36,3735816989.22,15.5338330336,7.0492,157747480.69,33.52,17.9958,6.184241858115,5.68,0.674298034762,47.3228201839,互联网电商,2026-08-18
1418,002788,鹭燕医药,0.37,10582518010.94,1.7541757001,-2.2335,143007304.14,-7.46,10.5016,8.528062141035,4.26,-0.260243702629,6.8405704693,医药商业,2026-08-18
1419,002734,利民股份,0.58,2463469493.41,0.4662462177,-14.4424,273966823.89,1.9,7.3139,8.460015870347,6.86,0.30703787661,26.9985590201,农化制品,2026-08-18
1420,002722,物产金轮,0.38,1282993397.6,11.3261709666,7.7548,85262909.04,41.04,6.7817,13.42702068889,2.86,0.041328796326,20.0612920356,专用设备,2026-08-18
1421,002668,TCL智家,0.47,9934272533.52,4.8311382556,3.3168,511521133.4,-19.88,-33.2004,3.531178571895,13.88,1.088926240191,23.2784489449,白色家电,2026-08-18
1422,002664,信质集团,0.1236,3112474696.55,9.0149178973,23.9036,50443872.19,0.76,-18.8448,8.728346709187,1.42,0.179401262592,13.6209285226,汽车零部件,2026-08-18
1423,002615,哈尔斯,0.1,1773076234.95,12.8327455775,23.8203,48870414.16,-46.5,3845.4276,4.272416450972,2.37,-0.062050602149,26.5264780092,家居用品,2026-08-18
1424,002563,森马服饰,0.18,6722204763.83,9.3247270362,-5.1029,479287414.8,47.45,-46.0665,4.254767939819,4.15,0.099679951669,47.8070416311,服装家纺,2026-08-18
1425,002546,新联电子,0.54,408047535.01,8.2522480955,7.1765,452988178.05,140.95,296.9552,4.973115518406,11.36,-0.04233458879,37.9824951954,电网设备,2026-08-18
1426,002489,浙江永强,-0.0019,3329359184.94,8.0966050902,-65.3089,-4021513.41,-100.78,-202.5945,1.961883763937,-0.09,0.684386276905,18.7956029458,家居用品,2026-08-18
1427,002438,江苏神通,0.2966,1008384824.04,-5.6123121466,-6.5143,150542252.28,0.1,-23.9059,7.42732984425,3.97,0.028161215986,36.7721624453,通用设备,2026-08-18
1428,002407,多氟多,0.43,7035840642.72,62.5493012967,18.8101,511861621.91,897.19,-63.6958,7.293298265204,5.94,0.282561050151,21.5703403337,化学制品,2026-08-18
1429,002406,远东传动,0.14,904558325.8,25.9402543001,24.5069,100523449.0,83.78,23.2712,5.415238113938,2.44,0.150299940368,25.8459295992,汽车零部件,2026-08-18
1430,002312,川发龙蟒,0.12,5396647957.37,14.815444398,-11.8077,225870506.99,-5.39,49.1969,5.122452765628,2.33,-0.037617555577,14.5910005096,农化制品,2026-08-18
1431,002284,亚太股份,0.36,2759416264.11,6.0643453498,3.2295,268198717.89,33.7,-11.2582,4.806550100786,7.7,0.518125789937,21.2317311846,汽车零部件,2026-08-18
1432,002262,恩华药业,0.73,3218250058.44,6.9142837804,-0.1399,740682973.24,5.74,33.3492,8.261088554652,8.86,0.276050487487,73.8626727829,化学制药,2026-08-18
1433,002245,蔚蓝锂芯,0.2992,4857508932.7,30.3482210273,25.6253,510970595.2,53.39,60.9788,4.654375610043,6.51,0.315655302208,20.2968453047,电池,2026-08-18
1434,002207,*ST准油,-0.0713,156723551.35,28.8490567562,85.9264,-18689642.33,1.26,81.013,0.032802196908,-105.89,-0.247890479431,-2.945274702,油服工程,2026-08-18
1435,002192,融捷股份,3.8574,1524205167.81,402.3507799318,205.1657,1001599511.84,1076.14,160.3236,17.513379768939,24.58,1.702953500223,76.3610647268,能源金属,2026-08-18
1436,002191,劲嘉股份,0.03,1590214057.41,28.3983199129,-41.7033,48269674.15,-60.49,-67.8808,4.407896651111,0.78,-0.111852316638,14.1483963647,包装印刷,2026-08-18
1437,002172,澳洋健康,0.03,822546484.46,-8.8863553493,2.252,24164685.97,-23.42,261.5055,0.261312559613,12.85,-0.064996726245,12.0436297318,医疗服务,2026-08-18
1438,002164,宁波东力,0.1,780076426.17,6.2104069008,31.346,53255483.7,74.17,44.5548,2.895495581688,3.42,0.038090816474,22.001491676,通用设备,2026-08-18
1439,002150,正泰电源,0.19,1803170851.65,5.5293145434,20.1635,68311827.33,-29.8,253.9406,6.00514768424,3.12,-0.586054800365,31.1993776278,光伏设备,2026-08-18
1440,002115,三维通信,0.0626,12072533881.65,173.7581051798,50.4574,50393505.16,1825.74,33.2058,2.575281434538,2.44,-0.023552336813,3.0473507306,通信服务,2026-08-18
1441,002083,孚日股份,0.43,2918076003.01,12.7803068217,7.1278,403008902.65,64.01,23.4035,5.108382293249,8.22,0.430583235999,23.7467021275,纺织制造,2026-08-18
1442,002080,中材科技,0.7197,16257366084.37,21.9475501368,37.1832,1207702748.73,20.93,37.9839,12.162529738227,5.92,-0.119183811941,21.2934516755,玻璃玻纤,2026-08-18
1443,000921,海信家电,1.21,46765857550.25,-5.2178140071,2.8012,1658028371.34,-20.16,-39.7572,12.605943767767,9.05,2.336065994647,20.5121545148,白色家电,2026-08-18
1444,000902,新洋丰,0.7659,11280693733.36,20.0339798211,5.1076,960995599.62,1.01,-7.234,9.98028418062,7.81,0.372052522204,17.1022688704,农化制品,2026-08-18
1445,000868,安凯客车,0.002,1720624721.29,8.0485969797,52.2347,1882059.47,-89.77,-98.3041,0.854907997478,0.23,-0.663803180394,8.0888784874,商用车,2026-08-18
1446,000819,岳阳兴长,0.039,2433056295.87,59.1170278879,23.8269,14214020.17,148.21,307.5584,5.672318608748,0.68,-0.073872149559,15.4685846587,炼化及贸易,2026-08-18
1447,000816,智慧农业,0.0039,623935051.61,6.7825216206,97.0732,5660428.31,-42.05,244.8155,1.36902785695,0.29,0.030023863422,20.1280240012,汽车零部件,2026-08-18
1448,000626,远大控股,0.4246,45938834193.86,10.2209467673,8.3041,215129097.24,640.14,168.486,4.635401394585,9.57,-1.835187217135,1.2975287477,物流,2026-08-18
1449,000582,北部湾港,0.225,3585508858.34,0.8359256412,7.7567,557882719.81,5.09,43.2612,8.164936877037,2.77,0.514730575225,31.5636269864,航运港口,2026-08-18
1450,000551,创元科技,0.3707,2257671478.17,8.5923409293,-14.6314,179714396.73,11.47,-55.2867,6.318464454392,5.99,0.45681278204,26.5143399475,环保设备Ⅱ,2026-08-18
1451,000526,学大教育,2.5139,2162508311.02,12.8729727473,27.4883,300538136.45,30.85,131.4616,10.152683726192,27.62,2.378872592568,37.4550478231,教育,2026-08-18
1452,000506,招金黄金,0.24,362915728.79,85.131256022,2.8827,226798249.89,407.44,-78.9803,0.97085595018,28.34,0.059680145878,55.9424937896,贵金属,2026-08-18
1453,000430,张家界,0.38,211899572.99,9.3361688621,116.9499,308359133.18,1026.8,-99.2341,2.24783253184,20.94,0.005456594416,21.9420937966,旅游及景区,2026-08-18
1454,000049,德赛电池,0.5337,10716334708.34,9.7787183907,13.997,205277265.25,110.44,56.8647,17.759816799557,3.02,0.949553875562,9.709592472,电池,2026-08-18
1455,000020,深华发A,0.0297,310983938.59,-31.8285796622,3.6433,8405950.38,-41.38,-38.4435,1.580392295058,1.9,-0.001326530804,13.0010978166,光学光电子,2026-08-18
1456,920871,派特尔,0.13,89443077.93,11.0703690177,56.9625,11271886.15,43.55,61.9358,3.052428471484,4.22,0.137423571667,29.4936439136,汽车零部件,2026-08-17
1457,920476,海能技术,0.14,158557611.34,16.5282047735,38.7037,11342210.58,107.3,4178.483,5.29292540755,2.51,0.151560240339,62.964785819,通用设备,2026-08-17
1458,920418,苏轴股份,0.35,369036533.8,3.2965628755,9.115,56416957.6,-31.67,-11.9104,5.666717615835,6.06,0.554190606476,36.8705914612,汽车零部件,2026-08-17
1459,920208,青矩技术,0.4,350668405.16,-0.173455168,51.707,74666892.44,13.65,223.1535,5.621308015507,6.8,-0.519777771203,46.9703767423,工程咨询服务Ⅱ,2026-08-17
1460,920139,华岭股份,-0.03,159301357.47,1.051454553,14.315,-8891870.54,34.2311810691,129.7927,3.839800743091,-0.86,0.339735026785,14.0819074654,半导体,2026-08-17
1461,920035,精创电气,0.46,314574711.22,26.2562293768,32.4848,31908753.2,12.58,85.9144,8.406530676606,5.43,0.434986401901,45.9484221886,自动化设备,2026-08-17
1462,875135,巴德股份,0.66,105986758.69,13.668230849,,7312442.68,-34.64,,16.281505628182,4.18,-0.908733911818,22.0302501167,,2026-08-17
1463,874966,沃土种业,-0.38,-72183010.02,-722.574100073,,-71963627.28,-127.95,,2.567232892339,-13.68,-0.522381563485,,,2026-08-17
1464,874616,嘉利股份,-0.08,1393454860.41,5.5749961997,,-10401902.36,-134.38,,7.097526690383,-1.07,1.125138698777,8.8682047306,,2026-08-17
1465,874608,微特股份,0.05,212706889.82,78.690702686,,2625630.61,114.46,,3.123489491026,1.48,-1.159651509144,25.9585220567,,2026-08-17
1466,874597,昌誉股份,0.86,316093890.67,17.1726298927,,41865862.04,9.19,,7.641991352445,11.98,1.24663358581,32.985946245,,2026-08-17
1467,874184,瑞林精科,-0.0541,205487418.47,32.2694925959,,-4266296.98,-32.92,,2.337936365883,-2.29,-0.000155520413,7.0707159047,,2026-08-17
1468,874179,海光科技,0.09,75846324.9,20.8817532494,,5282013.44,56.39,,5.077048786349,1.83,-0.067854564687,32.4249828221,,2026-08-17
1469,874116,托普轮胎,0.02,111300566.19,38.7795560492,,1474342.67,-62.05,,1.226938584151,1.92,0.111757091003,14.5342670336,,2026-08-17
1470,874051,森鹏电子,0.47,145410267.02,36.6149807862,,22032187.44,39.47,,5.400299495699,8.53,0.207039405806,43.5137319852,,2026-08-17
1471,874010,华鑫洺源,0.03,15115538.2,-61.9312851765,,1974755.29,-86.76,,1.169899013667,2.66,0.107290156,32.6902584918,,2026-08-17
1472,873904,智先生,0.07,22959973.13,41.4194191195,,754758.29,-196.2,,4.98623540087,1.26,0.675604725217,33.4987631146,,2026-08-17
1473,873753,英内科技,0.15,192213652.52,-9.2767507429,,9616850.59,-25.67,,5.796023742893,2.52,0.362898963893,28.8823556663,,2026-08-17
1474,873671,坤隆股份,0.27,224683564.77,56.0135040169,,23936489.65,133.6,,4.210532840861,6.48,-0.336039754479,26.9796887556,,2026-08-17
1475,873637,海川生物,0.29,64385077.35,36.779939888,,15186461.01,95.64,,2.168211835619,14.38,0.400402120952,39.6040609401,,2026-08-17
1476,873621,创元数码,0.49,73075581.91,0.3827580225,,4892280.13,9.73,,6.086612541,8.03,5.802421757,36.6788060655,,2026-08-17
1477,873493,莱易信产,0.12,30110080.99,-8.4984060269,,1206378.79,-60.29,,4.162404124254,2.65,-1.420538193837,41.2726987487,,2026-08-17
1478,873481,相城检测,0.04,45873043.89,-24.3932914051,,873263.65,-92.18,,8.292485488281,0.48,0.126706908896,27.6015198389,,2026-08-17
1479,873354,坛墨质检,0.8,105518335.39,11.9749663403,,39850265.76,20.0,,4.6653395224,16.39,0.8934684212,63.094128934,,2026-08-17
1480,873349,诺亚方舟,0.054,17991695.45,48.7090378993,,988331.79,98.72,,0.408582823497,14.15,-0.071449055191,21.9534715946,,2026-08-17
1481,873145,名城苏州,-0.02,10963106.32,6.9331507147,,-784094.09,57.26,,1.9895146238,-0.79,-0.1018432912,32.3367455949,,2026-08-17
1482,872729,欧贝传动,0.19,30488954.7,5.0310656217,,4462692.73,5.61,,1.302987850967,11.79,0.376997073489,35.5183200492,,2026-08-17
1483,872678,绿宇新材,0.09,32177188.01,87.1545627652,,1381769.71,3.06,,1.515197332667,6.27,1.224182176667,16.3129848338,,2026-08-17
1484,872672,英奥特,0.06,6862161.06,-3.0274485981,,182179.46,442.03,,5.478605073333,1.09,-0.271339236667,39.7614766856,,2026-08-17
1485,872646,中雁石斛,0.0047,4651987.79,-39.3711761286,,235294.05,141.33,,0.4879964012,0.97,0.005511126,70.1174677847,,2026-08-17
1486,872224,华诚传媒,-0.03,,-100.0,,-546860.89,-205.8,,0.152869188,-16.42,0.013071872,,,2026-08-17
1487,872202,聚力粮机,0.08,42101517.84,9.2663978874,,4611128.43,2.85,,0.36303230369,25.82,-0.398780708911,27.118110975,,2026-08-17
1488,872066,汇源股份,-0.19,185748810.42,14.1010979481,,-8064592.74,14.59,,4.076574701379,-4.45,0.147389924828,10.6538911152,,2026-08-17
1489,872002,上海北分,0.04113,31832021.37,-9.1842493542,,1275039.18,12.16,,2.254958477582,1.8,0.011344976408,37.1343500075,,2026-08-17
1490,871979,索乐科技,0.16,38675112.18,24.4561769735,,1940290.18,-54.95,,0.543876947368,34.38,-0.913886261513,23.4433516774,,2026-08-17
1491,871444,德全药品,0.02,116965345.23,-1.3298825636,,2920998.63,-33.79,,1.491795932649,1.56,0.237618471784,63.523241071,,2026-08-17
1492,870772,和声钢琴,-0.11,2726892.35,-22.1677843618,,-5534822.03,-0.54,,0.1602330292,-51.35,0.0007456108,-64.4880330535,,2026-08-17
1493,870608,印象股份,0.02,47144240.26,-15.9233306277,,2543772.48,-75.12,,2.126614315183,0.76,0.04710321218,24.7419924166,,2026-08-17
1494,870543,红岭云,-0.12,10619611.94,72.0921653338,,-3605818.39,-90.46,,2.341278637667,-5.01,0.211507430333,11.1582895561,,2026-08-17
1495,870542,靖瑞能源,0.04,11333538.81,32.6303623651,,1492821.27,137.59,,1.252975601143,3.05,-0.084370414,26.9465547452,,2026-08-17
1496,870368,ST爱尚游,-0.01,246845503.78,279.503050919,,-206781.84,-251.06,,-2.14836436238,,-0.297418960337,1.2582996419,,2026-08-17
1497,870016,新迎顺,0.01,96546413.63,-11.1168347684,,830043.5,-89.09,,1.961005646121,0.55,-0.1670310403,15.031264471,,2026-08-17
1498,870010,中能数科,0.22,16618215.42,300.2866017807,,1120800.09,293.91,,0.627293898,43.51,0.191554214,18.261189564,,2026-08-17
1499,839820,赢家伟业,0.3375,8596744.63,-15.557816645,,20474241.65,51.69,,2.595165834233,13.91,-0.126531097489,44.502204435,,2026-08-17
1500,838955,迈特望,0.05,301932883.87,4.8850236386,,2174675.13,-50.87,,0.767331364431,6.23,-1.349372525358,9.8724918657,,2026-08-17
1501,838952,恒源科技,-0.01,62187476.31,-68.5051311916,,-969726.39,81.14,,0.557521960792,-2.33,0.03038848528,4.3240462543,,2026-08-17
1502,838704,红岭医疗,0.04,49530330.21,-3.5887553489,,3418086.39,-17.44,,1.666801314752,2.45,0.073056369816,24.9732809726,,2026-08-17
1503,838665,中联橡胶,0.04,79529977.65,-23.4970422005,,3035241.82,-72.5,,1.586108167442,2.66,0.144027717724,33.9238495561,,2026-08-17
1504,838582,德华生态,0.01,5030018.87,-16.553173962,,157694.8,-72.05,,0.174647527248,6.35,0.39493496049,60.810682406,,2026-08-17
1505,838558,海兴科技,0.001,38580359.55,-26.7981482508,,54447.97,-89.61,,1.646976011451,0.05,0.170747596706,37.8663809524,,2026-08-17
1506,838209,安德建奇,0.14,30872872.79,22.042117122,,4087514.05,245.64,,1.492237843,9.38,0.206380528,34.053942798,,2026-08-17
1507,837519,宙斯物联,-0.08,11766962.35,14.3029165904,,-1057588.36,-8.91,,0.242733422857,-26.93,0.000204467857,61.7892597404,,2026-08-17
1508,837363,沃达农科,0.26,221571879.92,13.8847559918,,16122619.45,-22.65,,1.213492811974,24.09,-0.211416827508,19.2914200644,,2026-08-17
1509,837348,飞宇竹材,-0.054,42402861.1,-0.4062336708,,-3246930.68,20.41,,0.883112649191,-5.92,0.113906299793,13.4913906552,,2026-08-17
1510,837291,汉盛海装,1.05,209543629.49,25.5073419154,14.2472,50521081.47,14.73,-1.3968,7.649797517083,14.68,0.910194873125,48.3705570705,,2026-08-17
1511,837220,弘方科技,0.5,133177536.67,111.8617260031,,21638568.78,102.85,,2.726262438799,14.98,0.062469966051,27.5339461195,,2026-08-17
1512,836941,宜美科技,-0.05,93914643.38,3.8850752354,,-3489290.46,-474.93,,1.304330185548,-4.07,-0.04581841958,20.2584479643,,2026-08-17
1513,835862,汉神机电,0.57,235935941.86,33.809977272,,32730560.99,2785.52,,2.190085978601,29.89,0.327930890745,17.8735455766,,2026-08-17
1514,835453,火焰山,0.28,9735144.26,-11.7483469362,,4207780.47,-21.26,,1.942449149425,10.16,0.297195546315,74.7469783257,,2026-08-17
1515,834920,人合机电,0.01,83475619.58,7.578261653,,634754.89,68.14,,1.641240085324,0.69,0.266409451976,17.0309103443,,2026-08-17
1516,834410,苏州电瓷,0.57,591230071.98,15.3572172244,,127111821.34,12.69,,4.700002982617,12.03,-0.035986481714,36.616431616,,2026-08-17
1517,834240,中广瑞波,-0.05,13410523.71,20.2896623947,,-2120960.46,27.4950497869,,0.029220938943,-94.78,-0.158851526682,23.3372223015,,2026-08-17
1518,833347,三元环境,0.04,35858540.98,-30.4125036346,,1676235.15,-42.15,,1.505755853494,2.85,0.062455169046,36.2476081703,,2026-08-17
1519,832987,牡丹联友,-0.03,31998934.52,21.2638709555,,-2229031.17,59.78,,1.071731591911,-2.86,-0.003869308368,38.1887421357,,2026-08-17
1520,832952,文山坤七,-0.0789,3368029.54,-46.861887417,,-2381300.01,-144.61,,0.12478056457,-48.02,0.021388703642,-15.0871907139,,2026-08-17
1521,832944,银信农贷,0.08,21886162.82,34.3441151977,51.7605,13648949.31,386.1,25.18,1.216618189423,6.84,-0.023979978097,,,2026-08-17
1522,832236,丰源股份,0.14,168236667.91,14.3907057348,,9321528.47,2452.8366493467,,5.731801304916,2.51,0.657127546637,28.4584431235,,2026-08-17
1523,831773,金巴赫,-0.01,51575945.53,-12.0557562818,,-63589.55,-101.89,,1.705518960819,-0.27,-0.334895699661,8.2640815524,,2026-08-17
1524,831584,雷博司,0.0752,222639926.6,7.1943594316,,5642419.89,-57.9,,2.686982211867,2.84,-0.1210059652,20.2688758073,,2026-08-17
1525,831502,永强节能,0.03,82154877.66,-20.6598593704,,1893127.45,-79.37,,2.333816691313,1.25,0.319564214321,17.0807953949,,2026-08-17
1526,831161,伊菲股份,-0.0666,17352568.39,-42.0402916722,,-4070919.62,-30.61,,0.079059340917,-59.29,-0.028097131588,14.8823459557,,2026-08-17
1527,830806,亚锦科技,0.11,2378115865.79,-2.0413899304,,412003568.41,1.85,,0.206983914111,52.58,0.126500331385,50.5032529469,,2026-08-17
1528,688380,中微半导,0.43,725773748.57,44.0139092508,23.1917,171622263.44,98.48,134.8832,8.063179101969,5.26,0.482644456084,38.746032871,半导体,2026-08-17
1529,688100,威胜信息,0.41,1066739586.84,-22.0189784391,0.5594,202352240.62,-33.68,-63.5347,7.322146907358,5.66,-0.204094749226,38.1006900291,通信设备,2026-08-17
1530,605020,永和股份,1.0,3134104937.92,28.1591303903,36.745,512891744.3,89.01,84.4989,11.821425719237,8.59,0.830233118687,30.4299406124,化学制品,2026-08-17
1531,603208,江山欧派,-0.53,435707941.2,-49.7908939387,-8.7217,-92514152.29,-1017.11,-54.428,5.444224856998,-8.91,-0.71040537352,16.4545407854,家居用品,2026-08-17
1532,603181,皇马科技,0.4,1317759804.17,10.3600097765,0.5696,232057814.09,6.13,6.4203,6.136948364991,6.43,0.303798938543,28.9008148325,化学制品,2026-08-17
1533,600477,杭萧钢构,0.035,2972250899.36,-37.5516748785,27.2625,81662482.95,-36.01,172.8643,2.120263724504,1.638,0.028297859726,15.2619519522,专业工程,2026-08-17
1534,430468,锦棉种业,-0.0325,185305472.86,81.165656232,,-2239510.2,-158.19,,1.317161201014,-2.43,1.478853806377,3.3217211262,,2026-08-17
1535,430435,数聚股份,-0.06,25675701.15,2.4654678535,,-1761334.56,55.35,,1.515493482667,-3.8,0.164504173168,33.0393844766,,2026-08-17
1536,430220,迈达科技,0.05,37888380.36,-7.4052629262,,2846055.03,-68.11,,2.136156621698,2.44,0.023378678491,54.5193368355,,2026-08-17
1537,400119,西创5,0.1185,1229606.83,33.4079763596,,129474614.97,-1.65,,2.001040551063,5.55,-0.046191519362,,,2026-08-17
1538,301696,三瑞智能,0.71,735320317.3,68.7919259598,19.9778,265147519.03,65.45,3.5135,5.302905639009,17.01,0.58857059036,56.0154700053,航空装备Ⅱ,2026-08-17
1539,301584,建发致新,0.35,10004379631.67,1.7853110574,21.2064,147977054.72,7.98,27.0335,5.152468583519,6.82,0.18148791312,8.0960866438,医药商业,2026-08-17
1540,300682,朗新科技,-0.1674,1482396790.08,-3.8934814504,13.8354,-180485266.39,-730.23,-163.0508,5.909158832324,-2.7,-0.328305594366,43.8338231537,IT服务Ⅱ,2026-08-17
1541,300012,华测检测,0.3363,3429393251.1,15.8598162158,29.4137,563683787.04,20.63,116.1164,4.810027317613,7.14,0.260040276619,49.3831923168,专业服务,2026-08-17
1542,002767,先锋电子,0.0894,344607530.76,21.0417051456,48.9959,13413732.19,2.1,3828.3974,5.804902346733,1.55,-0.970054739267,31.1682906909,通用设备,2026-08-17
1543,000712,锦龙股份,0.016,349326571.88,-16.28,32.3974,14248853.54,-88.59,290.7907,2.99330962923,0.53,1.751164118672,,证券Ⅱ,2026-08-17
1544,900939,汇丽B,0.0191,6262410.39,-17.9774663266,1.1791,3235425.58,-92.32,7.6242,0.982100018953,1.83,0.035368309917,90.9222878317,房地产开发,2026-08-15
1545,688699,明微电子,0.8,483759700.31,69.2571939285,24.677,84982798.36,340.36,158.8616,11.65381467454,6.89,0.433252687966,32.9679769207,半导体,2026-08-15
1546,688657,浩辰软件,0.23,181382515.51,25.7984430363,43.3133,22072354.2,-16.89,318.7024,14.666940024925,1.58,0.216979635544,92.791910321,软件开发,2026-08-15
1547,688628,优利德,1.25,815111082.45,32.0190119385,6.3754,139975388.73,42.82,-7.1006,11.870651696,10.56,0.909148776388,44.9317393979,通用设备,2026-08-15
1548,688623,双元科技,0.51,182169690.96,12.7995638609,24.6828,43693094.97,19.68,34.69,24.74411946017,2.05,0.84663723458,37.6965091822,自动化设备,2026-08-15
1549,688585,上纬新材,-0.41,802730868.27,2.4186817789,-7.93,-166536944.52,-656.97,-205.5093,2.918473846755,-13.29,0.515694932639,14.268288527,塑料,2026-08-15
1550,688531,日联科技,0.78,715401975.65,55.3899509991,41.7384,128022734.82,54.63,89.9512,20.711676797965,3.72,0.21430608677,44.984212611,专用设备,2026-08-15
1551,688508,芯朋微,1.22,665113984.32,4.5737666335,26.4877,157573761.51,74.13,948.1416,21.856654415025,5.59,-0.433419197379,35.1010190018,半导体,2026-08-15
1552,688505,复旦张江,0.04,372225274.0,-4.5779572226,49.73,36894990.0,545.57,278.4319,2.07672945278,1.73,0.079711473037,91.6292774359,化学制药,2026-08-15
1553,688499,利元亨,0.23,1959865832.13,28.1791160749,23.9813,38950091.32,16.58,6.3322,14.026697253238,1.67,0.548646961975,24.3963965258,电池,2026-08-15
1554,688352,颀中科技,-0.26,961326916.26,-3.4580594835,28.6835,-303449852.9,-405.92,96.4655,4.850312938003,-5.09,0.00600476997,15.8962717516,半导体,2026-08-15
1555,688345,博力威,0.72,1755407712.19,30.4767874994,37.147,72482610.39,101.24,59.2614,12.421661261792,6.12,0.281002026693,16.413667426,电池,2026-08-15
1556,688300,联瑞新材,0.62,629369232.82,21.2056258637,14.0997,149016641.82,7.48,8.0177,7.177236463666,8.26,0.240669417494,38.0441698234,非金属材料Ⅱ,2026-08-15
1557,688286,敏芯股份,-0.26,247078752.77,-18.7207071744,30.866,-20615464.03,-181.84,1.0284,18.481121738419,-1.94,-0.62804796459,23.8092970158,半导体,2026-08-15
1558,688227,品高股份,0.04,181677205.78,10.0354030321,84.8977,4424385.11,127.9887231964,228.8694,11.193909588385,0.35,-0.225581717439,35.1478730069,IT服务Ⅱ,2026-08-15
1559,688183,生益电子,1.35,5783539107.99,53.4617074251,39.9243,1110707603.86,109.36,49.7554,7.774918795891,17.95,1.095336333284,34.3088361251,元件,2026-08-15
1560,688181,八亿时空,0.34,470051996.34,13.165472152,-7.9791,43697608.76,41.54,-23.4318,15.489198892166,2.08,-0.458068523766,39.7755743377,光学光电子,2026-08-15
1561,688123,聚辰股份,3.31,601921678.97,4.7083712207,14.9763,525334159.47,156.07,1503.2156,19.653637515703,18.21,0.545191501467,51.4957972938,半导体,2026-08-15
1562,688083,中望软件,-0.1,360035053.32,7.924265346,44.5322,-17252760.29,67.0786040113,154.9589,15.366512181767,-0.65,-0.020736198253,95.9905331892,软件开发,2026-08-15
1563,688059,华锐精密,2.43,621346107.24,19.695053535,-51.395,237847287.36,178.32,-64.234,21.745160097084,12.14,-0.370039864475,55.8026835607,通用设备,2026-08-15
1564,688045,必易微,0.54,451977509.07,59.9452914523,20.8087,37598349.72,526.5474738158,75.8503,20.666843639646,2.63,0.176419014985,33.1758348393,半导体,2026-08-15
1565,605589,圣泉集团,0.53,6085257643.9,13.7277672937,27.8459,447436932.73,-10.68,52.2949,12.759235605113,4.18,-1.151564743074,24.5925988002,塑料,2026-08-15
1566,603997,继峰股份,0.29,13077685438.39,24.2759603967,9.5182,365044111.29,137.26,77.3209,4.322491794185,6.7,0.191127773792,15.583228042,汽车零部件,2026-08-15
1567,603956,威派格,-0.23,141197282.41,-57.4050003103,118.551,-130140365.09,-62.5408708148,-24.1185,3.117505277789,-7.08,-0.263297091234,39.4707134647,专用设备,2026-08-15
1568,603809,豪能股份,0.2041,1495082213.15,19.311770506,17.5573,187858613.48,2.19,-18.6543,4.042184763136,4.99,0.084563594817,28.0452811258,汽车零部件,2026-08-15
1569,603711,香飘飘,0.03,1276688762.39,23.3140734099,-54.644,10859664.36,111.1505955922,-188.3716,8.402238827284,0.31,-0.331736218644,35.104952034,饮料乳品,2026-08-15
1570,603697,有友食品,0.29,1033713619.2,34.0824517139,-6.6888,124119438.78,14.42,-11.2959,4.242694827694,6.82,0.461399503481,23.0800350695,休闲食品,2026-08-15
1571,603669,灵康药业,0.03,257457947.37,50.0271209486,97.5158,21112693.34,159.08,514.2547,0.815527509666,3.35,-0.019936508955,41.3130295478,化学制药,2026-08-15
1572,603568,伟明环保,0.45,3068797068.05,-21.3884539765,10.8064,929541087.65,-34.76,11.5459,7.127763520643,6.08,0.562089926894,46.9249001716,环境治理,2026-08-15
1573,603499,翔港科技,0.1949,538406436.53,4.4757485643,4.8097,82585479.06,5.45,69.7378,2.250385476271,8.82,0.327066776656,24.4944165601,包装印刷,2026-08-15
1574,603312,西典新能,0.52,1190428753.7,-14.484726781,22.2317,83794695.65,-39.73,-59.8133,11.305097660868,4.59,0.495677422929,15.8743799201,电网设备,2026-08-15
1575,603187,海容冷链,0.41,1836692359.13,2.5715450268,19.5197,157008250.79,-28.91,-49.7698,10.986800362957,3.66,-0.097803038811,26.7191572242,通用设备,2026-08-15
1576,603053,成都燃气,0.2823,2697933968.16,-4.4850792978,-32.7455,250902896.98,-9.24,-49.7165,5.478755792505,5.01,0.324305869703,20.5720590874,燃气Ⅱ,2026-08-15
1577,601921,浙版传媒,0.2907,4607261132.46,-9.5415426882,-11.9503,645981172.66,-4.45,295.5965,6.543476316518,4.39,0.140511236238,30.7902242112,出版,2026-08-15
1578,601089,福元医药,0.4,1710146067.1,4.6619435366,10.8247,186196276.96,-30.49,-4.85,7.773777864896,4.86,0.535070388229,60.1771660303,化学制药,2026-08-15
1579,600873,梅花生物,0.24,12235095339.54,-0.3693289884,4.4078,661862706.23,-62.56,361.2765,5.58828959342,4.03,0.138768384679,12.9300301342,化学制品,2026-08-15
1580,600865,百大集团,0.03,86391074.97,-6.1306403901,-24.8415,11379652.89,-80.33,-158.8508,6.099211975651,0.5,0.04430047781,76.023142417,一般零售,2026-08-15
1581,600864,哈投股份,0.19,1572729947.66,6.62,-42.6312,404093057.84,6.33,308.4765,6.367139331802,3.08,-0.007454474867,18.5457890575,证券Ⅱ,2026-08-15
1582,600860,京城股份,-0.1,652122001.04,-4.1481619346,10.77,-62633850.04,-297.531279779,5.5618,1.45004799447,-7.58,-0.161910966222,11.6106217332,通用设备,2026-08-15
1583,600817,宇通重工,0.19,1498531325.44,-9.7178297692,30.2333,103149929.12,-13.1,31.2078,4.593326425033,3.95,0.762459866275,23.1552134806,环保设备Ⅱ,2026-08-15
1584,600794,保税科技,0.04,370582589.5,-11.795748142,50.6903,47856857.88,-1.67,6.6283,2.083783997657,1.92,0.200668013256,26.9602589843,物流,2026-08-15
1585,600763,通策医疗,1.03,1586118351.78,4.1020472759,10.0015,458411209.7,32.7,45.3042,9.248127370579,9.53,0.895059901938,42.9469854961,医疗服务,2026-08-15
1586,600745,*ST闻泰,-0.32,1514356584.41,-94.0241375365,-14.5109,-406161565.47,-185.74,-14.5779,18.030344769638,-1.65,-0.120985085527,25.7257882774,半导体,2026-08-15
1587,600674,川投能源,0.4779,679525406.61,-4.5332623609,6.4322,2329685397.34,-5.34,-39.6253,9.166167791516,5.06,0.090620894574,48.368584199,电力,2026-08-15
1588,600661,昂立教育,0.1121,685475781.83,8.4026253095,5.0345,31115668.43,977.3,-73.5384,0.925357306467,12.48,0.543854020064,45.0618047811,教育,2026-08-15
1589,600633,浙数文化,0.24,1727286503.66,22.1572468526,-2.3232,301394441.2,-20.13,-11.6647,8.14873259797,2.9,0.143769222657,41.021721382,游戏Ⅱ,2026-08-15
1590,600523,贵航股份,0.26,1304875697.97,5.7612251862,19.0552,103242970.48,18.02,44.6861,8.054654098505,3.17,0.001147563219,22.8189464677,汽车零部件,2026-08-15
1591,600519,贵州茅台,35.57,92278072083.21,1.3000994756,-31.3105,44516880421.86,-1.95,-36.5904,200.989754763617,16.75,56.54890853726,89.5552128279,白酒Ⅱ,2026-08-15
1592,600509,天富能源,0.2192,4148583657.78,2.0397820495,-5.0921,301319287.29,-0.81,-27.9509,5.781395882537,3.89,0.669777567501,22.1480635736,电力,2026-08-15
1593,600455,博通股份,0.5395,155187247.49,4.363135942,0.5115,33694398.2,13.55,-2.0496,5.74510206827,9.8527,-1.92061474655,66.4434908974,软件开发,2026-08-15
1594,600388,紫金龙净,0.44,5384178272.75,14.961927713,26.7711,556905107.24,25.02,28.0952,8.592301657307,5.02,-0.048846380161,25.4986118392,环保设备Ⅱ,2026-08-15
1595,600329,达仁堂,0.84,2454590636.5,-7.3920775705,-38.0026,644747359.84,-66.55,-47.8663,7.714421247778,9.06,1.080504303501,76.0207077377,中药Ⅱ,2026-08-15
1596,600298,安琪酵母,1.03,9186922783.9,16.300503045,2.6354,880947198.63,10.21,6.8315,14.34482915862,7.06,0.230291483041,26.7979396289,调味发酵品Ⅱ,2026-08-15
1597,600230,沧州大化,0.2433,2152615667.91,-4.1052202347,5.2877,100737314.05,330.75,-25.7929,9.926681254031,2.4527,0.812920733997,14.2333749864,化学制品,2026-08-15
1598,600183,生益科技,1.36,19025611766.13,50.0454791459,33.6881,3286977278.33,130.42,83.8154,7.616649944865,18.17,1.228101686219,30.6922750301,元件,2026-08-15
1599,600020,中原高速,0.2857,2923216105.08,-5.8556715495,3.2042,686817918.93,3.57,-12.8731,5.297911817629,5.4,0.457511554603,45.8757190722,铁路公路,2026-08-15
1600,301439,泓淋电力,0.26,2293154881.8,22.2368412803,10.78,102489931.17,10.84,-14.253,7.659432446818,3.37,-0.403553679572,12.6081330435,电网设备,2026-08-15
1601,301391,卡莱特,0.14,316609605.71,16.163803187,43.4874,12537846.84,55.11,-29.089,22.019883670242,0.6,1.808481212682,43.100620003,计算机设备,2026-08-15
1602,301305,朗坤科技,0.794,1041084036.35,21.7807551368,7.2686,191738486.03,30.67,5.4645,16.303960603925,4.93,0.967124015549,35.6987299923,环境治理,2026-08-15
1603,301282,金禄电子,0.27,1339874625.88,43.466660177,45.3293,55634843.57,6.26,424.23,8.312106256854,3.2,-0.084147778492,15.1322990057,元件,2026-08-15
1604,301208,中亦科技,0.1918,660157694.66,74.7062674071,112.278,23015773.07,4.25,156.4004,13.048005452581,1.47,-2.685036960315,18.7454895036,IT服务Ⅱ,2026-08-15
1605,301165,锐捷网络,0.6234,8831874964.39,32.826807448,94.4852,694194168.56,53.54,364.7333,4.791849808105,13.09,-2.710189139262,31.6135377812,通信设备,2026-08-15
1606,301162,国能日新,0.38,351672267.75,9.6616700324,31.6251,70119963.46,52.52,110.1357,8.676984603635,4.36,0.108305454775,63.6992915743,软件开发,2026-08-15
1607,300946,恒而达,0.19,357867758.66,12.0044205918,19.0838,29201866.49,-32.26,3.2981,7.672651432236,2.44,-0.099082066858,27.1663993102,通用设备,2026-08-15
1608,300939,秋田微,0.29,640394211.02,1.5579681779,17.8908,34496571.3,-32.7,38.3937,12.0584518385,2.38,0.06161317075,24.3016139203,光学光电子,2026-08-15
1609,300871,回盛生物,1.0169,864930090.25,5.1970461219,-11.2401,205760223.49,75.59,64.8998,11.465171263053,9.06,0.635681384658,35.7212124208,动物保健Ⅱ,2026-08-15
1610,300812,易天股份,0.04,271359339.75,-10.8424466003,4.854,8307742.9,-72.28,-107.003,3.959923084666,1.07,0.50749007184,27.8322451807,消费电子,2026-08-15
1611,300797,钢研纳克,0.2018,610048445.79,22.1576618904,26.2372,76921409.3,32.02,126.1582,3.536685152004,5.67,0.071722093049,49.4583771047,专业服务,2026-08-15
1612,300656,民德电子,-0.3085,150799664.51,15.9336900486,30.2876,-52420931.29,-608.05,0.4608,4.568758233861,-6.1,-0.206944372067,27.7116297478,其他电子Ⅱ,2026-08-15
1613,300639,凯普生物,0.0484,300069541.11,-4.7377468961,38.4652,31262051.9,134.89,1317.8943,5.890186160394,0.83,0.109378869619,47.3429555144,医疗器械,2026-08-15
1614,300570,太辰光,0.7763,1000911536.29,20.8130898986,93.7253,176314614.13,1.71,68.0415,7.344700892563,9.82,-0.319760538853,34.8087299804,通信设备,2026-08-15
1615,300481,濮阳惠成,0.21,762045779.29,5.7068730417,15.8914,62224750.02,-11.92,138.5223,8.317474556667,2.55,0.198215730077,21.0570577964,电子化学品Ⅱ,2026-08-15
1616,300403,汉宇集团,0.1478,574471096.04,0.3671295193,26.3047,89150175.97,-24.0,67.9555,3.718956714411,3.97,0.208737868192,32.7053702554,家电零部件Ⅱ,2026-08-15
1617,300401,花园生物,0.24,692107564.32,8.9313600105,49.964,131924015.28,-18.34,62.4239,6.095813602587,3.72,0.357405300163,45.2498435309,化学制药,2026-08-15
1618,300343,联创股份,0.0265,615183699.42,38.8008647348,39.0502,28354180.02,142.36,148.4778,1.85365833569,1.44,0.008539342565,14.9021737648,化学制品,2026-08-15
1619,300342,天银机电,0.0584,404397774.52,5.3409707471,9.1933,24824772.49,39.44,41.3179,3.700426527984,1.59,-0.011597864951,25.7676691158,家电零部件Ⅱ,2026-08-15
1620,300295,*ST三六五,0.0136,70191187.07,62.5979574999,18.3803,2584969.08,131.42,186.3145,5.716706034512,0.24,0.996550847003,59.5050461796,数字媒体,2026-08-15
1621,300234,开尔新材,-0.0024,99076804.37,-12.9750590351,3.462,-1211925.2,-110.43,-231.1819,2.234628329322,-0.11,0.001662737261,21.7320138825,装修建材,2026-08-15
1622,300221,银禧科技,0.2005,1286355089.76,18.5088274429,20.4374,93374888.94,95.45,43.0261,3.205326193112,6.16,-0.008846495228,20.7553234768,塑料,2026-08-15
1623,300213,佳讯飞鸿,0.01,339650582.82,3.695605859,24.1995,4887049.77,141.68,425.2656,3.452822665516,0.24,0.035546660934,45.3558515228,通信设备,2026-08-15
1624,300198,*ST纳川,-0.0802,66847419.69,88.102163423,90.2425,-82683805.99,-7.85,-28.0538,0.421153236841,-26.01,-0.017879669104,27.2488338734,装修建材,2026-08-15
1625,300187,永清环保,0.1351,377259449.77,1.6064853428,-18.381,87240214.7,21.62,-3.9407,1.830367849329,7.54,0.090813685246,32.2064787308,环境治理,2026-08-15
1626,300105,龙源技术,0.0181,358593199.29,-1.0327173367,129.1724,9321906.49,-67.04,-123.322,3.464473604034,0.51,-0.1966701036,21.7531815758,其他电源设备Ⅱ,2026-08-15
1627,300030,阳普医疗,0.1,215097732.0,-6.866566159,25.6709,30814928.63,101.85,-57.8623,2.106251845843,4.85,0.183573694218,47.7042581648,医疗器械,2026-08-15
1628,300017,网宿科技,0.1415,2318113258.38,-1.3807909051,7.7757,347899361.77,-6.61,88.1247,4.162629413787,3.24,0.1461649632,35.9188599151,IT服务Ⅱ,2026-08-15
1629,003021,兆威机电,0.3,816448456.12,3.7987470384,28.3918,74645686.46,-34.1,-17.7227,18.948607116646,1.72,0.495531909962,30.757321266,电机Ⅱ,2026-08-15
1630,002960,青鸟智控,0.1323,2021070556.6,-6.0125011611,31.1062,138709435.31,-12.54,14.3598,5.894769033793,2.16,0.03222563976,37.5552359848,专用设备,2026-08-15
1631,002866,传艺科技,0.07,1040029024.78,3.3230212374,-6.759,21557126.51,-48.86,-59.0825,7.245037429109,1.03,0.265984428327,19.525797476,消费电子,2026-08-15
1632,002863,今飞凯达,0.08,3056753357.72,18.2511999438,18.8531,49552138.92,9.36,-31.4586,4.713581790919,1.75,0.026199417074,13.5859312787,汽车零部件,2026-08-15
1633,002850,科达利,3.41,9208476646.42,38.584142277,22.3004,943018605.91,22.57,4.4993,52.807076556216,6.84,2.926991655761,20.7221995894,电池,2026-08-15
1634,002796,世嘉科技,-0.16,407905426.01,-0.71935871,11.6692,-40700891.21,8.76,26.7445,3.295499301477,-4.79,0.006694862514,5.9616207997,通信设备,2026-08-15
1635,002772,众兴菌业,0.5093,1085359564.86,19.5533571019,-19.7002,190849287.14,176.51,-82.6981,9.50419529923,5.34,0.457920529,30.9341683706,种植业,2026-08-15
1636,002742,冀衡医药,-0.0294,240714752.19,-50.5056144945,-30.3619,-20138456.92,84.62,-49.4459,0.216695870492,-12.72,-0.097829688963,12.0997690939,化学制药,2026-08-15
1637,002706,良信股份,0.14,2538384995.15,8.774552061,23.2305,154007810.42,-37.51,72.5834,3.756363265712,3.6,0.139054549306,27.5018453443,电网设备,2026-08-15
1638,002697,红旗连锁,0.2,4675894182.46,-2.7471687087,-9.4533,267948940.55,-4.57,-12.034,3.610071279331,5.47,0.21465685536,29.6194019288,一般零售,2026-08-15
1639,002655,共达电声,0.0379,717476458.56,9.8687509834,50.0646,13772030.5,-68.03,63.3692,2.400633009295,1.67,0.187039263163,21.3111041297,消费电子,2026-08-15
1640,002648,卫星化学,1.85,30713154590.56,30.9167563939,42.2767,6226634598.0,126.94,94.1248,11.294497228178,17.28,2.858500646071,28.0936494598,化学原料,2026-08-15
1641,002521,齐峰新材,0.14,1666276293.9,-0.8105949158,7.1581,79540006.6,26.1,-1.7041,7.019720386197,2.0,0.510565587734,12.3146004952,造纸,2026-08-15
1642,002421,达实智能,-0.0086,1091656916.47,10.2426640011,11.541,-18198341.32,79.5,87.8171,1.279639115535,-0.67,-0.049808715433,25.6151832385,IT服务Ⅱ,2026-08-15
1643,002396,星网锐捷,0.4939,10728935713.24,20.7331209302,74.8111,372707820.7,75.86,801.1616,9.511691549437,5.21,-4.689330727692,29.8364129877,通信设备,2026-08-15
1644,002313,日海智能,0.0386,1457814617.23,10.9260237693,17.4823,14468973.13,133.27,-53.2513,0.229892510443,20.51,-0.493895310443,13.8465722194,通信设备,2026-08-15
1645,002309,中利集团,0.04,1478304701.7,76.566777605,26.3429,114921265.69,261.37,535.9479,0.658654889706,6.02,-0.153464357452,9.0793089196,电网设备,2026-08-15
1646,002301,齐心集团,0.11,4811795994.86,0.8085662392,30.3123,76773863.92,-12.25,-20.2725,4.324787464532,2.46,0.230954890283,9.0173568903,文娱用品,2026-08-15
1647,002236,大华股份,0.73,16703694265.38,10.027874035,42.0002,2382974277.66,-3.74,141.5079,11.959105403371,6.15,-0.338690676727,43.0578199109,计算机设备,2026-08-15
1648,002225,濮耐股份,0.01,2676210666.93,-4.2089052067,5.7664,15205673.67,-77.93,-119.5638,3.510612165981,0.37,0.086536143236,17.5408534029,装修建材,2026-08-15
1649,002217,ST合力泰,0.0003,935583135.87,12.2973274033,36.188,2497527.17,-77.9,101.7698,0.249891750299,0.13,-0.010615650794,16.067999614,光学光电子,2026-08-15
1650,002193,ST如意,-0.3592,159680769.17,3.3681091809,-5.8352,-93998667.57,1.8,-109.2717,0.785871473667,-37.2,-0.000741989461,5.8458439914,服装家纺,2026-08-15
1651,002173,创新医疗,-0.12,337763261.5,-15.880954956,2.6621,-52830895.3,-365.01,-10.0658,3.740682233346,-3.07,-0.005633605132,1.4391852739,医疗服务,2026-08-15
1652,002154,报喜鸟,0.2,2628929228.1,9.9615278039,-17.389,291341680.64,47.71,-77.021,3.208842696625,6.14,0.209762511485,64.8877227712,服装家纺,2026-08-15
1653,002092,中泰化学,0.0291,15365559032.29,10.1073834304,11.1258,74844825.51,138.55,252.4793,8.339185358575,0.35,0.105437998852,17.6680375728,化学原料,2026-08-15
1654,002051,中工国际,0.11,5047982117.65,5.4356390323,15.9694,130274391.08,-26.4,-33.2496,9.358943765257,1.12,-0.282524973403,19.5920210104,专业工程,2026-08-15
1655,002049,紫光国微,0.9495,3443429374.17,13.0004772994,29.7017,797706633.99,15.29,38.6196,16.663687414464,5.65,0.973613786752,53.5936044277,半导体,2026-08-15
1656,002028,思源电气,1.87,10795207710.32,27.0490902851,36.2881,1463716011.88,13.23,66.153,21.025062066469,9.01,0.29034063463,30.4579609268,电网设备,2026-08-15
1657,001296,长江材料,0.37,539578468.85,5.2365525468,49.596,54757833.72,-25.38,50.7767,12.179199909679,3.01,0.232896966802,24.1172921646,非金属材料Ⅱ,2026-08-15
1658,001267,汇绿生态,0.03,1036855673.68,49.0075906313,68.2089,27089590.76,-27.79,-17.7944,2.069500288613,1.67,-0.607582633423,20.2606158642,通信设备,2026-08-15
1659,001205,盛航股份,0.3861,802481823.55,12.5119741875,-1.5795,72586666.88,33.92,-15.4404,11.54325143367,3.31,1.191491422076,24.2935206803,航运港口,2026-08-15
1660,000848,承德露露,0.29,1540469124.44,11.2931890696,-64.7807,297884799.22,15.28,-80.0966,3.161686110701,8.43,-0.181947848741,47.8597804865,饮料乳品,2026-08-15
1661,000802,北京文化,-0.0548,97468626.97,-38.2195485632,-3.6409,-39204762.95,83.15,9.7992,0.826729157234,-6.41,-0.038617859509,1.4689733348,影视院线,2026-08-15
1662,000791,甘肃能源,0.2588,4169534583.43,6.0774043293,-25.8201,839596217.61,1.8,-27.6558,4.675415568988,5.47,0.642632370397,41.3927817152,电力,2026-08-15
1663,000698,ST沈化,0.0949,3128172663.1,21.7480363713,20.0223,77807589.19,24.66,744.8792,1.783709758326,5.48,0.217309237466,8.6183944831,炼化及贸易,2026-08-15
1664,000635,英力特,-0.63,804918668.88,-7.1577464446,10.2726,-246806972.09,-58.64,8.7866,2.496913904704,-22.38,-0.45740828625,-17.2888239185,化学原料,2026-08-15
1665,000595,新能股份,0.025,404926903.82,20.686175712,12.4104,28839885.14,-74.4,1263.5296,0.450126286889,5.83,0.312270755934,31.286140433,电力,2026-08-15
1666,000407,胜利股份,0.1143,2002635461.2,-7.2117152244,-2.2409,100585129.03,13.73,79.4662,3.543235756902,3.26,0.002135398506,13.4675850541,燃气Ⅱ,2026-08-15
1667,000001,平安银行,1.24,70617000000.0,1.7755999135,0.1786,25696000000.0,3.3,-23.0669,24.127280222612,5.22,11.079666082655,,银行Ⅱ,2026-08-15
1668,920992,中科美菱,0.1016,156298460.88,4.0423098675,4.8335,9826573.58,-11.04,-37.5882,6.481886864651,1.56,-0.067894011754,38.4610665208,医疗器械,2026-08-14
1669,920819,颖泰生物,0.0,2763626143.04,-3.3626813956,3.8839,5715241.61,-62.62,228.9427,3.882709782542,0.12,0.139636024041,14.186347213,农化制品,2026-08-14
1670,920510,丰光精密,0.02,132806101.91,30.857184657,18.6975,3495075.17,332.67,556.5464,2.152341187511,0.89,0.110739388846,29.6499475805,通用设备,2026-08-14
1671,920429,康比特,0.19,446490153.58,-20.6128060758,95.9593,23815775.08,56.83,499.522,6.70703883576,2.78,0.359794168675,40.2739843372,食品加工,2026-08-14
1672,920274,宏裕包材,0.21,370897191.65,15.4538553988,15.852,16751024.35,37.19,-27.0603,6.092875505632,3.36,-0.441710149986,13.8348699141,包装印刷,2026-08-14
1673,920081,欧伦电气,3.04,1524708124.95,22.7356580215,43.136,162906306.11,8.6,71.6517,19.529702478358,16.88,3.702490342351,23.2146451683,小家电,2026-08-14
1674,920023,*ST田野,0.003,248049711.81,-6.7541505606,18.7253,956562.35,-94.16,-53.7508,3.687551836977,0.08,-0.124057363521,15.9307588675,农产品加工,2026-08-14
1675,920015,锦华新材,0.4705,410776985.64,-28.0119756285,-9.2725,63784858.27,-43.82,18.9863,12.428261446451,3.73,0.719157778881,24.6055476848,化学制品,2026-08-14
1676,920000,安徽凤凰,0.3,209115574.24,3.8876698141,31.0533,27928097.85,-14.58,14.7941,7.447232018106,4.14,0.202113079843,26.603411832,汽车零部件,2026-08-14
1677,875099,兆力集团,0.37,550531547.4,0.9227613723,,37573384.7,-20.59,,7.408918470217,4.97,1.121485545266,16.8569273202,,2026-08-14
1678,874883,芯愿景,0.56,114227359.25,-1.8768348685,,34877337.32,-49.19,,12.190508644315,4.37,0.477020980594,58.5985878072,,2026-08-14
1679,874767,天工流体,0.28,62046952.63,3.0121808199,,12369843.9,-20.54,,3.134086437955,8.98,0.250331572727,48.6462681254,,2026-08-14
1680,874654,玉健健康,0.5,295745381.46,14.9717453868,54.0062,27168818.27,-3.02,83.5316,6.419649772222,8.16,0.728379687963,23.5439805032,,2026-08-14
1681,874567,辛帕智能,0.88,152520729.73,8.8171736042,-7.8618,47766743.67,28.74,-23.8111,10.497958133209,8.76,0.661970361846,50.0770705498,,2026-08-14
1682,874539,四维材料,0.78,1460811184.16,36.6895726957,20.8389,50538572.14,64.9,38.613,7.760588389632,10.57,0.035862654343,7.9390957885,,2026-08-14
1683,874507,天润新材,0.16,109208774.48,2.9776412846,,8037433.73,-6.21,,4.680368532,3.38,0.2671506866,24.8620093205,,2026-08-14
1684,874377,鸿舜科技,0.34,44587929.41,9.9732812426,,6883033.68,27.32,,10.68201902,3.29,-0.1094097885,39.2382283759,,2026-08-14
1685,874282,尚博医药,-0.02,43285876.67,-3.2714570676,,-3828603.5,-180.426834947,,1.401030936738,-1.75,0.008209139759,23.1197494192,,2026-08-14
1686,874248,天润控制,0.35,99424702.42,-0.3513167963,,15881600.21,16.38,,4.296443589333,8.23,0.512578377778,26.7078557981,,2026-08-14
1687,874214,汇乐技术,0.14,208079462.59,-1.1113067386,,5405809.38,-19.11,,16.255634076115,0.85,1.74201667979,33.6341611608,,2026-08-14
1688,874151,天懋信息,0.06,47058444.74,37.7123158569,,3002957.47,128.99,,5.960799583944,1.09,-0.394804851824,68.0447644773,,2026-08-14
1689,874146,卓英社,0.52,542649847.51,21.9354911325,,28020556.68,76.82,,7.337895689753,7.27,-1.702384801033,18.7675499933,,2026-08-14
1690,874130,国科恒通,-0.15,16294400.35,61.1542259558,,-4773712.96,38.61,,1.74100728756,-8.18,0.044264112552,9.1041557108,,2026-08-14
1691,874071,英轩实业,0.24,3277339983.25,13.1554000188,,115341658.77,-50.99,,3.528927960105,6.94,-0.101957473578,8.0820036573,,2026-08-14
1692,873993,诚展科技,0.35,61192274.7,0.2939044014,,7762709.91,-35.74,,4.994992451121,5.06,0.67325713722,39.2509491889,,2026-08-14
1693,873970,大友嘉能,0.01,295491982.33,41.2297181363,,1282731.1,-81.41,,3.158589924796,0.41,-1.511178281393,5.5819634123,,2026-08-14
1694,873927,恒邦新材,0.29,23882635.5,11.9064532265,,1948262.01,-0.25,,2.647385308824,9.04,0.151401316176,19.6649492892,,2026-08-14
1695,873907,格瑞科技,0.24,116906756.13,22.7080133037,,7657975.18,39.8,,2.271199879762,11.24,-0.229968333274,39.3344287638,,2026-08-14
1696,873814,意可航空,0.3,137376247.29,9.6930392672,,6513210.43,156.67,,6.073551555147,5.01,0.286881278294,28.8121251096,,2026-08-14
1697,873624,索贝数码,-0.65,135912510.72,-29.0107304963,,-52359345.57,17.83,,2.663313372125,-20.94,-2.73622203575,33.3263915736,,2026-08-14
1698,873600,玄宇辰星,0.05,38687625.99,8.1541759291,,1230043.29,-35.93,,1.214665353666,4.34,-0.348335036817,19.0942796333,,2026-08-14
1699,873543,信测通信,0.14,44459102.76,29.8146613685,,7336664.72,106.11,,1.615926843223,7.2,-0.029858303834,50.529637949,,2026-08-14
1700,873467,奇色环保,-0.06,226541.0,-81.9331583562,,-642608.95,-39.8340637128,,0.112218665,-44.52,0.031198418,30.4490710291,,2026-08-14
1701,873412,乐游股份,0.44,7790079.24,259.0210433597,,2189204.16,314.18,,0.466017574,177.19,1.218282362,44.1996696557,,2026-08-14
1702,873325,六八股份,0.23,26690708.28,37.5034340301,,2608044.0,77.94,,1.786334877208,12.7,0.564597368375,27.150565073,,2026-08-14
1703,873031,顺一智能,0.0,5330280.93,-66.0499618442,,11104.24,-7.89,,1.0428139865,0.05,-0.055697155,65.3296836645,,2026-08-14
1704,872967,蓉中电气,0.12,145506270.26,-8.168481701,,8744517.1,-16.32,,2.932131652689,4.26,-0.071381160545,19.4015799385,,2026-08-14
1705,872965,江顺新材,0.0,26554369.83,-11.8163327351,,77534.52,-95.06,,0.809567178125,0.3,-0.03467144625,17.1000477099,,2026-08-14
1706,872887,赉卡睦,0.04,21296045.49,-11.1795380655,,648935.76,-77.85,,1.639672823333,2.37,0.074277220667,39.5355399384,,2026-08-14
1707,872851,新畅月,-0.01,,,,-116135.43,91.85,,0.57831793,-1.99,-0.003301543,,,2026-08-14
1708,872833,鹰君股份,-0.03,37580.0,-97.5026581606,,-1130630.54,-34.0938460545,,0.598465671,-4.61,-0.00046846075,20.0,,2026-08-14
1709,872568,鸿润食品,0.06,1222336030.66,29.2657445665,,12469302.51,145.1335269968,,1.122558027731,5.43,0.076636965351,3.2159184213,,2026-08-14
1710,872564,华日新材,0.1,13769840.85,28.5048570867,,1882597.19,614.66,,1.868666137566,5.58,0.02020852899,34.4623924248,,2026-08-14
1711,872493,智吃科技,-0.01,0.0,,,-33669.38,67.31,,0.02254407392,-23.77,-0.035220707408,,,2026-08-14
1712,872398,玉城股份,-0.09,30900870.63,29.0466254071,,-1136403.73,60.04,,4.815789103333,-1.95,0.534155505833,34.0828955148,,2026-08-14
1713,872139,网娱互动,0.1,45471050.51,-26.6865246769,,6172117.36,105.14,,2.905969815429,3.49,0.426521400459,45.6522818522,,2026-08-14
1714,872138,华博创科,-0.07,12050140.09,19.149507591,,-726995.31,-16.57,,0.168452141,-35.5,-0.080582891,36.2874631111,,2026-08-14
1715,871692,安特股份,0.41,134536220.59,28.0265888106,,14533685.99,491.31,,2.589497510826,17.38,0.186558723647,30.9447059739,,2026-08-14
1716,871380,中财信,0.14,14217241.52,1.7046063448,,967749.0,-3.1,,2.209787327143,6.46,-0.385020518571,58.11021926,,2026-08-14
1717,871373,威麦云健,0.005,8871156.46,-22.4517182344,,245036.02,-65.11,,0.346481986792,1.34,0.021824778679,28.3012619755,,2026-08-14
1718,871325,深新传媒,-0.13,40584419.29,1.792721664,,-7737695.61,35.81,,1.350654316833,-7.99,-0.051850220833,5.104318988,,2026-08-14
1719,871296,风炫文化,1.34,35348820.41,6.5839497102,,7318829.69,6.97,,6.275695775575,23.99,1.28408532944,49.8821933674,,2026-08-14
1720,871080,热点股份,-0.9,4591343.25,-49.870857286,,-13299086.58,-24.92,,2.069456693603,-35.58,-0.559993912458,54.391926807,,2026-08-14
1721,870959,公正股份,-0.13,3991024.14,-3.9440925942,,-1284162.49,-3.72,,1.51044574,-8.16,0.42147816,10.762309997,,2026-08-14
1722,870893,华龙股份,0.004,240566.04,,,94151.62,132.25,,0.004582467136,186.33,-0.016519519249,,,2026-08-14
1723,870716,南大先腾,-0.0132,22968909.08,3.0495926425,,-414467.88,87.32,,0.946221453754,-1.32,-0.47687637958,34.9033145287,,2026-08-14
1724,870621,铭凯益,0.4892,979656435.61,37.8922386358,,42414799.55,153.16,,3.231353943137,16.4,-1.014284210381,10.5742754301,,2026-08-14
1725,839966,斯芬克司,0.25,64406436.9,90.7376231043,,5947697.39,212.6,,1.190553882013,23.12,0.454841412865,27.2119929056,,2026-08-14
1726,839954,汇杰设计,-0.2,8932788.2,-63.0237309759,,-14214523.83,-5994.06,,1.093965595492,-16.77,-0.052278552597,-55.2561483547,,2026-08-14
1727,839683,鑫亿鼎,0.09,141772012.64,-2.7014401582,,7600557.57,-10.39,,4.219125235841,2.21,-0.350455080244,16.395060906,,2026-08-14
1728,839668,粤安科技,-0.08,2129478.32,-46.9072582127,,-1560370.84,69.54,,1.976179798,-3.87,0.009058512,28.7261262186,,2026-08-14
1729,839477,迈凯诺,0.2,44727517.52,-9.7533039761,,6767502.78,-22.41,,1.922294701417,9.13,0.141092154494,34.3660811113,,2026-08-14
1730,839315,移联创,-0.03,89038.63,2178.1000701043,,-245470.55,89.21,,0.522709979618,-5.81,-0.046572757962,39.6925918559,,2026-08-14
1731,839125,柯创文化,-0.02,8028524.56,6.34997188,,-660717.61,-48.47,,0.050484592667,-35.81,0.008244234667,1.34060473,,2026-08-14
1732,838943,星震同源,-0.03,29664822.74,-32.7649379815,,-1828258.68,-166.61,,1.342970007,-2.11,-0.166047136833,32.6018012808,,2026-08-14
1733,838729,摩卡股份,-0.03,,,,-335352.49,-55.3709583234,,0.000479926415,-194.11,-0.016504951887,,,2026-08-14
1734,838669,江苏金色,0.27,79437558.73,13.8315911475,,6797507.0,94.73,,2.724599354902,9.68,0.419477566275,25.6399986928,,2026-08-14
1735,838623,康庄国旅,0.0051,9373156.35,17.9096542968,,51030.56,-60.72,,0.498382984,1.03,-0.109402412,16.2233359097,,2026-08-14
1736,838616,北鳐食品,-0.13,3126047.78,2068.4119919813,,-1079858.35,61.83,,1.514598229039,-8.2,0.186737114695,-15.8530062519,,2026-08-14
1737,838381,德孚转向,0.59,183661460.78,12.1053508056,,23653123.64,-10.7,,8.86228790397,6.65,0.556126220844,32.3104717059,,2026-08-14
1738,838364,点景科技,0.06,45631201.12,9.2343113967,,2590683.91,26.68,,1.61289648885,3.97,0.012769744425,27.6314530201,,2026-08-14
1739,838153,华誉能源,-0.02,52666193.47,-0.6255493026,,-519091.16,-32.25,,0.583918384667,-2.92,-0.406465329,15.8831115159,,2026-08-14
1740,838031,易安达,0.09,96439403.92,-0.6021110103,,2732756.32,31.68,,1.449768877333,6.06,0.086494620333,7.8400333087,,2026-08-14
1741,837619,微柏软件,-0.04,18186309.56,-2.9796759271,,-1089987.46,53.91,,1.935994378333,-1.89,0.109323779667,66.3904728453,,2026-08-14
1742,837201,盈茂光电,0.02,61299290.24,-9.2267492136,,1128711.54,145.73,,1.540134699726,1.01,0.156001642877,9.2745651666,,2026-08-14
1743,837083,如意通,-0.012,2479033.3,-46.3160636307,,-576731.96,31.62,,1.1634366748,-0.99,-0.0009825188,30.2636313921,,2026-08-14
1744,836932,方天科技,-0.41,7377453.24,-30.4110125586,,-4704194.51,209.76,,1.60584959913,-22.46,-0.467996445217,12.5422223618,,2026-08-14
1745,836523,航泰股份,-0.24,29216968.02,-51.2783190397,,-12975321.65,-235.41,,0.822790477355,-25.5,-0.223556238974,17.7449306391,,2026-08-14
1746,836514,光华伟业,0.27,440890507.23,28.2533101841,,15433115.73,-42.85,,4.931735720086,5.56,0.150515002814,31.8599222135,,2026-08-14
1747,836442,群智合,0.19,51063877.13,-12.2790919055,,3700070.46,2891.18,,2.6366448465,7.27,-0.2313585785,15.4680568612,,2026-08-14
1748,836215,寰旗科技,-0.04,9515095.78,-6.2558055483,,-776162.86,-85.8,,0.239323182,-15.0,-0.2657113525,64.2488869408,,2026-08-14
1749,836108,五星铜业,0.33,3237362654.02,34.0192322992,,65406169.68,647.05,,2.697369880064,12.51,-0.725005121561,3.6928784065,,2026-08-14
1750,836073,时代正邦,-0.06,12986254.23,-31.3788655277,,-1299714.75,77.81,,0.305653404758,-17.31,0.271821395225,38.5698882163,,2026-08-14
1751,836058,ST欧赛,-0.09,42967943.85,297.5777531706,,-10988013.29,28.66,,-0.270114124251,,0.02559074564,-1.99215339,,2026-08-14
1752,835861,奥诺科技,-0.01,45468286.65,100.0591214801,,-298398.86,92.1867387875,,2.981531678922,-0.45,1.068925917157,17.769980277,,2026-08-14
1753,835827,盛嘉伦,0.01,49289359.37,-22.1342864958,,341043.25,-31.92,,0.733202730263,1.03,0.041420129167,21.6599743159,,2026-08-14
1754,835565,中科国通,-0.1,46822989.87,-11.2127818852,,-3989650.25,-20.5959970994,,1.942363385057,-5.1,0.009898851097,5.8825340023,,2026-08-14
1755,835352,量邦科技,0.0,117924.53,-40.4761873515,,7814.2,-79.35,,0.016881129,4.74,0.000233411,84.7360002198,,2026-08-14
1756,835203,亚微软件,-0.2,30147726.71,-5.9036674695,,-9314539.64,16.08,,2.475577610383,-7.87,-0.418137169726,44.2636907531,,2026-08-14
1757,834519,华能环保,0.23,42349036.93,35.1989281338,,4609930.19,277.28,,6.333160032,3.56,0.474476171,42.3313290917,,2026-08-14
1758,834365,杭州掌盟,-0.09,11411278.65,-30.3625049373,,-4440332.01,48.13,,0.875600361395,-9.77,-0.074347688695,-3.8990542922,,2026-08-14
1759,834289,西麦科技,-0.08,43843293.31,-64.6489021792,,-3950626.97,-181.19,,1.1957526026,-6.41,0.1560599342,17.6292313977,,2026-08-14
1760,834288,ST宝德生,-0.22,155122.26,-85.151700564,,-4608205.14,-86.65,,-0.428631664767,,0.000304347104,74.7133196744,,2026-08-14
1761,834236,伊塔科技,0.303,66818730.53,3.6860202358,,3635484.91,341.2,,1.543665125833,21.75,-0.347004613333,17.8661552312,,2026-08-14
1762,834196,大娱号,-0.162,4399706.94,4.696220233,,-5821534.63,2.5,,1.151092260033,-12.56,-0.043123811594,63.972329257,,2026-08-14
1763,834189,惠同股份,0.1365,30330489.66,-8.4900472219,,4526930.93,-6.35,,0.951299247046,15.45,0.151924161442,24.7223377995,,2026-08-14
1764,834167,安盛科技,-0.09,63207.55,,,-933920.14,28.7,,0.168969697471,-40.53,-0.002069674483,,,2026-08-14
1765,833954,飞天经纬,-0.24,236282924.74,19.7274175445,,-15393147.29,-270.07,,0.451044879214,-41.95,-0.140003362422,-1.6519704986,,2026-08-14
1766,833824,九久科技,0.0821,42876012.84,4.1938776281,,3981865.8,116.52,,2.894999523908,2.74,0.138964542045,21.3342507713,,2026-08-14
1767,833574,爱知之星,0.06,44660343.04,2.34025153,,3222397.12,299.88,,2.181713408741,2.84,-0.192363288091,46.4794330205,,2026-08-14
1768,833332,多尔晋泽,0.1698,86191524.89,20.5526141173,,13823171.65,45.31,,2.590572082305,6.18,0.301695916287,31.6253104639,,2026-08-14
1769,833245,华望科技,0.01,17262734.22,-1.2773654879,,615734.05,211.49,,1.186165184179,1.03,-0.015440008068,31.1583506497,,2026-08-14
1770,833202,佳科股份,0.0,19449066.56,-13.7605302227,,-108416.6,-127.09,,1.305371562333,-0.28,0.145455913333,23.8714506204,,2026-08-14
1771,833069,石金科技,-0.18,122908348.08,-9.321350293,,-15379550.7,4.24,,4.490071883112,-4.0,0.023092454712,3.294381971,,2026-08-14
1772,832997,盛纺股份,0.18,113515935.41,40.7299883122,,10541965.69,543.85,,2.442986537011,7.07,-0.171957081866,19.5439883924,,2026-08-14
1773,832935,天鹰缸套,-0.01,13292232.57,-4.0939084675,,-573273.08,-53.95,,0.415457037879,-3.44,-0.017468034848,24.489270729,,2026-08-14
1774,832925,城投鹏基,0.28,74757212.28,-1.6487850189,,6104489.62,-21.28,,5.179036962326,5.64,-1.931679674419,16.3251027798,,2026-08-14
1775,832825,海明科技,-0.14,3082581.49,-60.5241467155,,-1426634.39,-918.33,,0.179341353,-56.91,-0.114704036,29.1966643192,,2026-08-14
1776,832782,依科曼,0.04,30254527.79,-8.9994047972,,1523275.34,-15.86,,2.893783753107,1.22,-0.261139070905,55.5142744471,,2026-08-14
1777,832673,中香农科,-0.09,8854624.6,-2.2613887419,,-3554575.73,-12.68,,2.100758251384,-3.94,0.315863378712,59.1681425997,,2026-08-14
1778,832503,华鼎科技,-0.109,33828677.75,221.8071501565,,-2663973.37,6.04,,0.324499369528,-28.91,-0.186711657393,-1.1797051689,,2026-08-14
1779,832355,动脉智能,-0.03,18277253.89,-5.344482409,,-649894.87,19.22,,1.075539200922,-2.89,0.222086672763,11.166174045,,2026-08-14
1780,832302,世昌集团,-0.12,135322300.38,8.4233058049,,-3743374.29,-3.79,,0.322380715333,-32.37,-0.230336166816,7.9757858237,,2026-08-14
1781,832263,美亚高新,0.09,109408285.91,-27.807426372,,5238675.35,-3.42,,3.606428399107,2.59,0.385449957143,14.6426509169,,2026-08-14
1782,832259,鸿发有色,0.0605,505712064.1,30.2118767513,,2802727.23,-12.03,,2.330676269978,2.57,0.293805678618,6.2944566661,,2026-08-14
1783,832222,鼎实科技,-0.01,9438696.55,22.4188541244,,-66783.89,-96.19,,1.058523657333,-0.84,-0.051945484,68.3764205768,,2026-08-14
1784,831904,优创股份,-0.001,8100532.58,1.5435941882,,-32644.62,97.22,,0.304407055778,-0.24,-0.002124852222,23.873213161,,2026-08-14
1785,831894,高捷联,0.08,139465385.93,7.3564040511,,6103762.97,8.55,,1.817704723867,4.58,0.073885467333,9.9655640124,,2026-08-14
1786,831705,永通股份,-0.09,47580250.38,-24.6506516756,,-9627533.16,-9.07,,1.190957335135,-7.7,0.089197236457,13.3357131989,,2026-08-14
1787,831601,威科姆,-0.04,40949691.38,-33.7379882568,,-13113843.91,-121.14,,1.374113654185,-3.02,-0.005677091294,50.2543284125,,2026-08-14
1788,831404,宝丽兴源,-0.03,13816127.16,94.7767895664,,-781544.67,-50.933136406,,0.152065072619,-18.51,-0.072906026587,16.0727043424,,2026-08-14
1789,831319,绿蔓生物,0.33,227626869.2,31.9666781916,,20875903.49,88.39,,2.131021614478,16.15,-0.008488971595,24.7702534846,,2026-08-14
1790,831193,新健康成,0.01,17377684.0,-32.92497782,,280742.09,103.46,,3.849116559498,0.12,0.090340403976,48.4541334162,,2026-08-14
1791,831183,可视化,-0.14,2069019.88,-8.1895008182,,-3082825.79,-220.11,,1.149300451829,-11.29,-0.141828805531,35.996220104,,2026-08-14
1792,831132,临风股份,0.0,40186281.04,18.4128555126,,-131459.03,-131.68,,0.840435152073,-0.19,-0.025440175712,22.4213821404,,2026-08-14
1793,831131,兴宏泰,-0.14,7510670.81,-89.58594116,,-22404005.28,-579.19,,2.55888806375,-5.09,-0.269084258428,30.4546754593,,2026-08-14
1794,831116,腾远股份,0.04,32849801.45,-12.9914768314,,1063979.82,-47.43,,2.049328001333,1.69,0.105045912,26.5572817031,,2026-08-14
1795,831085,博冠股份,-0.0078,78360451.08,12.089642722,,-784683.29,-80.33,,0.508892031811,-1.56,0.019634008304,25.5806746053,,2026-08-14
1796,830872,长信畅中,-0.0298,12716216.86,-38.0148513513,,-1835534.38,-132.38,,0.590558159844,-4.92,-0.016103639925,57.8688754762,,2026-08-14
1797,830871,天元晟业,-0.01,1856598.9,8.7519670522,,-816284.44,-7.03,,0.124993503359,-9.58,0.004133940916,19.3881376317,,2026-08-14
1798,830810,广东羚光,-0.03,617026306.09,152.4301693847,,-5727374.53,70.96,,0.954022853153,-2.73,-1.003364257103,7.868178175,,2026-08-14
1799,830790,希迈气象,-0.13,3900315.2,1.4952540127,,-6550892.89,-42.37,,1.623882440091,-7.48,-0.112715115388,9.8145280669,,2026-08-14
1800,688459,哈铁科技,-0.0068,271936532.56,-18.7284821506,74.1323,-3267732.96,-109.76,181.0065,7.082987976313,-0.09,0.112319571812,40.1384665357,轨交设备Ⅱ,2026-08-14
1801,688432,有研硅,0.1065,664806850.37,21.2043577946,11.7923,132825162.48,25.71,64.7031,3.649941675573,2.93,0.16606330753,33.5943223924,半导体,2026-08-14
1802,688301,奕瑞科技,1.37,1670936176.58,56.658321703,43.5175,405659165.38,21.25,26.9368,24.729060768886,6.37,1.211713695998,47.6833966825,医疗器械,2026-08-14
1803,688260,昀冢科技,-0.7605,378282806.17,53.6750374161,41.2862,-91264850.49,8.6771966617,27.4851,1.162667214667,-104.2,0.196489009417,0.3839899134,消费电子,2026-08-14
1804,688156,路德科技,0.09,210021444.72,42.9097858489,-9.2917,8926157.25,168.275120492,-119.182,7.660329309712,1.1637,0.325466121808,30.6939250542,环境治理,2026-08-14
1805,688041,海光信息,0.78,9099020774.81,66.5195709856,25.5811,1798467918.03,49.69,61.7498,10.916346727968,7.56,-0.183940969266,55.2090490096,半导体,2026-08-14
1806,605166,聚合顺,0.2,2648550947.11,-12.5814287693,23.2484,63001048.95,-43.05,-15.0344,6.345529303516,3.14,0.476604529249,7.8113646183,化学纤维,2026-08-14
1807,605136,丽人丽妆,0.06,894218293.86,7.6051788709,15.2944,22522877.0,168.7518195499,17.8719,6.056165354537,0.93,0.043816408442,41.2772869091,互联网电商,2026-08-14
1808,605090,九丰能源,1.37,9635057579.44,-7.6030789447,14.2215,950223261.9,10.4,18.7583,17.394353805712,8.03,2.489777212812,14.9474535185,燃气Ⅱ,2026-08-14
1809,603920,世运电路,0.12,3013137888.7,16.8440432291,27.8432,84082955.99,-78.11,29.5319,8.7725841395,1.29,0.366026287913,13.5581053749,元件,2026-08-14
1810,603713,密尔克卫,2.41,7969954668.08,13.2900077403,12.889,381217380.44,8.37,6.7225,30.656951250246,7.92,1.273953356758,10.8505202317,物流,2026-08-14
1811,603615,茶花股份,0.04,1194835213.58,219.40023019,24.9921,8596561.12,334.4884950326,-28.5721,4.74657500612,0.75,-0.397096171491,7.5638796432,家居用品,2026-08-14
1812,603585,苏利股份,0.2,1334723268.45,2.4702143702,19.494,53939126.15,-32.4,50.5542,14.162316484973,1.94,0.663731306403,20.1921782133,农化制品,2026-08-14
1813,603444,吉比特,15.15,3726842297.78,48.01380786,1.7397,1091536495.39,69.31,10.9068,84.072652433643,18.57,17.668642565999,93.7077935337,游戏Ⅱ,2026-08-14
1814,603402,陕西旅游,1.24,419103249.38,-18.850115535,54.7537,124663207.57,-39.01,102.7305,28.512635217589,4.25,2.253984827361,63.3982872605,旅游及景区,2026-08-14
1815,603256,宏和科技,0.42,1047839470.58,90.3889432493,37.0139,379486597.65,334.32,70.6158,3.26041435496,15.28,0.307898304611,59.343007344,玻璃玻纤,2026-08-14
1816,603153,上海建科,0.08,1943962849.22,0.4545455211,7.7117,30770149.46,22.93,31.1212,9.262847391013,0.79,-1.53192887412,30.3251170781,工程咨询服务Ⅱ,2026-08-14
1817,603025,大豪科技,0.48,1829579520.89,23.3647757674,18.287,532140198.29,33.45,23.6877,2.473232436799,18.87,0.318157329177,46.1611516656,自动化设备,2026-08-14
1818,601068,中铝国际,0.0212,9047900000.0,-6.7068109524,9.5761,107086000.0,4.38,-58.552,1.039401426317,2.1,0.096540104611,14.5630698836,专业工程,2026-08-14
1819,600941,中国移动,3.64,538035000000.0,-1.054491889,1.906,78934000000.0,-6.3,69.0137,65.558149257614,5.6,5.296790652716,29.5120205935,通信服务,2026-08-14
1820,600816,建元信托,0.1088,111632181.98,-25.45,68.4375,1071335157.81,2559.08,-94.7706,1.535839293362,7.28,0.017995570376,,多元金融,2026-08-14
1821,600719,大连热电,0.124,380083145.53,0.1745434464,-93.2541,50134957.18,223.2145896832,-147.1448,0.888005577267,15.11,-0.449612362642,18.3813425382,电力,2026-08-14
1822,600211,西藏药业,1.91,1554436303.07,-5.8319834997,14.8352,607962189.14,7.16,3.5297,12.141563703888,15.6,1.486591889457,93.0030801626,生物制品,2026-08-14
1823,600168,武汉控股,0.08,1884499668.41,-9.2167871098,11.1956,101260253.3,14.07,45.2115,5.46258458736,1.45,0.259460783933,20.5969803336,环境治理,2026-08-14
1824,430666,绿伞科技,-0.06,132720376.2,-6.9005278896,,-2517094.23,-129.92,,3.483769979058,-1.78,0.076975861344,39.3517759408,,2026-08-14
1825,430549,天弘激光,0.0527,165742789.02,3.4577772901,,3544453.4,-32.22,,3.32135177724,1.49,-0.138315547566,32.8502689088,,2026-08-14
1826,430405,星火环境,-0.0161,983248.55,-17.8065924786,,-657349.23,9.82,,1.649532039422,-0.97,-0.032609244605,61.179032504,,2026-08-14
1827,430375,星立方,-0.06,14629736.17,-23.1352132473,,-5449613.37,34.24,,3.400478577316,-1.74,-0.023584295315,13.2281518786,,2026-08-14
1828,430257,成科机电,0.1,94246198.15,-26.407589509,,6427176.46,-36.97,,3.301681188871,3.07,-0.785583381797,22.0069310244,,2026-08-14
1829,430221,风帆科技,0.09,84810859.92,18.2004272694,,6121317.84,-9.3,,1.968024825623,4.23,0.018845571324,37.1440724687,,2026-08-14
1830,430168,博维仕,0.02,27775388.01,43.1825060915,,991995.02,150.43,,1.133384135612,1.58,-0.229074066558,29.1369747097,,2026-08-14
1831,430159,创世生态,-0.31,1507073.13,-31.5050571994,,-31372700.09,-20.24,,-0.002394445842,,0.00774482642,2.1114104795,,2026-08-14
1832,430055,中电达通,0.05,26266847.18,167.9185124128,,3089239.09,13.35,,0.936665111895,5.59,0.023426533947,30.1149329259,,2026-08-14
1833,400089,盛运5,0.0198,168165991.51,3.7983650885,-8.9173,69378966.02,1.6,-4.0077,0.52360913382,3.85,0.021964102097,56.0225001643,,2026-08-14
1834,301256,华融化学,0.06,755068872.74,-1.8779707411,-44.7896,30968764.62,-5.83,-21.7539,3.559444566458,1.79,-0.095676542292,8.9449415806,化学原料,2026-08-14
1835,301158,德石股份,0.21,259385483.2,-6.2282728776,66.147,31615275.47,-30.0,329.2372,7.176852899895,2.26,-0.261444343228,36.7261113979,专用设备,2026-08-14
1836,301003,江苏博云,0.58,325195411.81,13.6117863335,57.3074,56065133.32,0.29,114.1644,11.898916598478,4.86,0.236487280374,33.1527776791,塑料,2026-08-14
1837,300905,宝丽迪,0.38,698845117.84,3.4315732383,1.0058,68605520.59,7.51,-4.9083,10.959029421532,3.47,0.220394411337,20.5759293983,化学纤维,2026-08-14
1838,300832,新产业,1.1057,2420253183.41,10.7754284117,14.4499,867709032.67,12.53,-3.6819,11.415149429742,9.26,1.146940489758,70.8839971768,医疗器械,2026-08-14
1839,300824,北鼎股份,0.1468,495183921.61,14.6771713267,0.5477,47629721.3,-14.69,-54.6127,2.334290264215,6.3,-0.126750270994,53.5092049129,小家电,2026-08-14
1840,300814,中富电路,0.2,1172076037.08,38.0313985307,25.5786,38618620.3,130.08,4.3367,8.537429053489,2.31,-0.274390461163,19.1026073016,元件,2026-08-14
1841,300808,久量股份,-0.1684,148395784.43,-6.1841427013,11.1983,-26936912.98,-0.06,42.2957,5.806279536438,-2.86,0.085229126688,10.9920881059,光学光电子,2026-08-14
1842,300627,华测导航,0.4251,1928755092.43,5.2026590957,38.9767,333157564.07,2.05,65.6843,5.50971258567,7.63,0.065500972895,60.6168320788,通信设备,2026-08-14
1843,300541,先进数通,-0.03,1301751337.18,-5.6555366625,16.6235,-14876183.81,-123.76,57.9075,3.922312295259,-0.86,-0.760766931157,11.3974989802,IT服务Ⅱ,2026-08-14
1844,300422,博世科,-0.07,988100672.05,-21.074322464,-30.2351,-36254707.16,23.2,-278.363,1.081573021087,-6.04,0.161155205609,15.4019712095,环境治理,2026-08-14
1845,300143,盈康生命,0.0696,1016248604.48,20.5579906007,4.726,67395850.46,9.01,61.6506,2.449888689016,2.71,0.293613735408,28.3541583349,医疗服务,2026-08-14
1846,300140,节能环境,0.1895,2877802232.96,-2.657950059,0.7943,587417207.04,7.8,-16.8801,4.662773699096,4.11,0.323693315463,41.8517529608,环境治理,2026-08-14
1847,003015,日久光电,0.13,319910978.76,5.9107181805,50.1211,34765332.05,-23.77,135.4982,4.041382409783,3.02,0.226137991881,31.6521641778,光学光电子,2026-08-14
1848,002963,豪尔赛,-0.19,120889868.81,-23.5187598165,5.4881,-28310298.55,16.03,-402.9762,7.729800689785,-2.41,0.070873784924,20.5823976938,装修装饰Ⅱ,2026-08-14
1849,002959,小熊电器,0.7755,2348772172.75,-7.3410775961,-10.4504,120274882.35,-41.3,-48.845,18.591685758363,3.9,1.306880163619,36.6827421755,小家电,2026-08-14
1850,002920,德赛西威,2.1,14900950597.04,1.7530758163,29.4154,1244645323.07,1.81,69.7027,26.928655582297,7.99,1.780824322753,19.0765786428,汽车零部件,2026-08-14
1851,002880,卫光生物,0.1957,449056876.75,-13.3254323974,2.3948,44385904.7,-58.77,-56.741,10.632327935141,1.83,-0.505822919489,32.5973783231,生物制品,2026-08-14
1852,002827,高争民爆,0.1176,731652598.6,-5.1609063755,40.0267,32450361.44,-53.11,142.66,3.847980062192,3.02,0.18820210817,26.626319721,化学制品,2026-08-14
1853,002801,微光股份,0.87,823833413.55,9.778041458,37.2896,197276953.62,14.42,-57.1917,8.778403271539,9.97,0.442286286624,25.4196184733,电机Ⅱ,2026-08-14
1854,002576,通达动力,0.25,888684010.96,-8.4824346944,-5.4039,41830410.96,-1.9,-9.1436,7.905451373773,3.18,0.50840097123,14.5437560276,电机Ⅱ,2026-08-14
1855,002353,杰瑞股份,1.18,7646278451.77,10.806119496,32.3694,1195885409.21,-3.65,3.2941,22.741914049065,5.1,-0.730716632817,30.9748123683,专用设备,2026-08-14
1856,002342,巨力索具,0.004,1308613711.22,14.78968581,33.8378,3800092.5,-59.36,-97.6148,2.542497520448,0.16,-0.033443535563,18.8425034818,通用设备,2026-08-14
1857,001311,多利科技,0.42,2468594942.19,42.3244377428,22.4341,168542755.82,7.08,47.7844,11.867946131628,3.58,0.664734693346,15.6994100205,汽车零部件,2026-08-14
1858,000818,航锦科技,0.08,1447449037.94,-34.6847722201,-4.428,49863011.26,263.32,108.531,3.319316315298,2.3,0.501722107747,12.2980003257,化学原料,2026-08-14
1859,000782,恒申新材,-0.07,1282786845.27,5.3250461515,3.0311,-46407429.11,-26.46,-664.1324,2.294643728819,-2.9,-0.481570178349,4.4905000057,化学纤维,2026-08-14
1860,000599,青岛双星,0.07,13828971571.17,-4.4107978615,8.6068,142949533.64,503.71,138.0503,2.533575073398,2.53,0.773301646763,23.6713894847,汽车零部件,2026-08-14
1861,000536,华映科技,-0.1627,600417427.82,-16.7455232145,6.9942,-450046664.53,5.55,-2.6121,0.195121377969,-54.68,-0.038674831171,-24.2213724538,光学光电子,2026-08-14
1862,875038,明信测试,-0.07,146187528.39,-12.2526641001,,-4095289.13,-132.39,,3.106158685387,-2.29,0.346132050425,20.1606042968,,2026-08-13
1863,874865,森峰激光,1.28,824053353.81,16.0374540435,9.0381,73085575.09,33.01,17.1682,10.836417328947,12.55,1.390717287368,30.9780648898,,2026-08-13
1864,874320,恒基金属,1.03,594263549.66,-11.8802966441,22.8662,60488162.2,-13.96,43.246,14.896662104103,7.18,1.445263292479,22.810735876,,2026-08-13
1865,874220,兴汉网际,0.17,140546517.39,-8.0085473502,,6642846.43,1493.0130799885,,10.611916139556,1.67,0.677046952359,19.7430058925,,2026-08-13
1866,873744,帕科医疗,0.05,75289161.04,14.0871757531,,1867645.57,15.52,,2.666421941944,1.96,-0.213913966944,19.0479837495,,2026-08-13
1867,873678,亿安智能,0.0148,22535249.78,-50.5925007052,,300900.21,99.12,,1.891473844608,0.78,-0.059317175,53.9646218645,,2026-08-13
1868,873661,成远矿业,-0.35,208454536.2,27.3266109251,,-23209016.62,25.58,,3.873642176061,-8.62,-0.201030761822,6.2403520197,,2026-08-13
1869,873540,进源热能,0.17,35261934.65,-32.1927238075,,3321345.52,-38.34,,2.714549553684,6.01,0.147511087895,15.7691938777,,2026-08-13
1870,873483,福赛尔,-0.17,190706.21,482.5450800981,,-2053751.27,-31.36,,0.32391524863,-41.03,0.136558548546,21.8978972945,,2026-08-13
1871,873468,通发激光,0.28,22220912.55,26.3747889156,,1727537.45,58.43,,2.0871676768,14.18,0.0700123152,25.3511883336,,2026-08-13
1872,873443,欣海船舶,0.21,24165765.87,6.9198000039,,4477156.99,13.7,,1.481287089524,11.9,-0.066675998095,53.9421509756,,2026-08-13
1873,873237,ST五十弦,-0.04,1865868.51,-30.2392138439,,-2376549.25,26.09,,-0.107646514943,,-0.04535485168,21.4572633524,,2026-08-13
1874,873073,天正达,-0.11,32096432.59,-11.629263246,,-2204672.76,-149.67,,1.186921208213,-8.07,0.101591883575,16.6314380112,,2026-08-13
1875,872684,台州检测,-0.04,5004290.83,-11.3151598671,,-1263561.51,62.79,,2.382945809155,-1.85,0.018113508451,-9.1599954034,,2026-08-13
1876,872594,中环电炉,-0.06,10949111.85,-27.0905006854,,-581351.45,-175.88,,2.54315684679,-2.05,-0.075565975842,45.2614711393,,2026-08-13
1877,871879,瑞安云,-0.05,8651703.58,59.0946062966,,-2597266.63,4.86,,0.7456494296,-6.73,-0.0477935696,-10.2603288681,,2026-08-13
1878,871675,星桥股份,0.01,221952670.92,-62.4474300537,,1146931.42,-89.94,,1.006167057392,1.41,-0.157565984189,6.3156851152,,2026-08-13
1879,871406,商林科技,0.04,19296507.86,35.2726437584,,1390702.01,59.17,,2.118120310028,2.03,-0.063240700399,27.776270136,,2026-08-13
1880,871366,广芯电子,-0.09,96901062.79,21.8594878401,,-4736907.37,44.58,,2.157872998889,-3.98,-0.035706567222,31.0784942527,,2026-08-13
1881,871222,峰华铁信,-0.22,22345264.26,-59.2819263466,,-7166805.75,-463.46,,0.9022933,-21.78,-0.086917120923,23.5105278634,,2026-08-13
1882,871039,高学数科,-0.08,379686.77,-95.6821801208,,-793274.09,54.2,,0.36193115,-19.75,-0.030853739,6.2132741681,,2026-08-13
1883,870376,中科斯欧,-0.23,11053442.05,-29.9444138919,,-3343628.49,-39.9564112912,,0.128204734297,-85.12,-0.143879865085,22.3806418744,,2026-08-13
1884,870318,恒锵航空,0.09,8466322.43,33.6403921425,,1743163.49,86.44,,1.0502435875,8.66,0.0626609715,63.6920965931,,2026-08-13
1885,870256,秦岭旅游,0.01,41408488.05,6.4818061901,,590273.82,133.49,,4.05203930725,0.17,0.042995313,30.3158022211,,2026-08-13
1886,839888,ST宏仁,-0.05,1171689.26,-15.5759559502,,-1428789.14,32.6,,-0.273201016967,,0.018238363573,56.9619166775,,2026-08-13
1887,839841,瑞尔泰,0.11,147684041.93,32.1702818846,,2939487.23,-6.19,,1.76370029504,6.61,-0.050567586361,69.6022178,,2026-08-13
1888,839809,万久科技,0.1,570888924.42,53.1038696691,,6462093.76,22.14,,2.221281093349,4.7,0.079679561973,6.385340386,,2026-08-13
1889,839769,惠美股份,0.04,20723478.68,15.1796182322,,776379.2,224.64,,1.185850010231,3.03,-0.040008815165,14.0639561292,,2026-08-13
1890,839468,ST承华,-0.038,0.0,,,-189181.91,-136.16,,-0.104087404,,-0.000100534,,,2026-08-13
1891,839133,淳博传播,0.26,292594439.59,41.8109354556,,9107427.45,25.32,,5.10030432671,4.9,0.2165146024,17.4820101269,,2026-08-13
1892,839099,道博尔,-0.04,32044922.95,-43.466415631,,-2293388.1,-170.14,,1.306315313483,-3.24,0.262312976404,15.8342868788,,2026-08-13
1893,839003,大众能源,-0.18,30796525.65,-19.0948431272,,-4264209.83,-140.55,,1.2704989975,-13.07,-0.3454382525,20.5738190145,,2026-08-13
1894,838099,ST日辉达,-0.12,2227943.34,17.6245282902,,-635726.0,25.06,,0.609185534615,-61.06,-0.171992961538,29.4913855395,,2026-08-13
1895,837940,品牌联盟,0.04,16001462.79,11.7501680462,,1858143.38,-6.87,,1.491253619732,2.47,0.031303300371,63.1483770116,,2026-08-13
1896,837095,嘉宝仕,0.002,31429673.7,-3.3094583285,,77341.52,-70.0,,1.120934856,0.14,0.01494037,12.8464306965,,2026-08-13
1897,836803,依能科技,0.033,17561313.52,-10.7785867082,,780762.87,263.87,,1.811670068834,1.84,-0.187179163007,64.1199566717,,2026-08-13
1898,836645,三瑞农科,1.03,164872544.82,4.5402904422,,108446130.98,1.71,,4.628850289381,21.29,0.883291987781,70.6938173468,,2026-08-13
1899,836109,山由帝奥,-0.106,15398933.49,-34.1533101235,,-4856111.0,-206.11,,1.843546218723,-5.6,0.002143487533,27.8417963996,,2026-08-13
1900,835746,兆信电力,0.02,11020741.09,8.4363581405,,683742.7,60.47,,1.321269964467,1.89,0.130664986584,46.1846887467,,2026-08-13
1901,835111,万联股份,-0.1192,6673890.44,3252.7600213829,,-1821349.3,-2.98,,0.01319125,-163.76,0.016923286649,27.9334180979,,2026-08-13
1902,834621,润晶股份,0.13,29213860.59,-14.1219802427,,7299295.26,36.76,,1.791256658092,6.74,-0.030043534209,56.8382555563,,2026-08-13
1903,834250,福岛精密,0.08,22254699.69,20.6322757387,,2543782.45,162.43,,1.137570501667,7.35,0.071190865333,31.859579499,,2026-08-13
1904,833976,新游网络,0.27,12857356.68,-23.5685680122,,5676898.08,-36.74,,2.127265218571,10.33,0.24140630619,90.3170430674,,2026-08-13
1905,833760,天然谷,0.0587,104837027.37,-1.6643049546,,4987431.44,-26.9,,1.693289612014,3.35,-0.26338913934,18.9101203719,,2026-08-13
1906,833308,德威股份,-0.07,2261539.46,-91.6729524254,,-14867351.09,-25.75,,0.171620354912,-35.36,-0.046751030588,-286.9675066382,,2026-08-13
1907,833110,中教产业,0.01,55764294.14,-16.5971420701,,392739.94,-60.94,,2.740852011276,0.46,-0.79840993734,13.433279638,,2026-08-13
1908,833060,顺治科技,-0.0564,1620967.15,-46.9063023231,,-1014655.47,-3365.59,,0.033538826111,-91.33,0.02246918,-5.3568050407,,2026-08-13
1909,832950,益盟股份,-0.22,202278510.54,-22.3678256203,,-97311663.04,-259.24,,4.387048678736,-4.71,0.034445308826,89.3319133395,,2026-08-13
1910,832905,信源小贷,0.02,8118315.42,-24.2241959614,-6.0196,4613442.9,-31.38,-33.3009,1.177074588011,2.07,-0.031235039937,,,2026-08-13
1911,832004,海林自控,-0.11,171086912.76,2.7956277414,,-7097597.67,-137.04,,2.673274630968,-4.19,-0.505094977258,27.1302765601,,2026-08-13
1912,832003,同信通信,0.06,31555035.67,1.7266474897,,7040233.74,-48.65,,1.83556537099,3.56,-0.008108885134,21.2122237161,,2026-08-13
1913,831941,兴荣高科,0.15,133868043.32,-26.1684283189,,9419854.34,-62.15,,4.782535101271,3.26,0.308670356018,20.4000635422,,2026-08-13
1914,831756,德高化成,0.086,87370677.15,20.5595921945,,3393323.41,511.53,,3.943941197309,2.19,-0.224426188155,40.5444592002,,2026-08-13
1915,831691,三高股份,-0.0438,47157056.54,3.8240226085,,-2411984.34,-8.11,,2.638553709256,-1.65,-0.223940709074,68.202276032,,2026-08-13
1916,831469,金磊建材,-0.1,30568138.5,-17.0717845008,,-3660453.46,-11.83,,3.872475285195,-2.43,0.808138997662,8.4352903596,,2026-08-13
1917,831433,川东磁电,0.29,129159464.78,2.6902954601,,16391728.79,19.48,,5.134335934035,5.31,0.203937836172,32.6018152535,,2026-08-13
1918,831299,北教传媒,-0.1,127524155.89,-34.3529029069,,-7159294.85,-669.75,,3.428043952184,-2.87,-0.203977236611,36.927759146,,2026-08-13
1919,830883,联桥新材,0.41,242950187.46,37.1350015899,,21492653.93,38.04,,3.98666075303,10.48,-0.324879581439,26.2843208221,,2026-08-13
1920,830803,新松医疗,0.08,46379341.15,-59.414127465,,8242286.29,-77.12,,2.154515561475,3.31,0.030583262898,38.6179160934,,2026-08-13
1921,688403,汇成股份,0.01,958631752.35,10.671828757,33.2878,5012266.2,-94.78,239.1302,4.547154474908,0.13,0.207131611504,15.780634184,半导体,2026-08-13
1922,605339,南侨食品,0.01,1466631052.07,-5.6808958174,-8.695,2593935.54,-92.79,-114.1003,8.033646850064,0.08,0.203008871259,18.803655192,休闲食品,2026-08-13
1923,603530,神马电力,0.52,894520395.15,26.9757095416,34.8412,214793393.8,34.01,18.5645,4.204951484472,11.46,0.585037697675,47.3514694418,电网设备,2026-08-13
1924,603236,移远通信,1.49,15259467738.89,32.1566895914,26.0917,602318436.34,27.84,226.1882,18.271824707618,8.38,-0.938910742489,18.7123653563,通信设备,2026-08-13
1925,601123,马矿股份,0.38,1112052061.47,6.4214589778,,418799880.32,15.7,0.0225,3.755674892518,10.59,0.457644966238,59.7166092954,冶钢原料,2026-08-13
1926,600989,宝丰能源,1.33,30197583541.33,32.3321115262,28.134,9727818696.5,70.14,65.7384,7.527951912578,18.61,1.631494771203,43.5632332124,化学原料,2026-08-13
1927,600257,大湖股份,0.0351,433978428.05,1.9818361925,89.812,16881338.09,756.4464688095,774.7742,1.695982951717,2.082,0.116382851319,29.4259195172,渔业,2026-08-13
1928,430728,云鼎教育,0.04,23025573.59,16.8765567002,,2475317.64,955.09,,0.061943123661,84.63,-0.015311215625,35.3604106676,,2026-08-13
1929,430620,益善生物,-0.08,27319298.07,-15.9597991159,,-5550049.82,38.94,,2.841927255942,-2.79,0.038344741594,61.8496439649,,2026-08-13
1930,430616,鸿盛数码,0.19,118412028.66,23.037193922,,6495931.61,52.55,,2.506806813836,7.71,-0.629653816211,36.7423287417,,2026-08-13
1931,430540,五龙制动,0.1,51078702.47,70.9553053639,,2280999.17,798.7,,2.452576246816,4.17,-0.071456241546,20.6945645618,,2026-08-13
1932,430453,恒锐科技,-0.15,7011218.21,7.8435154786,,-5090388.1,24.76,,1.281861795553,-11.19,-0.172788289211,70.7872422644,,2026-08-13
1933,430361,聚链集团,-0.11,0.0,,,-829396.44,3.11,,0.313424501835,-24.5,-0.117132023046,,,2026-08-13
1934,430337,犀牛股份,-0.109,272277.24,,,-1436588.03,-4887.13,,0.070760372361,-219.91,-0.097889380913,33.8909120718,,2026-08-13
1935,430240,随视传媒,-0.17,1093818.97,171.51092115,,-6009881.2,-223.1513951251,,2.954899102458,-5.45,-0.084499390708,21.5516110495,,2026-08-13
1936,430211,丰电科技,0.0,157507042.44,39.525865632,,-585564.06,45.09,,2.727584066403,-0.17,0.001261572133,17.2723635899,,2026-08-13
1937,430041,中机非晶,0.0501,779277.37,30.7243810517,,2857065.51,545.02,,0.624494251754,8.36,0.050088832281,29.9243438828,,2026-08-13
1938,400289,德邦5,-0.26,15608665974.04,-24.0620757894,,-262421215.99,-603.23,,7.392821839022,-3.45,0.885256561348,3.8299230801,,2026-08-13
1939,400102,康得3,-0.0118,524699.07,-8.2033286403,,-41641227.76,-5187.72,,-3.501807893465,,-0.000101822582,59.0323516297,,2026-08-13
1940,300999,金龙鱼,0.42,122851600000.0,6.1974485075,-12.5299,2294374000.0,30.69,-45.1556,17.980113959147,2.36,0.184585081282,6.3096874603,农产品加工,2026-08-13
1941,300818,耐普矿机,-0.0536,497492202.61,20.3791320773,5.9202,-11760129.49,-169.24,61.2031,8.137713944778,-0.63,-0.007733513621,37.8474307642,通用设备,2026-08-13
1942,300414,中光防雷,0.037,266833579.97,22.686790197,21.7374,12047891.71,12.82,-52.7819,3.062090265892,1.21,0.01931598704,24.4862619567,通信设备,2026-08-13
1943,300139,晓程科技,0.2,314750458.79,44.2897219217,-1.1597,55708323.87,31.24,-75.9385,4.304001344161,4.64,0.413089084562,64.4930277752,贵金属,2026-08-13
1944,300047,天源迪科,0.0516,4674744754.93,12.7053112472,-1.444,32900093.56,-5.68,12.2125,5.194452946225,1.0,0.412574600639,7.0321185073,软件开发,2026-08-13
1945,200530,冰山B,0.06,2179670345.56,-8.6197381405,9.2398,47142616.07,-39.98,22.5097,3.746769363076,1.49,-0.115815616217,16.0276074605,通用设备,2026-08-13
1946,002556,辉隆股份,0.1225,8547193971.98,3.2630707881,20.679,112586171.11,1.51,10.11,3.831717156613,3.08,-0.44084055789,6.182265913,农业综合Ⅱ,2026-08-13
1947,002322,理工能科,0.34,421127820.67,3.2172350272,91.127,120454857.91,9.59,320.826,7.722550337584,4.24,0.137983235647,74.2882577502,软件开发,2026-08-13
1948,000990,诚志股份,0.2381,6146750487.49,2.7686437089,16.7686,289988021.14,1416.23,-75.4473,14.828091183638,1.63,0.745662723321,18.3538979533,化学原料,2026-08-13
1949,000530,冰山冷热,0.06,2179670345.56,-8.6197381405,9.2398,47142616.07,-39.98,22.5097,3.746769363076,1.49,-0.115815616217,16.0276074605,通用设备,2026-08-13
1950,000404,长虹华意,0.3578,5808608379.31,-12.3611556485,-8.3659,250573246.37,-2.6,17.1821,6.165391788161,5.66,0.610261468709,14.331329931,家电零部件Ⅱ,2026-08-13
1951,920663,明阳科技,0.32,184250596.85,10.0534690195,20.9449,42466108.21,33.2,-6.747,3.033783743039,10.03,0.335566768082,40.334877135,汽车零部件,2026-08-12
1952,920580,科创新材,0.18,79421115.62,42.3758462795,73.6243,15156610.23,115.71,89.6307,4.080240011744,4.35,-0.168340957791,37.4466128911,装修建材,2026-08-12
1953,920193,吉和昌,0.68,316593323.46,24.6277101157,-0.0586,56977945.21,83.67,26.6509,6.968969539247,10.56,0.295740711196,33.721993232,电池,2026-08-12
1954,920096,嘉晨智能,0.64,228844294.27,19.5773015431,,34575149.19,12.16,,10.064686038696,7.01,-0.000691296957,33.9562404813,自动化设备,2026-08-12
1955,874686,华景能源,0.0186,92345467.28,-11.8083650074,,9877736.72,-29.98,,1.219620910151,1.54,0.114961748321,52.1998295854,,2026-08-12
1956,874595,中塑股份,1.64,443195654.61,31.3813530527,48.794,60635172.96,2.54,40.2492,17.600422642806,9.78,0.232652213685,28.00802011,,2026-08-12
1957,874491,元亨科技,0.54,191923057.97,7.1922115255,,28326856.79,-16.32,,5.922004884824,8.14,0.277360247976,39.6498397456,,2026-08-12
1958,874409,苏润种业,0.97,21141109.3,39.1099637351,,9677247.48,123.25,,6.978403065,11.39,0.13355635,61.8008997759,,2026-08-12
1959,874299,卫禾传动,0.07,95952977.44,10.0363464795,,4178407.48,24.88,,1.705321936661,4.0,0.399773630345,15.9805683149,,2026-08-12
1960,874270,明禾新能,0.08,499130279.62,9.026238184,,28344025.42,-15.26,,1.863612087667,4.32,-0.093436304361,13.3065307299,,2026-08-12
1961,874231,皓志科技,0.48,48845516.13,8.2712328418,,14475834.03,10.41,,3.680312252667,14.03,0.361611232667,53.3236550734,,2026-08-12
1962,874191,华益泰康,0.61,158131972.72,-3.5249069148,96.4986,36718519.79,-18.8,292.7737,7.676515940581,8.3,1.14765808803,65.4239034463,,2026-08-12
1963,874186,镁锦股份,0.9059,254650111.95,2.396267817,,27973071.27,7.41,,5.399886571891,16.09,0.22943519851,48.0575990063,,2026-08-12
1964,873981,正导技术,0.23,792778746.31,29.703692534,37.0523,23191648.4,1.32,36.9446,3.9406859615,6.06,-0.3600279288,11.2602845101,,2026-08-12
1965,873954,天人科技,0.11,66880806.16,9.1685801809,,5942213.15,-72.69,,7.334244179201,1.36,1.566214725162,37.9043962469,,2026-08-12
1966,873942,华青环保,-0.02,68868868.82,-15.9803273695,,-2911169.73,-190.51,,2.088472702108,-0.01,0.043539766934,24.5325834292,,2026-08-12
1967,873890,靓时新材,0.02,94744439.77,-2.6476471922,,2074232.02,-23.87,,2.734396298299,0.76,0.071618521949,20.6592299005,,2026-08-12
1968,873865,新视野,0.2454,15181292.29,-3.2567813416,,7777586.6,-13.45,,2.035306012599,11.21,0.218648022921,84.5222868046,,2026-08-12
1969,873790,万邦石油,0.03,43371915.71,63.600078514,,1566692.48,286.55,,1.366044923051,1.94,0.103537808632,24.0175778715,,2026-08-12
1970,873736,佳尔特,-0.29,9520115.19,16.5171444844,,-1522354.13,60.95,,3.086509978764,-9.09,0.244394913127,12.3864146228,,2026-08-12
1971,873686,睿木科技,-0.02,19098215.77,-22.3024743494,,-978335.64,45.99,,3.867947344708,-0.6,0.028429056757,35.5027303684,,2026-08-12
1972,873608,源茂股份,-0.08,33283015.81,16.1054736282,,-1525692.87,22.57,,1.709567477545,-4.36,-0.665235141717,12.2989973426,,2026-08-12
1973,873601,瓯宝股份,0.14,104424963.44,47.802527123,,10577553.03,45.47,,1.826296740379,7.45,0.378600367344,28.2234506952,,2026-08-12
1974,873592,泰舆生物,0.21,11598874.93,-13.0866414482,,2764793.05,1.5,,1.597361459397,9.38,0.117979720804,35.9151023279,,2026-08-12
1975,873521,鼎尚电子,0.08,15285928.27,14.7259392685,,1047825.18,-46.73,,1.353016668462,5.77,0.115199848462,19.7720306979,,2026-08-12
1976,873410,生态家园,-0.6,3887920.13,-38.6116852257,,-18297990.98,-708.5909119189,,0.641343757237,-63.74,0.218707953881,38.8672912373,,2026-08-12
1977,872865,源惠电气,0.67,26979885.89,34.0067485865,,6685690.55,51.41,,4.497512141,13.38,1.230654143,32.6296676194,,2026-08-12
1978,872845,万淇股份,0.8,194022243.02,35.328452274,,26193360.13,52.38,,5.220661378567,15.83,-0.331078478446,23.2247098315,,2026-08-12
1979,872819,非常时代,0.04,6641286.46,375.9320629942,,516947.52,1275.83,,0.181260928058,22.86,0.157986560432,63.7919805977,,2026-08-12
1980,872545,华锐高新,0.0,77702974.46,29.0080823955,,-14866.58,-103.62,,2.517793066,-0.06,0.241905162,5.0952200061,,2026-08-12
1981,872299,亚捷科技,0.3,93088990.46,-8.7451404242,,10677542.65,-17.62,,3.669423806366,7.7,-0.810100067418,27.5309628167,,2026-08-12
1982,872256,中健国康,0.07,14696746.93,-27.0051336132,,1321907.78,-59.02,,2.987919452709,2.2,-0.091934724631,45.8292629796,,2026-08-12
1983,872235,瀚天智能,0.01,45254472.69,-24.158244849,,965544.02,49.49,,1.501166701499,0.97,-0.154431983058,19.8815737212,,2026-08-12
1984,871935,中食花泽,-0.003,883914.85,,,-61967.9,-168.63,,0.051537744691,-5.77,0.008733265185,,,2026-08-12
1985,871736,佳诚弘毅,0.25,10509000.88,150.90860363,,3325456.64,647.11,,0.533263604693,60.38,0.049109227077,46.936328166,,2026-08-12
1986,871715,天籁之声,-0.09,897603.4,324.228457502,,-471526.83,-467.16,,3.675936224,-2.53,-0.252220448,2.3080237887,,2026-08-12
1987,871504,基胜能源,-0.01,38843179.73,-51.9734961074,,-428863.33,-104.86,,1.573447181429,-0.78,0.419924248857,31.2418625982,,2026-08-12
1988,871501,麦斯特,1.12,39809537.93,-0.1894999679,,11274873.98,187.73,,14.165713852621,8.19,1.384756333333,32.1522697965,,2026-08-12
1989,871403,太湖云,0.1,31081683.69,58.93001101,,3921088.04,606.67,,1.560632316641,6.56,-0.190764625443,37.1821609642,,2026-08-12
1990,871310,汇湘轩,0.37,124771030.4,1.8768313741,,16517175.98,31.15,,2.021613795993,15.94,0.233584612864,46.1513637544,,2026-08-12
1991,871281,正多科技,-0.07,24985499.99,-30.1558902221,,-2914229.11,-226.82,,1.8808081095,-3.8,-0.0867228675,12.826592869,,2026-08-12
1992,870774,华信科技,0.156,142079291.44,80.9429581247,,6238136.58,325.2,,2.139424231736,7.55,-0.016626864166,21.1671355587,,2026-08-12
1993,870749,建华中兴,0.02,43496006.54,-2.5003430443,,710123.37,-79.5,,5.284265949975,0.39,-0.165071507857,36.6175764558,,2026-08-12
1994,870603,长福亚太,0.06,17849647.92,-28.4998881712,,1222493.28,-25.86,,1.393003964318,4.4,0.438212924841,28.7331614214,,2026-08-12
1995,870213,微网通联,-0.12,103914723.63,-35.6176325049,,-6102334.79,3.79,,0.815585974,-13.92,-0.144441355,12.1346679657,,2026-08-12
1996,870119,泰茂科技,0.01,14034420.63,6.1591653273,,73975.05,-24.34,,0.171622002,9.01,-0.106483734,67.5341323299,,2026-08-12
1997,870111,昂捷信息,-0.08,36264076.92,-1.0842420076,,-1996500.92,-559.27,,2.421951449246,-3.24,-0.191036163995,58.2170623744,,2026-08-12
1998,839629,华糖云商,0.11,74561388.52,0.6388573095,,5524296.51,-13.97,,3.720659599768,2.76,0.074205721578,50.7610218255,,2026-08-12
1999,839589,百澳股份,-0.05,19196500.76,39.671499442,,-1057341.57,59.7340445474,,1.5008224275,-3.46,-0.85236835,14.5058582541,,2026-08-12
2000,839381,海鹰科技,0.02,41177991.7,-21.0428894189,,449863.42,-69.46,,1.113419967,2.04,-0.0764449855,14.4430817397,,2026-08-12
2001,839350,翔飞科技,0.22,47709390.68,-24.1037925031,,5609661.48,-2.44,,3.3517399168,6.46,0.8979410368,24.8313047623,,2026-08-12
2002,839302,红点智能,0.016,524521.81,-82.0776608712,-75.6148,408523.01,-59.04,279.7419,0.05657411,42.82,0.0357197968,29.1389961458,,2026-08-12
2003,839190,连界创新,-0.0061,4260936.3,-21.1629771128,,-68827.29,85.63,,0.2008949,-5.27,-0.161407864286,79.9393135729,,2026-08-12
2004,838752,云谷科技,0.0,13497604.69,-56.3568877007,,-134255.98,-105.71,,0.630307563394,-0.35,0.018241310316,30.9351315726,,2026-08-12
2005,838629,梦赛力士,0.04,11577617.44,14.4355393977,,839340.56,556.79,,1.652686941734,2.7,0.054393894059,20.5659855522,,2026-08-12
2006,838479,莱宝电力,0.18,38077499.31,7.4279342793,,2991027.28,8.86,,3.04889244733,6.19,-0.253915376654,32.4248027673,,2026-08-12
2007,837949,精华新材,0.04,40113253.15,-0.1929335576,,2790362.32,117.51,,1.262737413887,3.2,-0.206238156259,25.009601596,,2026-08-12
2008,837922,海逸风,-0.0235,16886913.93,-9.4741708608,,-541940.8,64.83,,2.253361748001,-1.02,0.093388955408,39.7437311981,,2026-08-12
2009,837544,昌恩智能,-0.08,49529324.72,-26.452230447,,-5485937.15,-11719.99,,1.092766117857,-6.92,-0.074624759,16.6834303248,,2026-08-12
2010,837193,华商物流,0.08,79845441.1,-7.9400818851,,2530525.7,-43.67,,2.155260914019,3.4,0.601494700935,9.2374813745,,2026-08-12
2011,836552,博深科技,-0.28,14945831.79,-45.0335844423,,-14388286.37,-2.44,,2.821375887663,-9.11,-0.157645099256,51.9531585736,,2026-08-12
2012,836452,四方博瑞,-0.2443,5626822.81,-59.9366996012,,-7469023.37,-5056.37,,0.706009195953,-29.5,-0.142758554685,34.8694529089,,2026-08-12
2013,836439,聚能纳米,-0.12,1760058.91,-31.098643393,,-950002.8,-110.5,,1.6016887825,-7.15,-0.1092386625,56.3022978589,,2026-08-12
2014,836225,康利亚,-0.02,51905290.15,28.200330467,,-1979724.18,-976.95,,1.058655017583,-1.55,0.0239217915,10.8726780135,,2026-08-12
2015,836100,瑞捷电气,0.09,41749631.17,-30.6553620169,,5666424.0,-44.15,,2.873206986508,3.0,-0.070046159841,50.3670556139,,2026-08-12
2016,835631,宝之钢,-0.06,96214110.01,7921.9602398741,,-1099543.95,-2311.5797872704,,0.028498223507,-103.92,-0.043896444367,0.0896763791,,2026-08-12
2017,835354,格润集团,0.14,288323004.31,32.2619042689,,22226265.61,11.13,,4.107645478136,3.55,0.195138048338,15.6860547039,,2026-08-12
2018,835193,东立科技,0.88,646998738.31,33.2964034968,,92151552.48,757.71,,3.6906880089,21.34,-0.807374930526,25.34292153,,2026-08-12
2019,835067,墨麟股份,-0.015,647807.93,-63.6091380302,,-2532075.97,-3.04,,0.127707032063,-11.1,-0.015624774746,87.1392281351,,2026-08-12
2020,835007,战诚电子,0.4,109537846.43,70.2997055016,,12282366.33,755.8938835933,,2.111430357659,20.91,-0.174551446746,18.7780229394,,2026-08-12
2021,834792,贝博电子,-0.07,17957065.8,4.1634415896,,-987995.28,-1705.16,,2.69949606263,-2.41,-0.245271807844,35.3449294595,,2026-08-12
2022,834677,古纤道,0.18,157549280.54,-12.4333260465,,14631318.94,-22.46,,2.582838555263,6.68,0.13904555945,20.8154866259,,2026-08-12
2023,833582,华特信息,-0.0282,40909523.13,6467.9331735273,,-619944.55,0.02,,0.095999732273,-25.6,0.143328609545,5.0705903694,,2026-08-12
2024,833532,福慧达,-0.42,108811407.7,-27.8839278674,,-45425326.22,31.47,,7.237456978696,-5.48,0.426631731497,-5.8799499843,,2026-08-12
2025,833303,恒光科技,-0.05,5280274.59,29.7083399012,,-457153.47,-291.38,,0.586575181,-7.5,-0.01864082,8.2468385418,,2026-08-12
2026,833168,微成科技,-0.0726,60156340.24,-27.0618636602,,-1036969.73,-161.76,,0.557501728401,-18.75,-0.077055705012,2.2059625714,,2026-08-12
2027,832972,中能股份,-0.05,6672074.55,43.7772272523,,-6265576.55,-16.87,,0.782236662273,-5.89,-0.025766070909,10.6061617672,,2026-08-12
2028,832891,广陆科技,0.02,19914204.5,-5.5157795153,,1040992.04,-62.98,,4.334026078333,0.48,-0.284756046667,25.8888603861,,2026-08-12
2029,832723,五角阻尼,0.06,16859557.13,17.9222559201,,330141.04,113.97,,1.741261796226,3.64,0.029851737736,31.3929463816,,2026-08-12
2030,832573,地瑞科森,-0.06,744204.21,-27.1098015675,,-644653.82,-18.1027863903,,0.867820248,-7.16,-0.242929685,24.99996204,,2026-08-12
2031,832531,元丰科技,-0.28,11538819.39,-42.8200505743,,-7757966.21,-33.25,,1.213941307284,-20.49,-0.167439662409,16.210215333,,2026-08-12
2032,832441,合兴铁链,0.09,42547331.92,-16.0665659965,,1399464.15,-76.02,,2.463631642317,3.64,0.652216637909,23.4918665612,,2026-08-12
2033,832146,德平科技,0.39,35324921.65,14.0481421137,,8618967.65,5.87,,7.173957278636,5.61,-0.669981574545,51.9822348424,,2026-08-12
2034,832084,深川股份,0.04,45061635.94,27.44526416,,2036804.77,74.35,,1.988072032554,1.94,-0.147882561793,26.143823264,,2026-08-12
2035,831865,凯瑞电气,-0.03,1483029.45,-60.5501277325,,-819543.6,-176.93,,1.418217938764,-2.11,0.017527935564,49.3027727804,,2026-08-12
2036,831720,堡垒智能,-0.29,2372274.83,78.6079030518,,-2444358.91,-1966.92,,0.248954482353,-73.22,0.051939748235,24.1414027059,,2026-08-12
2037,831710,昊方机电,0.05,697143504.21,2.6672598743,,10408925.38,-39.79,,3.620036426652,1.19,0.354152167261,17.387905091,,2026-08-12
2038,831673,交联辐照,0.0421,26551780.62,4.8422864339,,1264032.13,6032.24,,3.660811681637,1.12,0.013406153027,29.7669017875,,2026-08-12
2039,831350,展浩电气,0.28,66002126.18,50.5890700069,,11154052.68,82.07,,2.59513460075,11.36,0.09140229975,27.5146508015,,2026-08-12
2040,831121,力久电机,0.2,173027765.37,23.4526372203,,10566036.84,-43.51,,5.082778227711,3.88,0.173124178504,21.5306164016,,2026-08-12
2041,831072,瑞聚股份,-0.0488,3470873.59,-44.717758869,,-2484882.71,-1294.4,,0.281623121427,-15.94,-0.186262116043,2.0047114421,,2026-08-12
2042,830922,裕荣光电,0.36,87290343.67,77.7965806455,,21589107.87,3871.32,,1.315038071526,31.57,-0.004501963719,37.3665625643,,2026-08-12
2043,830917,网波股份,-0.037,9535714.65,-16.9110837105,,-1629735.99,45.98,,0.239633010506,-14.36,-0.069185761713,36.1625384837,,2026-08-12
2044,830791,佳晓股份,-0.1427,28252390.55,-0.789367134,,-4566095.14,28.2840374057,,1.240271336875,-10.88,-0.110851404688,20.2984269945,,2026-08-12
2045,688609,九联科技,0.0692,1441796607.83,30.91537686,5.4033,35110245.56,128.5100721376,32.6686,1.886016854111,4.14,0.033579773591,21.0686609256,黑色家电,2026-08-12
2046,688433,华曙高科,0.0204,340523765.93,42.2659532908,62.7489,8434800.21,87.09,431.4998,5.157129162611,0.4,-0.190156593446,42.2675092903,通用设备,2026-08-12
2047,688252,天德钰,0.34,1205482336.59,-0.220963534,24.8643,138020204.62,-9.42,99.7917,6.132414976313,5.56,0.767079265602,24.5027244908,半导体,2026-08-12
2048,605098,行动教育,1.44,427996976.85,24.4396801967,46.7788,171720069.24,30.67,239.5056,8.750630503702,16.16,1.864084754019,78.8631411171,教育,2026-08-12
2049,603995,甬金股份,0.99,22750491376.65,13.04578785,30.9847,360175129.74,17.9,85.4357,16.333176519187,5.91,0.733008069125,5.1978991626,特钢Ⅱ,2026-08-12
2050,603897,长城科技,0.69,7581575665.65,20.6780488467,11.5549,141752104.93,3.25,117.776,11.513152525992,5.64,0.020947467507,4.3161994254,电网设备,2026-08-12
2051,603701,德宏股份,0.05,565076849.02,36.6132928555,-2.9235,12250097.13,23.18,-53.3272,3.079987835067,1.51,-0.328273951566,13.3541180356,汽车零部件,2026-08-12
2052,603538,美诺华,0.26,858817133.6,26.7946571868,54.3504,63689139.09,29.83,4.3804,12.076285670311,2.42,0.103934357957,29.2720489397,化学制药,2026-08-12
2053,603393,新天然气,0.91,1904275160.25,-6.5837427553,8.6328,385809624.93,-37.95,65.8497,22.853149171096,4.12,2.546154086699,41.0701021935,燃气Ⅱ,2026-08-12
2054,601886,江河集团,0.39,10823926419.36,15.9048327179,39.0055,440534741.57,34.34,88.4816,6.384193734961,6.0,-0.618331053908,16.4274246959,装修装饰Ⅱ,2026-08-12
2055,601138,工业富联,1.2,557860645000.0,54.634987688,22.1861,23740458000.0,95.99,24.0753,8.85670339565,13.36,0.372476755298,7.1506831245,消费电子,2026-08-12
2056,600693,东百集团,0.0859,944141748.73,1.6785082424,-13.1162,74733730.38,4.44,-33.9851,4.142666355877,2.08,0.361497270611,57.1296580747,一般零售,2026-08-12
2057,600495,晋西车轴,0.016,663298032.46,9.113698721,53.2455,19775002.31,42.26,4231.6695,2.714465866986,0.6,0.106048230255,13.2311689007,轨交设备Ⅱ,2026-08-12
2058,600371,万向德农,0.0472,99474871.85,-15.1362128656,16.2774,13801608.7,-44.47,1120.4818,1.777442357218,2.6151,-0.055751425398,26.4777070733,种植业,2026-08-12
2059,600318,新力金融,0.0598,192611973.08,12.6195878436,12.958,30651907.09,29.13,-48.8694,2.163712952553,2.79,-0.64977934152,82.40631952,多元金融,2026-08-12
2060,600285,羚锐制药,0.874,2147977056.01,2.3233332722,-9.2509,495091125.56,4.36,0.984,5.698370003513,13.96,1.275472277493,78.8989089059,中药Ⅱ,2026-08-12
2061,430737,斯达科技,-0.08,5327984.2,142.4748483594,,-3204139.11,56.75,,1.952889149048,-3.83,-0.04432611881,0.6689319762,,2026-08-12
2062,430687,华瑞核安,-0.04,640398.26,13.8796378226,,-1175010.79,17.67,,0.124389388387,-26.44,-0.03920874,71.0193716017,,2026-08-12
2063,430269,新网程,0.01,5839041.86,-6.8482395608,,212043.17,122.37,,0.36914014528,1.72,0.011250118596,69.4302725893,,2026-08-12
2064,430191,波尔通信,-0.31,31132812.12,54.3773887455,,-16241101.47,16.33,,1.86045744595,-15.4,-0.500108269498,38.1076624375,,2026-08-12
2065,430086,爱迪科森,-0.22,15874619.45,14.7168902396,,-4445032.36,41.38,,-0.171650341,,-0.2733435815,48.5189677413,,2026-08-12
2066,400094,银鸽3,0.0007,439653929.6,-13.3748654657,,1270153.67,101.9528546704,,-0.058223256392,,-0.011253539463,4.4742877331,,2026-08-12
2067,301421,波长光电,0.25,243191826.17,8.8940390951,48.4372,28846842.12,102.65,245.6381,10.480387397207,2.37,0.242630409098,34.640954775,光学光电子,2026-08-12
2068,301128,强瑞技术,0.5946,1374127982.76,63.6832837525,66.3354,86110015.28,56.83,386.0657,6.627265580611,9.04,-0.874088260973,29.3759111774,专用设备,2026-08-12
2069,301052,果麦文化,-0.4112,200814028.64,-32.5056059528,40.551,-40690068.9,-818.51,-294.5533,6.591892433315,-6.04,-0.784488892857,46.9982361836,出版,2026-08-12
2070,300883,龙利得,-0.0098,457502810.73,6.7134460706,20.0879,-3385503.62,-383.12,99.9854,4.078896676705,-0.24,0.005403040405,15.1735341974,包装印刷,2026-08-12
2071,300550,和仁科技,-0.12,157701890.67,-0.7402758313,7.4602,-31600173.91,-797.74,-144.0217,4.236408777713,-2.78,-0.268401433331,29.094084291,软件开发,2026-08-12
2072,300497,富祥股份,0.33,888252249.7,72.5853930926,48.2807,176943420.63,2660.26,89.1445,4.388601372801,7.78,0.128999092106,39.199639762,化学制药,2026-08-12
2073,300107,建新股份,0.0851,360266544.82,51.4233572136,36.9838,47870064.02,790.27,528.1059,2.699755736565,3.2,0.045084544259,23.9691416096,化学制品,2026-08-12
2074,002938,鹏鼎控股,0.56,17217171545.1,5.141159863,15.5957,1283691390.24,4.11,77.4112,14.836233049695,3.71,1.373637189764,23.9752902042,元件,2026-08-12
2075,002820,桂发祥,-0.04,239541289.01,-3.8318375743,-37.5138,-6926155.04,-76.7,-294.6328,4.141646955484,-0.81,0.108462886341,45.3626587671,休闲食品,2026-08-12
2076,002799,环球印务,0.03,337301731.22,-23.1546785196,0.6899,10727007.14,388.37,258.9056,3.99663076881,0.84,0.051013600331,20.4346854434,包装印刷,2026-08-12
2077,002471,中超控股,-0.0094,2685405901.65,2.8471140854,13.3242,-12696062.19,-291.38,-68.0852,1.318951516365,-0.7,-0.267866175232,9.3990400168,电网设备,2026-08-12
2078,001312,福恩股份,0.52,946810966.56,0.9337155822,41.898,100287774.56,-4.76,46.8996,10.06790343702,5.94,0.426161226625,25.6909229171,纺织制造,2026-08-12
2079,000909,*ST数源,-0.0336,120100065.69,-17.7909080702,-3.9282,-14716863.08,69.37,-17.2793,1.381464831628,-2.4,0.040873464696,43.1846206345,房地产开发,2026-08-12
2080,000546,金圆股份,-0.3028,6863626421.09,63.8705611984,-11.1957,-235500751.86,-374.83,-205.1772,4.708423575555,-6.23,-0.220094123106,-1.753504283,环境治理,2026-08-12
2081,000422,湖北宜化,0.2935,13391915759.47,11.5566705628,-1.7828,319334194.62,-19.94,-23.6997,5.634006455812,5.15,1.431992582551,14.3374153008,农化制品,2026-08-12
2082,920703,广厦环能,0.15,185293061.18,20.6503581803,94.5266,22136413.79,-19.81,821.2551,7.563184278947,1.94,0.198749266208,32.3914418693,专用设备,2026-08-11
2083,920509,同惠电子,0.2,113737163.91,13.0757663503,57.7403,32373052.73,10.45,82.6377,2.211285495682,8.39,0.154767558228,57.8495217377,通用设备,2026-08-11
2084,920188,悦龙科技,0.766,170392088.62,11.2006931917,4.6532,55118903.14,4.13,-28.1486,9.601105466137,6.8,1.014316850159,53.7483002243,橡胶,2026-08-11
2085,874653,南宝高盛,0.91,332829658.99,19.0713201756,,21901909.46,0.46,,9.937401834583,8.57,0.123561705833,16.2383318915,,2026-08-11
2086,874552,原力数字,2.45,331218387.78,16.0188693095,64.0253,58886891.28,24.62,41.5775,36.143324248495,7.01,4.683369100285,39.363870241,,2026-08-11
2087,874544,邦正精机,0.74,98594254.15,28.2885597423,97.5113,23254684.06,25.03,110.0065,8.638553774025,8.94,2.265007436522,44.5833028699,,2026-08-11
2088,874335,苏讯新材,2.0,1599364612.29,2.7810570204,,102095425.46,-27.53,,24.044477947033,8.65,1.259058295617,11.0402983456,,2026-08-11
2089,874322,幺麻子,0.85,361231319.6,8.646549718,103.4808,112590817.14,7.52,165.6717,9.711490341136,9.19,1.418006446439,44.1868846995,,2026-08-11
2090,874070,天广实,-0.93,86677339.87,-7.7360374405,230.1084,-69752645.9,11.5,61.6318,1.579081697087,-48.54,-0.98112639449,93.7835012033,,2026-08-11
2091,872784,九喜股份,0.37,45545817.83,-3.7514479021,,9552103.15,31.48,,2.242910712868,16.66,0.206112090223,41.5967819937,,2026-08-11
2092,872406,三同新材,0.0982,19668497.03,13.3347116894,,1431916.86,-22.17,,1.408300307036,7.23,0.160211309034,30.9346002428,,2026-08-11
2093,872388,ST蓝水,-0.16,1547702.35,-28.6567477647,,-482704.4,3.11,,-0.39596732,,-0.093828666667,86.5413346436,,2026-08-11
2094,872291,固耐特,-0.2042,13795349.96,-41.2085289773,,-5045470.79,-163.99,,2.095385100088,-9.29,0.230621527266,21.4939101117,,2026-08-11
2095,872076,智信信息,0.037,27743514.37,37.471246395,,2265375.7,243.68,,1.212418001932,3.06,0.076670935749,23.5324039447,,2026-08-11
2096,871781,美嘉林,-0.07,36559818.07,-7.3556511449,,-1599414.77,-897.4,,1.554659590007,-3.59,-0.058323274894,29.7928449183,,2026-08-11
2097,871073,大禾智能,0.05,63174266.2,-13.7603469427,,680130.85,-72.63,,1.128406528674,4.09,0.662003859015,33.4209874843,,2026-08-11
2098,870869,比特智能,0.02,112917242.43,-1.9320392287,,1685483.24,-60.71,,1.903260258375,0.78,-0.21165397244,27.2043120864,,2026-08-11
2099,870847,达人旅业,0.04,112427172.67,11.1808423428,,1544668.84,136.08,,0.046940752273,175.53,0.250860848011,14.1836727913,,2026-08-11
2100,839599,前瞻资讯,-0.21,14037554.94,-18.7826628346,,-2063222.6,-9944.925042539,,2.170554832,-9.07,-0.367815378,54.0314499385,,2026-08-11
2101,839216,西施兰,0.37,42279147.92,9.0019731165,,22253748.65,22.35,,2.723972390333,14.61,0.2329517375,83.9519448858,,2026-08-11
2102,839101,国信汽车,0.07,35868108.3,3.7939568851,,2062193.88,-55.88,,1.916678382,3.66,0.07710575,11.1518332011,,2026-08-11
2103,838691,金益环保,0.36,64552488.33,3.8823617825,,15379913.95,-21.28,,4.176467350337,8.48,0.519930015927,42.7221932624,,2026-08-11
2104,838437,骅盛车电,0.01,132070349.84,-32.3576678701,,1135916.52,-93.58,,2.135371773399,0.41,0.299791208029,14.5668583625,,2026-08-11
2105,838330,壹豪科技,-0.1,35524192.59,4.1682734444,,-3226124.04,-18.15,,1.307411004357,-7.66,0.125825926093,7.7160865319,,2026-08-11
2106,838049,琅卡博,-0.08,5694982.91,-53.2332997977,,-3827725.66,-178.81,,1.575886861087,-4.77,0.117364732391,61.4782203095,,2026-08-11
2107,837925,港渊科技,0.11,30678666.64,24.2601705735,,2157603.69,-36.29,,2.393545495,4.61,-0.1805314015,28.555699023,,2026-08-11
2108,836811,永泰股份,0.07,19913297.43,3.5398389263,,1201643.44,-58.52,,3.757592188333,1.79,-0.820771102778,30.0500101052,,2026-08-11
2109,836595,嘉业能源,0.07,4061655.05,2893.0623514764,,1027477.41,24645.8,,0.073396056,174.98,-0.067962568,40.8789796169,,2026-08-11
2110,836562,众拓联,0.29,34917999.22,37.4174567168,,3162607.46,-35.52,,1.538641028182,15.17,-0.954289910909,28.2413244467,,2026-08-11
2111,835960,九易庄宸,-0.22,35556269.46,-39.4443821374,,-15359055.94,-2723.62,,3.031537312738,-7.11,-0.251077556754,-2.5788403956,,2026-08-11
2112,835410,唐年股份,0.14,76802031.99,-4.1451762379,,2607806.93,96.67,,2.817477458889,5.28,-0.682497178333,24.460910751,,2026-08-11
2113,835037,环球药业,0.48,119757792.65,-3.4120892292,,47430030.76,9.19,,3.831238686193,12.7,0.396864169239,61.8522359847,,2026-08-11
2114,834741,三棱股份,-0.03,18131311.0,4.81006238,,-1685190.1,75.83,,0.020602619833,-81.07,-0.055439450833,2.3313719565,,2026-08-11
2115,834406,迪威普,0.001,6204125.25,20.861337636,,58074.97,105.8880122705,,1.434180590732,0.1,-0.023222601951,48.9999767493,,2026-08-11
2116,833921,文胜生物,0.05,134296277.87,1.6409516777,,2158478.02,-75.22,,2.298788653195,2.12,-0.178499917502,10.1394966309,,2026-08-11
2117,833046,酥儿胡同,-0.04,2178313.21,4604.69073158,,-558917.7,-41644.72,,0.02689418419,-90.2,0.006355018972,17.9331607689,,2026-08-11
2118,833000,海皇科技,0.13,3331202.06,41.9300303533,,3860028.15,779.44,,4.132049955,3.16,-0.198759784,36.0176737523,,2026-08-11
2119,832968,东软股份,0.15,54821941.68,-11.3569250559,,12436175.19,-26.01,,4.600350539246,3.1,0.213001719113,57.869328699,,2026-08-11
2120,832738,天润基业,-0.06,5133378.28,-48.7200821385,,-1353497.0,-1175.88,,0.988999390523,-5.41,0.014254877083,57.483700383,,2026-08-11
2121,832059,欧密格,0.1,77456600.08,7.0636777873,,4189480.16,-19.39,,2.483026021429,3.89,0.198576327619,21.4387340819,,2026-08-11
2122,832026,海龙核科,0.05,52359289.21,-22.7966339157,,6331935.45,-13.85,,2.691224194373,2.0,0.071176840131,47.7614553355,,2026-08-11
2123,831973,善为影业,0.0,1867492.41,-30.0960221039,,107336.43,107.65,,0.097750539783,1.46,-0.017250986783,97.9821015712,,2026-08-11
2124,831833,红冠庄,-0.09,21466404.9,-15.5091854637,,-2158243.0,-1947.6320355993,,0.328508137108,-23.85,0.000209740213,73.8175827942,,2026-08-11
2125,831264,柏康科技,0.21,11927692.45,25.2846846983,,1048593.68,-4.32,,4.273999204,4.83,0.151212356,46.7842111405,,2026-08-11
2126,831149,奥美环境,0.09,68904898.45,212.4847611302,,9921621.85,404.12,,1.633021053943,5.64,-0.227170065043,34.6307349503,,2026-08-11
2127,831022,三和视讯,-0.07,678931.62,-55.2356607095,,-968604.56,-176.42,,0.88498248398,-7.58,0.001771943984,35.5149006022,,2026-08-11
2128,830933,纳晶科技,-0.13,25012176.35,-8.9828829665,,-17615058.23,-3.11,,0.57169544783,-19.78,-0.169874702847,30.4641505536,,2026-08-11
2129,689009,九号公司,1.4,14357844376.09,22.276281907,44.5982,1008342602.79,-18.79,295.8225,10.059448915112,13.12,2.690282228242,28.5644552188,摩托车及其他,2026-08-11
2130,688612,威迈斯,0.69,2867422704.2,-3.1271895061,10.2769,286797295.69,5.37,18.7458,8.576241368351,7.74,0.742638022081,24.0637639658,汽车零部件,2026-08-11
2131,688600,皖仪科技,0.25,390360997.09,26.776250837,17.8092,31025445.26,2863.13,52.9925,5.92162604161,3.87,-0.027293722467,50.4603077327,通用设备,2026-08-11
2132,688469,芯联集成,0.03,4562219380.18,30.5282184349,32.4895,278333400.73,263.4,514.9882,1.592801054304,2.11,0.15139366354,12.7146797377,半导体,2026-08-11
2133,688309,恒誉科技,1.02,311138967.77,149.6024916276,-19.4745,81075575.29,865.58,-9.3066,10.573933821763,9.96,0.046618033019,51.4235632511,环保设备Ⅱ,2026-08-11
2134,688148,芳源股份,0.09,1465586673.53,62.8729301676,20.245,45112035.28,130.3102534809,-126.5842,0.723568854782,8.85,0.073878919924,11.1420580747,电池,2026-08-11
2135,688035,德邦科技,0.48,879958199.38,27.5411972033,16.5293,68055265.72,49.33,-2.2415,16.877310519615,2.89,0.198698977643,27.1144479429,电子化学品Ⅱ,2026-08-11
2136,603119,浙江荣泰,0.32,898375786.16,56.9259067795,38.8541,150149912.31,21.67,9.1446,4.438170364149,7.15,0.539972086578,36.5673857244,汽车零部件,2026-08-11
2137,603096,新经典,0.2863,288565624.12,-8.3616139624,16.9932,44161908.87,-5.79,13.9769,11.744477316909,2.46,0.045153074773,50.4785904122,出版,2026-08-11
2138,600768,富邦新材,0.44,1024855628.83,91.0354873547,52.6152,58512369.2,504.48,9.0796,3.600204824849,12.75,-1.992232178019,17.7157126002,工业金属,2026-08-11
2139,600683,京投发展,-0.54,3851426067.45,831.6333246438,264.7805,-313200226.39,-18.7196979673,-44.0991,-1.976976101506,,-0.312386950843,6.8490534067,房地产开发,2026-08-11
2140,600269,赣粤高速,0.09,2660480932.94,-13.6573604851,-22.3423,207656083.84,-72.81,-124.4601,8.236478725215,1.06,0.46490213016,42.1097681517,铁路公路,2026-08-11
2141,600255,鑫科材料,0.02,2723236873.88,25.546802578,24.5489,42611463.19,115.97,58.8723,0.831604145926,2.88,-0.213236268629,7.9830952517,金属新材料,2026-08-11
2142,600203,福日电子,0.1406,7923002533.1,48.5736249284,0.3194,83349726.55,277.41,-20.4426,2.899659493646,5.05,-0.767235321417,5.8034501237,消费电子,2026-08-11
2143,600066,宇通客车,0.84,16718525477.25,3.6524784174,82.9152,1867413428.32,-3.52,83.2831,5.861174016682,11.85,2.686946262702,24.4718613793,商用车,2026-08-11
2144,430099,ST清北,-0.0181,20531.12,-29.8898001541,,-362933.99,7.94,,-0.1276256135,,-0.013817537,,,2026-08-11
2145,400143,德威5,-0.01,201277722.72,31.4605865281,,-11895671.38,-137.52,,0.145779485275,-5.82,-0.009180053334,8.9215782538,,2026-08-11
2146,301697,贝特利,0.48,2921070446.6,116.8945608402,-11.7185,94997821.58,105.44,-47.6891,4.765738054112,10.67,-1.237100998122,7.1542873916,光伏设备,2026-08-11
2147,301308,江波龙,25.2,24088363284.95,136.2610583659,43.1025,10576875808.95,71528.66,73.8537,43.924176013626,79.03,-7.449114578338,58.9022844185,半导体,2026-08-11
2148,300725,药石科技,0.43,1059456803.5,15.1922699435,8.5417,99444867.74,37.17,3.4195,19.527660956291,1.82,0.822683318656,32.4911523851,医疗服务,2026-08-11
2149,300693,盛弘股份,0.73,1759458985.17,29.1563751683,36.3922,227786579.19,44.11,67.4046,7.180509119363,10.08,0.531403374239,40.7028562698,其他电源设备Ⅱ,2026-08-11
2150,300437,清水源,-0.0071,493101109.19,18.3729822932,-11.5112,-1759780.9,93.17,29.7925,5.638804570319,-0.13,-0.071315395988,14.3461526757,环境治理,2026-08-11
2151,300172,中电环保,0.09,402011710.94,27.5116518903,21.082,64121062.89,18.88,38.3825,2.848674604513,3.34,0.006713229803,28.730606392,环境治理,2026-08-11
2152,002962,五方光电,0.0513,618701533.95,1.0942933625,-2.6185,14808752.36,-46.36,166.4498,6.02171501437,0.83,0.395099229407,12.3074148748,光学光电子,2026-08-11
2153,002825,纳尔股份,0.13,1197145893.52,23.1400487974,9.6676,45487321.97,-60.35,62.4778,4.599458156635,2.82,0.261706776452,18.2560764075,塑料,2026-08-11
2154,002633,申科股份,0.0653,156110471.2,11.4887205992,6.3599,9789981.35,197.51,-11.8256,2.364749712333,2.37,-0.3355452778,23.9754923627,通用设备,2026-08-11
2155,002587,奥拓电子,0.0211,415584813.07,32.8342207176,-34.0435,13666895.05,64.22,-110.1767,1.997791747131,1.03,-0.152567531336,33.7864951014,光学光电子,2026-08-11
2156,002391,长青股份,0.0863,2166400799.18,4.0051759243,17.3278,53954175.57,27.62,-24.4033,6.432362200413,1.26,0.283962353201,14.723275646,农化制品,2026-08-11
2157,002233,塔牌集团,0.19,1741644857.54,-15.2998638565,9.7353,219450478.04,-49.6,-50.7698,9.978328961912,1.84,0.145593950788,23.410002311,水泥,2026-08-11
2158,002137,实益达,0.0555,362147985.89,17.1241004683,4.096,32031428.28,107.13,39.4241,2.644000210897,2.09,0.013054066209,16.8368125644,光学光电子,2026-08-11
2159,002033,丽江股份,0.2416,419045138.8,10.9455284878,8.7268,132738008.47,40.46,-0.8078,4.548846701924,5.12,0.251696452772,59.7676586196,旅游及景区,2026-08-11
2160,001270,铖昌科技,0.3745,215967262.08,7.3347390255,7.8654,76295305.91,34.72,-29.4092,7.675429920664,4.91,0.294272402945,83.0271027437,军工电子Ⅱ,2026-08-11
2161,001207,联科科技,0.53,1273613594.06,5.0105972085,26.1894,159021706.83,1.6,43.8228,7.967041772139,6.63,0.828506867624,20.0681271307,橡胶,2026-08-11
2162,000911,*ST广糖,-0.04,1582447396.89,17.3917363772,-1.8242,-16028603.77,-275.69,137.8267,-0.205662034723,,-2.931911873346,9.052699245,农产品加工,2026-08-11
2163,000762,西藏矿业,0.115,541006973.09,304.5774682034,75.6352,60066329.11,492.46,116.3787,5.739126772333,2.03,0.470119595947,43.6607273546,能源金属,2026-08-11
2164,000703,恒逸石化,1.75,67309305318.81,20.2810654211,24.7534,5901665221.78,2500.73,95.8536,7.801434241354,21.32,-0.127684147846,15.3107823515,炼化及贸易,2026-08-11
2165,000680,山推股份,0.4546,8277512734.75,18.1898498507,8.7951,681076003.83,19.03,2.9868,4.446368694099,10.49,0.218014904472,22.4183783116,工程机械,2026-08-11
2166,000408,藏格矿业,2.32,2064878029.42,23.0454935619,88.5393,3638081370.05,102.09,31.1749,10.960867806225,21.19,0.627285779926,66.689523214,农化制品,2026-08-11
2167,920751,惠同新材,0.28,125576904.65,12.0965366723,15.0899,24013115.16,0.86,5.2502,4.755671468772,5.83,0.237449261005,39.1648598021,金属新材料,2026-08-10
2168,920576,天力复合,0.0291,186483002.87,-27.6624479261,-18.5606,3173317.72,-78.95,8.7605,4.023482430473,0.71,-0.19542412134,17.9745576992,金属新材料,2026-08-10
2169,920571,国航远洋,0.2235,641037094.71,47.1895129271,69.1812,123970655.58,603.81,223.5783,2.44979118874,8.93,0.425567503935,36.1270029209,航运港口,2026-08-10
2170,920304,迪尔化工,0.1,421609733.67,39.3870000317,-22.8376,16495967.71,-38.68,-18.488,3.116778006347,3.08,-0.108672049806,10.323695497,化学原料,2026-08-10
2171,920266,生物谷,-0.04,200815170.91,-3.2551448942,12.0664,-4415627.43,84.42,105.9541,7.067635044166,-0.5,0.157100700325,63.6145602004,中药Ⅱ,2026-08-10
2172,920190,雷神科技,0.2025,1445289311.14,4.1032309123,16.5427,20251376.5,41.27,-61.8667,8.552513297675,2.34,-1.361764014382,8.5843563295,计算机设备,2026-08-10
2173,920089,禾昌聚合,0.31,879035238.95,-0.0348145541,22.983,61336462.0,-15.72,-7.9937,6.713592189041,4.78,0.057469979895,13.7240275377,塑料,2026-08-10
2174,920077,吉林碳谷,0.1791,1516169961.0,27.7318854632,24.716,104995119.72,36.4,54.964,4.559348970057,3.93,0.420877394187,15.6490225155,化学纤维,2026-08-10
2175,920017,星昊医药,0.43,314456566.52,2.0042819262,-1.4147,53240074.09,29.59,-32.5201,13.175904546438,3.17,0.905658443278,70.2865889226,化学制药,2026-08-10
2176,874845,桓基电气,-0.05,40575113.39,-28.1473553644,,-694238.31,-107.65,,7.589083002098,-0.56,-0.081858321678,60.3055594566,,2026-08-10
2177,874592,捷希科技,-0.08,46938653.54,15.7334747399,,-4491275.58,-204.13,,3.465482010935,-2.16,-0.099139151181,42.4691115884,,2026-08-10
2178,874230,洁能股份,0.54,180666954.04,27.7037759775,,31112520.03,12.74,,6.579890268576,8.6,0.177093898857,34.1129114605,,2026-08-10
2179,874222,欣战江,0.82,196408382.35,19.3126741405,34.1668,46598731.29,56.92,75.8418,12.089832984697,7.02,0.647316512929,38.4533527268,,2026-08-10
2180,873759,贺祥智能,0.09,87731239.92,5.1906174276,,4819297.49,25.41,,2.922083419091,2.74,1.0901084,36.5495186883,,2026-08-10
2181,873631,诚磊股份,-0.11,16323140.25,-21.9607103191,,-543517.47,23.96,,1.337034172,-7.8,0.102735936,30.629328263,,2026-08-10
2182,873629,力得尔,0.48,60561462.43,56.7914887042,,12648218.23,51.37,,2.794164836357,18.24,-0.051899872349,39.1582380419,,2026-08-10
2183,873577,菲尔特,-0.3835,68116510.35,16.1283404728,,-20499776.82,34.13,,-0.160589641908,,0.135356666791,7.0490058656,,2026-08-10
2184,873575,西诺稀贵,0.3773,366295962.89,35.1819936651,,36224137.83,24.3,,5.381211673021,6.79,-1.838861757917,21.0107971578,,2026-08-10
2185,873258,麦禾传媒,-1.16,3425197.26,34.2606195288,,-5776101.81,-6.8,,-0.10848437,,-0.010618942,-81.4679946346,,2026-08-10
2186,872990,宝福生活,0.04,1645163.24,-82.1367500299,,700610.37,-91.79,,1.250004867,1.68,1.5004353985,,,2026-08-10
2187,872715,大正仪表,0.26,74973370.9,-2.1325654915,,13082449.76,-13.82,,3.510766532284,7.36,0.335230849072,34.1079848525,,2026-08-10
2188,872430,华清环境,-0.05,19329489.91,-14.3878403668,,-3634725.89,-1904.9,,0.745398084438,-6.78,0.009230086365,6.6167265973,,2026-08-10
2189,872310,协汇食品,0.17,9906199.23,6.9757414308,,1753114.58,13.07,,3.320147613861,5.37,0.063753948515,28.9188639708,,2026-08-10
2190,872174,康明新,-0.1269,6152083.0,-61.2024040185,,-1925867.33,33.57,,0.165231133729,-54.58,-0.124162258235,15.765809564,,2026-08-10
2191,871994,肯特智能,0.21,127908131.59,19.3240430204,,7506137.67,-70.81,,5.998126961433,5.26,0.536767482211,21.128504454,,2026-08-10
2192,871862,莘阳能源,0.0605,65847851.57,-14.1919836331,,2538980.6,-24.97,,2.043724694762,3.01,-0.019467840714,13.3433273531,,2026-08-10
2193,871772,京安股份,0.02,56569152.06,-0.3292065534,,2258686.84,-68.89,,1.345114482477,1.11,-0.031612034553,11.3286393849,,2026-08-10
2194,871394,立信数据,-0.04,34390146.63,4.4834294645,,-1073374.03,-220.460905824,,1.178880387292,-3.49,-0.689506367405,41.2172131527,,2026-08-10
2195,871326,武侯高新,0.02,138146031.08,-2.5455743701,,7036348.08,-63.37,,11.358904986101,0.21,0.30214268758,40.5579902455,,2026-08-10
2196,871086,网格天地,-0.74,3144467.6,-50.8847504018,,-5155741.06,-39.46,,0.228656992857,-123.35,-0.235076161429,47.1513616486,,2026-08-10
2197,870286,ST兴发股,-0.06,501092.99,,,-1079474.11,-280.77,,0.203572341111,-25.68,-0.00398457,3.8461543834,,2026-08-10
2198,839915,倚天软件,0.01,8586054.19,1.8945470841,,398702.33,114.7081858386,,0.725052391011,1.56,-0.050152405618,27.8056281403,,2026-08-10
2199,839572,华乘科技,-0.1772,25316457.36,-21.8399338766,,-11732860.62,-74.1,,1.522056399849,-10.98,-0.076887193658,46.6185531497,,2026-08-10
2200,838826,华茂林业,0.01,8759032.98,114.9935109832,,231119.13,-112.84,,0.719939050709,1.14,-0.011986961704,22.3592152749,,2026-08-10
2201,838626,为信股份,-0.07,3549300.66,14.528292439,,-1479310.46,44.2460889453,,0.7980100525,-8.86,0.1189868745,30.2626261591,,2026-08-10
2202,838535,盛和信,0.07,51016813.31,8.5531466049,,3660074.98,41.89,,1.360248035287,5.51,-0.033483249801,20.6911663531,,2026-08-10
2203,838248,港华建设,0.0237,41790646.37,33.0252350487,,1253591.46,120.2369611254,,2.111912635179,1.13,0.101252243529,15.4773003096,,2026-08-10
2204,837785,聚力股份,0.16,87573199.0,98.1686626344,,9616177.04,345.21,,2.163546371667,7.39,-0.125425422833,16.7434120455,,2026-08-10
2205,837566,中固建科,0.25,101112471.93,-25.4130799495,,6576934.15,-24.15,,4.370790538846,5.78,-0.659934741538,17.2816710011,,2026-08-10
2206,837388,虹瑞智能,0.23,83426071.08,67.2554121526,,7366724.59,1959.1,,1.998266335037,11.83,0.252441681791,24.5070688639,,2026-08-10
2207,837033,金色股份,0.01,33990766.65,-20.1697919508,,412083.92,150.8,,2.308760221264,0.34,0.22077056705,16.5875935899,,2026-08-10
2208,836782,正大龙祥,0.0615,518401366.44,-2.9213821321,,3688235.03,-10.93,,1.745632557667,3.32,0.066861742333,3.1024153371,,2026-08-10
2209,836476,英联利农,0.86,75939928.99,65.3596307684,,14272824.06,48.59,,3.409595173,27.96,1.254649764,43.8239102836,,2026-08-10
2210,835957,建筑数据,0.07,10368145.34,97.3351442386,,1452936.1,277.41,,0.468790246984,15.89,-0.010909496058,64.1087297875,,2026-08-10
2211,835891,侏罗纪,-0.28,21666139.8,-31.8150202517,,-9452801.11,-304.9,,1.114609610149,-22.47,0.177558186269,41.511364521,,2026-08-10
2212,835330,东奇科技,-0.16,238679.25,,,-2380845.91,-11.46,,0.082634731772,-99.59,0.143298601286,99.848495418,,2026-08-10
2213,834328,鸽德新材,0.18,48919737.19,23.5823857465,,8278348.65,25.98,,1.827144356762,10.16,0.130906471975,28.1136305916,,2026-08-10
2214,834293,搜了股份,-0.03,28394092.95,-14.0830896476,,-812771.99,-134.54,,-0.016570187516,,0.020658886907,35.0889732155,,2026-08-10
2215,834135,龙盛股份,0.09,114514992.24,22.5116392792,,2662822.22,68.66,,1.544277522667,5.59,0.207790211333,10.7395706007,,2026-08-10
2216,833753,超音速,0.07,91798783.59,46.8793420756,,5470387.26,38.88,,2.227097179035,3.13,0.120967465906,26.9784930055,,2026-08-10
2217,833319,比酷股份,0.07,87712488.66,18.5773928456,,4196226.22,516.65,,1.693276588806,4.18,0.081564424104,16.5613133112,,2026-08-10
2218,832613,资博股份,-0.11,7886.23,-99.154848646,,-1545622.13,-49.56,,0.115497708772,-63.9,0.979051965614,15.8960618699,,2026-08-10
2219,832398,索力得,0.15,675263143.04,3.9202173288,,12468074.62,22.75,,2.591553712671,6.11,0.818614739208,8.7770715788,,2026-08-10
2220,832277,金泉股份,0.05,105858492.47,21.1907159215,,2010787.84,133.07,,0.60960693005,8.6,0.186513370131,21.6629159975,,2026-08-10
2221,832082,聚祥股份,0.13,42740986.67,81.5107082824,,5226511.3,78.73,,1.419819765142,9.2,0.256863011434,25.5368274586,,2026-08-10
2222,832045,红星药业,0.04,9455750.93,-15.1246517395,,829659.47,-38.32,,1.343748244497,2.87,0.140042315105,46.4008434918,,2026-08-10
2223,831760,玉如意,-0.08,26003581.82,1.5937588914,,-2509777.95,-10.56,,0.535176781885,-14.49,-0.078657340659,11.4457562062,,2026-08-10
2224,831378,富耐克,0.31,214161868.06,18.5492005965,,40463381.07,45.6,,3.579311547032,8.46,0.289660315435,41.8880045419,,2026-08-10
2225,831235,点米科技,0.02,27432585.9,-17.3095204219,,3455235.5,201.89,,0.095681249568,27.95,0.011472495327,84.3359833606,,2026-08-10
2226,830982,中易腾达,0.24,816739942.42,112.1326016633,,10139419.91,12.25,,3.630852606613,6.71,-0.00301769737,6.2694376876,,2026-08-10
2227,688828,国仪公司,-0.2,258586893.19,51.030997321,290.9381,-70319651.85,3.1117669874,101.5301,1.92713483925,-9.77,-0.46487142275,45.580314306,通用设备,2026-08-10
2228,688795,摩尔线程,-0.02,1736309066.25,147.4213793771,35.4012,-11563095.44,95.732267092,-239.3849,25.906378677198,-0.1,-4.614588481206,56.9463084205,半导体,2026-08-10
2229,688689,银河微电,0.38,611363627.3,28.2752010183,28.7385,48258476.85,77.28,63.5694,10.404265069307,3.42,0.369024416878,25.3047482352,半导体,2026-08-10
2230,603102,百合股份,1.0,503616387.18,19.8090971798,-0.13,62072682.41,-13.64,14.7824,26.775704219844,3.62,0.898137157813,36.8806463408,食品加工,2026-08-10
2231,430542,利雅得,-0.04,23274444.16,-58.4238408063,,-1842683.12,-150.56,,2.243839403239,-1.45,0.226586837875,30.1886514741,,2026-08-10
2232,430528,欧丽信大,0.0,29953380.13,41.2679732882,,-106899.03,96.85,,4.083594564196,-0.06,-0.305495727365,42.9289977431,,2026-08-10
2233,430486,ST普金科,-0.02,457750.37,-40.1279992366,,-1384870.21,16.1,,-0.374129161848,,0.028293366729,80.414058431,,2026-08-10
2234,430116,中矿华沃,0.23,38120370.79,6.602758448,,4669552.9,-22.26,,3.043668982,8.38,-0.978850363,46.6613670365,,2026-08-10
2235,300426,华智数媒,0.0946,53978542.77,21.5264700497,3134.8968,42599225.64,160.73,454.0411,0.341648555836,32.37,0.002455669523,85.2843975914,影视院线,2026-08-10
2236,300184,力源信息,0.2585,6432185722.64,59.4583037337,26.8632,297519061.1,209.5,16.6584,4.062227837705,6.9,0.088300841288,10.3542773948,其他电子Ⅱ,2026-08-10
2237,002261,拓维信息,0.0549,1311528190.92,0.3922742764,20.9517,69222033.16,-12.16,-87.3615,2.073183057098,2.69,0.059699305603,18.7210386387,软件开发,2026-08-10
2238,002246,北化股份,0.41,1336506938.76,18.1641205671,57.0696,225292422.66,111.09,111.5208,5.943784122341,7.12,0.442532860877,37.261198275,化学制品,2026-08-10
2239,001258,立新能源,0.0782,643905258.8,29.7534495347,43.0686,73023851.79,715.75,951.7457,3.31062818966,2.37,0.30452122999,32.5088960649,电力,2026-08-10
2240,001221,悍高集团,0.73,1678048753.41,15.7404643334,38.1465,292318316.87,10.12,27.4344,7.601117914152,9.91,0.617440770706,35.8134442673,家居用品,2026-08-10
2241,688700,东威科技,0.33,673661280.42,51.9387894538,20.528,99121663.01,133.21,23.671,6.495200954781,5.27,1.043680944014,37.5587585236,专用设备,2026-08-08
2242,688549,中巨芯,0.0095,798755213.7,40.9816865835,18.1678,14057672.44,72.75,20.4531,2.04250683749,0.47,-0.043159468413,14.0624062621,电子化学品Ⅱ,2026-08-08
2243,688256,寒武纪,3.68,5995573619.61,108.1331369113,7.8407,2310912080.33,122.61,28.0775,21.574993789911,18.05,0.495492800048,55.2505731603,半导体,2026-08-08
2244,688167,炬光科技,-0.52,418565100.76,6.5685479224,3.7946,-67228780.32,-169.5543828689,-309.208,17.471528351027,-2.91,0.226705537729,43.3370494555,半导体,2026-08-08
2245,688130,晶华微,-0.02,107166510.05,36.3050278718,32.4701,-2019365.47,91.2055146423,154.2142,10.258912385308,-0.16,-0.439128423389,49.7271612607,半导体,2026-08-08
2246,688082,盛美上海,2.06,3718097074.64,13.8672209019,51.8283,988949356.41,42.14,748.2794,30.266695542517,7.06,0.182482318668,46.858347291,半导体,2026-08-08
2247,605358,立昂微,0.12,2094263870.9,25.7225804429,9.5561,83972615.19,166.1070594273,962.3133,13.883746998639,1.13,0.479786083419,13.4227966512,半导体,2026-08-08
2248,605007,五洲特纸,0.48,4894704419.83,18.7567082445,14.7291,229894564.09,88.95,31.1456,7.668730657881,6.13,0.222676663994,10.1863167147,造纸,2026-08-08
2249,603822,ST嘉澳,0.8742,2286387457.1,76.103235435,214.5753,67158977.23,185.842933138,351.3141,5.872290346512,16.33,6.935092133008,23.5665297772,化学制品,2026-08-08
2250,603508,思维列控,0.83,728685568.18,5.7307507826,-7.5377,317654872.29,4.65,-2.2369,10.809787170382,7.75,0.940544632612,63.8775790294,计算机设备,2026-08-08
2251,603001,奥康国际,0.0438,768539054.55,-28.8789715181,-19.9258,17574291.85,119.0931835505,-130.7825,5.886532576513,0.75,0.415406062422,44.4329109937,服装家纺,2026-08-08
2252,600829,人民同泰,0.1397,5408098368.38,5.0252642218,-8.4831,81001446.12,11.6,-32.8626,5.339004624383,2.65,-0.720398083755,8.1140126612,医药商业,2026-08-08
2253,600581,*ST八钢,-0.223,9318860868.39,6.7098344183,86.5249,-342104089.84,50.8875962904,95.3922,-0.337028585362,,0.307201124886,5.5028411848,普钢,2026-08-08
2254,600500,中化国际,-0.08,23533324398.78,-3.3648441533,42.6758,-280967783.21,68.2824553836,69.7945,2.836151082069,-2.72,0.52068458541,6.8995425052,化学制品,2026-08-08
2255,600433,冠豪高新,0.12,3639418157.59,6.9372494851,11.117,212732029.13,467.2522824773,-81.8666,2.539719002568,4.9,-0.024818256185,10.0527176306,造纸,2026-08-08
2256,301361,众智科技,0.3559,158310856.44,19.9598057125,18.2965,41409073.83,-2.76,-0.274,10.773555006361,3.32,-0.028883225743,57.3148561889,电网设备,2026-08-08
2257,300773,拉卡拉,0.62,3256736297.8,22.8052763972,1.8111,668966834.74,191.67,-87.525,4.262032148929,14.67,-0.09473501298,24.7207765183,多元金融,2026-08-08
2258,300647,超频三,0.0379,634328145.0,33.7212198142,24.8072,17324621.64,53.2,-1.2241,0.960667493629,4.01,-0.079955901852,16.1415774197,消费电子,2026-08-08
2259,300507,苏奥传感,0.04,946889901.22,-14.2084848982,16.2057,32726979.09,-42.83,51.2153,2.686846423688,1.53,-0.058311028697,15.5846153634,汽车零部件,2026-08-08
2260,300455,航天智装,0.0036,367077580.5,-25.6818074337,48.7896,2558272.5,101.66,-115.712,2.325791067435,0.15,-0.100064199204,24.2414392099,计算机设备,2026-08-08
2261,300146,汤臣倍健,0.36,3671380055.69,3.9370138045,-3.5426,603121751.13,-18.11,-49.8591,6.428147840467,5.43,0.105471349442,70.3330037616,食品加工,2026-08-08
2262,300042,朗科科技,0.4744,966250486.5,101.7597377368,-1.2426,95079679.04,632.43,-83.896,5.646713083583,8.69,0.054707303543,19.9921031626,计算机设备,2026-08-08
2263,002828,贝肯能源,-0.62,313967569.14,-32.4102139999,70.5185,-124316612.8,-999.48,30.2785,3.001385911768,-19.94,-0.035998020077,0.4576371897,油服工程,2026-08-08
2264,002741,光华科技,0.2028,2247642620.09,75.3218396688,31.7972,94284977.92,67.56,29.1525,4.266824524505,4.75,-0.518548115423,13.6754060762,电子化学品Ⅱ,2026-08-08
2265,002550,千红制药,0.1215,758365706.37,-11.999212012,11.7876,152825677.07,-40.78,-20.3215,2.139592210595,5.62,0.139309796593,53.2573175682,化学制药,2026-08-08
2266,002519,银河电子,0.0048,441480579.01,114.4726247664,-3.2965,5441151.09,118.8818443281,139.347,1.972254289264,0.25,-0.004453658595,18.5474540043,地面兵装Ⅱ,2026-08-08
2267,002455,百川股份,0.11,3116113126.54,7.0958258637,14.082,70766265.73,31.23,181.6279,3.872254876135,3.08,0.17646781988,9.7300146887,化学制品,2026-08-08
2268,002200,交投生态,0.1209,288487921.03,209.1562160739,10.5239,53197112.21,187.62,170.6129,2.969218370505,4.05,-0.08566381761,19.5590432863,基础建设,2026-08-08
2269,002177,御银股份,0.0159,27044266.14,-8.6735894894,-2.7459,12133317.28,14.25,-78.3443,2.2566796744,0.71,0.018817783378,49.3027785297,一般零售,2026-08-08
2270,001389,广合科技,2.14,4388260234.74,80.9775863738,29.275,955588247.43,94.39,43.4288,16.778133783404,16.05,1.982552566805,39.2728845228,元件,2026-08-08
2271,001203,大中矿业,0.21,1777906450.25,-9.8574013664,18.5222,322041110.42,-20.59,4.3446,4.69531870349,4.39,0.484095365616,49.7211002809,冶钢原料,2026-08-08
2272,000831,中国稀土,0.2233,1646605728.86,-12.1896402618,0.6237,236952193.68,46.53,-28.9821,4.770491550454,4.81,0.669707516308,22.4086494838,小金属,2026-08-08
2273,000695,滨海能源,-0.1272,419301173.48,78.5436808259,-0.5313,-28246826.82,27.82,-51.9571,1.499396996763,-14.79,-1.304458974638,8.9610233423,电池,2026-08-08
2274,920981,晶赛科技,0.11,424441149.84,56.173757602,23.0522,8259388.63,205.54,7.6825,6.749654211304,1.61,0.637548946226,13.0223160127,元件,2026-08-07
2275,920475,三友科技,0.05,188240409.89,122.6143315433,-8.9337,5391086.95,187.47,-44.8486,3.509240465268,1.53,-0.414858456857,15.4137069118,专用设备,2026-08-07
2276,920261,一诺威,0.53,4599012031.42,29.5561335316,0.3989,138676194.93,23.72,28.5059,5.596986258894,8.24,-0.371197897325,7.6721220492,化学制品,2026-08-07
2277,920247,华密新材,0.11,236060411.77,16.3235444712,9.3559,20037939.62,19.5,-31.0693,2.549844427488,4.14,0.204885417872,30.4219933328,汽车零部件,2026-08-07
2278,920125,鸿仕达,0.51,272322095.24,38.6725764882,55.4451,23955075.72,332.0,1485.1652,12.566329475427,4.25,0.731153773326,34.3567821618,自动化设备,2026-08-07
2279,920071,金钛股份,0.617,1041955507.85,18.748875004,14.9012,129565727.72,16.75,68.5681,7.587178904476,8.48,1.045193044238,19.4288713966,小金属,2026-08-07
2280,920007,酉立智能,0.47,520792739.08,8.3227481872,22.8853,20994500.91,-63.77,-50.8819,14.595403104702,3.27,2.418790287307,13.2553335751,光伏设备,2026-08-07
2281,874885,鑫巨宏,4.32,1112019626.83,266.6354863438,74.6091,272919771.26,365.55,84.0826,12.144863604434,43.43,-1.420421433888,39.0031446429,,2026-08-07
2282,874827,元立光电,1.41,219120730.03,28.1301677183,27.6857,41231194.79,51.04,64.8427,12.145062868439,12.35,0.587732013633,38.0228746356,,2026-08-07
2283,874671,吉宝股份,0.76,229348218.76,19.4818810009,29.6635,29259232.59,23.8,-6.1705,10.642162671576,7.39,0.806979387597,27.9507829302,,2026-08-07
2284,874667,小草数字,0.17,47043076.02,-0.6503096301,,11342845.74,27.69,,2.276372116176,6.76,-0.297317812647,49.8820930843,,2026-08-07
2285,874640,百迈科,0.95,122374583.43,27.7207333004,32.4649,38640799.06,10.41,82.415,9.700303469373,10.32,0.997846711685,64.58907767,,2026-08-07
2286,874428,宏霸机电,0.01,44157934.86,-3.4845500472,,173773.4,-96.69,,1.679336870028,0.33,-0.077013811463,27.1834812884,,2026-08-07
2287,874391,金钛股份,0.617,1041955507.85,18.748875004,14.9012,129565727.72,16.75,68.5681,7.587178904476,8.48,1.045193044238,19.4288713966,,2026-08-07
2288,874266,永益泵业,0.32,45048880.2,31.767823107,,10698536.78,61.02,,2.699286591818,12.78,0.163952174242,43.4214994538,,2026-08-07
2289,874139,中大监理,0.16,66540090.25,10.8087639912,22.0507,10134198.61,-12.22,-22.2633,1.591798281692,9.05,0.083682455077,31.9650132425,,2026-08-07
2290,874111,兢强科技,0.88,967460932.42,23.6977628007,26.0528,52623904.85,31.85,-11.5929,12.207923504802,7.46,0.320648582547,11.040197236,,2026-08-07
2291,873996,岳海新材,-0.31,58184645.46,-1.2710263113,,-4630822.37,156.23,,4.179796270667,-7.12,-0.169654457333,1.9448779847,,2026-08-07
2292,873992,宇能制药,0.4,97809009.68,78.5531020316,,10340493.65,540.91,,5.579713283142,7.2,-0.561759827969,22.9250020457,,2026-08-07
2293,873958,双键新材,0.13,75527645.25,17.9347755987,,11044231.47,59.39,,1.503894566818,8.71,0.066754662841,39.1870050391,,2026-08-07
2294,873057,黄山振州,0.2528,23450856.93,25.8122530133,,2830877.21,34.98,,2.635657342857,9.33,0.486652030357,25.9844603043,,2026-08-07
2295,872334,ST科炬,-0.08,10315649.69,-5.9442013736,,-2912636.09,39.0,,-0.115185454922,,0.038833354404,33.1283366797,,2026-08-07
2296,872285,铝泰股份,0.0461,192035385.69,1.4474656826,,2442738.59,-59.39,,2.139765024698,2.18,-0.10157296267,7.5160533816,,2026-08-07
2297,871455,富丽华德,0.01,1013964.6,85.8523926362,,291947.59,237.57,,0.077504814924,16.43,0.016118053615,79.8723880498,,2026-08-07
2298,871241,亿林网络,0.04,10178002.29,-12.4258658082,,1358252.81,33.37,,1.248097686514,3.28,0.10419471588,56.6821972094,,2026-08-07
2299,870953,中食佳肴,-0.07,169141.57,-65.9017100615,,-545499.13,-105.69,,0.6048161225,-10.67,-0.08742312375,,,2026-08-07
2300,870287,快而捷,0.18,121438349.39,42.6502680805,,4529693.44,1084.88,,1.843732202972,9.97,0.358495871225,17.2845662391,,2026-08-07
2301,870052,万谷机械,0.012,51542354.18,13.7158122429,,398887.2,-45.23,,1.438691644481,0.87,0.084839938747,25.5268683577,,2026-08-07
2302,839746,靖互股份,0.16,205412242.96,0.9431023405,,16164343.69,-12.27,,5.2886694261,3.07,0.2568953781,22.7841576216,,2026-08-07
2303,839045,大唐种业,-0.1289,3183307.24,-17.5775710441,,-4238724.93,-78.68,,1.304612473036,-9.41,-0.050837098443,12.1481924566,,2026-08-07
2304,839038,ST深海,-0.07,4503465.57,-40.3865608511,,-1729088.9,60.4,,-0.179114706641,,0.292037796964,85.4717428205,,2026-08-07
2305,838784,黑山谷,-0.09,1379764.37,-44.2096866963,,-4080237.56,-75.15,,0.767267874884,-11.65,-0.085934108372,-260.4985704914,,2026-08-07
2306,838399,高瓷科技,0.27,70195307.9,9.2405488319,,9700993.05,2.62,,3.034877486959,9.25,0.192132442821,28.4437978226,,2026-08-07
2307,838251,千想传媒,0.04,4069967.53,-14.3326133293,,377003.0,96.17,,1.600168882,2.38,-0.28935165,51.4493055427,,2026-08-07
2308,838137,太平盛世,-0.1304,240844.55,-84.8459013833,,-913007.58,-76.71,,0.848015597143,-14.28,-0.209189451429,22.8428627511,,2026-08-07
2309,838091,科力通,0.0,77617548.88,-8.9211683424,,242115.44,163.02,,1.488122003347,0.2,0.203510907634,23.2910893617,,2026-08-07
2310,837988,兆光科技,-0.034,772477.88,-87.4492478746,,-352126.4,-146.42,,0.451839631429,-9.92,-0.177711555238,61.1421261668,,2026-08-07
2311,836344,隆海生物,-0.12,12078938.48,-34.2213331224,,-7728382.83,-12.2614428508,,0.741944835238,-15.27,0.159414594444,1.7418620879,,2026-08-07
2312,836237,长虹民生,0.03,1792339659.24,6.525012826,,3185758.46,-87.3,,6.227574072586,0.41,-0.846961840645,3.3482773413,,2026-08-07
2313,836139,高新利华,0.27,162123977.19,76.3040062249,,8135261.74,39.0,,5.234028392333,5.32,-2.375651528333,15.8046315691,,2026-08-07
2314,835912,阿房宫,-0.4277,86154759.94,176.8496150587,,-21633522.23,-13.4265928774,,4.774738145117,-8.57,0.000346729142,60.2239743644,,2026-08-07
2315,835909,双飞人,0.41,14401200.63,-32.6878532401,,21342188.97,8538.15,,1.744742452964,26.49,-0.02248865086,81.3848422859,,2026-08-07
2316,835521,东晨联创,-0.04,19972957.97,-3.0672171181,,-2459858.25,-256.64,,1.100243284,-3.14,-0.081394041143,11.3591844203,,2026-08-07
2317,835290,河南防务,0.0093,75430903.74,1375.6561746031,,594267.43,188.0,,2.095797036971,1.95,0.024931295026,22.1003909186,,2026-08-07
2318,835033,精晶药业,0.07,285551498.07,25.6029228424,20.7183,17015539.73,1302.2,-31.6477,1.973309807408,3.34,0.087879615089,20.8804984996,,2026-08-07
2319,834976,互普股份,0.01,50009295.74,3.1279723452,,279117.86,-93.26,,1.578807436703,0.89,-0.173042874302,12.5943753792,,2026-08-07
2320,834670,宏达小贷,0.03,40704795.43,23.8953056207,3.5074,15160648.06,-5.19,-46.6929,1.3277996299,2.39,0.1167921745,,,2026-08-07
2321,834593,开维信息,-0.0024,10109088.98,2.9732187167,,-99635.23,93.8,,0.921689207496,-0.26,-0.003343594806,61.278783798,,2026-08-07
2322,833907,倍智人才,-0.09,11066464.37,-19.8768764308,,-2316095.75,55.09,,0.109371136541,-58.58,0.028622207746,65.7467284648,,2026-08-07
2323,833285,环球矿产,0.0,35456333.15,-4.6992137986,,7526.06,-99.83,,2.824675897054,0.01,0.134137204341,25.863958129,,2026-08-07
2324,833165,智科股份,0.04,69513782.48,19.6242541718,,2314223.8,-20.48,,1.928716991256,1.88,0.170715643329,30.4427707643,,2026-08-07
2325,832293,日高股份,0.12,19067636.75,38.8716179136,,1860214.1,144.07,,2.727628766447,4.18,0.390479803289,37.2876963371,,2026-08-07
2326,832075,东方水利,0.131,118594633.2,58.5246389182,,9945329.26,41.21,,1.922965702993,7.07,-0.55204062714,23.9159024694,,2026-08-07
2327,832056,春光股份,0.05,116433809.83,1.1189823376,,5740825.05,-3.41,,1.715768225234,2.72,0.082008198001,24.7244928445,,2026-08-07
2328,688599,天合光能,-0.12,31985316689.35,2.9920497086,-9.9456,-269863927.08,90.7505980545,104.6655,8.697145530014,-1.29,2.165335166217,7.5884960977,光伏设备,2026-08-07
2329,688581,安杰思,1.46,301566146.44,-0.2847692686,14.7267,118123113.93,-6.27,7.9772,31.411079524232,4.62,1.76844426571,71.5213651519,医疗器械,2026-08-07
2330,688184,ST帕瓦,0.28,454857548.5,90.1575275806,21.4204,45059737.89,128.44,23.4504,7.01910177716,4.18,0.192395204674,7.4934814454,电池,2026-08-07
2331,603586,金麒麟,0.09,774925278.42,-19.6447372024,-4.5823,17293784.16,-83.94,3.1663,11.465848883398,0.76,0.557830199653,21.1580655085,汽车零部件,2026-08-07
2332,603132,金徽股份,0.42,1084526302.6,37.0026630278,5.326,408838103.36,61.52,-0.4963,3.466931875552,12.26,0.592512693814,69.9676450023,工业金属,2026-08-07
2333,601339,百隆东方,0.37,4273854834.64,19.0285411198,14.9894,559478151.29,43.45,30.6538,6.141508507725,5.96,0.659336995017,16.4137280931,纺织制造,2026-08-07
2334,600770,综艺股份,0.0363,330774380.98,55.1841570789,51.8165,47137370.4,136.92,111.9181,2.6176544139,1.38,0.029608166892,23.4184703696,综合Ⅱ,2026-08-07
2335,600467,好当家,0.0205,803063529.11,12.9928284396,123.559,29978804.61,21.74,182.4793,2.354739323221,0.87,0.073695990563,17.1759331249,渔业,2026-08-07
2336,430667,三多堂,0.0126,9086612.28,-20.6596078826,,265123.3,30.28,,2.648049986667,0.46,0.138399439048,15.1763658172,,2026-08-07
2337,430143,武大科技,-0.0453,15108470.82,-27.3573038795,,-4529546.32,-183.99,,1.1368931696,-3.91,0.0211663155,19.5875469811,,2026-08-07
2338,430056,中航新材,-0.002,78334092.79,16.087695507,,-218663.12,-107.46,,2.26077253259,-0.07,-0.122371306779,33.0088833598,,2026-08-07
2339,301091,深城交,0.07,621408705.13,49.6527009581,173.9509,38544455.63,510.08,272.9173,4.597000227147,1.6,-0.290579967133,33.1636144487,工程咨询服务Ⅱ,2026-08-07
2340,300529,健帆生物,0.49,1032473665.31,-8.9863740229,-15.8348,381968997.2,-1.99,-26.7815,4.181732061324,10.6,0.514911690146,78.4559585969,医疗器械,2026-08-07
2341,300283,温州宏丰,0.19,2986232002.24,92.1988266684,8.9058,92346186.36,2521.9,-35.9612,2.414355196735,7.95,-0.145300611442,12.0056541237,电网设备,2026-08-07
2342,200512,闽灿坤B,-0.15,581312325.69,-10.947287687,-6.2627,-28710803.7,-279.43,-48.3389,5.596402013888,-3.0,-0.26104759534,7.7556220551,小家电,2026-08-07
2343,002852,道道全,0.049,2864753530.09,2.5896326237,-18.7418,16860587.01,-90.68,-80.669,6.406917898264,0.75,-0.616748374796,5.4143172371,农产品加工,2026-08-07
2344,002813,路畅科技,-0.1835,152792016.59,-16.3817664946,56.2687,-22020846.71,52.65,80.7979,1.689324894417,-10.29,-0.05684046225,14.514727559,汽车零部件,2026-08-07
2345,002372,伟星新材,0.25,1896696234.3,-8.7132034608,33.3839,390008387.82,43.9,126.427,2.963341051809,7.82,0.255851792721,41.6966571324,装修建材,2026-08-07
2346,920809,安达科技,0.22,3364798420.86,119.0051208335,37.906,133879689.11,179.56,5.6192,2.840974508572,8.19,-0.519674542893,12.0354451443,电池,2026-08-06
2347,920407,驰诚股份,0.14,129334417.93,19.4163019401,72.7007,11885267.76,2.97,1144.9714,3.238932053195,4.26,0.001299405861,38.1267626431,通用设备,2026-08-06
2348,920207,众诚科技,0.08,189056439.79,41.5141984701,441.7004,7018911.55,146.75,415.9322,3.157550636585,2.38,0.016000042302,21.7237729726,软件开发,2026-08-06
2349,920198,微创光电,0.02,53578796.59,51.3797066376,19.1684,3870558.35,109.46,218.6733,2.692908460142,0.89,0.252624341216,48.7179510577,计算机设备,2026-08-06
2350,874867,佳宏新材,1.69,275530467.51,60.189694987,47.7957,64135852.25,129.52,115.8478,17.893782018877,9.93,0.224613164016,45.9326708599,,2026-08-06
2351,874387,百英生物,3.0938,439682699.42,78.083249984,11.5525,184390286.66,122.15,23.6921,21.469732858641,15.53,2.823045301962,71.7681519892,,2026-08-06
2352,873947,艾力泰尔,-0.12,34882248.46,-2.5107940061,,-3573779.1,68.68,,2.150409728667,-5.07,-0.710520496333,35.7097807336,,2026-08-06
2353,873707,丰岛食品,-0.1,364248379.0,3.4186937634,,-6697580.97,-153.71,,4.835532431626,-2.04,1.135116080772,10.9939472785,,2026-08-06
2354,873681,吉春制药,0.22,116586628.05,13.6747750375,,13082843.56,83.08,,3.854459147,5.82,0.390674416167,47.0387646484,,2026-08-06
2355,873517,三胜电器,0.13,160768316.22,13.2310429608,,3867092.75,-60.39,,1.867057656,5.92,0.629979694,18.8367827953,,2026-08-06
2356,873416,聚脉文化,0.09,168562531.68,-16.6344715358,,4443242.41,155.06,,3.5398776222,2.52,0.609776996056,9.9274493823,,2026-08-06
2357,873396,创世达,-0.42,26426103.81,-24.849333758,,-4359040.18,-601.49,,0.80668028,-40.93,-1.21459810381,12.0645144397,,2026-08-06
2358,873093,磐石基业,-0.08,19219120.48,-12.8430300526,,-896308.09,-103.0145014421,,1.309323884348,-5.78,0.264522753913,14.2370540465,,2026-08-06
2359,872880,正宜包装,-0.09,55460750.8,94.53295192,,-2745510.66,-135.88,,1.300103051563,-6.39,-1.38516747875,5.6798941135,,2026-08-06
2360,872610,妙音数科,0.36,157724329.25,18.4195723663,,28914760.42,15.1,,4.085395450089,9.26,0.336666758874,35.1920183804,,2026-08-06
2361,872247,银山股份,0.07,204760602.58,68.627438016,,3650137.07,130.36,,2.161356480536,3.06,-0.236236364821,15.1096384266,,2026-08-06
2362,872152,华仿科技,-0.01,17538880.48,-3.3659322025,,-419678.67,53.7,,3.879903537681,-0.3,-0.027136749754,62.0229612854,,2026-08-06
2363,870804,科志股份,0.22,87376503.06,-52.7857077525,83.0011,21395178.92,-75.31,118.0284,5.220895766864,3.2,-0.154915515435,46.4766743779,,2026-08-06
2364,870601,启明星,0.27,200695227.04,9.3912282509,,14960800.62,141.62,,5.466336727342,4.87,0.352219829658,19.3234841665,,2026-08-06
2365,838647,创意星球,0.25,34460169.38,1.2279632136,,7046266.74,9.37,,2.021039514286,11.23,-0.003364765357,53.7558158978,,2026-08-06
2366,837869,太昌电子,0.38,30928504.19,6.113882655,,7608047.27,0.09,,3.63880977518,11.02,0.278289867106,68.979005997,,2026-08-06
2367,837749,集和品牌,0.01,3260024.52,-44.8759665058,,55297.99,257.987982763,,0.05743098,21.31,-0.095764172,51.7349792817,,2026-08-06
2368,837695,航天汇智,-0.16,32376386.83,24.8506351177,,-3437032.5,57.7,,-0.080634761735,,-0.149968688707,14.2471397572,,2026-08-06
2369,836890,联源机电,0.055,41531024.83,-30.3213460843,,1706068.71,-51.96,,1.529060891715,3.69,-0.040970949959,30.2332953049,,2026-08-06
2370,836157,顺邦通信,-0.04,245406.77,-70.091584622,,-2987744.34,38.77,,0.659168500744,-5.47,-0.048977429315,-38.7668441258,,2026-08-06
2371,835685,麦科三维,-0.01,2166082.74,-23.6803171361,,-64648.61,-77.091921038,,1.379129825,-0.47,0.10023254,48.1580255794,,2026-08-06
2372,834751,曲辰种业,-0.03,2847343.44,-8.3788790156,,-733895.11,-3098.57,,0.948806835906,-2.83,0.015100268744,42.6689208942,,2026-08-06
2373,834713,毅能达,-0.1174,46118810.84,-12.5264888504,,-17255572.92,10.2,,1.338028720952,-8.4,0.035649050068,10.689169669,,2026-08-06
2374,834712,掌上明珠,0.0,5664028.12,34.5225939277,,-134408.51,90.92,,0.359455293248,-0.43,0.006610657858,99.0639986441,,2026-08-06
2375,834218,和创科技,-0.0746,94584896.35,7.0796732617,,-11942850.16,-125.0,,0.289735154312,-19.55,-0.082682797323,67.9938365234,,2026-08-06
2376,833356,瑞虹股份,0.14,30785094.78,-15.2308152758,,7387289.36,-15.66,,1.35134546155,9.53,0.130258891539,40.1987684574,,2026-08-06
2377,833189,达诺尔,0.8098,197959837.55,22.3570442177,,26316986.45,20.26,,6.9029237124,11.63,0.551779249314,27.7914573082,,2026-08-06
2378,832067,翱翔科技,0.0165,26282682.28,16.4696874396,,528337.93,10.21,,1.326771684688,1.25,0.040661885313,14.6026256723,,2026-08-06
2379,831988,碳捕集,-0.04,684823.14,-51.7687084024,,-8885612.35,-107.89,,0.576857195592,-7.08,-0.011515175655,87.7960695078,,2026-08-06
2380,831754,康能生物,0.03,20037592.07,52.3188528686,,1970613.91,213.81,,0.572943742305,5.03,0.022137920258,57.8900000034,,2026-08-06
2381,831108,茶乾坤,0.03,41751642.68,-36.6218177608,,1606337.4,-72.59,,2.867941106667,0.91,-0.1047212505,22.4395267794,,2026-08-06
2382,688835,高凯技术,1.42,327225507.59,35.4580007504,-11.0833,106153706.42,95.0669283072,-2.1669,11.29475507107,13.43,1.708491638765,57.6870164616,专用设备,2026-08-06
2383,600727,鲁北化工,0.32,3030708272.99,17.5506209926,17.774,171606773.58,119.46,103.4287,6.33292278542,5.24,0.208108852432,13.5116974764,化学原料,2026-08-06
2384,400018,银化3,-0.18,574230.19,-1.9675572354,,-20340454.67,-5.63,,-14.131664839561,,-6.9537576e-05,,,2026-08-06
2385,301688,格林生物,0.99,608180576.57,11.0728138075,-8.7801,98521225.78,4.1722149757,-3.2994,8.5108566229,12.32,0.9194351067,31.9778455976,化学制品,2026-08-06
2386,301319,唯特偶,0.2886,934323213.37,40.6196595146,36.9201,52084473.39,23.47,-24.9451,6.594030096871,4.34,-1.310437491101,14.6963979879,电子化学品Ⅱ,2026-08-06
2387,300285,国瓷材料,0.37,2512750568.08,16.6377097022,36.136,362756609.66,9.36,54.9814,7.351558960565,4.98,0.457022123369,37.6628981074,电子化学品Ⅱ,2026-08-06
2388,300191,潜能恒信,0.3675,692518043.58,200.4882733844,127.3137,117604906.69,522.94,185.6187,3.843348657219,10.0,1.232259335094,58.341749896,油服工程,2026-08-06
2389,874774,里得科技,0.37,181777243.59,14.4317212184,90.763,23683405.86,-8.16,2732.7883,11.571843266855,3.27,-0.463629166902,34.8066206091,,2026-08-05
2390,874158,天元重工,0.17,232098427.22,21.9149530305,75.4656,29682097.72,263.18,0.2416,3.77906293236,4.7,0.337670719393,27.6980699482,,2026-08-05
2391,873974,培源股份,0.51,381763184.2,14.8496807666,9.1498,34204151.29,-1.42,64.1217,8.932836397628,5.86,0.698033081987,25.0058101595,,2026-08-05
2392,873442,鑫源电气,0.23,48375858.85,20.3050504056,,7202909.09,88.31,,2.686684713961,8.42,-0.102913940584,35.9202678631,,2026-08-05
2393,873332,美辰环保,0.2,64497765.04,8.1587387973,,6561558.74,-24.32,,2.448051906444,8.37,0.15084923575,30.8271994195,,2026-08-05
2394,873117,睿观博,-0.15,1498254.11,-37.0000618035,,-734508.42,-26.53,,1.123207034,-12.28,0.005171554,51.2821700185,,2026-08-05
2395,871563,聚欣科技,-0.03,2992752.56,-20.3734847142,,-460118.19,-168.81,,1.130510508,-2.45,-0.092915278,36.0610808399,,2026-08-05
2396,839667,瑞法科技,-0.01,373584.9,126.2857103399,,-79024.96,74.82,,0.043947818,-10.71,-0.003907242,43.2128198972,,2026-08-05
2397,839013,中研宏科,-0.2758,10767499.23,-32.7616515915,,-4085422.46,-213466.96,,1.808643123212,-14.1704,0.002527979505,46.4829242435,,2026-08-05
2398,838878,诺安智能,0.12,66971159.87,40.3389979595,,6392846.7,208.19,,3.231344703914,3.61,0.299082919966,56.0147532652,,2026-08-05
2399,838857,惠斯安普,-0.11,3443578.9,-50.8163559431,,-5722884.98,-40.56,,0.968899255644,-11.15,-0.11625017635,60.9684950155,,2026-08-05
2400,838067,三土能源,0.57,28127953.96,8.2173063593,,7378422.48,2.44,,7.601602946923,7.65,0.690298083077,45.4092788198,,2026-08-05
2401,836816,丁义兴,-0.04,47515417.24,4.2612293304,,-2497917.01,5.81,,0.515778790303,-9.39,-0.012784435763,8.8929457331,,2026-08-05
2402,836216,恩普特,-0.09,10033169.74,19.332612168,,-1900319.38,12.53,,1.131359012987,-8.05,-0.226102176823,58.5857638446,,2026-08-05
2403,835570,华晋传媒,0.0158,97644344.98,-17.9921396041,,805499.59,-56.65,,1.64542043098,0.96,0.08190595,3.0541928369,,2026-08-05
2404,834002,易构软件,-0.17,16636844.06,-17.1874019789,,-9964297.47,-53.5664639386,,0.990472722333,-15.47,-0.022536654667,32.5338801066,,2026-08-05
2405,832989,鑫博技术,0.32,128877897.58,40.8835337811,,17104815.35,37.56,,2.876222316981,10.82,-1.078985059245,27.8827539049,,2026-08-05
2406,832875,富仕德,-0.0217,45771603.12,19.3412824406,,-786788.02,-482.05,,1.720199845814,-1.25,0.457073737115,21.5411835896,,2026-08-05
2407,832369,江苏神农,0.22,46369436.67,23.1720028242,,2288101.22,17.43,,7.11937155311,3.12,-0.418006946411,37.5109588753,,2026-08-05
2408,831935,倍格曼,-0.08,18266531.94,-29.01583783,,-1697321.68,-289.92,,2.4891900205,-3.35,-0.33577574,8.8529551494,,2026-08-05
2409,831804,绿宝石,0.31,191049907.5,4.3803067566,,17704341.09,32.19,,4.109392556326,7.79,0.225217443749,24.4356823308,,2026-08-05
2410,831594,赛力克,-0.08,90932.81,-86.6829866433,,-4142204.15,-30.23054298,,0.774386062288,-10.14,0.002326495907,0.0,,2026-08-05
2411,688668,鼎通科技,1.32,1029145854.96,31.1725087259,24.9982,183763471.96,59.24,28.768,15.071423266012,8.93,1.259584207597,33.9848257673,通信设备,2026-08-05
2412,603606,东方电缆,0.69,5799552532.02,30.8480996014,1.1666,564785958.32,19.41,-47.9887,10.252710206336,6.65,-0.190724219754,19.4380150456,电网设备,2026-08-05
2413,603468,津富士达,0.51,3087591778.24,19.1265776408,26.863,188525905.55,-3.482446293,26.9086,7.989700033074,6.54,1.042850678977,13.2746563535,摩托车及其他,2026-08-05
2414,603063,禾望电气,0.36,1725464687.46,-8.4293576273,100.7219,156381360.73,-35.56,105.9024,11.76312573657,2.97,0.394191289084,37.8617782565,风电设备,2026-08-05
2415,600595,中孚实业,0.47,14258068458.79,34.8459302154,14.744,1880832103.43,165.84,28.975,4.565072387153,10.42,0.252993195662,21.6860462661,工业金属,2026-08-05
2416,600206,有研新材,0.217,6157898140.55,50.3538965052,8.2547,183333652.78,40.89,7.694,5.150066584133,4.22,-1.122674257574,7.4200648174,半导体,2026-08-05
2417,430683,新中德,0.14,46576415.52,66.7001476646,,2959312.58,76.0,,3.216699241475,4.21,0.471149570507,17.5403927692,,2026-08-05
2418,430586,兴港包装,0.15,42323674.5,-2.8874411635,,934810.19,-13.65,,7.220099695312,2.02,-0.480758496875,22.0996706229,,2026-08-05
2419,300768,迪普科技,0.11,536777323.65,-2.5173703851,6.218,72413335.79,38.86,-42.5892,5.487524179707,2.06,-0.089332561015,62.3351878643,软件开发,2026-08-05
2420,300471,厚普股份,0.1766,424978883.03,8.3647055886,52.4979,83051591.14,518.55,3828.5111,3.512078423361,5.16,-0.137141366582,28.9247629726,专用设备,2026-08-05
2421,300396,ST迪瑞,0.0279,408534485.45,16.4929851643,29.7841,7596925.03,126.83,867.7957,5.671422333337,0.49,-0.416417130791,45.3484684569,医疗器械,2026-08-05
2422,002568,百润股份,0.46,1657844914.77,11.340976409,7.2894,478883744.22,23.08,21.2576,4.792848096704,9.3,0.423471665522,70.658792155,非白酒,2026-08-05
2423,002145,钛能化学,0.117,4557336219.66,20.8891244365,8.9112,419752772.27,61.93,204.0518,3.475050958195,3.43,0.093353435157,17.9061500503,化学原料,2026-08-05
2424,001235,里得电科,0.37,181777243.59,14.4317212184,90.763,23683405.86,-8.16,2732.7883,11.571843266855,3.27,-0.463629166902,34.8066206091,,2026-08-05
2425,920288,华大海天,0.64,298935125.06,15.4538435463,33.5525,35250720.16,24.32,58.5506,10.780393350545,6.13,1.229666257273,22.1013266697,造纸,2026-08-04
2426,874709,华大海天,0.64,298935125.06,15.4538435463,33.5525,35250720.16,24.32,58.5506,10.780393350545,6.13,1.229666257273,22.1013266697,,2026-08-04
2427,874386,杰锋动力,1.27,1120023674.66,10.966866532,-2.7387,63144048.46,39.58,-45.5154,16.550504415304,8.08,-2.114635703008,18.1966787909,,2026-08-04
2428,874237,天策模具,0.13,37227991.26,-14.1685222371,,1275299.14,-66.77,,3.055796399,4.26,-0.217506071,22.4912280964,,2026-08-04
2429,874178,孕婴世界,0.38,1015947136.5,45.498284853,-26.6416,135077601.47,59.85,-17.0935,2.659256887335,15.18,0.120099334611,21.7405891197,,2026-08-04
2430,872478,毅达科技,0.16,69658609.33,67.3021567096,,2572957.18,211.78,,1.611674443445,8.31,-0.637557766282,27.2979665728,,2026-08-04
2431,835447,微卓科技,0.34,25558481.35,-5.9785828087,,6837565.48,-31.03,,2.629460602956,12.05,0.740008785714,85.9690221774,,2026-08-04
2432,603558,健盛集团,0.53,1210689612.87,3.4046268071,10.2751,174670759.5,23.23,-8.7636,6.534646876098,8.82,0.331391912461,30.4555193346,纺织制造,2026-08-04
2433,603456,九洲药业,0.44,2575246576.12,-10.2997625097,14.4856,387393043.36,-26.33,25.1183,10.006998725886,4.35,0.622228502166,36.8923740798,医疗服务,2026-08-04
2434,603259,药明康德,3.8,28897478718.36,38.9349828598,32.3737,11080173661.42,29.43,38.2055,27.929121857355,13.19,3.250647383225,53.9094753581,医疗服务,2026-08-04
2435,603206,嘉环科技,0.1,1793476857.46,-6.5682207653,23.8694,31284698.25,-30.77,15.4883,7.468665791232,1.37,-3.71146284108,13.8740917997,通信服务,2026-08-04
2436,603179,新泉股份,0.58,8014533544.08,7.445266489,20.2326,414166694.69,-1.9,3.5229,10.646362354787,5.46,0.287032324648,20.0822112039,汽车零部件,2026-08-04
2437,600201,生物股份,0.1,756440407.6,22.091454375,18.3322,104100301.02,72.28,-70.9122,4.867139077985,1.92,0.045895165052,53.9137969935,动物保健Ⅱ,2026-08-04
2438,300852,四会富仕,0.5473,1232623307.92,43.3851447255,14.8335,87853721.76,16.53,98.1231,14.134762820716,3.83,0.099256891825,20.9381207731,元件,2026-08-04
2439,300298,三诺生物,0.4096,2537036279.21,12.0763608674,4.6968,221337341.6,22.52,26.5808,5.311458417096,7.02,0.426490913151,53.1923818878,医疗器械,2026-08-04
2440,300284,苏交科,0.063,1764832662.89,-0.6117204331,2.732,79608763.78,-16.55,-6.3821,6.571217012392,0.95,-0.20557503135,29.2684997451,工程咨询服务Ⅱ,2026-08-04
2441,002657,中科金财,-0.4212,309232276.94,15.7272663933,181.6039,-143226762.15,-68.61,-215.6114,4.691575757231,-8.61,-1.303276500672,14.9118713791,IT服务Ⅱ,2026-08-04
2442,002577,雷柏科技,0.05,229339229.66,10.0819445774,13.2286,14915609.47,-2.52,110.4397,4.179551028544,1.28,-0.007454621608,29.2603350894,计算机设备,2026-08-04
2443,920454,同心传动,0.14,72198340.61,-11.5904587245,0.3382,14169690.33,-0.48,-10.6257,3.102524370599,4.26,0.099351200761,31.1812847218,汽车零部件,2026-08-03
2444,920002,万达轴承,0.56,201361490.17,12.2379484584,6.417,35428935.84,4.44,31.4482,11.926858388122,4.73,0.168494954842,32.5106217801,通用设备,2026-08-03
2445,874810,中欣晶圆,-0.04,1234058333.91,57.6907076542,10.0406,-220168942.67,51.25,33.3183,0.879855952534,-4.68,-0.01676874458,-4.7710599728,,2026-08-03
2446,874583,惠尔信,0.03,326781941.76,-13.31174266,,4433056.78,126.8,,4.617175024053,0.61,0.287642366474,15.0874795114,,2026-08-03
2447,873453,家盛控股,-0.06,,,,-572120.0,-226.25,,0.623036821,-8.78,-0.067775574,,,2026-08-03
2448,873208,新桥信通,-1.03,9835399.79,-23.1802403453,,-10279883.85,-25.15,,-0.265303591,,-0.583841664,-14.0733878597,,2026-08-03
2449,871954,朝霞文化,0.61,198102557.18,-2.2720867954,,27406686.09,-5.58,,7.80805371365,7.64,0.145736927886,57.215142426,,2026-08-03
2450,870356,司巴克,-0.11,388035.4,,,-542625.94,-87.95,,0.312828082,-29.56,-0.412826378,5.3571426731,,2026-08-03
2451,838481,轻叶能源,0.7295,132898963.73,1081.2220266622,,18820744.46,484.84,,3.968741881008,19.9,0.215341483333,30.1815856228,,2026-08-03
2452,836772,华宇教育,-0.01,419538.38,-18.204322741,,-83052.39,-151.73,,0.124983283333,-4.51,0.012003686806,22.0263948199,,2026-08-03
2453,835415,海德科技,0.0534,62732651.88,4.9219349327,,6478610.76,11.19,,1.492034038386,3.64,-0.080951135832,30.1992072266,,2026-08-03
2454,833909,中丹建业,-0.06,302623.1,,,-803470.37,-59.12,,-0.013880203571,,-0.079977115,1.1283507439,,2026-08-03
2455,831869,东南药业,0.13,9003485.9,90.2498766522,,2079396.15,705.82,,0.896673588283,15.12,0.310096237582,64.0338218334,,2026-08-03
2456,831686,正大环保,0.8426,71014898.28,6.6407917638,,23137072.49,46.21,,5.321066357611,16.76,3.109697339403,37.3642658268,,2026-08-03
2457,831622,攀特电陶,0.05,25123579.04,19.8388583002,,3408924.59,214.25,,0.445733442901,11.34,0.085212270763,43.4901975654,,2026-08-03
2458,830773,正扬股份,-0.05,22018.35,-76.3010457705,,-1382283.73,-4.27,,0.074806466972,-52.16,-0.052125856434,78.2708513581,,2026-08-03
2459,603400,华之杰,0.34,674360780.28,-3.5961815273,-29.5183,44252752.13,-46.78,-57.9039,9.160538806821,3.51,0.521197005085,21.9523555742,通用设备,2026-08-03
2460,430408,帝信科技,-0.27,57949736.59,2.1217819783,,-25932446.89,-10.52,,1.815264568384,-13.69,0.035811949368,26.7951131165,,2026-08-03
2461,301366,一博科技,0.3063,708792806.39,41.6284239216,32.962,63829325.44,1561.55,350.2962,10.523823487475,2.92,0.251799191969,31.4357180859,元件,2026-08-03
2462,002981,朝阳科技,0.055,803639195.32,-8.0306899281,17.692,7410686.38,-85.87,437.1433,7.64995597315,0.7,0.141592142032,17.5893095861,消费电子,2026-08-03
2463,688313,仕佳光子,0.6964,1495490807.64,50.6601605112,59.3668,314784732.28,45.3,70.9553,3.798686944995,18.51,-0.840148964373,36.1813534002,通信设备,2026-08-01
2464,688266,泽璟制药,2.42,1205379571.43,220.8781295535,-66.8665,640011104.13,979.0933971189,-98.8305,6.499558778209,45.7,3.054359312938,94.6415800084,化学制药,2026-08-01
2465,605507,国邦医药,0.44,3142428542.07,3.8378674034,6.6191,341348063.99,-25.07,12.5062,10.735911355336,3.96,0.58151447219,23.7739178536,化学制药,2026-08-01
2466,603058,永吉股份,0.1981,356554099.57,-16.6549173007,-6.4744,81919008.86,44.72,807.1478,2.711997151169,6.84,0.167157054132,29.3580376908,包装印刷,2026-08-01
2467,600641,先导基电,0.2266,1146692842.72,64.0557371166,14.2674,210130445.65,414.95,1443.2236,8.882719239974,2.54,-1.216731936376,19.9716152973,半导体,2026-08-01
2468,600351,亚宝药业,0.2566,1144946503.15,0.486045041,0.1577,177596487.26,1.83,-33.4965,4.076594253044,6.25,0.509915841147,53.9852018867,中药Ⅱ,2026-08-01
2469,301522,上大股份,0.1653,1289840137.68,6.4741570004,13.278,61463201.96,2.78,55.1564,5.245274615216,3.16,-0.662751078117,12.3653881424,金属新材料,2026-08-01
2470,300901,中胤时尚,0.013,217404405.35,21.269151564,38.0916,3066942.55,222.34,216.5398,4.048707425417,0.32,-0.001427155333,22.4009657309,服装家纺,2026-08-01
2471,300738,奥飞数据,0.1995,1468814395.33,27.946442384,8.9616,196571835.59,123.64,11.989,3.722832050496,5.04,0.864715486168,34.4214777025,通信服务,2026-08-01
2472,300618,寒锐钴业,0.32,3906787023.01,23.3182846948,9.5241,98631642.07,-22.5,-47.6649,17.970219049523,1.79,-0.264503571427,16.6408021571,能源金属,2026-08-01
2473,002413,雷科防务,-0.01,561373936.6,3.6220203369,7.5572,-18120351.81,56.52,86.3284,2.493449549774,-0.55,-0.111736123176,36.814038999,军工电子Ⅱ,2026-08-01
2474,002064,华峰化学,0.4,14166625096.76,16.7264470426,9.3573,1982794883.9,101.64,96.5491,5.798972684215,7.03,0.27665320223,21.8245393526,化学纤维,2026-08-01
2475,000603,盛达资源,0.5653,1151604179.51,27.0844234537,99.6017,390059947.25,456.46,291.2258,5.443630584829,12.14,0.830310961873,69.1464368208,贵金属,2026-08-01
2476,920262,太湖雪,0.3346,324835856.55,15.6731102536,40.4723,27057521.66,42.52,79.8936,4.574830648368,7.29,0.426578059916,44.6213685642,服装家纺,2026-07-31
2477,920050,爱伦医疗,0.97,641650456.84,46.4273924979,17.8501,62677845.41,26.17,55.0734,15.488204299853,5.88,1.081532922147,24.6821826747,医疗器械,2026-07-31
2478,875012,毫厘技术,0.48,119981280.72,4.1364432838,,12927041.9,1.69,,5.897208678519,8.49,0.021947014444,23.9209797877,,2026-07-31
2479,874921,奥飞能源,1.55,80782799.03,31.6606390001,,19869357.4,37.54,,8.60896820172,19.78,4.093345095387,58.925197804,,2026-07-31
2480,874669,德硕科技,1.01,666777172.14,30.2482480655,33.1475,50431537.22,13.87824652,6.0158,10.4608980722,10.13,3.1152814738,18.316860472,,2026-07-31
2481,874618,润奥供电,0.06,18064181.69,-5.5456681672,,2963211.07,-37.26,,1.274218370326,4.76,0.511723611678,54.8663117991,,2026-07-31
2482,874323,中宏立达,-0.49,22839876.16,-19.7692275636,,-7403359.17,-424.09,,7.738850593887,-6.08,0.133889243199,63.5412861626,,2026-07-31
2483,873553,华成工控,-0.11,87209856.39,-12.7933726883,,-3444569.54,338.83,,3.641234423041,-3.1,-0.443083251436,20.9816909779,,2026-07-31
2484,873323,中玒口腔,0.2495,40035145.77,68.3842221834,5.5543,3663341.13,82.94,39.7917,1.42981515872,17.18,0.486514807312,48.6271276789,,2026-07-31
2485,873263,砾达智能,1.72,40926850.76,96305.4711075799,,8620819.92,2063.67,,2.346874338,116.12,-1.392625854,32.2614696582,,2026-07-31
2486,873126,智信恒瑞,0.43,64342831.04,21.1913017546,,17864588.2,-10.16,,2.355320480084,19.91,-0.062897226757,52.2961515621,,2026-07-31
2487,872896,新威环境,0.15,110145369.1,-3.6951694802,,6118093.06,-47.92,,1.857360911184,8.59,0.159716926743,11.7383079068,,2026-07-31
2488,872094,惠而顺,0.86,149436686.49,60.2001476901,,36691508.92,457.6,,5.106791490965,18.14,-0.130196036376,48.308220863,,2026-07-31
2489,871866,力源电力,0.053,40869755.34,137.9119847674,,2989649.19,302.41,,0.936972582487,5.8,0.067144320049,20.8744000032,,2026-07-31
2490,871664,华旭环保,-0.06,8168738.59,-7.5657479063,,-3523354.31,-281.1848098536,,1.953981028667,-2.84,-0.066191498667,-8.9304935145,,2026-07-31
2491,871621,金誉股份,0.4,3252730288.02,41.6577726785,,103488555.09,4023.71,,3.775356694182,11.13,-0.892103178129,7.354872396,,2026-07-31
2492,839982,骏昌通讯,0.47,37614165.59,28.3109890773,,9491516.17,23.02,,5.9552813335,7.95,0.2336536805,53.1252791244,,2026-07-31
2493,838314,华仪电子,0.0272,55675060.15,-46.4055338882,,2995970.37,-78.95,,1.816677223091,1.51,0.268948428818,25.9927150523,,2026-07-31
2494,836939,宝亚安全,-0.04,13562551.51,-82.1652891657,,-739704.8,-106.26,,3.103343649391,-1.01,-0.272109814744,53.4650481117,,2026-07-31
2495,836909,智房科技,0.01,20304381.91,-20.3644396157,,564999.44,-77.21,,0.465956106478,1.23,-0.01111287915,26.606333076,,2026-07-31
2496,836575,绿邦作物,0.17,284789700.83,1.4987330028,,7469918.32,-19.99,,2.309064944528,7.8,-0.906759717642,12.4212606309,,2026-07-31
2497,836161,一万节能,0.0942,50569280.03,13.8529165868,,1312640.92,11.38,,3.678570267982,2.48,0.334127748161,12.0049462567,,2026-07-31
2498,836041,残友善务,-0.05,141509.43,-5.640205876,,-328028.67,-9.4583028345,,0.01340169,-127.23,-0.016700395714,20.7183507134,,2026-07-31
2499,833802,希尔化工,-0.02,31928626.65,37.3032411796,,-742706.39,51.18,,1.415927803211,-1.2,0.056004498394,15.9191334651,,2026-07-31
2500,833741,腾轩旅游,0.01,480479899.39,-24.2581416144,,1302796.04,126.79,,0.893955227232,1.33,-0.594376135277,11.6748598477,,2026-07-31
2501,833333,科雷斯普,0.018,51215247.64,72.5644165263,,923782.25,552.11,,0.255204188471,7.51,-0.004239153845,5.6272425748,,2026-07-31
2502,832888,天地人,0.15,86174297.08,3.7416626294,,7472947.24,46.9,,0.470901716746,38.05,0.144286466348,11.9633376068,,2026-07-31
2503,832575,云迅通,0.04,19640055.2,31.0733035768,,931630.01,-0.96,,0.451130554783,9.4,-0.17115807,29.882386634,,2026-07-31
2504,832249,普点科技,0.0,0.0,,,-35412.77,78.8697822857,,-0.0033371775,,-4.32e-06,,,2026-07-31
2505,831611,圣才电书,-0.05,13168710.7,27.1283578229,,-2445115.22,-10.2942771569,,0.2849763362,-15.81,-0.022713652,27.3304962953,,2026-07-31
2506,831577,安阳机床,0.02,93122653.89,-14.3502339554,,3187426.23,7.68,,1.64809706,1.44,0.046577713137,20.7447362731,,2026-07-31
2507,831317,海典软件,0.2,77929061.28,6.4159903496,,7708521.43,3.71,,2.993309323865,6.88,-0.406056441589,62.8788480512,,2026-07-31
2508,831095,中网科技,-0.0481,307392.91,-21.786646403,,-581841.56,8.21,,0.096690067933,-39.83,-0.033002827226,-50.8292367576,,2026-07-31
2509,831002,飞鱼星,-0.05,11654886.85,-18.6895001539,,-1590856.54,-89.83,,1.645040748667,-2.12,-0.107197488,16.6949882486,,2026-07-31
2510,688018,乐鑫科技,1.4314,1480711293.55,18.8809951733,28.5149,334226056.86,27.93,46.4028,20.07609170799,7.26,0.309092838897,49.3178487103,半导体,2026-07-31
2511,605499,东鹏饮料,3.9949,12443036555.29,15.8933393179,11.3198,2866801858.34,20.72,27.9903,26.526023006696,19.03,3.394992259255,48.3648973261,饮料乳品,2026-07-31
2512,603929,亚翔集成,2.3,2547729187.94,51.3555104102,25.3754,490416194.97,204.8,-2.2134,11.190829495079,20.91,-0.613837782387,24.2492882778,专业工程,2026-07-31
2513,603877,太平鸟,0.22,2877570811.31,-0.7174513075,-26.1827,101719808.65,30.89,-125.5573,9.30994599257,2.24,0.511852448864,61.2136665098,服装家纺,2026-07-31
2514,603797,联泰环保,0.14,521284191.19,0.8468140339,0.0094,82038011.49,-2.89,-29.9534,5.869779018448,2.45,0.254456125881,60.0689092883,环境治理,2026-07-31
2515,603309,维力医疗,0.35,768844324.28,3.1781963474,15.3773,101999527.15,-15.76,-29.8464,6.094007778761,5.67,0.548984858942,43.3359026565,医疗器械,2026-07-31
2516,603101,汇嘉时代,0.2087,1334526456.12,4.9829625973,-24.2966,98157967.57,46.4,-47.6544,3.118344481611,6.81,0.54574784003,34.9612157744,一般零售,2026-07-31
2517,601198,东兴证券,0.306,2505602174.61,11.4013014988,74.4213,1024731981.8,25.13,90.1633,9.418028987687,3.25,3.204945645392,,证券Ⅱ,2026-07-31
2518,601059,信达证券,0.3,2435003187.48,19.525880521,22.9373,1097412436.82,7.15,42.6083,6.629124318267,4.62,0.196973818489,,证券Ⅱ,2026-07-31
2519,600423,*ST柳化,0.018,76680535.13,12.8050061592,34.9145,14183568.19,311.98,181.6007,0.677274653918,2.66,0.003334026397,25.3215022262,化学原料,2026-07-31
2520,600236,桂冠电力,0.2198,5716383159.57,37.5916562809,14.5819,1758973019.31,48.09,4.7306,2.295190526444,9.0622,0.482458084594,56.1330934976,电力,2026-07-31
2521,600110,诺德股份,0.0598,6432962337.54,113.3287576188,52.9874,102906126.6,242.07,56.6896,3.461823192857,1.77,-0.630557836444,9.159727711,电池,2026-07-31
2522,430692,杰纳瑞,-0.0783,10669144.74,14.0422891354,,-1565800.0,1.91,,0.451131481,-15.97,-0.210263454,33.7318668713,,2026-07-31
2523,420079,神州城B3,-0.0008,,-100.0,,-1287655.64,45.74,-157.7556,-6.993396738882,,-1.5369849e-05,,,2026-07-31
2524,400079,神州城A3,-0.0008,,-100.0,,-1287655.64,45.74,-157.7556,-6.993396738882,,-1.5369849e-05,,,2026-07-31
2525,301678,新恒汇,0.14,597505055.09,25.9566313575,18.7004,33822329.97,-61.98,141.8863,7.513619594914,1.78,-0.441956967027,17.4028214463,半导体,2026-07-31
2526,301237,和顺科技,0.1,377406729.18,27.4703247606,19.7043,7789172.1,154.42,463.249,14.462367655875,0.68,-0.106218633875,13.4060523351,塑料,2026-07-31
2527,301100,风光股份,-0.11,516513983.31,-5.5245189483,-12.2937,-21055131.34,47.67,-3183.2164,9.993289553141,-1.05,-0.374762823975,11.2371410195,化学制品,2026-07-31
2528,300947,德必集团,0.02,596997077.88,-0.8570977916,6.2783,3657233.18,-54.14,391.2434,7.844261596458,0.31,2.197095443548,28.180372458,一般零售,2026-07-31
2529,300508,维宏股份,0.0554,286360908.61,10.0553483378,44.0814,6024303.69,-79.4,233.6022,7.950755792226,0.7,0.211126946678,48.6078601146,计算机设备,2026-07-31
2530,300463,迈克生物,0.0567,1034014365.87,-3.8156678619,17.5695,34256956.93,0.63,181.2232,10.433230138232,0.54,0.428976037662,57.2874966008,医疗器械,2026-07-31
2531,300222,科大智能,0.12,1553476085.87,15.9503360685,65.3294,93809933.05,22.14,144.577,2.331338066144,5.28,-0.203860802508,25.3620866323,电网设备,2026-07-31
2532,300209,行云科技,0.0129,254209383.77,497.1086363739,27.0221,12015392.13,540.15,254.5252,1.011850507354,1.3,0.208714387986,34.763493365,软件开发,2026-07-31
2533,002868,绿康生化,0.0471,247721056.76,-15.7047497899,-6.9049,7316046.6,112.49,-80.245,0.456522964066,10.91,0.290618374947,22.8853279255,动物保健Ⅱ,2026-07-31
2534,002787,华源控股,0.23,1189976333.29,2.3994039166,3.3078,75083257.83,54.81,93.2814,5.482682040538,4.03,-0.318767551102,18.4825000748,包装印刷,2026-07-31
2535,002592,ST八菱,0.2,369490603.23,30.4204098249,-9.956,57707187.13,1.64,38.4223,3.481269785656,5.99,0.013977462963,24.9323904924,汽车零部件,2026-07-31
2536,002533,金杯电工,0.4356,11861499567.92,27.0656715511,37.254,316907241.48,6.96,40.7879,6.078951981624,6.85,-2.275051038771,9.7039397444,电网设备,2026-07-31
2537,002515,金字火腿,-0.01,153977788.32,-9.2592554966,-73.2592,-8128711.9,-135.46,-263.0065,2.142515650717,-0.31,0.013270271105,26.1412218276,食品加工,2026-07-31
2538,002296,辉煌科技,0.3029,372161096.54,-7.9050138435,-32.223,118017828.58,-12.27,-60.5227,6.400218094765,4.75,0.295369102046,59.4575411018,通信设备,2026-07-31
2539,002162,悦心健康,0.0058,508629451.72,4.229420776,41.493,5331005.23,201.54,358.3323,0.900571147199,0.65,-0.015345003786,25.3587916083,家居用品,2026-07-31
2540,002138,顺络电子,0.57,3858502642.34,19.6724390978,29.0154,447107886.72,-7.98,51.351,8.141825645866,6.78,0.776859623835,33.588309397,元件,2026-07-31
2541,001359,平安电工,0.5163,686042802.81,20.2685401488,19.2396,124518738.07,-7.81,25.343,8.559849786266,6.04,0.534461203552,35.1895083049,塑料,2026-07-31
2542,001217,华尔泰,0.05,1107184269.93,10.284703336,13.318,14935740.18,-49.06,302.3568,6.562616417754,0.68,0.280902795643,7.8051973196,化学原料,2026-07-31
2543,000683,博源化工,0.22,6031130596.81,1.9385397709,21.9008,833852270.63,12.27,-1.5069,3.318970601396,6.41,0.212816797853,29.212699088,化学原料,2026-07-31
2544,000633,合金投资,0.0062,145676913.66,-11.224239298,-9.0724,2370510.47,-48.19,-44.2519,0.520074491678,1.19,-0.00169061357,11.1225224731,金属新材料,2026-07-31
2545,900932,陆家B股,0.2201,8098464183.29,22.7478103144,163.6784,1108155492.41,35.91,356.17,5.066213792125,4.36,1.073908952531,57.9244607449,房地产开发,2026-07-30
2546,874715,美富特,0.0599,147821320.19,68.4367858109,,5975426.32,209.12,,3.178649693753,1.91,-0.794718305365,30.9918208964,,2026-07-30
2547,874345,秦鼎精铸,0.12,43429443.9,-3.8070105811,,1261186.28,-62.11,,6.386629781631,1.65,0.233422302718,21.7896102741,,2026-07-30
2548,873977,宏图智能,0.1,108730150.52,-78.4233873051,,8535969.73,39.5,,3.243968196908,3.28,0.462019574899,29.899190753,,2026-07-30
2549,873485,中天青鼎,0.01,15592023.64,-10.3768555427,,192901.32,-88.31,,0.8241660744,0.63,0.038039961333,40.654683679,,2026-07-30
2550,872266,百拓股份,-0.09,122641.51,-95.5163670239,,-474177.32,31.51,,0.864562542,-10.4,-0.383643392,-30.0350101691,,2026-07-30
2551,871484,聚合电力,0.03,31220429.33,-36.8051585169,,1529524.36,-30.05,,1.16819437,2.65,-0.10452808,38.9167023028,,2026-07-30
2552,871466,三科核电,-0.14,40523525.32,24.9103731836,,-6506022.55,-120.81,,1.372417036053,-8.9,0.241737224752,26.4951326796,,2026-07-30
2553,837929,傲天科技,-0.13,15227996.59,-36.311807578,,-3755033.87,-366.41,,1.168424532082,-10.16,0.124243631006,30.2851584103,,2026-07-30
2554,837509,佩升前研,-0.12,13933476.35,-15.1245121409,,-3135171.83,-312.1,,0.884471689369,-12.93,0.011994325859,6.483777898,,2026-07-30
2555,837497,眉车股份,0.0,41025542.24,-3.8425606227,,204225.17,-88.05,,1.223702785907,0.29,-0.137327329365,9.8660591646,,2026-07-30
2556,837327,创远科技,-0.02,6878683.72,18.666072466,,-518456.61,64.58,,0.939398397488,-1.88,-0.124142992068,52.8409891769,,2026-07-30
2557,836979,惠民水务,-0.03,34931607.61,-6.7945709069,,-4365017.51,-57.01,,1.48453301159,-1.72,-0.001235011019,19.0328441343,,2026-07-30
2558,836136,美特林科,1.24,387886018.25,84.9580689078,,107955340.77,202.1,,11.051654146882,11.66,0.550238877132,41.1236877575,,2026-07-30
2559,835852,伊普诺康,-0.2,47610131.43,-34.4599593058,,-6778917.48,16.5,,6.882595072146,-2.84,0.246752843462,35.6741898622,,2026-07-30
2560,835080,蓝川环保,0.04,14681969.86,3.0535631512,,789277.46,86.91,,3.339315952,0.97,-0.0914980515,22.6644519893,,2026-07-30
2561,835052,美信检测,0.05,52607767.1,19.4823763611,,536314.14,123.67,,3.808629244014,1.45,0.663163829852,49.1189887624,,2026-07-30
2562,834782,海伊教育,-0.026,527365.61,-21.7154498504,,-128653.02,-536.15,,0.050150758,-40.83,0.02236248,55.5443253116,,2026-07-30
2563,832777,兰州华冶,-0.31,10718208.87,512.8069169882,,-3124150.33,24.93,,3.305168147,-9.03,-0.464250768,24.7573233754,,2026-07-30
2564,832591,翔宇科技,0.0155,10805036.26,-14.0864849945,,321251.11,-50.2,,2.445705236232,0.6,0.026095833816,51.9004291615,,2026-07-30
2565,831391,三达奥克,0.22,76732188.01,-13.9284488006,,13982803.08,24.28,,3.927029179962,5.53,0.304710692406,35.8808238681,,2026-07-30
2566,831345,海特股份,0.03,299883155.13,25.3469737966,,2291555.35,-38.72,,2.067428953116,1.43,-0.222730708744,14.1989298304,,2026-07-30
2567,831205,圣博华康,0.02,53163953.92,14.9739800437,,2622434.04,-14.44,,1.130982673737,1.79,0.234174095914,34.941965938,,2026-07-30
2568,831107,金科信息,-0.06,113173587.12,-5.0735224125,,-4526751.09,-709.63,,1.044892964698,-5.18,-0.275587460004,9.277587834,,2026-07-30
2569,830824,华虹科技,0.04,34993032.0,-20.2588381572,,1804446.58,-48.88,,2.781394070588,1.38,0.068727012,51.2190962189,,2026-07-30
2570,605033,美邦股份,0.38,554940465.2,14.3431386924,-35.0051,51067435.15,41.32,-56.6332,8.806161807988,4.38,-2.433787075888,37.2438138541,农化制品,2026-07-30
2571,601168,西部矿业,1.75,39442827672.0,24.7432887685,10.6576,4169335166.0,123.0,62.876,9.408257758708,20.41,3.503692795216,23.9067381944,工业金属,2026-07-30
2572,600885,宏发股份,0.7469,11022043268.08,32.0470131211,15.7931,1155954728.38,19.89,38.6919,8.537374393505,8.82,0.073762193219,32.6768165247,电网设备,2026-07-30
2573,600711,盛屯矿业,0.595,19264358104.81,39.5572034727,5.9393,1804077962.85,71.37,-23.1764,5.78401918061,10.471,0.739328888291,22.8700584917,工业金属,2026-07-30
2574,600663,陆家嘴,0.2201,8098464183.29,22.7478103144,163.6784,1108155492.41,35.91,356.17,5.066213792125,4.36,1.073908952531,57.9244607449,房地产开发,2026-07-30
2575,430537,恒通股份,0.04,3050271.94,-32.1362046445,,299337.74,-76.94,,2.89021885375,1.3,0.18814726625,39.3498869481,,2026-07-30
2576,430479,网阔信息,0.0459,34732848.4,-13.3505620317,,1407314.97,420.86,,1.553753574722,2.91,-0.204865963881,78.2545003133,,2026-07-30
2577,300671,富满微,0.41,677704332.42,77.0423367042,51.9423,90640014.56,353.41,241.699,7.567866919368,5.46,-0.473924708765,26.1260508071,半导体,2026-07-30
2578,002549,凯美特气,0.0315,315552071.14,1.6724017621,5.3699,21921375.45,-60.75,4.261,2.953227424641,1.06,0.078252914853,31.0608827177,化学制品,2026-07-30
2579,920289,华汇智能,1.13,357191342.16,1.732433635,53.2398,57375468.22,13.17,61.5882,6.547453444565,18.89,0.359923104796,32.6516002193,,2026-07-29
2580,874838,铭沣科技,0.36,359333411.61,-7.9416838313,,51982078.45,-9.3,,2.52664600869,15.2,0.564484809655,30.9111559686,,2026-07-29
2581,874378,华汇智能,1.13,357191342.16,1.732433635,53.2398,57375468.22,13.17,61.5882,6.547453444565,18.89,0.359923104796,32.6516002193,,2026-07-29
2582,873512,南方数控,0.035,15536357.21,21.1634329013,,346514.48,114.31,,0.198972615848,19.29,0.060391558717,68.551687735,,2026-07-29
2583,872284,新大长远,-0.09,11908129.23,24.4111515008,,-4049402.04,-4.39,,0.385688744961,-20.88,0.113398672664,4.7571850209,,2026-07-29
2584,871703,宝泉旅游,0.9,294020054.07,39.8885975991,,127611866.16,57.09,,5.096945687676,19.34,1.401328280704,70.075104442,,2026-07-29
2585,870581,中原网,0.0,6449573.11,-25.9659844995,,36708.89,-90.45,,3.123040152,0.04,-0.065219161333,36.0364145093,,2026-07-29
2586,832459,华澳能源,-0.04,211600190.4,10.6354126344,,-3679163.83,36.51,,5.463585594729,-0.62,0.627473667712,7.0497488267,,2026-07-29
2587,831408,大美游轮,0.62,77680790.25,-15.6807217133,,42879464.44,72.01,,3.38406465058,17.81,0.48033965029,35.3606156704,,2026-07-29
2588,830873,奥测世纪,0.25,27497479.95,19.00927702,,3493521.82,3634.23,,2.096917790583,12.44,-0.18962168728,59.6465275357,,2026-07-29
2589,603339,四方科技,0.28,965232260.48,12.0457460455,14.06,86291554.71,24.48,3.7734,9.012524989281,3.2,-0.096838642433,20.7264430398,通用设备,2026-07-29
2590,301071,力量钻石,0.354,437713020.3,80.9413890974,37.8563,90081556.09,247.61,50.3966,20.921052329816,1.69,0.812806310386,34.4447647883,非金属材料Ⅱ,2026-07-29
2591,002290,禾盛新材,0.55,1244743312.28,2.7448558437,19.3034,136212561.61,40.42,116.0063,4.240719937941,13.15,0.069888128252,15.3657032838,家电零部件Ⅱ,2026-07-29
2592,874017,伟焕机械,0.67,311588201.11,13.6381431443,,36989997.38,21.48,,9.136551330095,7.56,2.663111946033,26.4370770641,,2026-07-28
2593,874015,长沙普济,0.07,65977959.33,31.3483853289,,3464488.53,355.06,,2.254590523521,3.14,0.204033040808,23.1593910984,,2026-07-28
2594,873869,早康枸杞,0.0045,113926250.99,36.2186525786,,299142.57,-82.37,,0.551321896364,0.83,-0.117088859545,23.3228665642,,2026-07-28
2595,873673,安达创展,0.14,221052191.02,22.8035425372,,11165549.97,27.62,,3.929037771324,3.48,-0.783888979902,32.1873182535,,2026-07-28
2596,873255,奔月生物,0.09,54567056.59,14.3064429631,-9.1015,3741665.62,2325.4,-56.7004,1.88674635545,6.32,-0.310733895597,27.8239716026,,2026-07-28
2597,873194,伯达装备,0.1,51122687.41,-0.464010501,,4262785.63,-53.19,,2.679913159461,4.0,-0.266597493205,21.631523283,,2026-07-28
2598,871670,埃森股份,0.01,2821151.15,-52.1445068015,,83008.64,-70.38,,0.073576390854,7.12,0.058511802439,27.5313947642,,2026-07-28
2599,871022,熙成传媒,0.21,11347655.52,309.1331575639,,4945927.39,638.89,,0.913308919314,25.53,0.130865805184,50.2072847555,,2026-07-28
2600,838512,成德科技,0.11,244796689.96,16.1670231069,,10479106.56,447.78,,2.350044466069,4.87,0.267556943128,19.1453182221,,2026-07-28
2601,838448,联创云科,-0.01,20492952.12,-13.9804547312,,-180604.04,-209.58,,1.490636330588,-0.71,0.183558109412,8.8153485131,,2026-07-28
2602,837323,悦芽生物,-0.13,13504368.71,-59.0904167002,,-2568952.66,-58.29,,0.6799665735,-17.26,0.504528546,1.0664224526,,2026-07-28
2603,835282,恒旭智造,-0.01,124922.23,738.5415464009,,-170423.74,69.97,,0.015369683846,-59.8,-0.001936981538,,,2026-07-28
2604,832718,玖隆再生,0.5444,586754434.74,94.781406426,,16333206.47,18.75,,1.503287025667,42.35,-3.466776996667,4.6807170247,,2026-07-28
2605,831824,东方滤袋,0.06,64224254.43,-0.2228765152,,8593281.68,50.58,,1.766981736808,3.72,0.111780565313,21.6282936303,,2026-07-28
2606,831685,亿恩科技,0.22,7213158.34,-2.3324394404,,2211275.64,13.58,,1.689040094,14.01,0.242565799,55.0672334194,,2026-07-28
2607,603155,新亚强,0.23,409099418.6,27.3043331195,2.9725,72240785.89,22.42,12.7414,7.109126931271,3.14,0.195019271356,24.010696663,化学制品,2026-07-28
2608,300854,中兰环保,0.0688,241720202.97,-16.9389270802,36.7629,7329006.24,30.22,-169.416,6.424012781673,0.82,0.5323739041,22.7573647399,环境治理,2026-07-28
2609,300299,富春股份,0.0483,216063218.03,19.0207522725,10.4111,33361834.69,443.75,73.2514,0.574570080924,8.78,-0.012472751093,53.0055790126,游戏Ⅱ,2026-07-28
2610,300243,瑞丰高材,0.23,1096926572.59,9.0417719356,10.192,58935886.48,348.43,91.2512,5.543153425096,4.74,0.02228296829,18.8638966828,塑料,2026-07-28
2611,002848,高斯贝尔,-0.0314,330067071.19,235.5331905234,13.8176,-5241716.52,83.04,-290.2714,0.420158265031,-7.05,-0.029874454143,5.7045458404,黑色家电,2026-07-28
2612,002611,东方精工,3.22,1690857649.54,-21.6817305372,-38.5706,3846229995.51,867.75,41018.88,7.784470947634,50.88,0.211922350037,23.4565950131,专用设备,2026-07-28
2613,000933,神火股份,2.16,24790857619.36,21.3544213506,-0.2117,4781377305.4,151.06,8.8219,12.307327051235,18.41,3.201619399914,36.1731390551,工业金属,2026-07-28
2614,920107,恒兴股份,1.0,435352454.57,5.4895678553,-4.5966,62615955.29,2.46,-31.794,11.813377683993,8.77,1.204399340486,35.2568645356,化学制品,2026-07-27
2615,920093,信胜科技,1.17,821718473.07,25.4122547966,,122665633.51,39.64,,7.256264020667,17.32,1.368495230952,27.4955844519,专用设备,2026-07-27
2616,920059,双英集团,0.31,1578712995.77,-0.9615543782,8.2213,35765279.34,8.96,304.8434,7.042921853636,4.55,1.075272652762,14.3564958322,汽车零部件,2026-07-27
2617,875116,科茂威,0.2,100607385.02,13.1555717253,,12475595.86,15.55,,2.121030458747,9.93,-0.146302804176,35.7226453335,,2026-07-27
2618,874622,万润光电,0.32,186018100.81,0.7837541445,,17567577.64,-20.67,,9.084728135636,3.51,0.447045033091,19.9383948758,,2026-07-27
2619,874573,信胜科技,1.17,821718473.07,25.4122547966,,122665633.51,39.64,,7.256264020667,17.32,1.368495230952,27.4955844519,,2026-07-27
2620,874170,金凤凰,0.7775,113786795.76,44.0101788425,,23324902.42,56.56,,4.594213276333,18.49,-0.184739545667,33.8389844558,,2026-07-27
2621,833923,华辰净化,0.3056,47488242.42,-25.0148779802,,7213079.76,-7.42,,7.109597779661,4.39,-0.325451838136,32.3201086371,,2026-07-27
2622,688475,萤石网络,0.52,3007090847.54,6.3521377609,12.8424,409619179.66,35.44,24.2665,7.472957305702,6.89,-0.07567601859,50.2743800433,计算机设备,2026-07-25
2623,603727,博迈科,-0.25,764310152.21,-26.715844062,96.6926,-70440288.38,-668.72,80.3993,10.962334681485,-2.2155,0.940668228713,5.8025181547,油服工程,2026-07-25
2624,300750,宁德时代,9.51,276916580000.0,54.8003691485,14.4462,43284002000.0,41.98,8.7212,81.993154443679,12.08,13.015213596184,23.9283938867,电池,2026-07-25
2625,300708,聚灿光电,0.08,895378242.74,-43.8295609321,13.6914,77041792.76,-34.13,60.3273,3.120501606757,2.66,-0.252494481639,21.3534990369,光学光电子,2026-07-25
2626,300689,澄天伟业,0.024,255163262.74,21.7646480177,81.3551,2730809.45,-74.89,287.5885,6.037099078201,0.39,-0.157182186851,14.1406918937,通信设备,2026-07-25
2627,300409,道氏技术,0.3764,4794043237.54,31.2060255503,14.5266,290113730.85,25.92,69.4628,10.327407772484,3.57,-0.746321064044,23.1544216351,电池,2026-07-25
2628,002415,海康威视,0.862,46822537847.07,11.9673178084,26.0272,7895705450.11,39.57,83.8986,9.20326554319,9.17,0.352586646409,49.9672613158,计算机设备,2026-07-25
2629,874815,洛科电子,0.3738,62172685.71,28.3795372356,,17649224.13,11.86,,4.344716603474,9.01,0.215415486126,60.0926210656,,2026-07-24
2630,874609,恒信通,0.14,57162636.78,14.0727304061,,5449726.79,59.97,,1.866603207436,7.78,0.149692032564,27.1210729128,,2026-07-24
2631,874329,奥翔体育,-0.14,16283920.66,-37.9865167262,,-10601551.21,18.62,,2.645738884089,-3.42,-0.006889663311,1.5776405165,,2026-07-24
2632,872477,龙成消防,0.13,194826458.26,-15.342580145,,5516059.86,372.67,,2.172062064907,5.79,0.033814498773,13.3757395698,,2026-07-24
2633,872175,ST鼎餐饮,0.18,96149597.85,36.6411574787,,1082240.04,174.4,,-0.645965225,,-1.309307106667,10.9515226329,,2026-07-24
2634,870386,宏银信息,0.03,18547701.4,2.825108685,,910803.33,-36.29,,1.629530840093,1.79,-0.021499526369,39.9288083751,,2026-07-24
2635,839625,德海股份,-0.23,13370851.26,115.3362835006,,-7494778.25,-24.89,,1.328004909091,-16.01,0.075190159091,-6.3320930997,,2026-07-24
2636,300416,苏试试验,0.2545,1079374282.39,8.9339158719,30.8803,129442931.43,10.37,97.2218,5.54994375575,4.59,0.140746468091,42.189290664,专业服务,2026-07-24
2637,920258,聚仁新材,0.2741,389203754.01,24.5785683591,-6.8235,98685623.77,55.0,7.918,2.523570009944,11.48,0.346879642361,39.7008503973,化学制品,2026-07-23
2638,872910,正升环境,0.0047,136287119.9,20.6001567229,,270275.14,291.38,,2.754440501395,0.17,0.012793998812,28.359090469,,2026-07-23
2639,688078,龙软科技,-0.2,87537611.19,1.8171154661,181.6538,-14878850.67,-408.75,12.4394,9.073443730674,-2.22,-0.188873781296,22.6874327618,软件开发,2026-07-23
2640,688005,容百科技,0.16,8721030988.21,39.571756311,30.6321,109398350.15,259.9516815206,743.0358,10.875691823575,1.39,-0.241343708235,9.3950139426,电池,2026-07-23
2641,605228,神通科技,0.2,820167116.15,0.5443211807,-0.7589,92522227.5,43.94,-0.73,4.773734482451,4.33,0.365811773844,25.3565206986,汽车零部件,2026-07-23
2642,002458,益生股份,0.2186,1696762876.75,28.4362690386,16.4886,307586693.93,4897.29,97.8978,3.240925116671,6.86,0.321762349132,28.0446409266,养殖业,2026-07-23
2643,834687,海唐新媒,0.36,242238298.22,21.3779855461,,15159276.91,8.25,,2.537121269462,14.36,0.550197588141,14.9747479142,,2026-07-22
2644,872505,辉腾科技,0.1553,45493468.6,20.784003998,,16535897.68,24.71,,0.820179018085,20.91,0.060003400655,58.7536869413,,2026-07-21
2645,833748,奥图股份,0.41,254626832.33,25.6940939489,29.7981,30805252.54,-3.72,-5.8131,4.28386422841,9.97,0.455409395143,28.4781360065,,2026-07-21
2646,833179,南京试剂,0.502,438310761.14,66.0520143218,,80327400.94,14.33,,3.646295696875,13.47,0.400312622,30.3582620887,,2026-07-21
2647,603162,海通发展,0.39,3470556268.14,92.7753444935,58.352,523456757.05,502.6,48.7955,3.542972098194,11.16,0.52480182726,19.6142461216,航运港口,2026-07-21
2648,300503,昊志机电,0.75,1166348469.27,65.8575138341,35.198,232342843.01,266.57,55.508,5.14676971513,15.55,0.167486892419,42.4462536243,通用设备,2026-07-21
2649,874916,科迈捷,1.27,33433587.71,23.9014328207,,10142947.41,96.46,,8.60226974375,14.89,1.5647415675,66.9010577746,,2026-07-20
2650,832432,科列技术,-0.1997,63069558.61,-41.2888385181,,-20432913.64,-221.21,,3.434567647355,-5.39,0.205913043769,47.5421795726,,2026-07-20
2651,400215,商业城5,0.703,38859482.34,-61.1200904588,,301180994.79,781.03,,1.045086291343,101.36,-0.005829608808,46.9060640606,,2026-07-20
2652,900921,金煤B股,0.0201,478475005.41,1.0631935262,11.1971,20413758.47,128.0380128553,380.0978,0.077932391411,28.56,0.026388621003,19.2670682936,化学原料,2026-07-18
2653,688146,中船特气,0.66,1904281352.97,83.1262578334,71.4894,347897694.46,95.63,143.4777,11.348551080273,5.86,-0.454703989115,31.7923109385,半导体,2026-07-18
2654,600844,金煤科技,0.0201,478475005.41,1.0631935262,11.1971,20413758.47,128.0380128553,380.0978,0.077932391411,28.56,0.026388621003,19.2670682936,化学原料,2026-07-18
2655,001339,智微智能,1.19,3049593179.64,56.6420641839,34.0337,388460769.92,281.92,155.9367,8.287375355582,15.58,2.950427831278,39.5226032694,计算机设备,2026-07-18
2656,875118,维德动力,0.73,113553039.93,28.8132856896,,10226910.73,6.37,,12.179208915188,6.22,0.803478581129,26.3543042691,,2026-07-17
2657,872161,风行测控,0.51,92667443.21,387.4093687516,18.2789,33836689.26,287.77,38.7383,2.696368584054,19.2,0.878450958561,68.4071877502,,2026-07-17
2658,833183,超凡股份,-0.3,312652208.42,14.8272152348,,-17095906.47,-194.96,,2.816400484326,-9.32,0.298521440257,38.5648924277,,2026-07-17
2659,430184,御华堂,-0.02,511835.74,-18.1309287751,,-1016726.64,-52.6238339883,,0.013998556617,-218.52,-0.034007551569,25.5878458194,,2026-07-17
2660,002998,优彩资源,0.24,1330056244.06,7.8659235477,17.5271,82586276.03,103.87,57.9522,4.930502398384,4.57,0.117599861956,13.4880068081,化学纤维,2026-07-16
2661,002107,沃华医药,0.12,393349512.77,-7.525175606,-20.4256,67566295.15,51.23,-15.6381,1.225052631834,9.44,0.140966994451,77.8448745579,中药Ⅱ,2026-07-16
2662,838029,皓月医疗,0.22,12002049.66,45.3279867693,,1102670.1,171.53,,2.38922437,9.68,-0.53921397,28.776364853,,2026-07-15
2663,875028,中科盛康,1.83,84252981.66,24.7844363463,,19255545.84,51.72,,13.122146046719,15.02,1.419006443615,54.644430064,,2026-07-14
2664,873735,弘森药业,0.19,119796569.21,-14.0290374062,,18562971.75,-39.27,,1.772077917551,11.29,0.287068739694,39.0333595264,,2026-07-09
