代码,名称,行业,评级,总分,质量分,估值分,催化分,左侧分,最新价,涨跌幅,60日涨跌幅,年初至今涨跌幅,市盈率-动态,市净率,ROE,净利同比,营收同比,毛利率,预告类型,预告变动幅度,距60日高点,20日涨跌幅,快报净利同比,换手率,流通市值,红旗
601211,国泰海通,证券Ⅱ,G2,83.37,50.3,93.12499999999999,100.0,100.0,16.65,-0.952,-15.909090909090915,,9.569,0.881,6.12,28.74,97.5628794336,,预增,167.5,-15.909090909090915,-7.190635451505035,,0.39818,223927914999.6,
603444,吉比特,游戏Ⅱ,G1,82.61,94.22814651339756,60.952380952380956,76.4,100.0,335.96,-0.021,-4.431928087842074,,13.492,3.996,18.57,69.31,48.01380786,93.7665844592,预增,61.5,-14.97051454025462,-10.058094396701732,,1.08479,24202928291.96,
605117,德业股份,光伏设备,G1,82.46,97.46197646835715,52.29249011857707,80.60000000000001,100.0,77.85,0.103,-19.007490636704127,,22.179,8.63,24.31,78.53,92.2349063882,41.4467670557,预增,77.25,-26.681107553211536,-11.574284416174477,,0.78586,99125009305.2,
603629,利通电子,消费电子,G1,81.8,100.0,27.192982456140353,100.0,100.0,98.16,-0.618,-20.462187938061625,,87.643,13.66,29.83,1275.15,38.5751502156,46.2297886932,预增,1082.575,-37.23343713432531,-19.646365422396865,,3.06338,35408608944.0,
688183,生益电子,元件,G2,80.58,87.87893256457141,47.52032520325203,89.33333333333333,100.0,110.5,4.285,-8.435531985415977,,61.389,14.597,17.95,109.36,53.4617074251,35.2055055904,预增,110.0,-20.043415340086824,-14.261328367473611,,1.64931,92553831357.0,
600989,宝丰能源,化学原料,G2,80.01,91.09949132835715,71.92546583850933,78.80666666666667,75.0,22.41,-0.178,8.20859488169965,,14.365,2.977,18.61,70.14,32.3321115262,37.4042878597,预增,70.525,-10.036130068245686,-7.777777777777784,,0.5503,164340597600.0,
300458,全志科技,半导体,G2,78.49,73.83352118348412,45.35301668806162,100.0,100.0,32.43,0.496,-12.634698275862066,,101.344,9.251,14.78,204.17,41.233970607,40.2106220415,预增,207.14,-22.248861184368263,-4.364494249483919,,2.78539,26402932009.95,
600267,海正药业,化学制药,G2,78.44,68.0,76.4935064935065,75.67066666666666,100.0,11.43,-0.953,4.383561643835621,,24.848,1.5,7.2,112.82,-14.7579457714,50.8678060937,预增,58.765,-20.459290187891444,-4.2713567839196,,1.34218,13490510057.28,
688385,复旦微电,半导体,G2,78.26,82.25,34.32605905006418,100.0,100.0,57.52,1.001,-14.02092675635277,,205.429,6.784,12.9,338.58,21.0263401039,55.2740519756,预增,364.84,-22.270270270270267,0.0,,1.43184,31025669660.0,
600150,中国船舶,航海装备Ⅱ,G2,77.85,47.11447826921429,74.85714285714286,100.0,100.0,38.95,2.285,4.49362843729042,,31.411,1.924,6.71,163.51,26.005331272,17.4752695769,预增,167.385,-5.046318868844468,14.289906103286398,,1.27432,293122949167.60004,
300502,新易盛,通信设备,G2,77.7,75.0,56.74576271186441,84.06533333333334,100.0,392.91,-1.699,-22.48614097733236,,40.886,22.555,34.86,90.98,100.3392340098,49.1609551491,预增,90.245,-35.640223427083164,-2.2295767287928925,,2.02765,492993507826.68,
601869,长飞光纤,通信设备,G3,77.36,95.56040304978572,14.77966101694915,100.0,100.0,407.95,3.483,-7.629430877741172,,381.262,20.639,19.22,888.88,53.637732146,41.5145642697,预增,1566.5,-29.62800044850399,-2.5372100246075946,,2.34415,165765715196.3,
300033,同花顺,软件开发,G3,77.18,76.35,54.430839002267575,82.66666666666667,100.0,199.71,0.838,-18.4224500633144,,33.508,19.591,10.54,89.76,48.6819017812,84.9881132378,预增,85.0,-22.8323029366306,-12.79039301310043,,1.15114,87554848917.68999,
600961,株冶集团,工业金属,G3,77.04,85.06388160757143,26.093189964157702,100.0,100.0,22.59,1.255,-20.597539543058,,22.818,4.136,39.52,232.75,35.9090987001,24.0894342506,预增,221.48,-36.74040884906189,-17.404021937842785,,1.37264,24236194360.77,
601336,新华保险,保险Ⅱ,G3,76.99,82.175,55.99999999999999,73.33333333333333,100.0,55.94,0.072,-10.38128804870234,,4.81,1.412,18.87,54.0,18.8703759227,,预增,50.0,-12.126924285265472,-6.952761144377906,,0.30793,116659476679.6,
603317,天味食品,调味发酵品Ⅱ,G3,76.56,65.60056380671934,56.00000000000001,91.51866666666666,100.0,12.42,-1.35,-12.8421052631579,,23.06,3.101,8.42,100.4,45.7950635917,45.030770281,预增,118.195,-18.07387862796834,-7.65799256505576,,0.46611,13190997743.46,
601628,中国人寿,保险Ⅱ,G3,76.5,85.0,24.0,100.0,100.0,36.62,-0.408,-4.040668728054087,,6.719,1.558,21.07,228.6,81.5399084582,,预增,225.0,-12.245387011742148,-4.883116883116889,,0.07934,762557668600.0,
300867,圣元环保,环境治理,G3,76.32,62.25000000000001,79.23809523809524,71.33333333333334,100.0,16.84,-0.059,-7.726027397260271,,18.435,1.12,4.9,71.18,6.1754780725,51.6443793208,预增,42.5,-11.2750263435195,-3.77142857142857,,1.25639,3227012522.48,
601688,华泰证券,证券Ⅱ,G3,75.91,50.75000000000001,88.75,74.0,100.0,17.72,-0.673,-15.255858440937352,,10.243,0.894,6.3,54.87,45.8621225486,,预增,52.5,-16.572504708097924,-8.753861997940282,,0.53143,129475753638.32,
601899,紫金矿业,工业金属,G3,75.89,92.80410945885714,52.186379928315404,80.0,75.0,29.46,0.136,5.743000717875102,,15.108,3.879,19.6,68.17,15.7816890732,36.3257532424,预增,75.0,-15.900656580074225,-12.503712503712505,,0.54087,606928825904.4,
600999,招商证券,证券Ⅱ,G3,75.84,55.55,69.375,87.33333333333333,100.0,16.94,0.118,-18.57335127860026,,12.548,1.171,8.22,104.87,108.1873700207,,预增,102.5,-24.11754165920086,-8.644771611929015,,0.30956,125728769307.68,
601600,中国铝业,工业金属,G3,75.72,72.9804354945,77.8494623655914,77.46666666666667,75.0,8.94,2.995,7.28429137165485,,12.081,1.815,14.67,67.91,7.7352789894,25.8276096923,预增,65.5,-10.86739780658026,-8.495394063459571,,1.05018,118037858750.7,
600346,恒力石化,炼化及贸易,G3,75.59,52.26871328971031,64.3956043956044,95.22666666666666,100.0,15.91,-3.106,-15.101387406616851,,15.752,1.557,10.29,136.25,-5.4701076371,13.9763532324,预增,132.1,-19.074262461851475,-17.777777777777782,,0.51241,111992077595.26,
688449,联芸科技,半导体,G3,75.52,100.0,27.689345314505776,74.4,100.0,57.69,0.769,-24.784876140808358,,186.097,10.912,23.84,825.54,40.0818953052,51.4572569267,预增,54.0,-33.159541188738274,-16.160441796250545,,1.4369,16914946548.15,
603993,洛阳钼业,工业金属,G3,75.21,79.92852809107143,44.229390681003586,80.712,100.0,16.75,-0.475,-8.042821850123527,,17.632,3.996,18.29,86.27,42.7839090612,22.8849393275,预增,77.67,-19.21871232216059,-11.679409438439226,,0.56561,292469106448.0,
603986,兆易创新,半导体,G3,74.91,98.924648548034,40.92426187419769,100.0,50.0,367.57,2.527,-43.82154702043436,,148.214,6.94,23.13,1091.5,178.6722977786,57.0767184326,预增,791.0,-56.24166666666667,-9.465517241379306,,3.11728,246535935455.39,
600595,中孚实业,工业金属,,74.79,33.53341610728571,78.92473118279571,100.0,100.0,5.97,4.007,0.6745362563237878,,14.925,1.308,10.42,165.84,34.8459302154,20.4767825502,预增,165.02,-11.81683899556868,-4.326923076923084,,1.38571,23927193530.58,
300590,移为通信,通信设备,,74.35,33.760740082214284,76.90395480225989,100.0,100.0,11.24,1.17,-17.047970479704798,,70.25,2.748,4.7,184.44,67.7036603151,40.8150361151,预增,215.0,-28.13299232736573,-2.345786272806249,,2.51652,4021836025.32,
600309,万华化学,化学制品,,74.3,50.77717421528571,78.95256916996047,77.32,100.0,67.66,-2.507,-3.6319612590798966,,16.957,1.865,8.96,64.35,31.2585013331,14.7280439014,预增,64.95,-13.32308480655906,-10.395974043173094,,0.85556,211807710215.16,
600872,中炬高新,调味发酵品Ⅱ,,74.21,65.78490203264286,62.000000000000014,75.9,100.0,16.84,-1.693,-9.071274298056151,,24.047,2.329,7.05,61.25,19.231324855,42.4238628457,预增,59.625,-17.085179714426392,-8.078602620087338,,1.04505,12983437078.0,
300604,长川科技,半导体,,74.19,71.3,31.181001283697046,100.0,100.0,247.89,-0.418,-18.457236842105264,,116.929,28.427,18.52,125.67,59.7153807171,56.8082975489,预增,153.38,-33.7192513368984,-11.160090312869574,,2.22778,121336747279.65,
600288,大恒科技,软件开发,,73.7,29.860699670785717,81.97732426303854,97.0,100.0,10.51,0.961,-25.545480306035707,,44.067,2.288,3.97,2964.024614977,0.0322526038,37.9099795391,扭亏,3603.52,-38.738633714152485,-7.400881057268727,,2.36496,4590768000.0,
605020,永和股份,化学制品,,73.42,57.629141789650795,59.387351778656125,85.13066666666667,100.0,30.4,0.829,-26.782273603082864,,25.124,2.572,8.59,89.01,28.1591303903,27.2127812574,预增,94.24,-36.85085168259244,-11.370262390670549,89.005063309798,0.95181,15528889179.2,
688378,奥来德,光学光电子,,73.39,72.25,26.851851851851848,100.0,100.0,46.07,-2.949,-18.0103221213739,,158.862,5.735,8.9,551.02,64.1447568998,54.3342634238,预增,548.035,-25.693548387096776,3.041825095057038,,3.11609,12043857305.48,
300456,赛微电子,半导体,,73.02,79.65159147614285,96.50834403080873,60.0,50.0,36.38,3.795,,,18.079,2.947,34.07,415612.12,-68.711728608,16.5122280666,,,,,,4.44552,21739333208.8,
301031,中熔电气,其他电子Ⅱ,,72.99,58.139927557612694,66.77631578947368,75.41866666666667,100.0,95.34,1.178,-13.058544592376432,,23.029,7.915,14.94,82.41,62.7681696239,35.8881088296,预增,57.82,-20.184177480117206,-1.81256436663233,,1.02237,10954445966.94,
601500,通用股份,汽车零部件,,72.89,35.00253893978571,70.66666666666667,98.872,100.0,3.85,1.05,-2.284263959390864,,29.615,1.014,2.26,114.84,11.199287392,16.0935545157,预增,145.77,-5.8679706601466926,-3.508771929824561,,0.5133,6094552829.75,
688331,荣昌生物,生物制品,,72.89,75.0,21.54751892346509,100.0,100.0,116.67,1.153,-18.41829242710299,,90.442,7.921,78.38,1137.0570147088,433.1094682648,82.1770950021,预增,433.0,-21.381401617250678,-4.1960913122023324,,1.64593,41522414787.48,
301099,雅创电子,其他电子Ⅱ,,72.79,42.06982043607143,60.65789473684211,100.0,100.0,54.28,-3.895,-19.29104588574657,,60.311,6.5,16.3,495.76,118.678857604,11.8477486105,预增,528.555,-29.87804878048781,4.585741811175348,,13.76627,6240815262.92,
300054,鼎龙股份,电子化学品Ⅱ,,72.72,73.29830795267094,44.56410256410256,78.34266666666666,100.0,68.38,1.304,-24.492049469964677,,88.805,11.608,9.76,70.21,11.1505800274,54.9470617542,预增,68.785,-35.47230348211758,-5.968096809680978,,1.86146,50910312200.28,
601678,滨化股份,化学原料,,72.5,33.19284179326984,73.16770186335404,97.0,100.0,5.64,-1.053,-9.324758842443735,,51.273,1.146,2.89,208.25,12.3176794594,12.8076165428,扭亏,2257.36,-26.5625,-15.06024096385542,,1.56248,11524416596.64,
688578,艾力斯,化学制药,,72.44,90.17361983758865,58.05194805194805,43.51733333333333,100.0,106.25,0.245,-18.256654869979997,,21.862,5.65,19.7,46.57,39.8534171741,94.911703865,略增,39.44,-19.75075528700907,-4.080527218560981,,1.75783,47812500000.0,
300592,华凯易佰,互联网电商,,72.36,53.10406944999295,45.714285714285715,100.0,100.0,19.3,0.26,3.685398087461045,,50.789,3.176,6.91,349.09,-12.3808021833,35.8537400732,预增,578.21,-8.051453072891846,14.268798105387814,,2.11083,6637002193.200001,
600499,科达制造,专用设备,,72.31,66.88510768092857,88.74747474747475,80.21866666666666,50.0,11.07,-0.45,-32.4588163514338,,15.905,1.602,9.79,72.39,26.9159422218,34.3741507533,预增,75.82,-34.06789755807027,-21.209964412811388,,1.32763,21230670248.37,
300548,长芯博创,通信设备,,72.3,88.3,19.367231638418076,83.87066666666666,100.0,218.03,2.357,1.9594089038533544,,187.957,30.759,15.32,91.08,40.7201541506,49.2218910514,预增,89.515,-23.69369684667344,3.528015194681866,,3.83703,64152603215.15,
601138,工业富联,消费电子,,72.1,58.4,52.45614035087719,85.86666666666667,100.0,58.42,-0.849,-7.181442643787728,,32.82,6.596,13.36,95.99,54.634987688,7.3505079165,预增,97.0,-23.47393240764999,-9.901295496607032,,0.25706,1159291871231.3,
688002,睿创微纳,军工电子Ⅱ,,72.01,92.525,25.025641025641026,100.0,65.0,176.56,0.512,18.504597624001605,,70.624,10.376,17.01,258.78,72.8372056798,53.4040889862,预增,271.5,-5.481798715203434,-4.30352303523035,,1.38039,82197458739.76,
600601,方正科技,元件,,71.97,68.67963780485714,25.447154471544714,100.0,100.0,13.72,6.605,-8.472314876584386,,124.727,11.6,11.61,232.38,72.8939532958,30.5164929268,预增,230.5,-10.677083333333323,7.271305707584053,,4.63927,57216423897.64,
600711,盛屯矿业,工业金属,,71.68,50.52071182871525,68.02867383512546,78.07600000000001,100.0,10.29,1.28,-9.10696934899744,,16.149,1.779,10.471,71.37,39.5572034727,24.4520081834,预增,67.785,-18.918918918918926,-12.803999661045683,,0.99225,31802392859.79,
603031,安孚科技,电池,,71.4,67.39999999999999,42.57313432835821,82.13866666666667,100.0,36.57,-0.544,-24.830421377183963,,36.57,4.747,6.96,84.38,-2.0413899304,52.3110432313,预增,83.02,-36.75198893116569,-10.14742014742015,,1.86145,11976298548.42,
300307,慈星股份,专用设备,,71.25,55.122311374214284,58.76767676767677,80.09466666666667,100.0,6.95,-0.287,-3.203342618384397,,57.917,1.655,5.26,64.07,31.5851771947,33.7612359239,预增,75.355,-14.619164619164629,-7.333333333333336,,0.93385,5474193451.3,
300132,诺斯贝尔,化妆品,,71.24,40.66833686778571,66.85714285714286,89.29199999999999,100.0,6.12,0.328,1.661129568106312,,19.915,2.094,3.81,105.55,18.1551775604,18.6006716149,预增,109.845,-10.395314787701317,-3.3175355450236976,,1.06953,3109457458.08,
688012,中微公司,半导体,,71.2,50.251832028785714,44.492939666238776,100.0,100.0,324.78,0.086,-22.67142857142857,,95.524,10.357,11.56,300.22,34.8886347323,39.8925648403,预增,296.645,-31.13085519201001,-10.281767955801111,,0.97518,306006754001.64,
300496,中科创达,IT服务Ⅱ,,71.16,47.09637101314286,74.13105413105413,74.0,100.0,53.24,0.056,-9.991546914623829,,54.371,2.324,2.35,54.97,30.4628180864,32.7099194184,预增,52.5,-17.354858739521884,-10.505967389477222,,1.20421,19673825116.0,
301345,涛涛车业,摩托车及其他,,71.13,82.52287658814285,30.0,75.484,100.0,229.06,-0.24,-11.223936128982237,,30.541,6.324,14.18,57.94,60.5619387461,40.9020272234,预增,58.065,-15.76508660316993,-5.092189765900146,,2.26865,8053055777.26,
600030,中信证券,证券Ⅱ,,71.13,54.525,59.375,79.72533333333334,100.0,25.82,-0.463,-11.666096476223052,,13.173,1.365,7.81,69.6,50.0035284024,,预增,73.97,-12.385476756023072,-7.122302158273386,,0.55459,314398546148.68,
605118,力鼎光电,计算机设备,,71.08,77.025,40.40322580645161,71.47866666666667,100.0,31.62,-0.409,-8.533410471507086,,49.507,8.011,10.81,37.05,54.3880852648,48.9893883272,预增,43.045,-16.85511438338154,-3.5093072932560365,,0.44007,12928421970.0,
688808,XR联讯仪,通用设备,,71.0,86.20636633730159,0.5660377358490565,100.0,100.0,1496.0,1.797,-0.4012577670041928,,661.947,67.1,31.1,903.0,208.7055946128,66.7567473152,预增,863.855,-17.997022458729916,-9.331849672691616,,3.82371,42723206328.0,
603681,永冠新材,化学制品,,70.94,32.7,75.90909090909092,88.60933333333332,100.0,18.74,0.375,-8.763388510223958,,27.97,1.283,3.08,199.6,10.0624041181,7.6223077453,预增,107.285,-24.22159320663163,1.903208265361589,,1.96131,4455281894.2,
600362,江西铜业,工业金属,,70.8,50.550000000000004,59.498207885304666,83.02666666666667,100.0,41.74,2.004,0.9675858732462572,,20.164,1.649,10.22,106.77,19.5346627106,5.0698916333,预增,86.35,-15.914585012087024,-13.760330578512391,,1.08729,86620826684.70001,
601339,百隆东方,纺织制造,,70.79,44.94987446371429,75.9047619047619,73.33333333333333,100.0,7.2,-1.099,0.278551532033422,,16.364,1.172,5.96,43.45,19.0285411198,17.0698242492,预增,50.0,-12.72727272727272,-8.3969465648855,,0.50023,10796896800.0,
600776,东方通信,通信设备,,70.72,21.48181170357143,77.10734463276836,100.0,100.0,12.34,0.57,-3.706593835349192,,43.283,3.847,8.15,143.18,15.5252070102,11.549536385,预增,786.0,-16.818335018537244,-5.440613026819929,,0.8565,11797040789.76,
600909,华安证券,证券Ⅱ,,70.61,55.2,46.875,89.33333333333333,100.0,7.69,1.318,-22.791164658634543,,17.089,1.414,8.08,102.55,65.2782271599,,预增,110.0,-36.446280991735534,-7.572115384615385,,1.07304,38636169347.82,
600120,浙江东方,多元金融,,70.5,39.97506680944444,63.57142857142857,90.47733333333333,100.0,4.63,1.092,4.279279279279269,,16.536,0.944,5.17,115.47,9.3,64.4574577194,预增,114.29,-11.47227533460804,-5.510204081632663,,0.61474,15813216307.96,
600345,长江通信,通信设备,,70.13,28.64367976114286,69.12994350282486,97.0,100.0,47.06,0.771,-16.811030581580344,,71.303,3.7,11.09,8833.1060190665,0.6651129068,11.2861516656,扭亏,768.395,-35.43695980244203,-7.27093596059113,,3.31059,9955980516.82,
300857,协创数据,消费电子,,70.05,60.683948339936,27.368421052631575,100.0,100.0,246.39,0.163,-16.011044450504507,,72.896,19.891,34.31,325.51,153.2889305482,22.527321781,预增,302.73,-27.95192701327564,-6.564277588168377,331.114580319635,1.8011,119472458078.52,
601377,兴业证券,证券Ⅱ,,69.87,44.0,70.0,76.66666666666666,100.0,5.72,-0.348,-6.382978723404264,,18.096,0.878,3.6,60.08,24.5380615221,,预增,62.5,-7.293354943273911,-3.378378378378377,,0.4754,49397847321.68,
688328,深科达,半导体,,69.86,62.74706110378572,24.14634146341463,100.0,100.0,74.99,0.834,-6.496259351620958,,288.423,8.07,7.12,198.23,21.0306489102,37.9258855453,预增,210.62,-36.5727818658547,-12.792185137806722,,3.68129,7083277562.05,
603197,保隆科技,汽车零部件,,69.82,53.51289892049999,63.54761904761905,71.53333333333333,100.0,28.94,-0.413,-0.6522485410229928,,28.94,1.868,7.95,95.79,18.5917653918,22.0930584887,预增,43.25,-6.2520246193715545,-1.4640789921688824,,0.77451,6110742555.38,
603901,永创智能,专用设备,,69.41,32.42720029651587,76.44444444444444,82.26400000000001,100.0,9.32,-0.107,-15.272727272727272,,32.138,1.497,4.63,79.92,11.250151745,27.2049990229,预增,83.49,-19.793459552495683,-1.89473684210526,,0.70015,5302140050.04,
301536,星宸科技,半导体,,69.4,75.0,27.599486521181,100.0,75.0,125.1,0.879,7.455763614499222,,171.37,13.617,25.35,619.5,89.4320468794,46.0535806732,预增,673.86,-8.686131386861318,-4.866920152091259,,6.18111,23515636846.5,
600183,生益科技,元件,,69.34,63.637970818265885,27.92682926829268,93.06666666666666,100.0,132.98,0.781,-13.80047967848579,,95.669,17.458,18.17,130.42,50.0454791459,28.1013204296,预增,124.0,-28.96367521367521,-13.311603650586711,,1.51355,320714363003.86,
600185,珠免集团,旅游零售Ⅱ,,69.16,100.0,9.000000000000002,87.64933333333333,75.0,4.77,2.361,5.298013245033095,,-8.673,159.532,43.06,112.7166286877,-29.2643833219,46.7926402061,扭亏,114.935,-12.956204379562053,4.148471615720517,,1.24141,8991477642.15,
600739,辽宁成大,生物制品,,69.14,16.120460020714287,84.54163162321278,92.67999999999999,100.0,10.08,0.0,-2.2308438409311404,,20.835,0.513,5.49,125.77,-13.5558673878,13.353644029,预增,122.55,-10.320284697508896,-9.270927092709268,,0.55249,15344944554.24,
601995,中金公司,证券Ⅱ,,69.14,54.0,49.375,82.4,100.0,30.61,0.361,-13.359750919898106,,16.317,1.417,7.6,89.35,50.4712970942,,预增,84.0,-19.67987404880609,-9.518179130948855,,0.49732,89489634088.40001,
301179,泽宇智能,电网设备,,69.14,45.038830614285715,42.50149253731343,100.0,100.0,19.48,0.206,-2.6000000000000023,,52.649,3.157,2.32,68.11,13.4922788731,29.93436286,预增,572.475,-13.84343210968597,-5.252918287937735,,0.74888,4626013564.92,
601872,招商轮船,航运港口,,68.94,86.73479761771429,11.666666666666663,100.0,75.0,19.89,-3.68,14.113597246127371,,26.878,3.429,15.61,227.57,56.1524780529,41.7937166648,预增,231.0,-13.182016586643384,6.0799999999999965,,1.34017,160602570804.78,
301377,鼎泰高科,通用设备,,68.93,75.0,5.700400228702114,100.0,100.0,348.72,-0.454,-28.098969072164948,,328.981,47.346,23.27,325.12,114.8532705135,53.2543645684,预增,319.4,-45.46989835809225,-16.745451940982658,,2.38669,34474784904.48,
603039,泛微网络,软件开发,,68.84,35.975,74.65759637188208,77.55066666666667,100.0,34.53,0.232,-6.1557276803913545,,30.289,3.963,4.39,74.68,5.0443807674,93.7169126358,预增,65.815,-29.566547679755217,-17.618990814744116,,2.78153,10622779711.38,
601677,明泰铝业,工业金属,,68.64,17.724999999999998,96.48745519713262,76.8,100.0,16.16,0.811,-0.7371007371007376,,10.426,0.988,7.09,49.61,24.231694841,9.8446225595,预增,63.0,-7.179781734635271,-4.885226603884629,,1.75499,20091576532.32,
300765,石药创新,化学制药,,68.47,97.24764123671429,12.181818181818185,97.0,60.0,44.08,0.114,20.01089028042473,,-254.65,15.728,38.2,46025.71,208.7245508115,41.1466977314,扭亏,3113.795,-14.870606411741994,-0.2714932126696934,,0.7243,61914456971.52,
600546,山煤国际,煤炭开采,,68.38,60.752119315071425,47.0,73.60266666666666,100.0,13.0,-1.664,4.459622338288471,,22.034,1.487,6.06,54.13,21.6251906062,38.8429670411,预增,51.01,-8.835904628330994,-8.835904628330994,,0.80265,25771929820.0,
688498,源杰科技,半导体,,68.35,75.0,3.4017971758664984,100.0,100.0,1638.5,2.958,-0.0305064063453319,,731.473,64.931,22.1,1212.2,351.4010703617,77.8078616274,预增,1250.945,-13.076923076923077,6.9516971279373285,,2.5216,201358777944.0,
601828,美凯龙,一般零售,,68.35,50.824999999999996,47.62068965517242,84.77333333333333,100.0,2.19,3.302,2.8169014084507005,,-0.402,0.424,0.33,103.9398932032,-7.2635700655,66.3123247234,扭亏,104.15,-5.1948051948051965,0.0,,1.59699,7911160903.41,疑似价值陷阱
605189,富春染织,纺织制造,,68.31,23.8132707545,64.66666666666667,100.0,100.0,13.72,-0.939,-9.49868073878628,,34.3,1.269,8.5,1238.07,46.9348338606,13.5885790563,预增,415.075,-19.76608187134503,-9.617918313570485,,1.9658,3268583363.0800004,
600918,中泰证券,证券Ⅱ,,68.21,44.325,40.625,99.016,100.0,5.39,0.936,-1.1009174311926715,,29.944,0.948,3.73,146.38,46.2977120194,,预增,146.31,-7.068965517241377,-5.272407732864693,,0.47677,24593621699.57,
600105,永鼎股份,通信设备,,68.15,73.49407763114286,20.813559322033896,83.6,100.0,37.0,-3.344,-26.073926073926067,,231.539,14.865,14.77,58.06,47.7515331414,26.1967086836,预增,88.5,-49.287280701754376,-8.142999006951346,,7.55392,54093807674.0,
603893,瑞芯微,半导体,,68.14,93.47498290004559,42.88831835686778,77.51466666666667,50.0,212.94,0.786,21.73565058312372,,85.863,18.303,18.34,61.73,40.6035594528,43.0420245449,预增,65.68,-6.465782306948964,9.430083765866693,,2.26207,90093966417.0,
601168,西部矿业,工业金属,,68.02,84.00056832728572,29.03225806451613,94.26666666666667,60.0,35.17,4.146,22.75741710296686,,22.987,3.738,20.41,123.0,24.7432887685,22.6007956582,预增,128.5,-18.34223357325284,-10.736040609137042,,1.08355,83810110000.0,
300666,江丰电子,半导体,,67.94,52.50358123814507,40.53915275994865,88.21866666666666,100.0,230.33,-0.993,-29.53252156886741,,121.868,8.718,7.97,113.61,30.678380969,32.8560172586,预增,105.82,-41.58953161057997,-5.633398885611274,,2.8156,51005114061.86001,
600986,浙文互联,广告营销,,67.91,25.0,61.64705882352941,100.0,100.0,6.98,4.024,4.804804804804808,,116.333,2.056,-2.61,-219.31,16.050526912,8.6416541518,预增,629.995,-15.291262135922324,-6.434316353887393,,2.96273,10381870952.76,净利大幅下滑
300233,金城医药,化学制药,,67.76,51.879982594999994,47.24025974025974,81.53066666666666,100.0,13.2,0.228,-1.5659955257270708,,110.0,1.353,3.72,220.11,6.3962155636,34.611975633,预增,80.74,-8.46047156726769,-0.1512859304084846,,1.63007,4913587311.6,
600841,动力新科,汽车零部件,,67.72,3.339478247214285,96.0952380952381,90.76133333333334,100.0,5.65,3.291,-16.789396170839467,,2.729,1.214,1.23,126.4349246475,13.2919054146,10.3702695461,扭亏,126.605,-16.789396170839467,-2.249134948096887,,1.11271,5893088334.6,
300748,金力永磁,金属新材料,,67.65,48.300689725428576,61.7,70.93466666666667,100.0,23.99,-0.456,-26.34326066932761,,46.135,4.34,5.94,51.58,32.5700964295,21.8309656156,预增,41.005,-29.956204379562045,-11.082283172720542,,0.80658,27153944852.120003,
300014,亿纬锂能,电池,,67.59,20.984498273,77.86268656716418,87.33333333333333,100.0,48.59,2.123,-17.839026039905303,,24.054,2.105,7.24,105.66,62.2015350628,14.0382975822,预增,102.5,-27.71496578399285,-7.500475918522742,,1.42714,102669800384.77,
300613,富瀚微,半导体,,67.47,59.02807530402424,47.04749679075738,100.0,65.0,82.52,0.585,15.090655509065542,,130.984,6.053,11.3,1419.2,112.655090463,39.0767766417,预增,1246.455,-5.018416206261511,3.3049574361542438,,4.88538,18128827382.08,
688380,中微半导,半导体,,67.42,58.47455803607142,75.28883183568678,84.21866666666666,50.0,40.64,0.869,-35.266008282892635,,57.239,5.04,5.26,98.48,44.0139092508,38.4543812505,预增,90.82,-38.34016082536792,-1.5503875968992276,,1.17691,16270833600.000002,
603659,璞泰来,电池,,67.36,56.34992826621429,80.26865671641792,41.544000000000004,100.0,21.27,2.26,-21.338757396449704,,18.991,2.131,6.89,37.58,42.7046197898,29.7748995727,略增,32.04,-27.032590051457973,-9.566326530612246,,0.87889,45606797402.25,
600233,圆通速递,物流,,67.13,46.325720177071084,52.23684210526316,80.676,100.0,18.0,-0.166,4.106419895893576,,14.311,1.66,8.72,73.44,8.3885031634,11.1754507736,预增,77.535,-5.906952430737055,7.015457788347201,,0.51874,61652043684.0,
600155,华创云信,证券Ⅱ,,67.02,37.975,42.5,100.0,100.0,5.92,1.893,4.964539007092195,,74.0,0.64,1.19,202.65,33.941238992,,预增,195.0,-6.329113924050633,-4.97592295345105,,0.86908,12924477542.08,疑似价值陷阱
688825,长鑫科技,半导体,,67.0,100.0,3.0038510911424954,97.0,60.0,55.55,3.253,,,1851.667,27.991,81.06,3427.7569143657,873.6417332025,79.1575472751,扭亏,2394.11,-10.113268608414238,-4.24064816410964,,3.31905,250143814839.05,
600884,杉杉股份,电池,,66.97,17.396834525983405,67.00895522388059,100.0,100.0,11.58,3.485,-11.87214611872146,,55.143,1.131,3.692,296.73,23.0446067771,18.8551164687,预增,298.0,-20.630568882796428,-2.8523489932885893,,2.85975,21250570858.68,
603225,新凤鸣,化学纤维,,66.83,17.8,71.42857142857143,94.52133333333333,100.0,16.65,-2.688,-17.939871858058165,,24.13,1.282,7.12,103.16,21.5005034311,7.3038845374,预增,129.455,-24.762765476728426,-20.82738944365193,,1.18701,27781285572.0,
300184,力源信息,其他电子Ⅱ,,66.81,17.86474237157143,65.78947368421053,100.0,100.0,11.22,0.089,-29.47831552482715,,75.302,2.756,6.9,209.5,59.4583037337,10.8606393202,预增,212.075,-38.24986241056687,-9.734513274336276,,2.17049,11776659610.32,
688213,思特威,半导体,,66.74,60.84069310907143,72.54172015404363,41.400000000000006,100.0,94.01,2.018,-6.55069582504969,,37.755,7.009,9.84,33.15,21.4798765315,25.7369703527,略增,31.5,-12.197627720183046,-5.327291037260817,,1.19309,30413125838.76,
300773,拉卡拉,多元金融,,66.69,46.78328918257143,57.857142857142854,72.75466666666667,100.0,14.47,0.626,-3.5333333333333328,,9.583,3.395,14.67,191.67,22.8052763972,24.1516048556,预增,47.83,-16.93455797933411,-7.24358974358974,,1.55292,14883997248.63,
688620,安凯微,半导体,,66.55,44.67829196035714,35.58536585365854,97.0,100.0,16.78,-0.238,-1.5835777126099626,,-46.611,5.011,3.08,181.7586068118,85.9928782339,26.7696087445,扭亏,182.235,-8.605664488017418,-0.2970885323826278,,3.315,6577760000.0,
600395,盘江股份,煤炭开采,,66.5,39.15115279,42.00000000000001,97.0,100.0,4.95,-1.394,4.430379746835444,,32.353,1.002,0.594,1344.48,-5.9520766476,27.732613906,扭亏,1326.67,-16.666666666666675,-16.666666666666675,,1.01324,10625793225.3,
600292,电投水电,电力,,66.5,59.06497926971428,15.131845841784989,100.0,100.0,11.13,0.815,-12.362204724409445,,91.605,2.947,6.81,123.14,2.4507428483,33.8559709776,预增,12504.0,-22.00420462508759,-9.659090909090908,,1.02537,4889226278.79,
688235,百济神州,化学制药,,66.49,63.38384967347347,9.902597402597404,100.0,100.0,259.46,0.605,-6.332129963898925,,251.903,11.296,9.9,627.15,26.8363500983,89.0212427035,,,-13.59973359973361,-3.853850144519389,627.147475232556,2.34991,29852237759.6,
688530,欧莱新材,半导体,,66.42,58.48393038771429,18.51219512195122,97.0,100.0,56.97,-0.836,-29.300074460163817,,-227.88,10.41,8.25,1097.7825601388,133.4343375652,28.0025025428,扭亏,1069.995,-42.85284381582907,-8.408360128617364,,5.64084,3975296185.08,
601933,永辉超市,一般零售,,66.42,65.247922483,10.379310344827585,97.0,100.0,2.96,0.0,-4.516129032258065,,-10.207,12.186,12.45,205.2327298464,-20.5597888902,22.7720914762,扭亏,204.17,-11.904761904761909,-4.207119741100318,,0.58259,26418110008.4,
600489,中金黄金,贵金属,,66.39,40.975403738357144,80.0,76.38000000000001,75.0,21.59,3.055,7.188958395392708,,21.167,3.221,13.4,61.67,22.5680554876,20.4655652337,预增,61.425,-20.79970652971387,-15.72989851678377,,1.33873,104653478256.76,
301110,青木科技,互联网电商,,66.37,39.025,66.85714285714286,71.8,100.0,36.2,2.55,-5.384213277574479,,27.224,3.022,5.61,67.9,9.0971992796,54.6545354192,预增,44.25,-8.562768375852492,2.3466214305909228,,2.6786,3295368210.2,
601066,中信建投,证券Ⅱ,,66.32,55.675,38.75,79.73333333333333,100.0,23.01,-0.087,-19.220642443391256,,21.11,1.419,8.27,69.44,51.1077143242,,预增,74.0,-23.491271820448866,-10.117187500000002,,0.12303,149465390515.35,
688052,纳芯微,半导体,,66.26,44.10671191342857,35.09756097560976,97.0,100.0,240.36,-2.352,-8.497030607583367,,-150.225,5.076,0.88,186.6450606843,66.7308466825,33.6693966788,扭亏,185.89,-19.88,-5.205868433506855,,1.18562,34470086968.92,
603489,八方股份,电机Ⅱ,,66.23,22.052782905071428,58.46153846153847,100.0,100.0,28.99,-1.227,3.0938833570412383,,65.886,2.433,3.86,233.27,33.8083868794,27.3638960671,预增,325.43,-9.093759799310131,3.646764390418311,,0.97883,6801575211.210001,
603260,合盛硅业,化学制品,,66.09,34.238939054214285,46.27272727272728,97.0,100.0,31.01,0.324,-28.61418047882136,,-12.161,1.235,1.1,181.7189336058,3.9378185244,19.0845146759,扭亏,188.145,-37.55537656061215,-10.685483870967738,,0.36203,36660237240.41,
603061,金海通,半导体,,66.08,74.69202241457356,39.21694480102696,95.47200000000001,50.0,318.5,0.727,-31.06060606060605,,104.426,14.609,9.93,125.21,95.4073809966,52.9587426253,预增,133.02,-39.10133843212237,-6.9203343269624185,,2.62607,27709500000.0,
600446,金证股份,IT服务Ⅱ,,66.06,43.471026907642866,37.14814814814815,94.93333333333334,100.0,10.39,1.763,1.2670565302144388,,-58.305,2.726,0.35,132.4380121159,-6.4294624418,34.6344376707,扭亏,142.25,-12.468407750631838,-5.972850678733033,,1.10439,9779769106.81,
600026,中远海能,航运港口,,66.05,71.47734883357143,20.833333333333332,97.6,75.0,20.27,-4.522,19.305473808122443,,24.534,2.305,9.26,143.21,30.0307715685,42.658288367,预增,141.0,-11.561954624781857,5.4630593132154015,,1.84387,77593396948.12,
301696,三瑞智能,航空装备Ⅱ,,65.94,67.525,23.571428571428573,79.16266666666667,100.0,88.35,-1.008,-29.107321965897693,,75.513,16.661,17.01,65.45,68.7919259598,58.5970691437,预增,71.86,-36.90412426352437,-10.249898415278349,,3.30988,2657864325.9,
301308,江波龙,半导体,,65.94,75.0,53.74839537869063,100.0,25.0,311.66,-0.109,-54.28864769727192,,91.396,7.709,79.03,71528.66,136.2610583659,55.5274284884,预增,30173.015,-56.89946065551099,-18.360183366077266,,2.30516,87841960660.72,
688332,中科蓝讯,半导体,,65.87,54.7447206225,97.76636713735559,60.0,50.0,87.83,-0.046,,,7.475,2.753,8.74,265.77,11.5231736486,21.0526088715,,,,,,1.55215,15676367060.88,
300919,中伟新材,电池,,65.57,15.329326456928575,83.24179104477612,80.64133333333334,100.0,37.22,2.903,-11.317607815106022,,22.558,1.655,5.44,77.8,57.5061651121,12.4210570397,预增,77.405,-23.14680982861863,-6.90345172586293,,0.92108,34050120475.06,
603588,高能环境,环境治理,,65.52,35.537530608785715,50.349206349206355,89.07333333333334,100.0,16.25,-1.336,-8.088235294117641,,29.47,2.374,10.139,103.37,54.0155208839,24.2660428523,预增,109.025,-17.34486266531028,6.907894736842102,,2.2508,24752559926.25,
603038,华立股份,装修建材,,65.52,32.29987146407143,43.333333333333336,100.0,100.0,15.68,0.901,-0.9475679090334864,,196.0,2.953,5.42,319.74,26.201385802,36.2498200497,预增,330.595,-12.597547380156085,-12.597547380156085,,1.95108,4212857022.08,
301500,飞南资源,环境治理,,65.28,35.70705998128572,38.28571428571429,100.0,100.0,24.81,3.938,-12.409532215357457,,48.372,2.575,12.78,307.31,52.543704291,15.2598839738,预增,279.895,-15.048793014894713,-3.762606671838642,,7.65116,3573897073.08,
600251,冠农股份,农产品加工,,65.27,34.92293740459259,80.0,79.184,75.0,9.77,-1.611,9.284116331096204,,21.711,1.772,13.34,79.09,0.2818051936,9.5291863043,预增,71.94,-18.921161825726152,-14.523184601924765,,2.52707,7591227305.910001,
300073,当升科技,电池,,65.19,22.443990755739986,77.22388059701493,76.61200000000001,100.0,37.99,4.627,-18.772717553987597,,31.376,1.374,3.49,67.25,136.3292746706,15.4638130162,预增,62.295,-25.49519513630123,-5.755395683453235,,3.6489,19221776062.38,
688059,华锐精密,通用设备,,65.12,55.35,54.048027444253854,100.0,50.0,84.7,1.681,-36.452440616418826,,39.765,5.453,12.14,178.32,19.695053535,57.2693718675,预增,174.345,-45.39781591263651,-5.658275785252842,,1.89611,11096546322.4,
603933,睿能科技,其他电子Ⅱ,,65.07,32.049203314709096,56.184210526315795,85.64133333333332,100.0,18.82,-0.318,-17.672790901137358,,111.758,2.888,4.92,84.66,38.0056596963,22.2047716742,预增,96.155,-23.83650343990288,-4.07747196738023,,1.00051,3905988901.5,
601225,陕西煤业,煤炭开采,,65.03,67.33805714757143,54.0,73.33333333333333,65.0,25.66,-0.735,11.03418433578538,,14.832,2.46,10.9,47.57,1.1692536077,31.1232800066,预增,50.0,-7.096307023895731,-7.096307023895731,,0.387,248773700000.0,
300031,宝通科技,游戏Ⅱ,,64.91,51.174598893524625,41.90476190476191,76.30799999999999,100.0,20.15,0.75,-20.450059218318195,,40.666,2.052,4.74,37.4,22.3015970581,38.7183919891,预增,61.155,-34.364820846905545,-4.773156899810971,,1.51511,7224943337.299999,
603093,南华期货,多元金融,,64.82,51.9,38.57142857142858,78.432,100.0,13.31,-0.672,4.918808134951913,,16.638,2.367,6.76,67.91,48.1764200269,,预增,69.12,-8.804385063377874,0.3014318010550187,,1.95709,11739938956.9,
600619,海立股份,家电零部件Ⅱ,,64.8,33.86282043157143,38.56410256410257,100.0,100.0,13.18,0.0,-7.960893854748607,,188.286,2.28,2.65,390.69,0.0109118986,13.1329486042,预增,389.0,-16.897856242118536,-7.832167832167835,,1.8385,10401323837.64,
600409,三友化工,化学原料,,64.78,28.000000000000004,51.11801242236025,94.39999999999999,100.0,6.05,-0.982,-3.200000000000003,,139.401,0.892,1.2,129.15,2.5107574973,9.4468843512,预增,129.0,-18.682795698924732,-18.57335127860027,,0.85754,12489314160.4,疑似价值陷阱
688257,新锐股份,通用设备,,64.76,81.50487040347623,38.78787878787879,82.45599999999999,50.0,55.52,1.834,-40.22394487510766,,61.573,6.872,21.51,460.51,80.3947563439,47.0561080436,预增,84.21,-49.73291081937528,-3.24154757755315,,3.07232,19724217250.08,
601566,九牧王,服装家纺,,64.67,52.5,72.94117647058825,42.733333333333334,100.0,9.1,-0.329,4.000000000000004,,17.843,1.393,1.0,-77.15,3.9165775156,65.0965760512,略增,36.5,-16.283348666053353,6.308411214953269,,3.58423,5229198065.0,净利大幅下滑
688522,纳睿雷达,军工电子Ⅱ,,64.56,31.625000000000004,66.61538461538461,73.69066666666666,100.0,17.86,-0.223,-14.010592200288874,,49.611,3.214,2.65,8.75,51.343779013,71.2315581559,预增,51.34,-20.5869275233437,-5.25198938992043,,1.05339,3075214919.96,
301071,力量钻石,非金属材料Ⅱ,,64.5,51.44089330471429,35.0,81.28533333333333,100.0,63.78,-3.334,-26.54612461130945,,148.326,3.049,1.69,247.61,80.9413890974,41.1022506266,预增,79.82,-38.05361305361304,3.454987834549872,,6.88493,11929991406.66,
603268,松发股份,航海装备Ⅱ,,64.25,83.203903863,17.14285714285714,100.0,50.0,214.02,0.977,31.019283746556493,,72.304,16.694,32.06,457.67,251.874251691,21.4854654082,预增,2922.83,-3.3987813134732536,10.18895124337127,,2.50129,49920120483.84,
688208,道通科技,计算机设备,,64.25,77.025,75.56451612903227,9.0,100.0,25.38,2.795,-3.314285714285714,,17.873,4.548,10.81,-9.73,13.399689998,56.1660973699,略减,-8.885,-13.46743948175929,-2.721349175929477,,0.74924,17009331111.18,
688255,凯尔达,自动化设备,,64.11,12.797643354650795,61.06293706293706,100.0,100.0,26.47,1.651,-10.36234337961396,,105.88,2.72,2.64,1095.3,34.7272110637,17.0597583664,预增,1098.41,-16.366508688783565,-0.6754221388367676,,1.83895,2907964288.9,
300199,翰宇药业,化学制药,,64.08,82.48846089107143,0.9090909090909084,76.412,100.0,22.79,1.741,-11.66666666666667,,569.75,23.675,32.33,62.72,25.270089932,64.895165383,预增,61.545,-14.06485671191554,-0.7404181184669012,,3.79034,16972145075.61,
300861,美畅股份,通用设备,,63.94,32.58670015357143,76.67238421955403,100.0,50.0,15.21,-0.262,-30.487637676523004,,41.855,1.547,4.73,265.67,15.3061579836,39.066380215,预增,260.265,-38.94263578338887,-8.648648648648638,,1.33626,6416564976.9,
688525,佰维存储,半导体,,63.86,75.0,48.44672657252889,97.0,25.0,198.6,0.177,-56.28208401940671,,106.203,7.456,78.69,3273.4822888579,298.0982138029,53.304851341,扭亏,2948.925,-60.79561605761031,-15.534649507072809,,2.27237,94698839569.2,
601061,中信金属,贸易Ⅱ,,63.83,52.55,28.000000000000004,84.268,100.0,10.52,0.96,-6.646552489129476,,19.127,2.081,11.02,84.55,36.5315429456,2.316662109,预增,91.005,-16.77215189873419,-10.620220900594736,,0.1695,51548000000.0,
688111,金山办公,软件开发,,63.76,69.4,52.19047619047619,39.584,100.0,216.9,-2.297,4.369165624097793,,54.635,6.675,17.76,236.94,24.6936697354,86.5936512254,略增,24.69,-22.29983879634604,-13.118365711996791,,0.8928,100644514051.5,
603630,拉芳家化,化妆品,,63.73,54.925000000000004,37.0,100.0,65.0,15.57,10.035,11.05563480741798,,-111.214,1.842,1.97,484.49,7.2269252856,52.0708948232,预增,1552.5,-0.8911521323997529,9.110021023125435,,6.58552,3506435310.6,当日已大涨
600366,宁波韵升,金属新材料,,63.72,24.734299438566186,85.2,100.0,50.0,10.76,0.655,-33.20918684047176,,35.003,1.842,4.29,154.18,42.0220388493,22.3988860185,预增,176.51,-36.0665478312537,-7.797772065124253,,0.95844,11825681708.76,
600893,航发动力,航空装备Ⅱ,,63.68,26.54948547742857,42.85714285714286,100.0,100.0,38.41,-0.698,-0.7493540051679792,,160.042,2.549,0.36,59.32,47.2120902772,10.9092796684,预增,427.145,-7.911771757372343,-0.6466632177961729,,0.6098,102367441954.78,
601108,财通证券,证券Ⅱ,,63.56,22.275,67.5,80.0,100.0,8.17,0.616,-10.51478641840089,,14.333,0.974,4.91,75.38,46.8976206673,,预增,75.0,-10.80786026200874,-8.098987626546684,,0.58434,37939592648.3,
603882,金域医学,医疗服务,,63.5,45.684095295943564,42.170731707317074,97.0,75.0,28.25,-2.62,18.847286495582672,,-76.351,2.073,2.92,324.27,-3.7586371389,34.895865775,扭亏,309.26,-10.203432930705658,3.177501826150486,,2.55119,12939476800.249998,
603045,福达合金,金属新材料,,63.49,54.541821938,48.50000000000001,100.0,50.0,47.16,3.308,-33.172736290208306,,59.113,4.691,25.28,1146.56,96.3546416783,16.3585507132,预增,2989.69,-49.355670103092784,-19.82318939136348,,3.84577,6387593509.8,
301297,富乐德,半导体,,63.37,24.669947477214286,63.60718870346598,80.284,100.0,46.13,-1.663,-10.280846429127113,,73.222,5.894,3.77,80.3,9.0501945232,31.3429264681,预增,76.065,-27.55512280922169,10.809512370886388,,3.12465,24849216693.56,
603466,风语筑,数字媒体,,63.3,28.487001822357144,39.00000000000001,100.0,100.0,11.78,2.257,-1.0084033613445451,,-392.667,3.306,4.42,452.84,-0.9204578165,34.4118025513,预增,1041.4,-14.139941690962113,-0.8417508417508546,,5.41276,7007079635.759999,
601233,桐昆股份,炼化及贸易,,63.27,26.1,41.75824175824175,100.0,100.0,22.49,-3.393,-4.5820958845990685,,26.151,1.258,10.44,285.03,19.3644506715,9.0935290498,预增,292.16,-18.691250903832252,-18.691250903832252,,1.98339,53406378227.8,
300408,三环集团,元件,,63.14,45.44566628328571,40.040650406504064,78.0,100.0,118.63,2.674,-16.29859592182318,,86.591,10.46,8.61,56.18,54.824030357,43.4889327966,预增,67.5,-30.405960342602377,3.156521739130436,,1.52986,221815111522.71,
600927,永安期货,多元金融,,63.0,40.675,42.85714285714286,80.35066666666667,100.0,12.06,0.416,-6.36645962732919,,26.8,1.318,2.27,64.45,32.1485820067,,预增,76.315,-11.3235294117647,-6.511627906976747,,0.26729,17492362551.36,
605289,罗曼股份,专业工程,,62.87,52.271047417642855,8.771929824561408,100.0,100.0,94.91,-0.095,-27.39443084455324,,189.82,10.588,5.34,444.1,118.1100635468,29.4894663847,预增,504.765,-40.49529780564264,-12.12037037037037,,1.13851,14472245430.44,
300475,香农芯创,其他电子Ⅱ,,62.83,75.0,21.31578947368421,100.0,50.0,160.2,0.313,-39.52845786243291,,135.763,10.536,68.13,2207.2,251.5961898232,9.1217457653,预增,2275.94,-47.67578584306656,-10.000000000000009,,3.29938,71849241988.2,
600497,驰宏锌锗,工业金属,,62.79,56.29855018635715,23.08243727598566,80.52933333333333,100.0,8.93,1.133,-16.930232558139537,,43.732,2.533,9.41,70.58,30.7773007641,20.8829702609,预增,76.985,-30.234375000000004,-14.708691499522452,,0.84476,45010597713.19,
601101,昊华能源,煤炭开采,,62.73,56.18628724407143,25.999999999999996,77.51466666666667,100.0,12.59,-2.327,0.3987240829346206,,34.972,1.458,6.03,66.14,9.4583908746,32.5558021417,预增,65.68,-16.17842876165113,-16.17842876165113,,1.39611,18129573888.34,
600839,四川长虹,黑色家电,,62.7,25.650249999999996,40.0,100.0,100.0,6.41,-0.156,-3.753753753753752,,29.925,1.78,10.2601,228.62,2.7677031379,8.4223206218,预增,247.365,-13.143631436314362,-8.166189111747856,,0.48414,29581884824.71,
600621,XD华鑫股,证券Ⅱ,,62.65,45.875,34.375,81.18933333333334,100.0,13.45,-0.444,3.06513409961684,,22.417,1.561,4.35,79.47,22.1016572119,,预增,79.46,-5.087855479500392,0.5156565279127001,,1.35037,14269095477.400002,
300389,艾比森,光学光电子,,62.61,36.987790026214284,85.74074074074073,40.31866666666667,100.0,12.93,1.332,-0.3084040092521278,,18.948,2.671,8.45,24.56,8.4785346775,32.2079060367,略增,27.445,-4.434589800443456,-0.1544401544401497,,1.164,3549518658.03,
688411,海博思创,其他电源设备Ⅱ,,62.58,37.88180250285714,64.84210526315789,100.0,50.0,154.9,-0.129,-41.72310007524455,,28.579,5.462,12.46,100.16,39.2335208779,19.424523504,预增,152.31,-46.80631868131868,-16.36069114470842,,1.19618,20535755352.4,
600116,三峡水利,电力,,62.56,8.225,60.36511156186612,100.0,100.0,6.08,-0.491,2.253615876219306,,26.435,1.007,3.29,688.61,3.5332463907,8.7276331739,预增,692.775,-10.456553755522824,-3.030303030303028,,0.49865,11625828856.32,
603937,丽岛新材,工业金属,,62.47,30.65,36.09677419354839,97.0,100.0,12.87,-3.16,-11.788896504455115,,-75.706,1.727,2.26,249.1871678645,26.1697887925,9.173852519,扭亏,210.435,-15.495732107682214,8.151260504201673,,7.22617,2688439924.17,
688337,普源精电,通用设备,,62.46,27.925,39.525443110348775,96.81466666666667,100.0,49.74,-3.642,-18.271442655274395,,113.045,3.49,1.17,129.08,37.1510653198,58.1024046535,预增,138.055,-33.618043507273455,13.535722437799592,,6.31322,9255557223.96,
603929,亚翔集成,专业工程,,62.39,60.73462482842857,36.66666666666667,100.0,50.0,142.76,-0.62,-36.87375635640062,,34.153,12.757,20.91,204.8,51.3555104102,25.0284747598,预增,205.61,-48.00218539428156,-12.770377612122696,,0.94912,30459273600.0,
600906,财达证券,证券Ⅱ,,62.38,50.150000000000006,21.875,87.46666666666667,100.0,6.27,0.642,-17.608409986859407,,27.261,1.595,6.06,104.59,67.9216834493,,预增,103.0,-20.833333333333336,-6.973293768546007,,0.66017,13318953136.5,
688099,晶晨股份,半导体,,62.36,39.57336995642857,80.4749679075738,41.49333333333334,100.0,90.32,2.322,-3.2872898597280265,,43.423,4.796,7.97,23.0,31.8596733481,37.507717939,略增,31.85,-12.658350256261484,-7.354600471843264,,1.81855,38234261948.4,
603125,常青科技,化学制品,,62.35,41.507270406869054,31.324110671936754,88.28399999999999,100.0,20.77,-1.564,-28.42866988283942,,53.256,3.268,5.56,99.16,45.6693014432,31.5334889942,预增,106.065,-36.56078191814295,-11.125374411638855,,1.91159,8408451508.750001,
300037,新宙邦,电池,,62.28,32.25031006971428,41.964179104477616,88.448,100.0,65.93,-1.11,-22.553741336779037,,45.158,4.438,8.82,103.33,75.661099978,24.2804340976,预增,106.68,-29.524318546231957,0.5030487804878137,,2.57298,36049175599.64,
688117,圣诺生物,生物制品,,62.25,55.25,68.30950378469302,74.40266666666666,50.0,17.8,-0.67,-42.01954397394137,,17.8,3.429,12.1,51.98,50.2693222448,59.8682776236,预增,54.01,-42.01954397394137,-24.767540152155533,,2.86617,3922058568.2,
600971,恒源煤电,煤炭开采,,62.18,40.58508375628572,43.00000000000001,97.0,75.0,8.14,-2.864,10.148849797023018,,-50.939,0.832,1.36,224.7899409241,44.8213255038,27.0591172588,扭亏,153.25,-11.425462459194769,-11.425462459194769,,0.89585,9768039755.76,疑似价值陷阱
300801,泰和科技,化学制品,,62.1,20.123975599500003,45.612648221343875,98.61866666666667,100.0,21.3,2.355,-29.2358803986711,,61.26,1.742,5.42,148.24,-1.4007810015,19.2035658393,预增,144.82,-39.91537376586742,-8.03108808290155,,1.72524,2922691768.8,
300970,华绿生物,种植业,,62.07,47.78424123542857,90.92307692307693,60.0,50.0,16.95,-0.47,,,18.226,1.663,2.79,185.85,39.1838142437,32.1329377296,,,,,,4.84541,2096657929.35,
605007,五洲特纸,造纸,,62.06,40.325,35.8974358974359,83.96266666666666,100.0,14.2,-2.204,-5.773059057730601,,27.843,1.852,6.13,88.95,18.7567082445,9.3937642898,预增,89.86,-15.324985092426957,-11.305434103685208,,0.75271,6738994862.6,
300497,富祥股份,化学制药,,62.04,39.6726969275,23.545454545454547,97.0,100.0,17.61,0.686,-14.804063860667648,,-176.1,4.013,7.78,2660.26,72.5853930926,38.3117756985,扭亏,2845.5,-24.38814942035208,2.502910360884747,,5.95139,8034784104.24,
688766,普冉股份,半导体,,61.99,93.3361059116494,15.969191270860078,100.0,25.0,377.9,-0.44,-50.27566152186213,,269.929,16.812,28.73,1929.65,336.6701829247,44.6831763476,预增,335.65,-56.56321839080461,-8.93975903614458,,4.02902,56195072678.7,
688779,五矿新能,电池,,61.97,12.675,55.653731343283575,97.0,100.0,7.32,2.092,-8.955223880596996,,61.0,1.93,5.07,1507.6335597105,168.9977570192,9.6059510267,扭亏,1479.23,-16.24713958810069,-8.499999999999996,,0.90439,14121890282.88,
301666,大普微,计算机设备,,61.86,83.85241250088349,9.833333333333336,97.0,50.0,355.81,-1.301,-40.65184394442313,,-291.648,42.567,77.43,477.08,531.1701845514,37.5563712684,扭亏,460.41,-51.269584748548255,-23.7048631958144,,5.47731,9434780002.83,
688036,传音控股,消费电子,,61.8,29.499763222785713,86.8421052631579,44.952000000000005,100.0,53.49,-0.428,-10.55183946488294,,23.668,2.909,8.37,46.22,21.8520586971,22.0046685119,略增,44.82,-20.989660265878875,-6.404199475065608,,0.47937,61576861312.05,
603068,博通集成,半导体,,61.74,45.71099572528571,40.08985879332478,100.0,65.0,45.0,-2.28,14.942528735632198,,300.0,3.819,2.9,162.6,70.208448928,28.8453940154,预增,162.59,-7.235621521335799,14.474688374459422,,9.8748,6830429355.0,
300573,兴齐眼药,化学制药,,61.71,94.61356564017856,64.18831168831169,29.13,50.0,35.69,0.309,,,12.611,5.856,19.99,28.55,20.4801150299,82.0521587729,,,,,,1.27942,9707595271.94,
600323,瀚蓝环境,环境治理,,61.69,54.83625637948558,76.31746031746033,24.627704699282,100.0,29.14,-0.103,3.333333333333344,,12.041,1.565,7.93,24.76,34.2500435098,38.0066623902,,,-7.726409119695998,-4.270696452036793,24.627704699282,0.43764,23759215834.44,
301068,大地海洋,环境治理,,61.68,42.451551738714286,18.777777777777782,97.0,100.0,23.64,-0.839,-16.28895184135977,,-102.783,4.052,3.88,179.93,-7.3858121296,20.8521724342,扭亏,181.735,-22.69457161543492,-14.036363636363635,,1.27109,2371600851.0,
301165,锐捷网络,通信设备,,61.63,51.07987750028571,32.090395480225986,73.14533333333333,100.0,102.89,0.508,0.8725490196078489,,117.535,21.472,13.09,53.54,32.826807448,35.6968285004,预增,49.295,-30.479729729729733,-19.19421974397235,,0.68833,114582045389.07,
688227,品高股份,IT服务Ⅱ,,61.53,44.88786660478572,21.34567901234568,90.92133333333334,100.0,73.03,2.269,-25.563143410457645,,-158.761,6.524,0.35,127.9887231964,10.0354030321,36.6180132467,扭亏,127.205,-32.753222836095766,-0.2049740366220409,,2.12194,8256426733.25,
600269,赣粤高速,铁路公路,,61.52,52.65,93.8970588235294,9.0,100.0,3.76,0.804,-9.178743961352652,,6.836,0.457,1.06,-72.81,-13.6573604851,50.0057562755,略减,-16.09,-10.476190476190483,-2.337662337662349,,0.44552,8781130372.640001,疑似价值陷阱；净利大幅下滑
600638,新黄浦,房地产开发,,61.46,45.610361819642854,50.66666666666667,88.43466666666666,65.0,5.23,3.564,15.223617536902424,,52.092,0.741,4.5615,108.44,-16.9499564406,22.8892565475,预增,106.63,0.0,3.359683794466428,,2.41544,3521865190.78,
601069,西部黄金,贵金属,,61.44,31.46058924624625,28.000000000000004,100.0,100.0,24.35,1.585,-3.906866614048932,,47.199,4.316,10.92,315.67,119.6207740424,9.7119021122,预增,198.025,-28.550469483568065,-18.724966622162885,,1.21208,21603038587.05,
603978,深圳新星,金属新材料,,61.31,28.025,34.6,97.0,100.0,27.3,1.98,0.5895357406042745,,-71.842,3.47,1.21,189.5020416248,28.8105776946,8.071074193,扭亏,191.67,-18.531781557743955,30.497131931166344,,7.13532,5762874362.7,
600958,东方证券,证券Ⅱ,,61.3,48.75000000000001,76.25,30.464914813745004,100.0,8.61,0.233,-8.110992529348982,,13.246,0.896,5.5,30.48,19.4842739092,,,,-9.937238493723854,-6.311207834602827,30.464914813745,0.26751,64312247459.03999,
600299,安迪苏,化学制品,,61.25,47.316570907285715,85.9288537549407,22.297297297297,100.0,8.07,0.124,-3.1212484993997536,,18.767,1.261,4.55,22.25,14.0390163729,25.3181992702,,,-13.5048231511254,-6.597222222222221,22.297297297297,0.61132,24853818603.99,
603186,华正新材,元件,,61.2,46.09330647942858,29.471544715447155,100.0,75.0,212.0,3.617,13.654640004288844,,108.718,13.493,7.86,305.28,41.2788891917,12.0206290712,预增,409.775,-19.330289193302896,16.164383561643824,,9.27201,33239589816.0,
603101,汇嘉时代,一般零售,,61.18,58.78863464435714,40.45977011494253,73.70266666666666,75.0,7.37,0.959,8.54197349042709,,44.857,2.363,6.81,46.4,4.9829625973,33.4690885021,预增,51.385,-8.899876390605687,-1.8641810918774928,,0.91108,3466848000.0,
600995,南网储能,电力,,61.09,62.0,49.69574036511156,40.248939178273,100.0,11.67,-0.086,-5.506072874493928,,22.019,1.592,4.8,33.61,24.8299503322,50.7215749972,,,-10.36866359447004,-8.110236220472434,40.248939178273,0.1516,37297387744.35,
301638,南网数字,IT服务Ⅱ,,61.08,21.16283828892857,38.93637226970561,100.0,100.0,20.5,-0.097,-8.807829181494665,,89.13,5.855,1.81,1453.65,42.3702927904,33.2929736045,预增,2410.83,-18.65079365079365,-7.989228007181337,,1.23896,5129797102.5,
603077,和邦生物,农化制品,,60.98,15.460778343928572,45.36363636363637,100.0,100.0,2.18,0.926,-6.4377682403433445,,-32.44,1.018,2.08,634.3,-26.3438874264,24.3650896815,预增,672.625,-14.84375,-8.403361344537807,,0.75321,19253241657.04,
603001,奥康国际,服装家纺,,60.92,51.87500000000001,32.529411764705884,88.88266666666667,75.0,11.97,5.742,16.100872938894284,,-19.913,2.033,0.75,119.0931835505,-28.8789715181,46.8915595783,扭亏,119.56,-15.34653465346535,32.558139534883736,,4.60831,4799730600.0,
688778,厦钨新能,电池,,60.74,38.05,70.68059701492537,46.623785285419,100.0,42.17,4.511,-18.92099748130204,,28.113,2.238,5.22,46.62,91.089293552,8.4098783116,,,-25.92917866928968,-7.157482221879741,46.623785285419,1.54376,21282822970.11,
603387,基蛋生物,医疗器械,,60.72,59.253470029814814,79.13725490196079,40.657333333333334,65.0,9.81,-1.009,19.926650366748166,,22.295,1.692,6.42,69.37,8.3175990127,70.3428765537,略增,28.715,-2.775024777006929,6.979280261723009,,1.46565,4975176001.77,
600211,西藏药业,生物制品,,60.59,89.0,79.27670311185871,16.296,50.0,35.76,-0.556,,,12.289,2.945,15.6,7.16,-5.8319834997,92.8994875725,,,,,,0.57776,11526134448.96,
301717,超纯应材,半导体,,60.54,81.27499999999999,24.90372272143774,79.72933333333333,50.0,354.36,-0.251,,,145.23,37.221,12.51,85.46,48.4084715048,56.9031268918,预增,73.985,-34.133828996282524,-5.25133689839572,,8.45403,6175207055.76,
605006,山东玻纤,玻璃玻纤,,60.54,30.952169821,25.000000000000007,100.0,100.0,14.64,1.245,-14.933178384660083,,-732.0,3.098,1.1,234.89,38.2454952024,14.4830377494,预增,325.0,-41.299117882919,-3.2385988103106444,,3.26512,9568723090.56,
603132,金徽股份,工业金属,,60.5,73.85071796322751,16.845878136200717,76.52799999999999,75.0,18.42,6.721,15.48589341692792,,33.491,5.313,12.26,61.52,37.0026630278,70.3806814053,预增,61.98,-10.971483808603187,-6.497461928934001,,0.92119,18014760000.0,
603127,昭衍新药,医疗服务,,60.48,35.46428170560516,39.34398654331371,100.0,75.0,44.82,-1.364,8.680892337536372,,112.05,3.742,8.61,1126.8,5.2714818621,20.4859408875,预增,2942.75,-16.84601113172541,-3.550677856681728,,5.05771,28134263121.48,
301563,云汉芯城,其他电子Ⅱ,,60.28,35.84504402778571,58.09210526315789,100.0,50.0,105.08,0.459,-31.898898250162038,,56.193,6.613,12.79,207.69,90.6619549459,15.4180616389,预增,219.845,-44.396232405545554,-16.0702875399361,,7.72096,2010778935.68,
600988,赤峰黄金,贵金属,,60.26,61.40656184209401,43.99999999999999,75.33333333333333,60.0,38.44,0.972,21.64556962025315,,22.746,5.099,12.31,56.5,33.1130924648,59.2700694497,预增,57.5,-22.233461460651423,-17.88079470198677,,2.60859,63960753370.32,
603165,荣晟环保,造纸,,60.26,21.9332759495,58.97435897435898,75.75866666666667,100.0,13.21,-0.9,-3.927272727272724,,15.36,1.679,7.91,65.54,11.3031385447,13.0215863293,预增,59.095,-8.263888888888882,-4.895608351331893,,1.35064,4131141873.38,
300980,祥源新材,塑料,,60.1,48.41354659507143,58.018018018018026,84.3,50.0,22.9,-0.348,-32.86426267956612,,61.892,2.2,4.45,218.87,20.4106388356,27.2039652331,预增,91.125,-32.86426267956612,-4.583333333333339,,2.74534,2290199184.2,
300179,四方达,通用设备,,60.06,53.59669770739065,9.742710120068606,86.19600000000001,100.0,41.98,-5.536,-26.88958551027517,,218.874,17.557,6.17,46.9,43.763023337,46.8024088176,预增,98.235,-32.29032258064517,12.910166756320596,,9.94086,15769645737.3,
301421,波长光电,光学光电子,,60.04,46.38433739635715,19.629629629629626,84.85066666666667,100.0,73.55,0.561,-27.25024727992087,,237.258,7.018,2.37,102.65,8.8940390951,31.6430723549,预增,93.19,-39.16459884201821,-8.383158943697067,,3.00527,4466075518.75,
600354,敦煌种业,种植业,,60.04,80.78951733254354,27.23076923076923,100.0,20.0,8.96,0.0,78.8423153692615,,100.112,5.591,18.7,165.68,20.9250664023,43.9645134817,预增,178.23,-21.74672489082968,8.08202653799761,,10.36726,4729106636.8,60日涨幅已高
301281,科源制药,化学制药,,59.97,57.03919252760773,17.597402597402596,73.85066666666667,100.0,47.74,1.791,-8.473926380368091,,318.267,3.616,4.65,51.56,45.4655159403,57.5984576617,预增,51.94,-17.76055124892334,2.008547008547024,,2.01213,3387248480.0,
688309,恒誉科技,环保设备Ⅱ,,59.97,49.9,20.0,100.0,75.0,73.71,-1.272,7.480314960629908,,176.382,6.971,9.96,865.58,149.6024916276,57.8074890789,预增,980.2,-10.230179028133,-5.354391371340528,,1.62221,5852667537.990001,
600230,沧州大化,化学制品,,59.89,16.16200475357143,40.17786561264822,100.0,100.0,13.18,-2.802,-4.541174766422829,,176.913,1.328,2.4527,330.75,-4.1052202347,12.0828771025,预增,301.38,-17.26302573760201,-12.48339973439575,,3.98499,5456006177.7,
300747,锐科激光,自动化设备,,59.83,19.981277625642857,35.35664335664335,100.0,100.0,36.4,0.719,-15.44715447154471,,126.301,5.775,4.55,117.53,14.7531331049,22.0487886759,,,-38.4927340317675,-8.450704225352112,116.727435911819,2.19671,18999990828.0,
603025,大豪科技,自动化设备,,59.81,77.86645576335978,73.73426573426572,32.07,50.0,12.95,0.935,,,20.234,5.236,18.87,33.45,23.3647757674,47.5991540684,,,,,,0.31251,14363813310.35,
300378,鼎捷数智,软件开发,,59.69,69.19999999999999,55.73696145124717,60.0,50.0,38.29,0.949,,,62.77,4.198,7.68,318.5,5.3705826156,56.0163259809,,,,,,5.89637,10319658972.98,
300308,中际旭创,通信设备,,59.56,82.91932972416345,38.73446327683615,60.0,50.0,813.01,-0.244,,,82.96,24.026,37.62,241.7,182.4913813287,46.0581330258,,,,,,1.44794,902389882809.03,
301086,鸿富瀚,消费电子,,59.54,29.30800449728571,22.98245614035088,100.0,100.0,157.31,-0.43,-16.617194953885296,,139.212,10.036,3.69,221.59,65.689935667,38.1162062962,预增,243.13,-27.369684657648087,16.82013961087183,,2.92142,10974081358.53,
688123,聚辰股份,半导体,,59.54,77.15627005964913,56.57252888318357,9.0,100.0,166.23,8.04,-22.6801246569608,,72.274,8.462,18.21,156.07,4.7083712207,48.9346466043,略减,-47.3,-23.43865143699337,17.868538608806638,,7.35829,26425665217.62,当日已大涨
603876,鼎胜新材,工业金属,,59.52,16.382131150357143,38.42293906810036,100.0,100.0,17.21,1.774,-27.10715798390512,,30.732,2.079,6.23,155.41,16.1660688599,11.1299836105,预增,157.98,-40.470425458318914,-22.997762863534675,,1.95123,15992688735.73,
688519,南亚新材,元件,,59.45,41.811816728714284,7.6422764227642315,100.0,100.0,276.14,0.269,-18.81100787957192,,258.075,19.838,15.24,428.8,83.2344446153,15.1965434202,预增,427.585,-32.66520360887589,-13.05689367463242,,1.54742,64942727253.88,
600827,百联股份,一般零售,,59.4,46.17389946792857,77.816091954023,24.386666666666663,100.0,7.76,1.173,1.305483028720622,,22.171,0.677,4.44,191.61,-9.0813706713,24.1034592551,续盈,1.45,-4.079110012360943,0.910273081924573,,0.47303,12450531379.2,
600584,长电科技,半导体,,59.38,35.54886412757143,72.83697047496791,82.024,50.0,65.7,0.413,-30.87121212121212,,75.517,4.062,2.92,79.41,4.9555934613,14.5484097786,预增,82.59,-38.36194764987334,-13.210039630118883,,2.45634,117564537249.0,
603032,德新科技,电池,,59.34,56.535516275832045,32.340298507462684,97.16133333333333,50.0,17.65,1.379,-40.67226890756302,,98.056,3.464,4.57,138.81,22.6859622577,41.4360634249,预增,139.355,-40.67226890756302,-12.189054726368177,,2.17792,4110360240.0,
600110,诺德股份,电池,,59.28,30.649960990857146,23.328358208955223,97.0,100.0,11.18,2.757,-22.307157748436424,,-64.475,3.23,1.77,242.07,113.3287576188,11.7149453872,扭亏,242.2,-29.10589727330374,-7.065669160432253,,5.08971,19399322819.76,
600728,佳都科技,IT服务Ⅱ,,59.28,25.974999999999998,78.51851851851852,67.41866666666667,75.0,4.47,2.288,6.175771971496435,,54.446,1.206,0.39,-77.27,8.8256211474,7.504962514,预增,27.82,-11.309523809523814,-6.289308176100628,,0.68681,9532718696.67,净利大幅下滑
300476,胜宏科技,元件,,59.26,71.97035238464287,78.69918699186992,31.979999999999993,50.0,216.76,1.527,,,43.265,5.619,11.8,33.3,28.773550864,34.4584933385,,,,,,2.08401,187539656278.2,
600525,长园集团,电网设备,,59.24,19.0799719765,37.059701492537314,97.0,100.0,4.85,1.253,-7.619047619047626,,-5.64,2.258,1.31,110.7378024531,9.9705296543,32.1269607671,扭亏,230.445,-16.08996539792389,-8.662900188323919,,0.70464,6396083737.200001,
603618,杭电股份,电网设备,,59.21,35.3849480935,14.373134328358212,100.0,100.0,33.69,1.202,-23.60544217687076,,-78.349,7.767,13.5,938.67,12.6581953553,12.2889273309,预增,1154.58,-41.09109984262983,-3.715347242069178,,5.03005,23292444503.04,
603139,康惠股份,中药Ⅱ,,59.2,46.32141067914286,10.25,90.96266666666666,100.0,34.94,-0.228,-13.749691434213773,,-10.461,6.952,1.69,122.6160105653,-17.0493312751,33.9349749508,扭亏,127.36,-19.807206793665376,-8.269887109477569,,1.51502,3489807199.9999995,
300390,天华新能,电池,,59.19,70.85000000000001,34.722388059701494,97.0,25.0,49.05,2.187,-46.15806805708013,,102.188,2.969,18.34,2622.89,125.0015560468,46.9945112617,扭亏,2578.97,-50.36932105635941,-23.835403726708083,,2.94314,34898653366.200005,
600661,昂立教育,教育,,59.15,56.2,32.142857142857146,97.0,50.0,9.3,1.087,23.015873015873023,,30.0,10.05,12.48,977.3,8.4026253095,45.6006996827,扭亏,2145.32,-5.58375634517766,3.333333333333344,,2.24812,2664904119.0,
300771,智莱科技,计算机设备,,59.13,44.022087389214285,83.68279569892472,60.0,50.0,11.41,1.603,,,32.6,1.378,2.89,124.85,27.7377955473,26.5159223449,,,,,,1.99045,2157371684.93,
301275,汉朔科技,其他电子Ⅱ,,59.08,59.68887175292858,81.97368421052632,42.732,50.0,38.96,0.0,,,35.418,3.904,8.09,51.22,47.2257995324,30.2494204541,,,,,,0.72928,11721475717.68,
688433,华曙高科,通用设备,,59.06,50.82868516371428,4.385363064608345,90.87466666666667,100.0,80.98,-0.443,-3.789948912914343,,476.353,15.703,0.4,87.09,42.2659532908,44.7601592292,预增,115.78,-28.272807794508413,-27.339614176760875,,0.86904,33653469756.06,
600392,盛和资源,小金属,,59.05,19.01252605628571,37.33333333333333,96.05466666666666,100.0,20.27,0.695,-22.95705055112125,,42.344,2.721,6.8,135.24,41.7648611587,12.8175364788,预增,135.205,-36.457680250783696,-12.854686156491834,,1.12304,35529794573.9,
600535,天士力,中药Ⅱ,,59.0,67.45,59.85,15.229925525674002,100.0,13.74,-0.435,-4.781704781704777,,18.568,1.57,6.98,15.23,-2.0324355732,71.1894815327,,,-14.764267990074442,-6.4032697547683926,15.229925525674,0.53183,20526873068.7,
688110,东芯股份,半导体,,58.97,68.39999999999999,16.804878048780488,97.0,50.0,117.73,0.839,-32.63718029410082,,-261.622,12.53,17.36,694.0953379562,336.4421035888,53.1695990288,扭亏,612.925,-42.20422189494354,-1.7606809078771657,,2.48059,52081090242.43,
300620,光库科技,通信设备,,58.88,35.64861440557143,12.72316384180791,100.0,100.0,261.03,2.256,-12.028174710164484,,368.166,28.813,6.65,186.09,72.9098394423,36.6330601678,预增,209.0,-35.70689655172414,-18.17241379310346,,2.70818,64562127043.26,
603330,天洋新材,塑料,,58.85,41.553554436357146,31.702702702702705,93.82266666666666,75.0,9.34,-0.744,8.604651162790699,,-15.831,3.067,0.47,158.3677587442,-28.041358808,31.5299762109,扭亏,138.085,-20.51063829787234,-11.469194312796215,,4.59556,4041171881.66,
300972,万辰集团,休闲食品,,58.83,77.04919931092857,42.857142857142854,60.0,50.0,150.5,-3.278,,,20.609,11.02,57.52,156.58,54.2615886258,12.8688790353,,,,,,0.88149,27208289237.5,
603663,三祥新材,化学原料,,58.82,51.49611853514286,15.900621118012417,77.572,100.0,44.26,2.029,-23.91528570446263,,158.071,18.153,5.46,71.48,0.2284225587,27.9845659492,预增,65.895,-40.252973177283714,1.0041077133728926,,2.95094,26253568189.02,
603083,剑桥科技,通信设备,,58.77,24.606539795,25.536723163841806,100.0,100.0,201.1,1.89,2.35659388201761,,213.936,7.907,4.32,171.08,32.9159651292,29.329155713,预增,174.345,-23.279414008850907,7.247613460615443,,5.44428,55420821810.3,
603958,哈森股份,服装家纺,,58.77,53.638906051285716,13.70588235294118,97.0,75.0,18.59,3.278,13.979153893316989,,-80.826,6.197,3.82,1569.4317775163,12.9445796271,36.7244684718,扭亏,1298.55,-22.054507337526207,-17.743362831858413,,4.36891,4077902400.0,
688008,澜起科技,半导体,,58.75,62.97622007176561,39.34531450577664,40.093333333333334,100.0,212.6,1.918,-20.758570821561417,,107.919,12.06,10.72,72.33,26.6585396711,69.7882209522,略增,26.6,-32.61575130584716,3.7326177116369994,,2.50551,243376937164.6,
603162,海通发展,航运港口,,58.73,59.948693961142865,15.0,100.0,60.0,12.72,-2.304,28.61476238624874,,24.941,3.59,11.16,502.6,92.7753444935,19.8681715456,预增,508.0,-18.04123711340205,2.0048115477145245,,2.2508,17272408474.56,
600521,华海药业,化学制药,,58.71,63.85790209938271,39.870129870129865,38.333333333333336,100.0,15.99,0.503,-4.8214285714285765,,88.833,2.51,7.92,88.26,8.778567689,57.6669266881,略增,20.0,-12.335526315789467,-0.7448789571694592,,1.25822,23941062614.04,
300558,贝达药业,化学制药,,58.65,59.27017017152778,41.13636363636364,42.333333333333336,100.0,48.96,2.62,-28.71287128712872,,67.068,3.128,4.61,115.97,14.12228548,79.0833576553,略增,35.0,-32.839506172839506,-3.011093502377171,,2.95042,20669901563.52,
300223,君正股份,半导体,,58.63,57.41013773563212,45.609756097560975,100.0,25.0,134.6,1.769,-46.79841897233202,,172.498,5.096,9.18,489.59,75.9477862057,43.4912426444,预增,615.275,-48.143011249807365,-3.822793854948192,,4.09685,56918768792.8,
600100,同方股份,计算机设备,,58.5,38.170051906785716,75.10752688172043,33.087999999999994,100.0,6.51,0.463,-4.264705882352937,,44.076,1.398,-0.65,-170.95,-16.349244537,28.4380726695,减亏,45.33,-9.9585062240664,-7.3968705547653,,0.4326,21810438111.63,净利大幅下滑
605300,佳禾食品,饮料乳品,,58.47,30.258511643785713,37.57575757575758,100.0,75.0,10.26,0.786,12.623490669593853,,146.571,1.627,0.99,130.41,-4.6247447921,13.8969163013,预增,167.25,-9.042553191489356,5.230769230769239,,0.76206,4662129605.22,
300975,商络电子,元件,,58.43,52.20859649307143,71.0569105691057,60.0,50.0,24.11,0.794,,,54.4,5.844,19.03,493.25,121.5592594075,16.4870350903,,,,,,4.3855,11923018581.04,
300687,赛意信息,IT服务Ⅱ,,58.43,21.20171939292857,28.259259259259263,100.0,100.0,29.18,5.84,0.5860048259220818,,-112.231,4.379,2.09,207.7,14.4347817946,32.3674071501,预增,222.685,-5.870967741935484,-2.9274783765801726,,3.60877,9800512658.02,
600018,上港集团,航运港口,,58.41,50.45215241512528,86.66666666666666,34.416000000000004,65.0,5.43,0.929,12.074303405572762,,9.303,0.862,5.8701,5.97,9.502463829,39.4234485636,略增,5.31,-2.1621621621621623,3.231939163498088,,0.20889,126401279109.54,
600078,澄星股份,农化制品,,58.35,41.46714319911406,3.6363636363636376,100.0,100.0,9.78,1.242,-24.009324009324008,,770.079,3.693,6.77,533.75,20.3681017054,14.7351542948,预增,533.0,-36.036625245258335,-12.365591397849474,,1.0352,6479962580.58,
603991,领先股份,半导体,,58.33,41.862541577500004,26.073170731707325,97.0,75.0,169.2,-1.628,10.163422097792818,,-291.724,7.132,5.02,895.5013124906,1819.6292068841,16.0375582085,扭亏,870.65,-8.821468987444092,20.332835502453573,,3.16009,15149575461.599998,
600676,久事动娱,体育Ⅱ,,58.32,26.025,29.000000000000004,93.04266666666666,100.0,6.65,-0.449,-1.7725258493352936,,-20.781,1.4,0.41,121.92,-19.5534728591,3.1845541545,扭亏,135.16,-10.01353179972936,-2.3494860499265635,,0.93429,6839478077.6,
600428,中远海特,航运港口,,58.28,51.475916683357134,46.66666666666666,76.66666666666666,60.0,10.42,-3.519,25.31569452796152,,15.19,1.68,7.89,66.24,34.0667335775,19.4512833567,预增,62.5,-13.813068651778329,-9.312445604873808,,1.33427,28591650515.9,
301026,浩通科技,小金属,,58.23,46.3,81.33333333333333,56.04599999999999,50.0,18.61,0.977,,,16.766,2.382,8.52,73.41,104.1461053976,5.3117282408,,,,,,1.20164,2978210408.0,
301349,信德新材,电池,,58.21,11.123807404642857,39.48656716417911,100.0,100.0,44.09,1.754,-28.320598276702967,,115.238,2.261,2.55,617.62,63.2711143213,16.6483303665,预增,613.29,-41.67989417989417,0.2045454545454683,,3.21306,3821423019.33,
600506,统一股份,炼化及贸易,,58.17,70.34373378164285,0.0,88.26133333333333,75.0,16.18,-1.161,11.6632160110421,,237.941,7.979,14.56,106.76,36.4029206734,22.5212272943,预增,105.98,-12.77628032345014,0.1237623762376127,,7.16742,4038926254.52,
603390,通达电气,汽车零部件,,58.13,29.762436766928573,45.09523809523809,99.72,65.0,11.32,5.597,7.095553453169345,,47.167,2.343,4.32,128.84,-5.2754390982,36.5474114737,预增,148.95,-3.412969283276457,11.747285291214205,,6.53346,3974157317.76,
300515,三德科技,通用设备,,58.08,47.775,79.33104631217839,43.66666666666667,65.0,16.25,-0.49,19.134897360703818,,17.765,3.561,9.11,42.8,19.5987875703,58.6829497605,略增,40.0,-7.195888063963462,0.3705991352686677,,1.16974,3283763843.75,
300628,亿联网络,通信设备,,58.04,65.16897766402678,74.28248587570621,39.666666666666664,50.0,39.96,-2.774,20.28898254063818,,19.444,5.498,15.11,22.92,26.3958025693,65.237071977,略增,25.0,-4.630071599045338,-2.298288508557456,,1.03445,29005793092.08,
300602,飞荣达,消费电子,,58.03,22.83724384485714,51.2280701754386,73.47200000000001,100.0,35.77,1.706,-27.6935516474631,,56.778,4.839,6.02,52.09,28.6366045205,20.9021413828,预增,50.52,-30.136718750000004,-22.57575757575757,,2.59723,14350183596.77,
300434,金石亚药,化学制药,,58.03,34.175,66.2987012987013,72.80266666666665,65.0,12.39,-1.51,7.0872947277441645,,37.545,1.904,3.67,45.22,-0.2231481428,64.684235789,预增,48.01,-3.654743390357684,11.924119241192413,,8.54398,4254270494.04,
688127,蓝特光学,光学光电子,,58.03,79.375,36.851851851851855,60.0,50.0,62.24,1.933,,,64.833,10.579,11.75,163.21,75.5007893474,46.5073571765,,,,,,1.27435,25263072848.0,
688518,联赢激光,自动化设备,,57.99,44.46909398378571,84.6993006993007,53.916,50.0,20.3,0.247,,,41.429,2.095,2.97,69.86,13.6239230359,26.8617315773,,,,,,2.69817,6928899428.5,
688266,泽璟制药,化学制药,,57.93,100.0,11.72727272727273,60.0,50.0,106.66,-0.467,,,-172.032,16.41,45.7,979.0933971189,220.8781295535,97.0137174702,,,,,,1.20938,28233775118.76,
605098,行动教育,教育,,57.93,90.4,52.85714285714286,30.402,50.0,52.47,-1.093,,,19.578,5.996,16.16,30.67,24.4396801967,76.529230807,,,,,,0.50851,6257105217.0,
600686,金龙汽车,商用车,,57.93,20.589875672357145,27.0,100.0,100.0,11.26,3.208,-5.931495405179621,,17.323,2.232,7.73,137.58,7.3383984459,11.7708259413,预增,1561.26,-8.455284552845532,0.7155635062611854,,4.28929,8073953915.42,
600570,恒生电子,软件开发,,57.88,31.625000000000004,78.10430839002268,35.480000000000004,100.0,19.32,-0.515,-7.956169604573593,,29.723,3.767,2.65,0.06,-11.6483195947,67.9571759637,略增,9.3,-17.188169738534064,-12.181818181818183,,0.56176,36585278239.44,
600203,福日电子,消费电子,,57.88,12.625,36.36842105263158,100.0,100.0,9.89,2.169,-21.818181818181813,,-120.905,3.411,5.05,277.41,48.5736249284,6.1532175369,预增,284.89,-26.19402985074627,-9.68036529680364,,2.25224,5864652130.9800005,
688372,伟测科技,半导体,,57.86,53.85350278928571,80.2439024390244,46.565999999999995,50.0,103.45,-1.476,,,50.711,4.135,4.41,57.61,68.9957183803,34.959903905,,,,,,3.30817,17482691028.5,
301358,湖南裕能,电池,,57.78,47.87298113464286,73.65970149253731,60.0,50.0,50.57,2.162,,,30.101,2.104,17.39,853.51,142.915947481,16.1571735885,,,,,,1.3076,38598976247.78,
600487,亨通光电,通信设备,,57.73,27.84604399935714,67.70621468926554,89.79466666666667,50.0,57.11,-5.821,-32.494089834515364,,51.918,4.179,9.43,93.38,31.1319208289,15.9794615991,预增,111.73,-53.46620168176781,-15.241911546452949,,8.16224,140127737737.27,
688609,九联科技,黑色家电,,57.72,42.185112445071425,9.000000000000002,91.26933333333332,100.0,8.93,1.362,-9.340101522842636,,-21.061,4.735,4.14,128.5100721376,30.91537686,19.5691574231,扭亏,128.51,-22.48263888888889,-4.287245444801724,,2.90812,4465000000.0,
603507,振江股份,风电设备,,57.65,45.40429089078572,24.117647058823533,100.0,65.0,27.6,1.77,8.99182561307903,,45.246,2.528,5.81,854.75,56.1044285842,18.2310072471,预增,919.53,-3.130703355327813,17.948717948717952,,7.21328,6521985818.4,
600729,重百集团,一般零售,,57.57,52.73152538214285,87.01149425287356,0.0,100.0,18.08,-0.823,-5.1366808332021785,,7.597,1.002,5.53,-42.33,-5.6523263602,29.469135535,,,-11.498360174262078,-5.93132154006244,-42.327524897033,0.9273,3480089819.52,
603608,天创时尚,服装家纺,,57.52,35.61439048425926,7.352941176470591,100.0,100.0,19.54,1.401,-26.403013182674208,,488.5,6.995,2.53,316.2,-3.0592527092,67.8147850755,预增,346.5,-31.55866900175132,-0.5091649694501044,,2.09319,8305080025.36,
688388,嘉元科技,电池,,57.52,12.350000000000001,35.277611940298506,100.0,100.0,28.1,3.081,-26.55514898065864,,216.154,2.221,4.94,940.0,89.5704663514,7.4771932412,预增,1638.24,-37.81810134985616,-6.582446808510634,,3.7069,18543395326.7,
601231,环旭电子,消费电子,,57.5,34.150000000000006,80.17543859649123,28.845347334919,100.0,24.09,1.774,-18.75210792580101,,28.341,2.569,3.66,28.85,0.4507462882,9.4580020374,,,-34.180327868852466,-11.074197120708751,28.845347334919,0.77111,57549460483.02,
603605,珀莱雅,化妆品,,57.5,69.025,67.42857142857144,39.75599999999999,50.0,53.98,-1.28,,,14.168,3.211,17.61,46.26,0.2407779263,74.5251343525,,,,,,1.26209,21374789878.0,
600688,上海石化,炼化及贸易,,57.49,10.990864540142859,39.769230769230774,97.0,100.0,2.73,0.368,-8.999999999999996,,-20.074,1.229,1.291,165.0103434546,-1.344100808,20.8687103562,扭亏,163.295,-11.935483870967744,-6.825938566552903,,0.54894,20007660855.0,
300001,特锐德,电网设备,,57.32,21.51904829935714,53.343283582089555,70.13333333333334,100.0,34.3,-1.238,-0.406504065040647,,28.583,4.098,4.88,30.73,6.0711447215,23.0466676191,预增,38.0,-14.292853573213405,-1.549942594718734,,0.78119,35369259556.4,
688252,天德钰,半导体,,57.3,48.73152546742857,90.70603337612324,0.0,100.0,20.87,0.385,-7.638520092051682,,36.614,3.403,5.56,-9.42,-0.220963534,23.7641356544,,,-14.94131072709488,-2.202436738519209,-9.420229933939,0.73006,8536275386.67,
601375,中原证券,证券Ⅱ,,57.3,42.175000000000004,23.75,74.82266666666666,100.0,3.94,1.285,-3.1465093411995992,,40.122,1.243,2.87,61.07,36.9569360695,,预增,55.585,-7.075471698113212,-6.413301662707838,,0.57132,13583227618.0,
300809,华辰装备,通用设备,,57.23,46.53224406428571,73.08176100628931,60.0,50.0,23.84,0.21,,,29.8,3.239,3.41,83.76,-27.2802709576,28.21014169,,,,,,1.61978,3589576975.36,
300428,立中集团,汽车零部件,,57.17,16.004954896857143,85.76190476190477,43.71333333333334,100.0,19.25,1.05,3.6060279870828937,,13.849,1.443,6.26,43.81,30.3163872999,10.4969368556,略增,40.175,-6.824782187802514,-2.6794742163801843,,0.629,11612169492.0,
600593,大连圣亚,旅游及景区,,57.14,70.05,7.5,97.0,50.0,48.05,-3.047,26.44736842105262,,227.079,29.73,8.02,201.9851252448,2.2913522865,47.2013481112,扭亏,202.21,-3.4946776461136864,14.404761904761898,,10.88048,6188840000.0,
603992,松霖科技,家居用品,,57.03,43.759010371903386,46.857142857142854,88.74,50.0,19.27,-0.516,-37.69802780472033,,40.146,2.372,4.57,66.18,43.9553188244,32.3668115468,预增,107.775,-40.74415744157442,-10.951940850277264,,0.40246,8537415871.4,
688628,优利德,通用设备,,56.99,55.32974094683761,35.61463693539165,45.968,100.0,88.07,-4.261,-4.261332753560176,,64.757,7.461,10.56,42.82,32.0190119385,46.4883451055,略增,48.63,-23.042642432715844,8.621114948199304,,8.47019,9898441646.16,
301630,同宇新材,电子化学品Ⅱ,,56.96,51.90597694857143,65.7948717948718,59.742,50.0,199.26,1.632,,,53.478,6.418,6.91,79.57,32.4897890087,23.483367728,,,,,,5.36455,4180415022.0,
600867,通化东宝,生物制品,,56.93,60.175,81.11017661900758,34.392,50.0,7.68,-0.647,,,12.387,2.201,4.07,37.32,11.1269402146,71.6238195367,,,,,,0.54783,15041608926.72,
300012,华测检测,专业服务,,56.91,42.85,57.59103641456582,38.616,100.0,13.61,-1.234,-4.356992269852434,,22.403,2.83,7.14,20.63,15.8598162158,45.9505648688,略增,21.06,-10.519395134779764,-9.748010610079582,,1.94951,19488784216.18,
688231,隆达股份,金属新材料,,56.9,16.043074524642858,39.0,89.33333333333333,100.0,32.3,-2.121,-26.25570776255708,,104.194,3.62,3.82,102.29,62.2561661752,19.0903043345,预增,110.0,-26.25570776255708,-0.920245398773023,,0.99432,10322411034.7,
688796,百奥赛图,医疗服务,,56.83,76.225,2.068965517241377,73.76133333333334,75.0,121.7,-4.331,7.718180208886527,,283.023,22.459,10.49,402.29,51.6013388674,78.8793776644,预增,51.605,-17.975331940419224,3.9815447710184415,,6.19851,4698532506.6,
603806,福斯特,光伏设备,,56.8,15.332874088928572,48.69565217391305,80.09333333333333,100.0,13.76,0.438,-8.449767132401863,,45.867,2.204,5.04,69.89,-12.1979499046,13.8260237245,预增,75.35,-18.04645622394282,-9.947643979057585,,0.49474,35896340859.520004,
300221,银禧科技,塑料,,56.77,23.42352878907143,45.22522522522522,73.73333333333333,100.0,13.01,1.403,-16.92209450830141,,53.872,4.059,6.16,95.45,18.5088274429,21.2329403047,预增,51.5,-25.572082379862703,-6.402877697841736,,2.9822,6010851109.64,
688531,日联科技,专用设备,,56.77,32.78836371142857,25.676767676767675,82.056,100.0,129.8,2.528,-26.375496313102666,,121.308,6.267,3.72,54.63,55.3899509991,42.883709196,预增,82.71,-33.299075025693725,-5.255474452554731,,2.54042,14898291744.599998,
603327,福蓉科技,消费电子,,56.73,8.607607845142857,53.68421052631579,82.904,100.0,8.0,-0.374,-5.213270142180093,,67.397,3.467,2.81,64.39,23.533055794,12.2156509832,预增,85.89,-30.434782608695656,-17.864476386036966,,0.90769,8363674880.0,
603826,坤彩科技,非金属材料Ⅱ,,56.64,48.3,15.666666666666668,72.932,100.0,15.53,0.779,-16.951871657754015,,-110.534,6.71,9.32,255.43,48.027992317,2.3845363759,预增,48.495,-30.261798913287528,-4.489544895448971,,1.44888,13227832800.0,
300700,岱勒新材,通用设备,,56.64,38.2129947745,14.454545454545457,86.24133333333333,100.0,17.13,1.783,-20.325581395348845,,-35.175,8.754,1.03,111.82,37.3168428511,24.8931926843,扭亏,109.655,-25.715524718126627,-16.15271659324523,,1.56809,6088158859.41,
600719,大连热电,电力,,56.63,49.277247163928564,10.379310344827585,97.0,75.0,8.18,4.337,5.4123711340206215,,-34.957,9.212,15.11,223.2145896832,0.1745434464,26.1031460295,扭亏,214.635,-17.290192113245705,14.245810055865917,,11.54548,3309624728.0,
600191,华资实业,农产品加工,,56.59,5.300000000000001,40.0,100.0,100.0,8.74,-1.354,-3.850385038503845,,71.816,2.471,2.12,722.6,58.0002171197,4.0402459364,预增,718.945,-24.84952708512468,-19.07407407407408,,1.12243,4238305680.000001,
688689,银河微电,半导体,,56.58,43.90098669335714,75.26315789473685,58.367999999999995,50.0,39.77,1.144,,,63.127,4.207,3.42,77.28,28.2752010183,24.4913813707,,,,,,3.18571,5762992551.95,
600801,华新建材,水泥,,56.55,52.942934576142854,48.0,74.66666666666666,50.0,23.8,-0.21,32.59052924791088,,17.372,1.49,5.22,55.22,21.5027309629,30.8501084066,预增,55.0,-5.179282868525903,1.9271948608136968,,0.57062,31932404046.2,
600329,达仁堂,中药Ⅱ,,56.53,67.00378105808082,62.7,3.0,100.0,34.6,-1.649,-8.344370860927153,,12.491,4.485,9.06,-66.55,-7.3920775705,77.7065995047,预减,-67.0,-12.160446813912165,-3.995560488346273,,0.27461,19621291717.6,净利大幅下滑
603085,天成自控,汽车零部件,,56.45,16.725936496642856,31.666666666666664,94.068,100.0,9.75,0.619,-11.524500907441016,,44.318,3.885,5.25,117.44,32.4254670038,15.0413110953,预增,127.755,-13.17898486197685,-5.155642023346296,,1.02398,3871725000.0,
600596,新安股份,农化制品,,56.4,7.3855946317142855,36.72727272727273,100.0,100.0,10.46,0.192,-22.918201915991155,,96.14,1.123,2.02,268.03,6.260098681,13.2698324844,预增,261.935,-41.235955056179776,-5.424954792043401,,1.55214,14116785132.54,
600736,苏州高新,房地产开发,,56.39,19.460032357285716,22.222222222222225,100.0,100.0,6.53,2.673,-1.389308366052544,,153.647,0.956,7.27,247.58,-15.238869105,11.7990453002,预增,241.75,-10.69474835886215,-5.22496371552974,,1.32198,7517942682.71,
600685,中船防务,航海装备Ⅱ,,56.37,36.55,53.714285714285715,75.888,65.0,28.45,0.601,5.2728954671600325,,39.885,2.118,4.62,58.94,9.3103755614,8.6213150982,预增,59.58,-6.136588584625535,9.381007304882738,,1.20739,23369830899.45,
600189,泉阳泉,饮料乳品,,56.31,52.14896972378571,10.666666666666668,100.0,65.0,9.01,10.012,18.86543535620053,,450.5,5.094,3.11,65.03,13.5444394298,37.1235576133,预增,249.0,-0.9890109890109856,14.777070063694264,,2.81755,6443932286.12,当日已大涨
300016,北陆药业,化学制药,,56.3,58.5,55.00000000000001,60.0,50.0,9.38,-1.159,,,52.111,2.187,3.4,166.13,15.2551009323,46.5190401181,,,,,,5.6231,5273383593.940001,
603990,麦迪科技,软件开发,,56.26,26.974999999999998,31.265306122448976,81.416,100.0,18.94,-0.263,-17.652173913043466,,145.692,6.87,0.79,-76.58,-8.9045895807,62.2028670666,预增,80.31,-23.41285887585928,-14.646237043713384,,2.3889,5781348463.139999,净利大幅下滑
600522,中天科技,通信设备,,56.18,19.58672168278571,86.55367231638418,74.66666666666666,50.0,31.33,0.032,-34.41490475193637,,36.558,2.781,6.24,52.29,31.0988765742,15.5814103559,预增,55.0,-53.81780660377359,-10.943718021603187,,3.29411,106927712597.16,
601121,宝地矿业,冶钢原料,,56.14,32.95488300107142,25.0,100.0,75.0,6.91,0.876,18.13985296631904,,38.389,1.526,4.67,207.44,23.143141637,39.7918362015,预增,199.555,-9.779344561953252,-6.355874779780447,,0.90091,5745243047.76,
600655,豫园股份,一般零售,,56.12,7.050012763428572,44.862068965517246,91.15066666666667,100.0,4.54,1.794,4.849884526558901,,-3.589,0.591,0.54,157.17,-10.9644585905,17.9800178688,扭亏,128.065,-4.421052631578948,0.0,,0.27708,17659902079.42,疑似价值陷阱
300201,海伦哲,工程机械,,55.97,31.417495650142857,20.0,86.16133333333333,100.0,12.91,1.894,-26.73098751418842,,41.286,6.898,6.7,52.41,46.671955943,30.5344939102,预增,98.105,-38.72804935927859,-8.309659090909093,,1.7163,12957991182.15,
300750,宁德时代,电池,,55.97,65.78258713221429,67.74328358208955,37.188,50.0,286.8,-1.777,,,17.77,3.498,12.08,41.98,54.8003691485,24.8156219851,,,,,,0.70121,1221944979404.4,
603367,辰欣药业,化学制药,,55.96,60.45,90.06493506493507,21.24,50.0,14.22,-0.14,,,15.29,1.009,4.18,15.4,-2.6791075511,57.9748410059,,,,,,1.14711,6438163714.38,
605299,舒华体育,文娱用品,,55.89,39.125782173507694,0.0,96.592,100.0,12.3,0.0,-6.249999999999989,,55.909,4.116,3.61,130.05,28.3675938734,31.4679857404,预增,137.22,-14.046121593291405,-5.384615384615376,,1.45734,5014209488.400001,
601958,金钼股份,小金属,,55.8,42.20015192642857,66.66666666666667,25.910722312085998,100.0,19.3,0.889,-17.024935511607907,,19.694,3.013,8.79,25.95,13.7856977567,38.315212697,,,-33.79073756432246,-14.677276746242264,25.910722312086,0.4163,62273464920.0,
600273,嘉化能源,化学制品,,55.79,31.00998792542857,96.93675889328064,9.0,100.0,6.13,-0.325,-9.58702064896756,,8.284,0.807,2.15,-62.3,0.5962423038,10.8889830956,略减,-42.375,-12.428571428571434,-9.185185185185183,,0.46845,8038324917.86,疑似价值陷阱；净利大幅下滑
600549,厦门钨业,小金属,,55.71,38.23484866335715,42.66666666666667,94.29866666666666,50.0,43.75,0.575,-37.8727634194831,,30.077,3.716,12.15,127.04,81.6985110158,21.0037881287,预增,128.62,-48.79447565543072,-18.22429906542056,,1.59048,67984524125.0,
600727,鲁北化工,化学原料,,55.68,14.208917577571428,61.30434782608696,92.376,65.0,7.43,-0.402,5.991440798858783,,106.143,1.173,5.24,119.46,17.5506209926,11.5524846086,预增,121.41,-7.471980074719797,-4.865556978233032,,1.04335,3927372693.05,
300445,康斯特,通用设备,,55.65,64.25,70.37164093767868,35.147999999999996,50.0,18.75,0.644,,,38.265,2.992,5.7,38.58,18.7948802775,63.5244265724,,,,,,1.16382,2616646331.25,
600063,皖维高新,化学纤维,,55.62,38.2433474205,57.14285714285714,39.425333333333334,100.0,5.35,0.0,-23.68045649072753,,25.476,1.291,3.69,22.43,4.3158343545,15.6256863887,略增,24.095,-35.38647342995169,-9.013605442176877,,0.87326,11069719502.15,
300724,捷佳伟创,光伏设备,,55.61,41.8432300741451,89.2094861660079,3.0,100.0,53.93,0.335,-20.67951169289601,,7.172,1.413,2.77,-79.53,-67.4305820216,34.5858864299,预减,-80.65,-28.20820021299255,-4.362475616244021,,1.63529,15659664832.07,净利大幅下滑
600262,北方股份,专用设备,,55.6,49.36981313328571,88.8080808080808,34.367999999999995,50.0,14.53,-0.343,,,11.441,1.851,7.35,37.28,3.1597902623,18.3927383866,,,,,,1.00489,3458140000.0,
688218,江苏北人,自动化设备,,55.59,16.358091745785714,25.727272727272734,97.0,100.0,38.05,-0.808,-22.520871512930164,,-55.145,5.027,1.83,166.7053832026,21.045680823,26.4963284441,扭亏,166.71,-30.767831149927225,-9.834123222748826,,1.54911,4431886610.9,
600433,冠豪高新,造纸,,55.56,12.250000000000002,30.538461538461544,97.0,100.0,3.24,1.567,-2.114803625377637,,-19.059,1.276,4.9,467.2522824773,6.9372494851,6.4336453918,扭亏,153.82,-6.6282420749279485,-4.70588235294117,,1.12626,5670904714.92,
300446,航天智造,汽车零部件,,55.52,39.06209019928571,86.19047619047619,9.0,100.0,12.38,0.0,-27.262044653348998,,11.879,1.778,4.03,-37.95,-6.357140886,15.581926279,略减,-37.5,-30.683090705487118,-6.847253574115864,,0.41276,10353554407.66,
601877,正泰电器,电网设备,,55.51,49.75094914214285,97.0089552238806,25.338000000000005,50.0,24.43,-0.082,,,11.633,1.141,6.85,22.23,28.4618259054,20.676328799,,,,,,0.36762,52499312083.67999,
601360,三六零,软件开发,,55.5,26.85,40.78911564625851,97.0,65.0,9.12,1.899,7.2941176470588065,,228.0,2.26,0.74,176.5442789106,9.0140371065,70.7010962212,扭亏,178.015,-7.0336391437308965,-0.5452562704471142,,1.83911,63835967856.48,
603680,今创集团,轨交设备Ⅱ,,55.47,38.80142776871296,74.66666666666666,20.636631485963,100.0,10.01,1.111,-3.9347408829174646,,13.527,1.308,7.34,17.84,-10.1637835267,34.1215263968,,,-7.826887661141802,-3.842459173871282,20.636631485963,0.39549,7845024857.67,
600790,轻纺城,一般零售,,55.43,29.39396937014286,40.72413793103449,93.70533333333333,65.0,3.65,-1.351,9.609609609609617,,-365.0,0.949,6.67,127.56,-11.188294479,27.8065571182,预增,126.395,-2.144772117962468,7.352941176470584,,3.78175,5350136887.2,
600075,新疆天业,化学原料,,55.37,0.9927984981428571,43.28571428571429,97.0,100.0,4.52,-0.221,2.262443438914019,,-150.667,0.865,0.2402,359.17,-3.5724428177,10.5492178974,扭亏,344.9,-12.233009708737876,-6.804123711340204,,0.70114,7719243990.360001,疑似价值陷阱
601162,天风证券,证券Ⅱ,,55.31,21.875,15.000000000000002,100.0,100.0,3.56,2.006,-1.92837465564738,,178.0,1.31,0.75,549.03,29.9432079513,,预增,806.25,-9.183673469387754,-7.532467532467535,,1.27509,30608774887.44,
603116,红蜻蜓,服装家纺,,55.3,44.94290921479365,34.88235294117647,92.372,50.0,7.82,7.713,29.68490878938641,,-31.28,1.873,0.36,138.9677575273,-0.137689964,39.7445435071,扭亏,132.645,0.0,19.938650306748485,,4.03313,4505890256.0,当日已大涨
600390,五矿资本,多元金融,,55.29,6.35,47.14285714285714,86.4,100.0,4.79,0.209,0.0,,95.8,0.505,2.54,104.61,-3.0,6.0805980307,预增,99.0,-6.990291262135928,-4.771371769383704,,0.45432,21545733548.61,疑似价值陷阱
688409,富创精密,半导体,,55.25,19.556185478928573,17.536585365853657,100.0,100.0,178.78,1.12,-27.61357194914568,,-5959.333,11.818,2.95,992.9,34.4480920835,27.0536596705,预增,999.675,-41.62285714285714,-12.632556321165024,,1.3608,54744361639.38,
605499,东鹏饮料,饮料乳品,,55.18,73.68672762149461,67.87878787878788,24.432,50.0,110.19,-0.837,,,12.978,4.154,19.03,20.72,15.8933393179,46.889690821,,,,,,0.23587,74490302211.0,
300398,飞凯材料,电子化学品Ⅱ,,54.98,59.346654393499996,82.76923076923077,25.920000000000005,50.0,34.94,-1.854,,,49.211,3.805,5.27,23.2,17.7854744282,39.6403161509,,,,,,4.67206,19818502477.18,
600111,北方稀土,小金属,,54.8,22.352701310714284,18.66666666666667,93.696,100.0,35.41,-0.45,-25.15324455717608,,56.865,4.876,8.02,120.46,36.747397269,13.223781835,预增,126.36,-29.10910910910912,-12.826193993106848,,0.55423,128009481465.22,
301153,中科江南,软件开发,,54.8,50.0,65.74149659863946,53.459999999999994,50.0,17.25,1.95,,,59.483,3.386,-0.81,69.1,11.2576706618,46.1164268405,,,,,,0.69903,5722728003.0,
603000,人民网,数字媒体,,54.79,41.80930565521429,20.0,97.0,65.0,16.65,2.085,11.170461374106956,,86.538,4.906,0.57,511.5347678334,1.4240391242,31.5380279173,扭亏,497.225,-5.019965772960655,-3.141361256544517,,1.17794,18409756082.4,
603296,华勤技术,消费电子,,54.73,33.10500585456731,82.98245614035088,36.199999999999996,75.0,75.35,0.681,5.843517347942129,,18.744,3.556,10.52,58.8,11.6510732912,8.5399067919,略增,12.0,-15.222772277227726,-7.659313725490191,,1.16342,60174212442.85,
688019,安集科技,电子化学品Ⅱ,,54.7,66.20512552330624,62.410256410256416,36.936,50.0,214.22,-0.316,,,45.97,10.101,12.56,41.56,33.7207416934,55.4641647079,,,,,,1.75765,48918538641.46,
600706,曲江文旅,旅游及景区,,54.63,29.48223583771429,26.77777777777778,96.34666666666666,75.0,8.06,0.0,15.142857142857146,,-10.468,4.374,1.46,149.0810455094,-26.746492967,11.1651301728,扭亏,147.55,-14.34643995749203,-3.8186157517899777,,2.48218,2047483291.1,
688308,欧科亿,通用设备,,54.61,57.60293359121429,32.3327615780446,97.0,25.0,80.4,0.5,-46.42500166588924,,123.692,4.254,13.18,47734.24,99.9622170872,44.5141070277,扭亏,2058.51,-58.17945383615084,-20.79598069155748,,1.95274,12766049323.2,
603669,灵康药业,化学制药,,54.58,21.8364823065,16.72727272727273,95.37599999999999,100.0,6.01,1.864,0.670016750418756,,-22.259,7.37,3.35,159.08,50.0271209486,28.8460752291,扭亏,143.91,-25.893958076448836,12.546816479400746,,3.03841,4281110301.65,
688508,芯朋微,半导体,,54.52,32.26505003385714,82.88831835686779,56.477999999999994,50.0,78.65,0.191,,,54.241,3.598,5.59,74.13,4.5737666335,35.6060700474,,,,,,3.36569,10414860212.9,
688410,山外山,医疗器械,,54.43,37.925,77.32212885154061,54.87599999999999,50.0,9.31,-2.411,,,20.288,2.3,5.17,71.46,29.8025967023,55.107666074,,,,,,1.93546,4165674499.7,
688396,华润微,半导体,,54.43,43.824448863214286,65.1219512195122,60.0,50.0,56.89,1.03,,,114.26,3.219,3.1055,113.23,17.4446353697,25.4849784085,,,,,,0.71391,75561905585.2,
600738,丽尚国潮,一般零售,,54.43,62.025,73.44827586206897,29.837999999999997,50.0,4.23,0.475,,,19.227,1.51,4.81,29.73,0.3927197417,69.0400801357,,,,,,1.06812,3217618009.08,
603979,金诚信,工业金属,,54.37,77.796672163,44.946236559139784,39.18,50.0,72.35,1.744,,,19.293,3.698,13.67,45.3,20.9742942777,36.0703410282,,,,,,0.52091,45131393163.0,
301607,富特科技,汽车零部件,,54.33,56.790357491,49.19047619047619,60.0,50.0,42.65,0.708,,,21.985,5.269,10.64,135.76,65.8079973551,17.2665004874,,,,,,3.85179,6473898006.7,
600132,重庆啤酒,非白酒,,54.3,100.0,50.0,7.212000000000001,50.0,37.26,-0.904,,,14.669,11.384,47.54,-7.98,-2.9790087323,49.6585418222,,,,,,0.37242,18032766837.48,
600717,天津港,航运港口,,54.3,50.96753074178307,83.33333333333333,32.724,50.0,4.23,0.475,,,12.441,0.599,3.33,34.54,-13.1848648268,38.9400043147,,,,,,0.43969,12241624390.740002,
688005,容百科技,电池,,54.26,3.4749999999999996,35.865671641791046,97.0,100.0,23.07,2.807,-15.121412803532008,,-85.444,2.121,1.39,259.9516815206,39.571756311,9.4326140574,扭亏,260.83,-32.06713780918729,-10.233463035019453,,1.47875,16486254608.64,
688819,天能股份,电池,,54.24,6.306901492571429,94.61492537313433,34.79333333333334,100.0,20.7,2.172,-9.130816505706765,,12.622,1.195,1.65,-67.62,6.7320802404,13.0546620896,略增,6.725,-11.689419795221855,-3.9888682745825577,,0.18094,20122470000.0,净利大幅下滑
300373,扬杰科技,半导体,,54.22,42.67383790131266,83.06803594351733,42.59066666666667,50.0,86.0,1.165,-34.57090687766281,,36.91,4.663,7.77,28.18,30.6882430118,36.8127358837,略增,35.965,-45.30305921261846,-7.745119073160267,,1.18141,46624328960.0,
300866,安克创新,消费电子,,54.21,61.80365238985714,63.1578947368421,39.516,50.0,124.63,2.915,,,26.12,6.34,15.11,45.86,29.053508159,43.6401133458,,,,,,1.20653,38717905636.41,
600259,中稀有色,小金属,,54.19,27.3,3.9999999999999996,100.0,100.0,74.2,0.23,-22.651933701657452,,195.263,6.488,10.92,456.51,-6.3842704298,7.2246234781,预增,451.73,-30.51783874894653,-11.360649862620942,,1.31704,24963544522.0,
688256,寒武纪,半导体,,54.14,84.68174236964121,14.942233632862642,60.0,50.0,1046.0,2.549,,,212.17,48.525,18.05,122.61,108.1331369113,54.3303762465,,,,,,1.12513,657781292368.0,
601966,玲珑轮胎,汽车零部件,,54.07,31.149387084857143,95.9047619047619,3.0,100.0,10.36,0.29,-5.732484076433131,,11.021,0.673,0.44,-88.13,7.8005854383,17.0691419188,预减,-87.0,-12.426035502958587,-7.251566696508505,,0.29035,15161887795.88,疑似价值陷阱；净利大幅下滑
603256,宏和科技,玻璃玻纤,,54.05,63.48607460520833,0.0,100.0,50.0,139.05,-1.067,-36.60237997537956,,604.565,42.648,15.28,334.32,90.3889432493,55.6545708577,预增,322.0,-53.18181818181817,-5.760759064723819,,1.36115,125782745177.25,
688221,前沿生物,化学制药,,54.05,82.12920432568308,17.63636363636364,60.0,50.0,16.42,0.674,,,-22.806,5.949,15.59,252.9795924215,434.2720173848,94.0062566749,,,,,,2.42705,6150581482.26,
300358,楚天科技,医疗器械,,54.04,26.13082843007143,84.79551820728292,60.0,50.0,9.5,-1.35,,,22.274,1.218,2.58,1280.71,8.5317307335,37.5531598021,,,,,,4.35505,6696205739.0,
603259,药明康德,医疗服务,,54.02,70.69562100784417,61.597981497056345,29.658,50.0,160.66,-0.705,,,23.979,5.851,13.19,29.43,38.9349828598,50.4025925161,,,,,,1.22582,397357204322.36,
300394,天孚通信,通信设备,,53.99,75.95402339993682,30.01129943502825,42.81066666666667,65.0,255.99,4.571,8.241014799154334,,98.617,44.689,19.6,33.92,15.1492291388,56.6039337232,略增,36.79,-25.03294579318828,-2.4799999999999933,,2.67797,278616456663.51,
601700,风范股份,电网设备,,53.94,38.234402636999995,29.895522388059703,100.0,50.0,6.04,-1.146,34.821428571428555,,-17.817,3.113,4.19,922.93,43.1992400551,13.8631636918,预增,882.31,-28.09523809523809,-24.68827930174563,,2.60925,6878094092.0,
600285,羚锐制药,中药Ⅱ,,53.92,81.79403901264368,62.9,14.615999999999998,50.0,18.69,0.268,,,13.948,3.28,13.96,4.36,2.3233332722,78.1877902651,,,,,,0.44726,10587707183.34,
600007,中国国贸,房地产开发,,53.89,66.325,55.77777777777777,0.172367443111,100.0,20.35,2.107,2.7258960121151032,,17.101,2.203,6.53,0.17,-3.8991234578,59.3879129838,,,0.0,7.728957120169411,0.172367443111,0.23049,20498199566.9,
603699,纽威股份,通用设备,,53.87,75.594790239097,63.65351629502574,21.12,50.0,43.6,1.869,,,20.762,7.369,15.86,15.2,14.470845419,39.1646320276,,,,,,0.48336,33204428543.2,
603486,科沃斯,小家电,,53.85,61.87279571537558,72.72727272727273,28.439999999999998,50.0,49.22,-2.341,,,15.877,2.833,12.91,27.4,19.1843934239,49.5896347391,,,,,,0.61889,28282342788.48,
601388,怡球资源,工业金属,,53.77,11.924999999999999,40.788530465949826,100.0,75.0,3.17,1.929,8.934707903780058,,41.062,1.481,4.77,667.13,12.6161437349,8.6508122595,预增,556.5,-13.15068493150685,-9.42857142857143,,0.87856,6977875692.72,
600550,保变电气,电网设备,,53.71,38.376033089857145,8.4,80.392,100.0,10.08,-0.198,-11.423550087873467,,94.206,18.926,14.71,77.34,28.4281331355,12.2414463258,预增,76.47,-20.19002375296912,-8.363636363636362,,0.56435,18562607078.4,
600746,江苏索普,化学原料,,53.69,11.425,58.19875776397516,94.84933333333333,60.0,6.76,-0.734,24.26470588235292,,88.136,1.405,4.57,148.73,8.6099057475,7.4058172881,预增,130.685,-9.261744966442953,-6.629834254143652,,0.54727,7894617895.84,
300551,古鳌科技,计算机设备,,53.66,78.99719610928571,19.833333333333336,60.0,50.0,11.91,2.85,,,-15.468,6.314,64.54,379.2,-47.2254215461,15.596074553,,,,,,1.96472,3898442989.08,
688400,凌云光,专用设备,,53.59,49.8494428855,38.54545454545455,76.0,50.0,42.51,2.681,-31.00817969358608,,121.457,2.577,10.69,583.26,6.0853741819,42.3742200397,预增,60.0,-40.40041499593416,-12.29626573138024,,1.54581,20224117408.95,
603316,诚邦股份,半导体,,53.57,10.565474320857144,24.609756097560982,97.0,100.0,15.84,-0.377,-25.31824611032533,,-34.998,7.754,4.15,314.61,65.1564335356,10.2666640492,扭亏,245.99,-34.164588528678294,12.5,,6.92276,4185941760.0,
600023,浙能电力,电力,,53.57,29.925,95.37525354969574,3.0,100.0,5.18,-0.193,0.974658869395717,,9.25,0.943,1.97,-57.21,-8.1560394852,5.4499208798,预减,-58.03,-1.333333333333342,6.147540983606548,,0.30034,69457235639.81999,疑似价值陷阱；净利大幅下滑
603369,今世缘,白酒Ⅱ,,53.55,79.57499999999999,70.66666666666667,8.04,50.0,27.13,1.839,,,12.991,1.973,11.83,-6.6,-7.4144479085,74.400313498,,,,,,0.63346,33825685003.81,
603738,泰晶科技,元件,,53.51,39.32083688542857,26.86991869918699,100.0,50.0,33.83,-0.558,-34.61538461538463,,241.643,7.088,2.8,129.93,18.9069007767,20.2491716396,预增,218.93,-48.78897971541024,-14.115257679614125,,5.12626,13054573854.36,
603711,香飘飘,饮料乳品,,53.49,22.805863017428575,59.27272727272728,47.318666666666665,100.0,11.65,-0.597,-1.187446988973695,,50.652,1.387,0.31,111.1505955922,23.3140734099,40.8432082244,减亏,98.695,-6.650641025641024,-1.4382402707275754,,0.72893,4809983265.0,
601330,绿色动力,环境治理,,53.39,63.650000000000006,71.3015873015873,25.895999999999997,50.0,8.26,1.102,,,18.773,1.435,5.46,23.16,11.4486144183,48.2702454642,,,,,,0.97292,8169927599.26,
300908,仲景食品,调味发酵品Ⅱ,,53.39,55.76497501597605,90.00000000000001,16.650000000000002,50.0,16.88,-2.258,,,12.885,2.03,5.93,7.75,8.0091921249,44.463748316,,,,,,1.19301,3010365020.8,
300127,银河磁体,金属新材料,,53.38,63.366227302714286,61.9,35.586,50.0,23.15,0.696,,,42.091,4.978,7.46,39.31,39.4138672956,37.6027182238,,,,,,0.79161,5385271643.750001,
603124,江南新材,金属新材料,,53.35,20.849999999999998,31.4,76.988,100.0,120.2,1.315,-25.387957790192427,,75.125,9.018,8.34,51.73,40.8483017675,4.3430826923,预增,63.705,-36.26723223753976,-4.184934236747706,,6.55978,9328578962.0,
600398,海澜之家,服装家纺,,53.34,70.22500000000001,80.58823529411765,8.484,50.0,5.62,-0.355,,,12.489,1.514,8.09,-5.86,7.3811035049,45.3233870129,,,,,,0.3648,26991569063.52,
603516,淳中科技,计算机设备,,53.32,37.058647956071425,31.82795698924731,97.0,50.0,77.59,-1.285,-32.996545768566484,,56.225,8.698,7.44,428.7371494364,-8.7791170417,35.8421071385,扭亏,424.845,-43.315312682641725,-18.75392670157068,,1.56566,15771585767.61,
688416,恒烁股份,半导体,,53.27,67.6417142537856,31.92682926829269,60.0,50.0,75.63,3.263,,,-62.504,5.698,10.36,297.2781340181,203.2065471271,41.7647811682,,,,,,3.78285,8159016887.22,
603042,华脉科技,通信设备,,53.26,43.54608211642857,32.728813559322035,96.79733333333334,39.085159999999995,16.55,-1.839,29.19594067135052,,-42.23,4.054,2.19,185.0595994219,5.0382693561,28.299514963,扭亏,149.24,-13.03205465055176,16.058906030855557,,25.45742,3455090407.6,换手过热
600061,国投资本,多元金融,,53.25,60.0,71.42857142857143,29.574,50.0,6.15,0.985,,,12.3,0.731,4.0,29.29,31.42,67.839446212,,,,,,0.37849,39323701303.95,
600763,通策医疗,医疗服务,,53.24,63.48797285310053,65.14718250630781,31.619999999999997,50.0,33.0,-0.782,,,29.464,3.546,9.53,32.7,4.1020472759,43.8740181336,,,,,,0.96174,14667046449.0,
600866,星湖科技,化学制品,,53.24,27.175,97.35177865612647,3.0,100.0,4.09,0.245,-6.6210045662100425,,6.942,0.888,0.87,-91.54,0.360537521,7.6523074288,预减,-91.335,-13.163481953290868,-6.6210045662100425,,0.68646,6795422999.44,疑似价值陷阱；净利大幅下滑
688690,纳微科技,化学制药,,53.23,42.025,14.480519480519483,96.0,65.0,45.28,-1.906,10.277642474427662,,133.412,8.788,6.81,116.11,37.2820967957,74.1949425234,预增,135.0,-7.986181670392201,23.986856516976985,,2.47115,18284732559.2,
300219,鸿利智汇,光学光电子,,53.15,31.497415808285712,74.81481481481482,60.0,50.0,6.71,0.449,,,47.929,1.85,1.59,166.84,11.9760116424,13.5313821316,,,,,,1.98084,4741614058.61,
600505,西昌电力,电力,,53.11,31.840662081000005,7.383367139959433,86.832,100.0,10.29,-0.771,-5.726065048098949,,314.679,3.052,0.54,102.69,-5.332559729,17.6869269134,预增,100.62,-16.814874696847216,-2.464454976303332,,1.64132,3751399575.0,
300964,本川智能,元件,,53.11,17.03911098835714,28.943089430894307,83.04,100.0,74.31,3.381,-6.762860727728981,,180.935,7.532,4.17,98.99,60.9961811509,19.2597553837,预增,86.4,-13.76349077405129,22.48228119334104,,6.00292,6420148957.47,
300871,回盛生物,动物保健Ⅱ,,53.09,51.408431871425144,53.33333333333334,57.354000000000006,50.0,20.62,-0.386,,,15.447,1.798,9.06,75.59,5.1970461219,35.5120953442,,,,,,1.18666,4160793441.34,
605208,永茂泰,工业金属,,53.08,8.95,21.57706093189965,100.0,100.0,14.61,2.311,-15.008726003490413,,69.571,2.121,3.58,306.94,13.943891816,5.9575808646,预增,367.95,-24.33972035214914,0.8281573498964745,,1.51196,4820423400.0,
301207,华兰疫苗,生物制品,,53.08,51.625,53.23801513877206,57.138,50.0,19.29,-2.477,,,62.752,2.202,0.65,75.23,-25.9773882271,70.9196568978,,,,,,1.5586,11586306788.52,
300438,鹏辉能源,电池,,53.07,42.27175843057143,24.555223880597016,97.0,50.0,47.63,1.687,-34.15814210671827,,116.171,3.817,14.17,1025.39,155.2717088771,19.5854618028,扭亏,1044.155,-43.65980600898983,-19.462292864389585,,3.98432,19250342655.94,
600095,湘财股份,证券Ⅱ,,53.01,35.558499999999995,9.375,100.0,75.0,8.86,3.991,14.322580645161276,,54.389,1.976,4.2234,273.74,5.07,7.0099002092,预增,281.31,-12.881022615535898,-6.932773109243695,,1.90307,25332403402.98,
600973,宝胜股份,电网设备,,53.0,9.075,37.65671641791045,83.44266666666667,100.0,5.71,0.175,-9.651898734177225,,-190.333,2.185,3.63,97.68,36.2554959504,3.5680272486,预增,87.91,-22.83783783783784,-9.79462875197472,,0.53071,7830501276.08,
688381,帝奥微,半导体,,52.97,59.504277627071424,40.463414634146346,60.0,50.0,42.26,1.465,,,-150.929,3.933,5.31,3391.3913348359,-25.242137837,39.7209886779,,,,,,3.54337,10459350000.0,
688336,三生国健,生物制品,,52.93,35.875,68.66274179983179,60.0,50.0,40.68,3.776,,,8.655,4.287,4.35,95.1,34.841920745,80.7086871629,,,,,,0.93073,36458450451.72,
600490,鹏欣资源,工业金属,,52.88,44.174035108785716,19.928315412186382,78.57333333333334,75.0,6.7,2.919,9.298531810766718,,65.751,2.331,3.53,58.81,59.5593967589,24.4886491523,预增,69.65,-17.791411042944784,-13.436692506459949,,1.54156,13350563286.2,
601033,永兴股份,环境治理,,52.84,58.082620448214286,81.71428571428572,19.944,50.0,14.1,-0.142,,,14.688,1.178,4.76,13.24,9.1013305162,39.6556686275,,,,,,0.89519,3384000000.0,
301267,华厦眼科,医疗服务,,52.84,63.525,80.9924306139613,14.13,50.0,14.99,0.402,,,28.283,2.323,5.41,3.55,2.1653001795,46.1319710527,,,,,,0.52537,9720181301.17,
300953,震裕科技,电池,,52.82,26.702581668714288,50.37014925373134,88.84933333333333,50.0,93.0,-0.8,-34.60835325551962,,30.592,4.658,9.02,100.3,58.0137189346,15.8136143362,预增,108.185,-37.95863909272848,0.31280336533277,,2.72494,16426919498.999998,
603100,川仪股份,通用设备,,52.8,31.21982370085714,93.71640937678674,0.0,100.0,18.29,-0.867,1.3858093126385862,,14.516,1.934,5.91,-12.6,4.17851494,33.0227531812,,,-3.989501312335964,-3.17628374801483,-12.938619869866,0.3662,9356051346.14,
688216,气派科技,半导体,,52.75,29.708381281642858,29.243902439024396,86.088,75.0,40.75,5.817,8.14755838641188,,-57.394,6.167,1.72,120.3178572698,58.9129143729,10.5717337943,扭亏,109.08,-20.565302144249507,28.83338602592476,,8.33823,4329350130.75,
301150,中一科技,电池,,52.74,11.325000000000001,20.35820895522388,97.0,100.0,44.02,5.538,-19.59817351598173,,157.214,3.833,4.53,987.97,47.1518076178,8.9119697217,扭亏,2961.205,-37.00629650829993,8.825710754017301,,12.66298,13374993044.12,
688297,中无人机,航空装备Ⅱ,,52.74,30.153452574428574,17.678571428571427,77.07733333333333,100.0,41.45,-1.497,-2.1944313355356293,,318.846,5.043,0.97,72.87,272.4767912404,13.8198336042,预增,64.04,-7.663176654043213,6.282051282051282,,0.82093,27978750000.0,
301200,大族数控,专用设备,,52.68,40.84072196135714,21.696969696969692,100.0,50.0,230.9,-1.063,-32.6625838436862,,118.41,9.372,9.73,263.45,109.2892528466,33.1220107459,预增,280.045,-40.41905351705631,-17.53571428571429,,0.55365,98187471055.7,
300533,冰川网络,游戏Ⅱ,,52.62,50.0,70.47619047619048,0.0,100.0,13.87,1.612,-12.712397734424174,,6.733,3.569,-1.53,-106.75,-5.2924074652,93.2211938491,首亏,-106.625,-22.513966480446925,-5.710401087695461,,1.18287,3203571750.69,净利大幅下滑
600936,北投科技,IT服务Ⅱ,,52.55,19.23385167457143,19.864197530864196,87.248,100.0,4.25,-0.468,-7.608695652173902,,-18.478,6.952,5.26,117.4946992213,-30.7787254647,18.5173923444,扭亏,113.43,-31.22977346278317,-17.953667953667953,,1.22334,7101861515.75,
603099,长白山,旅游及景区,,52.52,35.01405599057143,26.944444444444443,89.11733333333332,65.0,39.78,-2.02,11.07078039927405,,82.875,7.22,0.08,161.84,17.744162661,23.7396783868,扭亏,120.44,-5.912961210974455,-0.0753579502637546,161.838833910203,3.37573,10834316110.8,
600938,中国海油,油气开采Ⅱ,,52.5,75.52499999999999,53.33333333333334,26.039999999999996,50.0,33.36,-0.418,,,12.981,1.852,10.21,23.4,16.8837424377,51.173769588,,,,,,0.95674,99746400000.0,
603379,三美股份,化学制品,,52.44,74.06485596556226,64.32806324110672,16.566,50.0,49.04,-1.328,,,14.424,3.529,12.56,7.61,20.7268901255,53.4236182533,,,,,,1.03566,29937891974.48,
600969,郴电国际,电力,,52.43,28.575,48.80324543610548,78.608,60.0,9.5,-1.554,22.107969151670947,,46.049,0.967,1.43,100.49,2.5097794514,5.3213022072,预增,69.78,-14.645103324348618,-3.1600407747196746,,1.72706,3515479598.0,疑似价值陷阱
600010,包钢股份,普钢,,52.42,26.35,18.076923076923073,80.0,100.0,2.08,0.971,-5.454545454545457,,250.602,1.795,0.54,84.61,-10.5151522617,6.6013834292,预增,75.0,-11.489361702127663,-7.555555555555548,,0.76226,65141880724.96,
688279,峰岹科技,半导体,,52.41,42.46956678286436,64.08215661103979,54.588,50.0,204.33,-1.065,,,94.597,4.494,3.83,70.98,49.5582766779,51.8192276458,,,,,,1.31177,19116722486.4,
600566,济川药业,中药Ⅱ,,52.37,63.324999999999996,76.55000000000001,16.955999999999996,50.0,24.87,0.852,,,12.886,1.662,5.33,8.26,-15.2944862346,82.1244147009,,,,,,0.39886,22884111076.53,
603938,三孚股份,化学原料,,52.34,16.121963119714287,10.0,100.0,100.0,43.56,-1.135,-28.249052874320533,,207.429,6.376,4.65,209.73,30.1691139897,16.2957483676,预增,206.825,-42.54056193114365,-4.59921156373192,,2.73852,16667123089.320002,
600844,金煤科技,化学原料,,52.33,50.0,10.428571428571429,90.87733333333333,60.0,3.21,-0.619,26.37795275590551,,-19.268,41.207,28.56,128.0380128553,1.0631935262,7.6959840276,扭亏,127.04,-21.89781021897811,-18.112244897959183,,2.36694,2640965335.14,
300821,东岳硅材,化学制品,,52.29,41.03671146219048,19.90909090909091,100.0,50.0,14.45,-1.432,-34.37783832879201,,-722.5,3.247,8.34,916.22,14.4999382776,21.0554552554,预增,955.95,-52.35740191229805,-13.213213213213216,,2.1028,17336976337.5,
603558,健盛集团,纺织制造,,52.24,60.76071363492858,70.0952380952381,25.938,50.0,13.1,0.847,,,11.696,2.005,8.82,23.23,3.4046268071,29.1949990889,,,,,,1.26095,4488558441.9,
600196,复星医药,化学制药,,52.23,58.824999999999996,85.64935064935064,12.689999999999998,50.0,23.39,0.645,,,18.417,1.282,3.53,1.15,4.7530901415,49.7009145284,,,,,,1.37164,49551453616.75,
605016,XD百龙创,化学制品,,52.21,72.76105992068965,55.098814229249,26.436000000000003,50.0,20.73,-1.097,,,23.557,4.141,9.92,24.06,16.9867900171,45.1081131056,,,,,,0.35428,8706855393.6,
603518,锦泓集团,服装家纺,,52.21,39.35237580677084,92.6470588235294,28.956,50.0,7.84,-0.127,,,11.879,0.708,3.83,28.26,-3.3713307871,69.5739863966,,,,,,1.55708,2697540034.56,
605136,丽人丽妆,互联网电商,,52.16,25.521700460500004,41.00000000000001,97.0,50.0,8.98,2.746,22.26004084411166,,-44.9,1.483,0.93,168.7518195499,7.6051788709,42.4753806447,扭亏,175.38,0.0,7.803121248499401,,7.71232,3596117330.0,
300509,新美星,专用设备,,52.15,59.72154986635714,64.16161616161615,32.754,50.0,9.03,1.007,,,21.5,3.742,8.03,34.59,22.0627458061,30.5051698129,,,,,,2.24075,2231344812.69,
301239,普瑞眼科,医疗服务,,52.14,57.761144739785706,39.243902439024396,60.0,50.0,31.73,0.032,,,-77.39,2.229,4.22,500.71,9.7840725486,41.0956026357,,,,,,1.95737,4507057643.04,
300327,中颖电子,半导体,,52.11,50.347420787714285,52.29781771501925,55.74,50.0,25.3,-0.315,,,143.019,4.701,3.93,72.9,10.7591382094,31.7313891028,,,,,,2.36288,8571900008.1,
601918,新集能源,煤炭开采,,52.09,60.83887111292857,64.0,31.362000000000002,50.0,11.36,-0.786,,,13.77,1.619,6.96,32.27,35.8202327897,35.8144195581,,,,,,1.34865,29428554848.000004,
603126,中材节能,环保设备Ⅱ,,52.08,2.2023813297142856,39.3939393939394,86.26399999999998,100.0,6.3,1.286,1.7770597738287377,,280.0,1.891,0.2186,121.8359283613,49.189929146,12.3182338616,扭亏,109.74,-14.28571428571428,0.8000000000000007,,1.04907,3846150000.0,
600826,兰生股份,专业服务,,52.02,34.26131805014286,83.97759103641455,3.0,100.0,7.98,-0.125,-15.911485774499468,,17.733,1.364,0.4,-69.48,-3.1065360947,21.5658452702,预减,-50.0,-17.30569948186529,5.138339920948631,,0.84519,5778984872.64,净利大幅下滑
605228,神通科技,汽车零部件,,52.01,27.259080519793656,53.166666666666664,42.14666666666667,100.0,11.21,0.809,-24.593031077626797,,36.161,2.351,4.33,43.94,0.5443211807,24.2468717616,略增,34.3,-24.593031077626797,5.100318769923118,,0.83419,5348686925.99,
300693,盛弘股份,其他电源设备Ⅱ,,51.99,47.04276917721428,73.05263157894737,38.466,50.0,36.02,0.502,,,23.564,5.016,10.08,44.11,29.1563751683,40.5798768481,,,,,,2.07876,9711842180.06,
688232,新点软件,软件开发,,51.94,50.0,56.6984126984127,11.047639788840002,100.0,17.66,0.972,-1.7250973845297612,,160.545,1.086,-1.18,-1.5872670186,-14.5781351277,57.3799257222,增亏,-1.36,-10.264227642276424,-3.60262008733625,,0.54591,5686201678.5,
603135,中重科技,专用设备,,51.91,38.43533963028571,41.88888888888889,79.612,50.0,8.59,0.35,-40.26425591098749,,-214.75,1.828,1.22,90.82,51.8371960698,24.5394754824,预增,73.545,-41.00274725274725,-7.733619763694954,,0.80681,5407732107.2,
300165,天瑞仪器,通用设备,,51.9,54.625,42.03030303030303,60.0,50.0,5.01,1.623,,,-10.66,2.334,1.85,303.69,-0.5281777828,50.0428244127,,,,,,2.14483,2106749108.04,
603906,龙蟠科技,电池,,51.89,35.88407530014286,27.50746268656717,97.0,50.0,17.31,2.73,-40.28975508796137,,-66.577,2.643,11.56,593.8150342423,98.7485952091,19.7777054202,扭亏,413.4,-43.040473840078974,-10.727178958225904,,2.79612,9745469466.93,
688615,合合信息,软件开发,,51.87,70.675,67.77324263038548,14.886,50.0,84.62,1.451,,,26.117,5.586,8.27,4.81,22.2827166865,87.5827612474,,,,,,2.48316,11618185700.04,
300622,博士眼镜,专业连锁Ⅱ,,51.78,71.85000000000001,40.0,40.92,50.0,14.8,0.407,,,22.769,5.09,8.74,48.2,8.812895064,58.0374304793,,,,,,2.01874,3267791944.4,
301589,诺瓦星云,计算机设备,,51.78,61.26845904470405,73.9247311827957,19.686,50.0,157.19,0.743,,,24.295,3.556,8.37,12.81,15.1345459316,58.5417794888,,,,,,1.63205,5417547062.4,
601555,东吴证券,证券Ⅱ,,51.76,48.825,81.25,27.192,50.0,8.14,0.743,,,11.465,0.936,5.53,25.32,29.8784392402,,,,,,,0.43751,40445241093.18,
688758,赛分科技,化学制药,,51.66,44.925,19.38311688311688,85.33333333333333,60.0,30.03,-3.842,39.2857142857143,,97.849,9.011,7.97,106.19,53.1696185826,76.4810489842,预增,95.0,-11.572438162544165,7.982740021574974,,3.94068,8954455670.16,
688169,石头科技,小家电,,51.66,40.90369059771429,78.18181818181817,39.35999999999999,50.0,114.76,-1.4,,,21.694,2.052,6.86,45.6,27.6013466735,43.2551668368,,,,,,1.14932,29787997973.76,
301606,绿联科技,消费电子,,51.63,51.19839934271428,58.94736842105264,46.14,50.0,50.79,1.479,,,29.908,5.907,12.12,56.9,50.917613686,39.2577590798,,,,,,1.7248,8380288899.63,
603283,赛腾股份,自动化设备,,51.63,36.84323187064285,81.65034965034965,40.67399999999999,50.0,42.94,0.07,,,24.537,4.326,5.12,47.79,11.4347646614,43.6605246189,,,,,,2.32787,15137476874.42,
603587,地素时尚,服装家纺,,51.5,64.025,63.23529411764706,25.926,50.0,12.22,-1.053,,,21.821,1.581,5.61,23.21,3.6328809598,77.4574516727,,,,,,0.67916,5776428057.14,
603998,方盛制药,中药Ⅱ,,51.49,70.35587662583333,59.45,22.073999999999998,50.0,10.26,-0.965,,,14.657,2.535,11.33,16.79,14.8035748712,75.3296737842,,,,,,1.60209,4504974753.599999,
688136,科兴制药,生物制品,,51.47,43.525000000000006,61.63162321278386,52.025999999999996,50.0,23.57,2.791,,,29.835,2.59,7.41,66.71,-13.3255477288,58.6497893632,,,,,,5.05661,4760786450.0,
300681,英搏尔,汽车零部件,,51.45,39.6910570265,58.19047619047619,60.0,50.0,21.94,3.491,,,30.901,2.149,3.8,216.75,77.0627441095,17.2674798371,,,,,,6.1024,5064123334.5,
603833,欧派家居,家居用品,,51.41,23.732916408214283,94.14285714285714,3.0,100.0,30.26,1.817,-6.9781739932370135,,9.17,1.017,2.33,-56.62,-27.7943219643,35.0710829715,预减,-60.0,-14.5439141485456,-5.467041549515761,,0.62455,18329305283.82,净利大幅下滑
300213,佳讯飞鸿,通信设备,,51.4,49.434043845999994,46.28813559322034,60.0,50.0,6.61,4.589,,,-23.607,1.914,0.24,141.68,3.695605859,43.3676613844,,,,,,3.12734,3652625637.48,
688548,广钢气体,电子化学品Ⅱ,,51.38,49.458893325785716,27.53846153846154,38.636,100.0,31.93,0.917,-29.15464832482805,,145.136,6.816,4.17,117.73,19.6247701711,29.6474506561,略增,21.135,-41.94545454545454,-5.0267697798929145,,1.28643,42128394775.53,
600035,楚天高速,铁路公路,,51.35,55.471184589785715,81.69117647058823,17.154,50.0,3.68,0.822,,,10.824,0.653,4.81,8.59,0.909338156,35.8246584257,,,,,,0.7165,5925226515.679999,
300723,一品红,化学制药,,51.34,75.0,15.363636363636363,60.0,50.0,32.6,0.308,,,-43.595,7.979,30.08,759.11,-15.7725543681,66.0772203836,,,,,,0.68947,13665709599.599998,
688486,龙迅股份,半导体,,51.34,54.418304015517236,79.03722721437741,21.036,50.0,47.04,-0.127,,,36.185,5.781,5.21,15.06,20.8249443142,54.8997311431,,,,,,2.11004,8790004802.88,
300442,润泽科技,通信服务,,51.33,71.175,46.05714285714285,33.858,50.0,65.76,1.091,,,21.92,7.446,8.47,36.43,50.0544593196,46.7988138457,,,,,,1.25897,107598377808.48,
300531,优博讯,计算机设备,,51.31,29.62563780407143,47.39247311827957,42.286666666666676,100.0,15.19,1.946,-3.622866569380112,,59.059,3.272,7.15,114.31,32.9070319767,26.4508929257,略增,34.825,-14.083710407239824,-9.798099762470311,,1.46096,4733330654.22,
600255,鑫科材料,金属新材料,,51.3,7.199999999999999,22.400000000000002,94.15466666666667,100.0,3.38,2.115,3.363914373088672,,169.0,4.064,2.88,115.97,25.546802578,8.3747451029,预增,128.08,-26.20087336244542,0.2967359050445095,,2.4579,6104776707.9,
600582,天地科技,专用设备,,51.29,20.716713781214285,97.2929292929293,3.0,100.0,4.8,0.209,-1.2345679012345734,,8.122,0.791,2.828,-64.68,-11.0053576603,29.1053992937,预减,-64.75,-3.420523138832998,-1.0309278350515427,,0.2091,19865226681.6,疑似价值陷阱；净利大幅下滑
300529,健帆生物,医疗器械,,51.22,74.95465162113095,64.12324929971989,10.806000000000001,50.0,14.93,-0.467,,,21.638,3.57,10.6,-1.99,-8.9863740229,77.2501929391,,,,,,0.50055,7650162979.75,
300259,新天科技,通用设备,,51.14,50.85278173628571,94.52258433390509,9.0,50.0,3.95,-0.504,-32.36301369863013,,17.914,1.518,0.69,-73.13,-9.9266088595,43.7788944308,略减,-22.735,-40.42232277526395,-11.036036036036034,,2.70668,4561605162.5,净利大幅下滑
688258,卓易信息,IT服务Ⅱ,,51.13,65.04408125963718,26.476733143399805,60.0,50.0,84.97,3.37,,,128.742,10.372,11.19,291.66,2.0014058942,57.1795109944,,,,,,2.16544,10293455877.89,
300511,雪榕生物,种植业,,51.12,43.98318366999765,51.69230769230769,60.0,50.0,4.75,0.0,,,95.0,1.862,1.1,117.41,46.242228247,33.6328826724,,,,,,1.99269,2706064136.75,
601857,中国石油,炼化及贸易,,51.07,49.98148299571429,79.12087912087912,25.2,50.0,11.12,-0.626,,,12.93,1.242,6.3,22.0,5.3426812439,22.924076194,,,,,,0.06937,1800573505336.2,
300333,兆日科技,计算机设备,,51.07,69.675,20.666666666666668,60.0,50.0,11.39,0.975,,,-210.926,6.225,7.87,5639.84,-5.6073797984,51.759261976,,,,,,4.02933,3813144963.13,
603223,恒通股份,炼化及贸易,,51.07,31.084000615071428,44.17582417582418,82.796,50.0,9.46,0.106,-34.30555555555556,,22.524,1.617,4.51,85.49,7.6367494052,37.7326008611,预增,85.485,-34.30555555555556,-8.863198458574184,,0.67777,6677077945.78,
300674,宇信科技,IT服务Ⅱ,,51.04,33.26391803407143,88.03418803418803,36.204,50.0,15.98,0.948,,,25.365,2.4,6.59,40.34,-8.7486809396,33.5044852477,,,,,,1.05538,11237480289.1,
688536,思瑞浦,半导体,,51.02,62.025,29.66623876765083,60.0,50.0,337.5,-1.437,,,259.615,7.039,4.81,368.52,69.1856086309,47.6560499258,,,,,,1.78542,45781530412.5,
688072,拓荆科技,半导体,,50.99,67.91005379778572,22.451861360718873,60.0,50.0,656.68,0.441,,,197.795,15.089,18.11,1324.1,49.060715147,41.6890753169,,,,,,1.24513,186620114850.64,
600380,健康元,化学制药,,50.98,60.525000000000006,89.77272727272728,1.5060000000000007,50.0,9.9,1.124,,,13.562,1.19,4.21,-17.49,-16.6558323316,63.1891597853,,,,,,1.95215,18111588521.4,
688188,柏楚电子,计算机设备,,50.97,62.73729032979798,62.82258064516129,25.782,50.0,95.0,2.041,,,24.611,6.077,12.33,22.97,15.8383182914,74.5145787414,,,,,,0.29731,38527947585.0,
603233,大参林,医药商业,,50.94,72.57859456392856,55.00000000000001,21.66,50.0,17.83,0.338,,,16.509,2.692,11.59,16.1,3.4647439278,36.0450323895,,,,,,0.4073,20305776091.6,
603002,宏昌电子,电子化学品Ⅱ,,50.91,2.8249999999999997,22.666666666666668,97.6,100.0,17.56,-0.057,-18.21145784816023,,585.333,5.727,1.13,141.15,64.8305374072,4.8713094221,预增,141.0,-33.053755242089224,0.1140250855188096,,3.49495,19914418618.04,
603682,锦和商管,一般零售,,50.91,44.54525699571429,5.879310344827587,92.32266666666666,65.0,9.36,0.537,15.98513011152416,,-37.44,6.66,3.24,-69.71,-7.4373961768,26.023359794,预增,121.21,-28.875379939209733,-16.50312221231045,,1.79291,4422600000.0,净利大幅下滑
600232,金鹰股份,专用设备,,50.9,10.7273550015,41.717171717171716,97.0,65.0,6.81,-1.447,9.134615384615374,,113.5,2.562,2.047,324.0003829457,19.5430522479,17.8537970021,扭亏,288.31,-3.6775106082036815,2.8700906344410804,,3.44564,2483733284.64,
688630,芯碁微装,专用设备,,50.89,76.15298193985714,12.18181818181818,60.0,50.0,397.17,-0.03,,,179.715,11.08,11.62,98.13,68.951037133,40.9441747158,,,,,,1.70254,52323460173.72,
600600,青岛啤酒,非白酒,,50.88,78.43784941771429,57.14285714285715,12.239999999999998,50.0,49.52,-0.362,,,14.725,2.155,12.02,0.4,-4.0813589465,42.7429891848,,,,,,0.3281,35115916697.36,
600315,上海家化,化妆品,,50.85,63.525,49.142857142857146,38.010000000000005,50.0,17.7,-1.393,,,44.25,1.684,5.41,43.35,8.9867151443,65.8451820582,,,,,,0.88381,11898399846.0,
603209,兴通股份,航运港口,,50.83,54.117317568714284,46.666666666666664,39.69733333333333,65.0,14.49,-2.028,8.458083832335328,,16.466,1.373,6.17,57.11,29.3579038665,29.1692445962,略增,25.115,-3.6569148936170137,1.4705882352941346,,1.34058,4658413240.53,
688220,翱捷科技,半导体,,50.82,43.1105827335,28.268292682926834,43.269333333333336,100.0,93.54,1.42,-15.87372965194711,,-97.438,6.695,1.49,134.3285645446,29.1459093498,30.1398158269,减亏,83.51,-25.57288351368555,-9.166828510390369,,1.25392,39127865157.06,
688636,智明达,军工电子Ⅱ,,50.81,34.475,85.7948717948718,36.071999999999996,50.0,19.8,1.904,,,32.459,2.4,3.79,40.12,0.6914234469,49.456562481,,,,,,2.50265,3443346799.2000003,
601088,中国神华,煤炭开采,,50.79,55.92441829907142,48.0,36.06666666666667,65.0,47.3,-2.253,15.704500978473558,,17.782,2.275,5.83,4.1,7.9322551775,32.8891856187,略增,11.5,-3.0340303403034063,-3.0340303403034063,,0.13467,780026095271.5,
603768,常青股份,汽车零部件,,50.79,7.630305759357142,45.00000000000001,97.0,65.0,11.81,1.81,14.883268482490289,,-13.733,1.277,0.85,190.6621197829,19.544645423,17.7074280631,扭亏,189.4,-0.7563025210084007,-0.3375527426160318,,1.60979,2810258671.17,
603586,金麒麟,汽车零部件,,50.79,32.952736816571424,80.61904761904762,3.0,100.0,14.0,0.358,4.477611940298498,,20.0,1.221,0.76,-83.94,-19.6447372024,18.4738315432,预减,-83.96,-1.199717713479176,1.3758146270818283,,1.10348,2744738920.0,净利大幅下滑
600529,山东药玻,医疗器械,,50.77,48.50098710490213,92.9187675070028,11.957999999999998,50.0,17.97,-1.372,,,17.279,1.395,4.4,-0.07,1.3414969041,32.5629303139,,,,,,0.66385,11925145610.61,
601086,国芳集团,一般零售,,50.74,57.891084722142864,17.47126436781609,100.0,20.0,14.27,-9.968,107.41279069767442,,129.727,5.935,4.34,214.09,10.3457902804,40.857518611,预增,215.705,-21.420704845814985,55.616139585605225,,9.98662,9503820000.0,60日涨幅已高
601865,福莱特,光伏设备,,50.7,28.172464387571427,88.99209486166008,0.0,100.0,9.1,0.0,-8.726178535606833,,21.667,1.007,-1.63,-239.04,-13.8143224023,14.4414501426,首亏,-234.1,-22.5531914893617,-9.272183449651038,,0.3485,17299336818.4,净利大幅下滑
600420,国药现代,化学制药,,50.65,19.402558998000003,96.33116883116884,3.0,100.0,8.21,0.0,-8.165548098433995,,11.693,0.799,1.99,-58.99,-19.2219569941,30.1985825972,预减,-59.97,-10.566448801742911,-2.955082742316784,,0.36702,11011027801.320002,疑似价值陷阱；净利大幅下滑
600351,亚宝药业,中药Ⅱ,,50.61,65.625,70.6,13.097999999999999,50.0,6.7,-1.903,,,14.642,1.644,6.25,1.83,0.486045041,53.2442464843,,,,,,2.51479,4636400308.2,
603559,中通国脉,通信服务,,50.6,3.075,28.200000000000003,90.49066666666667,100.0,8.81,-0.788,-1.8930957683741645,,-21.488,4.497,1.23,122.4514900156,27.4244117786,7.45580746,扭亏,125.59,-19.32234432234432,-16.413662239089177,,1.45072,3535250184.99,
600809,山西汾酒,白酒Ⅱ,,50.6,87.55,57.333333333333336,0.0,50.0,111.5,1.125,,,11.107,3.571,15.02,-24.29,-12.1832127424,75.0468361157,,,,,,0.39479,136026010753.0,
600256,广汇能源,煤炭开采,,50.59,43.42025496064286,30.000000000000004,72.23733333333332,60.0,6.68,-1.765,25.871490484266047,,32.239,1.709,5.15,49.81,-9.5674039644,17.7633569449,预增,45.89,-9.973045822102431,-1.183431952662728,,2.48091,42698579799.52,
600188,XD兖矿能,煤炭开采,,50.58,53.545122976500004,31.999999999999996,46.06666666666667,75.0,19.26,-1.028,5.361050328227579,,22.959,2.515,6.87,47.75,13.0051222512,25.9181721671,略增,49.0,-17.76259607173356,-17.76259607173356,,0.43834,114815639905.2,
600096,云天化,农化制品,,50.57,60.35124686585714,74.18181818181819,15.684000000000001,50.0,27.32,0.589,,,9.66,1.96,11.41,6.14,-8.9190484402,19.5567456122,,,,,,0.4651,49804106770.92,
600109,国金证券,证券Ⅱ,,50.52,44.1,86.25,22.926,50.0,8.08,1.0,,,13.074,0.82,3.64,18.21,27.0313515491,,,,,,,0.32757,29760764296.64,
300705,九典制药,化学制药,,50.51,64.85000000000001,84.22077922077922,0.0,50.0,10.67,-1.02,,,11.115,2.088,5.94,-45.21,-14.8887269051,66.8454784632,,,,,,1.04123,3947327618.520001,
600460,士兰微,半导体,,50.5,17.566590890285717,55.30166880616174,85.61333333333333,50.0,31.84,1.401,-31.58573270305114,,132.667,4.29,4.23,94.84,14.6179876256,19.7882272464,预增,96.05,-41.66361304507146,-6.79156908665105,,3.01171,52984047544.8,
301305,朗坤科技,环境治理,,50.46,55.88244713264285,64.38095238095238,30.402,50.0,24.68,0.0,,,22.404,1.514,4.93,30.67,21.7807551368,35.9804259857,,,,,,2.77753,3068996352.72,
688138,XD清溢光,半导体,,50.46,46.771865645066136,76.80359435173298,28.896,50.0,37.52,0.428,,,59.556,4.118,4.16,28.16,5.0773056968,31.281076923,,,,,,1.76249,11811296000.0,
605060,联德股份,通用设备,,50.45,58.06992100728572,63.5620354488279,28.560000000000002,50.0,37.85,-0.185,,,39.842,3.502,5.49,27.6,24.5732614043,37.0828894102,,,,,,0.86822,9041759400.0,
688045,必易微,半导体,,50.43,47.798954069297615,44.36456996148909,60.0,50.0,57.4,0.79,,,337.647,2.777,2.63,526.5474738158,59.9452914523,33.7320907526,,,,,,2.86634,4051119168.6,
688623,双元科技,自动化设备,,50.42,49.38466430292857,78.62937062937063,23.808,50.0,63.23,-0.3,,,59.093,2.555,2.05,19.68,12.7995638609,36.9635300241,,,,,,2.21915,2245903296.32,
605358,立昂微,半导体,,50.42,31.798905993428573,43.63414634146342,39.87733333333334,100.0,46.13,1.007,-22.261543646781256,,-219.667,3.323,1.13,166.1070594273,25.7225804429,15.5634683908,略增,25.79,-42.11318860584765,5.48822318774298,,4.43665,35621557076.49,
603626,科森科技,消费电子,,50.4,34.6295512105,23.035087719298247,97.0,50.0,23.91,6.267,28.13504823151125,,-37.79,6.149,13.45,358.3151298649,-29.9140324986,11.4063716947,扭亏,358.995,0.0,15.062560153994207,,11.98897,13267173387.9,
300302,同有科技,计算机设备,,50.38,75.0,11.500000000000002,60.0,50.0,26.43,0.839,,,-240.93,9.855,22.42,1502.54,50.1224797904,48.0244377193,,,,,,2.62806,9821016156.33,
301029,怡合达,自动化设备,,50.35,50.867504521630956,80.58741258741259,19.782,50.0,24.25,-0.492,,,29.938,3.524,7.11,12.97,26.8983131872,39.0233184307,,,,,,1.06677,10980686344.000002,
600483,福能股份,电力,,50.31,51.98961946114286,87.2210953346856,11.622,50.0,10.83,-1.545,,,10.217,1.092,4.93,-0.63,2.958172986,30.5304672456,,,,,,0.57172,30108987775.47,
600980,北矿科技,专用设备,,50.29,24.017426354214283,67.15151515151516,25.181736729175004,100.0,18.78,0.913,-0.2390438247011905,,28.537,2.368,4.52,25.68,19.0013402307,27.8043968959,,,-9.949652361543992,-5.461867606342796,25.181736729175,0.99277,3554369018.28,
300607,拓斯达,自动化设备,,50.28,24.991352385428574,31.13286713286713,100.0,50.0,30.62,0.065,-31.970673183736945,,204.133,4.931,3.57,262.99,18.6144367208,32.4928933396,预增,256.745,-42.18277945619335,-16.816082586253735,,3.08663,10569339183.7,
300623,捷捷微电,半导体,,50.25,49.755114788142855,76.9191270860077,24.366,50.0,32.85,-0.605,,,57.632,4.46,4.82,20.61,32.0771545931,27.7871607034,,,,,,1.71195,25217571541.5,
600033,福建高速,铁路公路,,50.24,60.224999999999994,80.73529411764706,7.944,50.0,3.62,0.836,,,10.478,0.795,4.09,-6.76,-2.9357168739,56.0037086381,,,,,,1.09959,9934728000.0,
605286,同力天启,专用设备,,50.21,31.766083434714286,79.73737373737373,3.0,100.0,24.38,0.619,-6.086286594761181,,20.661,1.896,0.91,-83.09,-14.5359953047,16.2875168086,预减,-80.85,-28.483426224699336,-8.689138576779031,,0.90619,4095840000.0,净利大幅下滑
600540,新赛股份,种植业,,50.19,75.0,15.153846153846157,60.0,44.52738,5.67,0.532,,,-23.152,7.042,30.8496,1819.68,77.1503537672,4.7898624745,,,,,,17.73631,3296407363.2000003,
600037,歌华有线,电视广播Ⅱ,,50.16,18.032035614192665,30.000000000000004,97.0,65.0,7.06,1.729,10.312499999999991,,285.83,0.765,1.67,2301.6330490644,44.479091648,19.4898511173,扭亏,929.085,-2.4861878453038777,-1.1204481792717047,,1.06414,9825951861.04,疑似价值陷阱
601077,渝农商行,银行Ⅱ,,50.16,50.0,54.54545454545454,6.091700220808,100.0,6.58,-1.201,2.492211838006231,,6.267,0.534,6.0,6.09,7.8071312697,,,,-6.5340909090909065,-3.2352941176470584,6.091700220808,0.73211,58155635051.22,
301360,荣旗科技,通用设备,,50.1,45.89547410407143,45.32875929102344,60.0,50.0,61.42,-1.822,,,76.775,3.59,0.02,104.77,48.2491886796,39.1836637457,,,,,,4.445,2091627881.36,
600236,桂冠电力,电力,,50.1,72.6555,32.37322515212981,40.854,50.0,9.18,-1.923,,,22.456,4.0,9.0622,48.09,37.5916562809,55.6858113328,,,,,,0.11453,72360228222.36,
300595,欧普康视,医疗器械,,50.09,56.53028603220661,84.86274509803921,7.655999999999999,50.0,9.99,-0.299,,,18.603,1.777,4.63,-7.24,-0.6302896173,71.6080689232,,,,,,0.63583,6678262652.4,
688278,特宝生物,生物制品,,50.08,72.57883783555556,54.415475189234655,18.821999999999996,50.0,51.2,-0.775,,,20.237,6.733,13.22,11.37,21.5772053732,89.4539314412,,,,,,0.43977,20899301376.0,
688291,金橙子,软件开发,,50.07,41.125,50.94784580498866,60.0,50.0,40.56,-0.588,,,109.622,4.063,6.45,130.91,0.5357976394,63.5074130729,,,,,,1.41502,4164161352.0,
301216,万凯新材,塑料,,50.05,21.400000000000002,74.53453453453453,60.0,50.0,16.34,-0.366,,,51.063,1.445,8.56,910.09,17.5179532943,8.5653323597,,,,,,1.29712,8898940079.84,
688073,毕得医药,医疗服务,,50.01,51.35981803117284,61.984861227922615,36.437999999999995,50.0,74.28,0.501,,,42.446,3.274,4.95,40.73,8.8140997623,48.8833136155,,,,,,4.95781,6750785377.44,
300884,狄耐克,计算机设备,,49.97,49.92269585821428,39.973118279569896,60.0,50.0,11.94,0.084,,,238.8,2.354,2.32,1443.94,10.9159304315,36.7717742015,,,,,,1.55079,2285702354.52,
601965,中国汽研,专业服务,,49.96,38.324999999999996,88.8515406162465,5.006053637653,75.0,13.03,0.385,5.934959349593494,,12.292,1.628,5.33,4.56,6.9076211464,45.9731519499,,,-12.550335570469803,-9.071877180739708,5.006053637653,0.45405,13059940816.11,
688575,亚辉龙,医疗器械,,49.94,56.425000000000004,32.05602240896359,60.0,50.0,10.3,0.097,,,257.5,2.139,2.57,166.97,9.8364883487,62.2932512431,,,,,,1.34843,5885608490.0,
601881,中国银河,证券Ⅱ,,49.93,50.0,75.625,24.108,50.0,11.51,-0.604,,,11.175,1.042,6.0,20.18,22.5762461944,,,,,,,0.24138,83371736840.73,
603007,顺景科技,汽车零部件,,49.93,68.49177364585715,9.333333333333334,28.199999999999996,100.0,4.48,0.674,-20.707964601769916,,-17.364,13.7,15.89,222.89,2411.7201704644,15.2734831042,减亏,27.0,-34.11764705882352,-11.637080867850091,,1.69444,3113998849.92,
600905,三峡能源,电力,,49.91,49.584507810285714,57.11967545638945,3.0,100.0,3.52,-0.283,-6.358073955839316,,27.119,1.133,1.36,-68.05,-9.3597234535,39.6583109344,预减,-67.5,-11.088658752210156,-5.121293800539084,,0.21721,100628528499.84,净利大幅下滑
600641,先导基电,半导体,,49.89,12.420529885,32.65853658536586,100.0,65.0,48.76,-0.914,12.246777163904232,,-350.791,5.497,2.54,414.95,64.0557371166,18.498741839,预增,377.87,-5.430566330488762,40.397350993377486,,6.17001,45377514899.2,
605122,四方新材,水泥,,49.88,26.05,25.000000000000007,91.264,65.0,12.24,-0.163,10.07194244604317,,-6.762,1.214,0.42,127.8145031975,-20.8202098659,5.0857269942,扭亏,128.49,-1.210653753026636,3.1171019376579734,,1.60614,2109612960.0,
601139,深圳燃气,燃气Ⅱ,,49.87,16.69698661934039,77.43589743589745,22.023585497428,100.0,6.18,-0.962,3.0000000000000027,,12.612,1.074,4.66,22.02,-4.1699540388,16.3114338772,,,-6.927710843373491,-3.888024883359253,22.023585497428,0.45158,17778280731.899998,
600062,华润双鹤,化学制药,,49.87,45.58762942219382,94.83766233766234,9.942,50.0,15.92,-0.375,,,9.982,1.35,7.68,-3.43,-3.4374854036,59.0338318611,,,,,,0.36579,16528548176.96,
600780,通宝能源,电力,,49.87,36.4,89.00608519269777,26.796,50.0,6.1,0.0,,,10.791,0.815,4.56,24.66,-0.5066752183,7.780049717,,,,,,0.56516,6993665390.3,
600320,振华重工,专用设备,,49.83,34.21780511271428,78.68686868686869,39.564,50.0,4.02,0.752,,,28.714,1.34,3.13,45.94,1.3320704559,11.9499271578,,,,,,0.67972,13398242040.599998,
688393,安必平,医疗器械,,49.82,50.150000000000006,39.117647058823536,60.0,50.0,22.24,0.361,,,-44.48,1.83,0.06,106.12,7.6008048595,67.2337599559,,,,,,2.09569,2080945625.76,
601567,三星电气,电网设备,,49.79,22.454649046214286,89.22985074626865,3.0,100.0,13.86,-5.263,-3.883495145631066,,15.4,1.661,4.69,-55.61,-8.9048789358,25.0215086647,预减,-57.305,-18.47058823529412,-2.3255813953488413,,3.13113,19476202284.0,净利大幅下滑
600426,华鲁恒升,农化制品,,49.79,39.766619893771775,69.45454545454545,41.98799999999999,50.0,19.05,-1.804,,,12.188,1.5,6.87,49.98,8.8738463081,22.2802294227,,,,,,1.01306,52386414435.75001,
603459,红板科技,元件,,49.7,53.866766341857144,30.162601626016254,24.0,100.0,83.62,-0.535,-11.904761904761909,,100.747,14.037,17.21,124.74,22.4605744523,25.1784728786,续盈,-5.44,-25.479012565724968,-11.951142466041896,,5.55453,6610316365.960001,
688018,乐鑫科技,半导体,,49.69,43.15,78.22849807445442,28.758,50.0,115.79,0.078,,,36.735,5.768,7.26,27.93,18.8809951733,48.5086698803,,,,,,1.77179,27139359370.69,
688581,安杰思,医疗器械,,49.68,56.66994462936508,82.48739495798321,8.238,50.0,56.5,-2.08,,,20.496,1.79,4.62,-6.27,-0.2847692686,69.3975797438,,,,,,1.94485,2326572707.0,
300855,图南股份,金属新材料,,49.65,57.50162959808598,29.600000000000005,60.0,50.0,33.73,-0.443,,,86.487,6.069,11.68,167.92,70.8964547914,43.4350112207,,,,,,1.01121,9881410534.74,
688070,纵横股份,航空装备Ⅱ,,49.65,50.0,17.321428571428577,41.29066666666667,100.0,35.3,0.085,-6.958355297838692,,294.167,5.263,-4.28,30.46,31.2211985431,51.9949792597,略增,31.09,-10.132382892057034,0.8571428571428452,,1.61364,3121243650.0,
603026,石大胜华,电池,,49.64,31.40122100857143,23.89253731343284,97.0,50.0,55.87,0.958,-30.93089380640376,,798.143,2.404,8.74,898.2674509701,58.9101314344,23.371709412,扭亏,877.11,-43.68511238786412,-10.964143426294823,,1.6767,13001005652.18,
300454,深信服,软件开发,,49.63,55.49999999999999,31.927437641723362,60.0,50.0,140.7,0.954,,,151.29,5.483,2.2,201.58,32.8482172817,60.3267834116,,,,,,4.75548,40521802326.6,
603530,神马电力,电网设备,,49.61,74.52394463645832,36.59104477611941,32.406,50.0,40.9,-3.991,,,40.098,9.72,11.46,34.01,26.9757095416,49.0527697327,,,,,,0.77032,17483309256.6,
600160,巨化股份,化学制品,,49.59,61.77292801289733,54.68379446640317,29.537999999999997,50.0,33.1,-1.312,,,23.643,4.051,12.15,29.23,0.0650496646,34.3878472013,,,,,,1.10988,89361595281.09999,
688209,英集芯,半导体,,49.59,30.681413963928573,61.54043645699615,60.0,50.0,32.44,-1.368,,,79.122,6.067,4.63,100.01,15.2354867199,36.7489795495,,,,,,2.49528,14071954549.56,
603055,台华新材,纺织制造,,49.57,52.765986764357145,72.19047619047619,22.776,50.0,9.04,-1.094,,,15.067,1.466,6.95,17.96,8.3684152497,24.5473814701,,,,,,0.85838,8031858332.16,
301376,致欧科技,家居用品,,49.55,60.592631145285715,56.00000000000001,29.496,50.0,22.29,-1.589,,,26.536,2.546,7.08,29.16,19.3235016881,35.0496836034,,,,,,1.47953,4316299661.46,
603380,易德龙,消费电子,,49.51,53.16619404664286,81.75438596491227,12.491999999999999,50.0,32.87,1.922,,,23.819,3.322,7.03,0.82,7.9834100061,24.8276716653,,,,,,1.44227,5273702243.999999,
600862,中航高科,航空装备Ⅱ,,49.49,60.48841712307143,85.35714285714285,0.0,50.0,17.73,0.283,,,23.959,3.162,5.47,-27.44,-13.9650070458,40.5387839723,,,,,,0.48512,24698760667.11,
688401,路维光电,半导体,,49.49,49.62156642081747,64.9165596919127,33.492,50.0,65.68,1.108,,,50.137,8.061,8.39,35.82,22.8011253013,35.3907445127,,,,,,1.38937,12699200086.0,
300124,汇川技术,自动化设备,,49.48,32.85146795485714,78.4895104895105,0.0,100.0,52.49,0.382,-23.18161861554222,,28.07,3.867,7.69,-5.35,20.3121582778,29.0770551368,,,-27.24878724878725,-15.160821076450617,-5.350817743866,0.91283,126629156690.5,
300236,上海新阳,电子化学品Ⅱ,,49.45,35.19681321440235,67.58974358974359,47.976,50.0,86.49,0.093,,,89.655,3.969,4.05,59.96,33.6730119364,42.184665469,,,,,,1.49468,24104685677.94,
600176,中国巨石,玻璃玻纤,,49.43,43.81985654507143,25.14285714285714,80.0,50.0,39.69,1.07,-37.7997179125529,,48.326,4.792,9.06,73.87,22.50258137,39.6377991631,预增,75.0,-46.451699946033465,-9.651718643296158,,3.04228,157632289141.32,
601113,华鼎股份,化学纤维,,49.41,24.095029830555557,85.71428571428572,3.0,100.0,3.5,-0.568,4.477611940298498,,17.5,0.99,1.19,-68.49,1.2283095861,8.029691439,预减,-69.0,-4.109589041095885,-0.2849002849002802,,1.02292,3864532791.0,疑似价值陷阱；净利大幅下滑
300661,圣邦股份,半导体,,49.35,46.39356596853245,41.7201540436457,60.0,50.0,112.8,-3.59,,,127.299,7.918,7.61,109.28,42.7014387998,51.6282847702,,,,,,1.764,67944450350.4,
300676,华大基因,医疗服务,,49.34,47.620726035000004,40.21951219512196,60.0,50.0,44.16,-0.987,,,-29.814,2.169,0.56,718.24,9.5919835196,39.709016449,,,,,,3.2828,18372147552.0,
601601,中国太保,保险Ⅱ,,49.34,59.25,68.0,18.24,50.0,30.4,-0.328,,,5.468,0.916,9.7,10.4,5.8056021068,,,,,,,0.36207,208089260232.00003,
603337,杰克科技,专用设备,,49.34,63.53984778209147,67.31313131313131,13.806,50.0,35.46,-0.95,,,19.81,3.125,9.18,3.01,16.241793394,32.4079205787,,,,,,0.39915,16560876388.86,
601969,海南矿业,油气开采Ⅱ,,49.32,29.524921358214286,0.0,81.86666666666666,100.0,8.89,0.908,3.976608187134501,,40.409,2.48,7.3,83.39,12.5813802732,25.7848899015,预增,82.0,-10.383064516129023,-7.780082987551862,,0.36086,17535317116.24,
300660,江苏雷利,电机Ⅱ,,49.3,40.16611247874716,60.0,9.0,100.0,23.51,0.427,-23.245184459680047,,35.163,3.88,2.82,-45.98,17.8057304755,24.8630576885,略减,-43.0,-29.37819164914388,-4.586038961038952,,0.49998,13657614670.39,
600257,大湖股份,渔业,,49.3,22.380753080642858,13.333333333333336,97.0,75.0,5.45,-0.366,19.517543859649145,,545.0,3.213,2.082,756.4464688095,1.9818361925,34.0460543129,扭亏,342.29,-10.361842105263152,-5.54592720970536,,1.88326,2622742674.6,
300426,华智数媒,影视院线,,49.23,73.27224356481481,9.000000000000002,60.0,50.0,7.6,0.662,,,-8.407,22.248,32.37,160.73,21.5264700497,-25.6804091291,,,,,,6.87414,3040000000.0,
300629,新劲刚,军工电子Ⅱ,,49.19,29.2,61.71794871794872,60.0,50.0,18.03,-2.541,,,56.344,2.564,1.68,292.75,39.2918459415,64.3248119563,,,,,,3.79904,3911140387.11,
300587,天铁科技,橡胶,,49.18,50.8734749875,35.66666666666667,60.0,50.0,4.49,1.814,,,-24.944,2.562,1.44,147.17,50.9196508076,41.1828649825,,,,,,1.91233,4726230174.39,
300749,顶固集创,家居用品,,49.14,74.41138702714285,7.285714285714287,60.0,50.0,22.06,-0.809,,,551.5,6.689,16.97,1678.13,-36.1921917868,19.780941838,,,,,,2.71831,3472146936.0,
600482,中国动力,其他电源设备Ⅱ,,49.12,39.387400552,71.57894736842105,37.644000000000005,50.0,33.8,0.178,,,58.276,1.862,3.21,42.74,11.5416206181,18.9073607728,,,,,,0.59212,76666727238.4,
301367,瑞迈特,医疗器械,,49.11,52.22511349612403,83.9327731092437,9.822000000000001,50.0,46.56,0.475,,,18.331,1.907,4.09,-3.63,40.2983227313,54.3331028238,,,,,,1.28458,4474162853.280001,
688107,安路科技,半导体,,49.08,47.327521557785715,14.853658536585368,84.67333333333333,50.0,29.03,-1.023,-30.93028788960266,,-42.71,15.043,-8.22,47.7035937045,93.314200358,41.2585301809,预增,92.525,-36.33771929824562,-7.606619987269259,,1.02037,11636657124.01,
603568,伟明环保,环境治理,,49.04,65.2,77.90476190476191,0.0,50.0,13.22,-1.048,,,10.092,1.855,6.08,-34.76,-21.3884539765,45.1907172632,,,,,,0.18767,27080607065.960003,
603997,继峰股份,汽车零部件,,49.01,20.23395933857143,42.142857142857146,77.60000000000001,65.0,13.65,0.0,12.996688741721862,,37.917,3.158,6.7,137.26,24.2759603967,14.877543074,预增,66.0,-4.745289602233072,19.631901840490794,,1.02505,17366415393.600002,
301078,孩子王,专业连锁Ⅱ,,49.01,48.101165900285714,20.0,38.333333333333336,100.0,6.86,0.146,3.157894736842115,,28.836,1.967,3.96,19.9,3.742012552,28.4816322604,略增,20.0,-10.209424083769624,-4.456824512534807,,0.66405,8650364104.06,
300586,美联新材,塑料,,49.01,26.375,27.378378378378383,97.0,50.0,8.82,2.083,-35.43191800878477,,-89.091,3.382,0.55,162.61,3.1940934723,9.5397580952,扭亏,185.725,-46.7391304347826,-9.53846153846154,,2.93533,4721620240.26,
688635,长进光子,通信设备,,48.93,45.025000000000006,24.135593220338986,37.544,100.0,258.7,4.784,-28.53591160220995,,188.832,16.06,4.01,-7.62,-3.6072363679,62.2909621802,略增,17.04,-47.15878916622411,-11.513202900533592,,8.7677,4593610947.9,
300015,爱尔眼科,医疗服务,,48.86,65.10000000000001,77.32548359966358,0.0,50.0,7.85,-0.127,,,22.454,3.171,6.04,-33.83,3.8113544558,47.7331160317,,,,,,0.40629,62469454617.8,
301369,联动科技,半导体,,48.86,28.799999999999997,20.898587933247757,100.0,50.0,141.01,1.075,-37.04910714285715,,293.771,9.289,1.52,93.2,43.4545817084,56.2774867581,预增,176.595,-42.4025814884405,2.092383434694467,,5.37513,7735399106.96,
300206,理邦仪器,医疗器械,,48.85,47.599999999999994,67.8655462184874,30.408,50.0,11.6,-0.172,,,21.999,3.04,9.04,30.68,12.0059591327,58.4325392737,,,,,,0.91271,3925202954.0,
603416,信捷电气,自动化设备,,48.84,33.91290508407143,89.48251748251748,25.188000000000006,50.0,46.18,1.495,,,27.488,2.695,5.63,21.98,25.5958669955,37.7730671177,,,,,,0.66271,6444239821.6,
603318,水发燃气,燃气Ⅱ,,48.84,7.7944091775714295,9.000000000000002,97.0,100.0,8.65,0.348,0.2317497103128563,,-50.882,2.503,2.38,166.0565124019,-6.0810633921,12.5821728486,扭亏,408.77,-26.005132591958933,-14.015904572564608,,3.80742,3970963492.6,
601997,贵阳银行,银行Ⅱ,,48.84,44.0,93.33333333333333,9.234,50.0,5.56,1.645,,,4.058,0.308,3.6,-4.61,10.8666000182,,,,,,,1.4101,20328461302.56,
600993,马应龙,中药Ⅱ,,48.83,67.92931519699546,58.400000000000006,15.39,50.0,22.21,-0.804,,,16.452,2.156,7.95,5.65,3.2180292216,48.2021636352,,,,,,0.50126,9557362024.86,
603693,江苏新能,电力,,48.81,54.65,46.65314401622718,3.0,100.0,12.71,5.477,1.436552274541114,,22.298,1.602,1.86,-53.14,-11.0530873231,52.7178694466,预减,-53.0,-5.501858736059473,13.17898486197686,,3.11399,11330658434.8,净利大幅下滑
300444,双杰电气,电网设备,,48.81,33.43132514407143,55.110447761194024,60.0,50.0,8.45,0.237,,,36.391,3.34,12.01,126.16,-38.1436554727,14.7688552017,,,,,,1.51182,5301882356.549999,
688106,金宏气体,电子化学品Ⅱ,,48.8,42.63599407707142,67.94871794871796,36.08266666666667,50.0,25.25,-0.63,-31.55326646787747,,90.179,3.399,1.87,-17.41,12.121324994,28.1453917079,略增,11.56,-49.27681799919647,-9.85362370581936,,1.49528,13396511023.0,
688049,炬芯科技,半导体,,48.8,38.0,86.1617458279846,23.442,50.0,47.0,3.41,,,39.831,3.916,5.2,19.07,28.329726777,49.4738495651,,,,,,4.58606,8272750307.999999,
300488,恒锋工具,通用设备,,48.76,39.476129657111116,70.85763293310463,36.797999999999995,50.0,36.04,-1.341,,,35.683,3.114,5.34,41.33,13.6357658304,45.1259597294,,,,,,1.96463,5847405738.4800005,
603195,公牛集团,家居用品,,48.71,79.53554386371428,44.714285714285715,14.664,50.0,38.08,1.493,,,16.85,4.52,12.46,4.44,2.7652518831,42.7397614092,,,,,,0.11998,68550220558.4,
688230,芯导科技,半导体,,48.71,25.651564801857145,81.81001283697049,42.258,50.0,59.1,1.756,,,65.667,3.028,3.31,50.43,27.1117872094,34.3271907226,,,,,,0.79335,6950160000.0,
600941,中国移动,通信服务,,48.7,49.96477543578571,86.62857142857143,8.219999999999999,50.0,97.36,-0.358,,,15.332,1.486,5.6,-6.3,-1.054491889,25.3506856101,,,,,,0.66166,87893479531.12001,
601991,大唐发电,电力,,48.69,66.45011211057144,50.8316430020284,24.186,50.0,5.25,-1.316,,,16.64,2.578,13.82,20.31,2.1427061621,19.6601569548,,,,,,0.94598,65079467806.5,
603202,天有为,汽车零部件,,48.68,50.008046391652194,94.71428571428572,0.0,50.0,51.04,1.069,,,8.114,1.201,4.28,-44.51,-10.7181058079,32.5849903096,,,,,,1.52484,2562900714.88,
688200,华峰测控,半导体,,48.62,43.15,42.70860077021823,60.0,50.0,398.99,2.6,,,100.755,11.018,7.26,112.6,38.1713854799,75.3031146393,,,,,,1.99151,80243838208.83,
688108,赛诺医疗,医疗器械,,48.56,50.288821421296305,13.75910364145658,40.11466666666667,100.0,14.65,-0.88,-21.615837346174427,,133.182,6.14,5.15,263.59,26.6814489451,69.8149535911,略增,26.68,-25.89782498735458,-12.327947336923994,,1.25232,6122996800.000001,
300353,东土科技,通信设备,,48.55,46.84021126385714,43.68361581920904,54.318,50.0,16.19,-0.675,,,124.538,4.487,-1.78,70.53,-20.7782606929,40.5762957694,,,,,,1.03915,8751673636.93,
603198,迎驾贡酒,白酒Ⅱ,,48.47,76.85,48.0,13.674,50.0,37.45,0.943,,,15.101,2.827,10.74,2.79,8.0797542715,75.5958726197,,,,,,0.24095,29960000000.0,
603392,万泰生物,医疗器械,,48.42,50.0,29.705882352941178,23.96933333333333,100.0,26.48,-0.787,-7.927677329624483,,-85.419,2.853,-1.09,10.9151939041,24.2904982757,69.8578030772,减亏,11.135,-15.507338864071476,-8.658157985512238,,0.29539,33481121449.92,
301162,国能日新,软件开发,,48.42,35.9,67.09297052154196,43.512,50.0,37.36,2.021,,,35.923,4.307,4.36,52.52,9.6616700324,65.3265739355,,,,,,0.87756,4528705077.76,
603638,艾迪精密,工程机械,,48.39,32.40603791164286,29.28571428571428,45.376,100.0,19.65,2.344,-21.744324970131423,,41.809,3.798,7.96,47.71,44.2065334804,27.5084530763,略增,46.41,-29.569892473118287,3.3666491320357483,,1.55358,17305638062.85,
300112,万讯自控,通用设备,,48.37,47.81290249364286,32.63636363636363,87.479186057434,20.0,10.09,-1.657,61.95826645264846,,-42.042,3.506,-0.15,87.52,-7.2321097852,41.9380634911,,,-14.85232067510548,4.343329886246128,87.479186057434,9.68223,2750454924.67,60日涨幅已高
300981,中红医疗,医疗器械,,48.37,35.49793559614286,42.88235294117648,100.0,10.0,17.9,-3.608,71.455938697318,,-68.846,1.46,2.97,2662.38,19.4604039286,14.3021098346,预增,2947.5,-4.787234042553202,17.300131061598933,,5.65257,7034653084.1,60日涨幅已高
603739,蔚蓝生物,化学制品,,48.36,50.15683292349207,54.644268774703555,38.598,50.0,12.76,0.078,,,45.571,1.798,2.16,44.33,8.804519717,44.228505794,,,,,,1.06332,3228648330.16,
300254,仟源医药,化学制药,,48.36,52.849999999999994,30.032467532467532,60.0,50.0,9.09,0.11,,,88.77,5.199,1.14,1025.28,-5.6599749805,66.9758043395,,,,,,4.27194,2067320974.5,
603013,亚普股份,汽车零部件,,48.33,45.96450006357143,85.00000000000001,13.145999999999999,50.0,14.2,1.719,,,13.786,1.576,6.39,1.91,0.5891615395,16.985300089,,,,,,0.4709,7216717808.8,
300562,乐心股份,医疗器械,,48.31,55.244827155958674,49.75910364145658,37.176,50.0,15.47,-3.554,,,41.034,3.011,5.54,41.96,2.5063945595,37.7647932715,,,,,,7.05935,2587802773.01,
600201,生物股份,动物保健Ⅱ,,48.31,29.799999999999997,0.0,77.46533333333333,100.0,11.43,0.175,-10.28257456828886,,127.0,2.323,1.92,72.28,22.091454375,53.4823024165,预增,65.495,-18.181818181818187,-9.429477020602215,,0.79057,12572175051.18,
688617,惠泰医疗,医疗器械,,48.23,79.64946550110095,29.512605042016805,27.827999999999996,50.0,240.03,-0.765,,,41.242,11.003,15.96,26.38,25.749347161,72.4263172705,,,,,,1.03586,33971244754.86,
301217,铜冠铜箔,电池,,48.23,9.775,1.1940298507462679,100.0,100.0,102.25,1.741,-29.07678435180688,,1278.125,15.111,3.91,514.75,34.1622129497,8.7917710127,预增,515.095,-45.230060528148265,-17.52036783092684,,1.87279,84766839374.0,
600875,东方电气,其他电源设备Ⅱ,,48.19,19.780086515857146,91.78947368421052,37.242000000000004,50.0,22.97,1.145,,,19.974,1.723,5.86,42.07,1.24,17.1821211222,,,,,,0.72461,51989530687.15,
300850,新强联,风电设备,,48.18,52.90763909964286,75.47058823529412,13.758000000000001,50.0,32.0,5.89,,,15.023,1.817,5.76,2.93,-6.1659116456,28.9106947395,,,,,,11.00934,10343684640.0,
603049,中策橡胶,汽车零部件,,48.17,39.0127603702941,90.80952380952381,15.054,50.0,43.83,-0.837,,,8.855,1.523,9.53,5.09,7.4098812239,23.0330805931,,,,,,0.29441,22133284883.460003,
603803,瑞斯康达,通信设备,,48.16,23.649930975928573,40.186440677966104,44.076,100.0,11.39,2.52,0.5295675198587757,,-113.9,3.168,-0.3,89.2222732134,21.7146547171,43.1099033663,减亏,86.535,-11.499611499611497,-0.9565217391304336,,9.25435,4839423714.2300005,
688553,汇宇制药,化学制药,,48.15,46.940335615555554,36.27272727272728,60.0,50.0,12.17,0.662,,,-202.833,2.042,1.53,171.4175049985,21.7906060965,79.1758495172,,,,,,1.77708,6175199804.84,
603017,中衡设计,工程咨询服务Ⅱ,,48.15,44.58768840914286,77.40259740259741,21.689999999999998,50.0,10.2,3.239,,,56.667,1.882,4.42,16.15,2.7740033187,21.9527637728,,,,,,3.92641,2817140988.6000004,
603383,顶点软件,软件开发,,48.15,36.725,74.76643990929705,33.779999999999994,50.0,26.83,0.827,,,30.839,3.799,4.69,36.3,0.9706052532,73.5343064849,,,,,,0.55526,5510247711.97,
300003,乐普医疗,医疗器械,,48.13,55.22796195523193,86.22969187675069,0.0,50.0,11.39,-0.088,,,21.824,1.28,3.05,-27.71,-4.605899425,62.0343543443,,,,,,0.73105,17983808295.06,
603051,鹿山新材,化学制品,,48.1,10.644633471428572,27.636363636363644,100.0,65.0,24.71,2.574,12.676698586411316,,-50.429,2.332,2.61,179.55,-0.2162848271,15.76748686,预增,213.75,-3.7397740553174903,16.11842105263157,,2.71877,3993948860.16,
600143,金发科技,塑料,,48.07,36.00122935814286,86.84684684684684,22.212,50.0,12.74,-1.087,,,28.571,1.734,3.47,17.02,7.8457081608,13.2567211014,,,,,,0.6085,33567683596.72,
603005,晶方科技,半导体,,48.06,57.2,83.28626444159178,0.3,50.0,27.86,-0.143,,,48.877,3.924,2.88,-19.5,1.388428093,47.408201321,,,,,,3.27782,18169503729.16,
688678,福立旺,消费电子,,48.04,45.43600961235714,32.631578947368425,97.0,10.0,32.0,2.367,45.7858769931663,,145.455,5.523,3.11,486.0726951574,65.1484308524,27.7254134573,扭亏,489.0,-1.9307385841250468,50.87223008015087,,7.78303,12899408032.0,60日涨幅已高
603501,豪威集团,半导体,,47.99,48.168310798214286,94.15275994865213,0.0,50.0,80.36,-0.483,,,23.846,3.112,3.73,-39.85,0.4925959227,29.3806351175,,,,,,0.59339,96999105743.4,
301087,可孚医疗,医疗器械,,47.99,52.89317818888889,63.97759103641456,24.504,50.0,52.69,-1.014,,,28.792,2.249,4.0,20.84,38.5143639768,55.1541118877,,,,,,0.8501,10221400016.3,
603797,联泰环保,环境治理,,47.96,56.125,74.22222222222223,10.266,50.0,5.36,3.077,,,24.364,0.913,2.45,-2.89,0.8468140339,59.3879227535,,,,,,6.40123,3090603818.4,疑似价值陷阱
300209,行云科技,软件开发,,47.95,28.249999999999996,9.888888888888891,100.0,60.0,33.7,0.477,35.34136546184741,,-376.116,33.304,1.3,540.15,497.1086363739,7.0749635588,预增,557.69,-14.249363867684462,-3.3553197591052357,,4.66236,25036029963.7,
600461,洪城环境,环境治理,,47.95,42.75603608062698,91.17460317460318,9.312,50.0,8.73,0.345,,,9.387,1.161,5.71,-4.48,-7.7721800568,36.5170203187,,,,,,0.41883,11504024066.25,
300667,必创科技,通用设备,,47.94,44.472392176,38.3939393939394,60.0,50.0,14.72,1.238,,,-27.259,2.894,0.68,170.19,8.2676680127,34.8813490464,,,,,,2.45515,2610019818.88,
601898,中煤能源,煤炭开采,,47.91,48.45312854442857,78.0,15.479999999999999,50.0,13.9,-1.975,,,10.296,1.109,4.95,5.8,-1.7610159657,25.5093799622,,,,,,0.43668,127212805560.0,
600177,雅戈尔,服装家纺,,47.89,37.5,80.29411764705883,26.273999999999997,50.0,8.33,0.483,,,15.717,0.913,5.0,23.79,0.7326059783,52.056935722,,,,,,0.44086,37513671301.89,
688097,博众精工,自动化设备,,47.89,22.5338742845,77.59440559440559,46.908,50.0,41.96,0.335,,,31.596,3.696,5.22,58.18,72.4409879708,23.2774239983,,,,,,0.78277,18765587770.48,
600558,大西洋,通用设备,,47.89,32.83398248912827,88.43910806174958,23.717999999999996,50.0,4.75,0.0,,,23.399,1.757,4.53,19.53,6.3396589017,16.385288797,,,,,,1.0478,4263622947.25,
600578,京能电力,电力,,47.84,50.63565454385714,78.45841784989858,12.126,50.0,5.15,-0.771,,,10.3,1.383,7.77,0.21,-3.5096978073,18.6949163614,,,,,,0.39208,34477298227.25,
600663,陆家嘴,房地产开发,,47.84,58.91504425714286,47.11111111111111,33.54599999999999,50.0,9.19,5.029,,,37.757,1.814,4.36,35.91,22.7478103144,42.22106196,,,,,,0.65376,36157298470.01,
300450,先导智能,电池,,47.82,56.04076979992857,54.52537313432835,29.49,50.0,33.76,8.205,,,33.426,3.142,5.67,29.15,23.8808264735,33.6120777199,,,,,,6.12385,52645813702.880005,当日已大涨
600933,爱柯迪,汽车零部件,,47.82,49.35184404942857,90.0952380952381,1.9800000000000004,50.0,13.3,-1.627,,,11.271,1.424,4.78,-16.7,24.4155242834,27.3625816692,,,,,,0.92012,12878122164.6,
600133,东湖高新,环境治理,,47.82,35.90317479592857,68.19047619047619,0.0,100.0,7.79,0.907,2.98783712321522,,30.077,0.931,-0.18,-132.82,-15.417805456,25.2644447143,首亏,-161.935,-10.66513761467891,-8.782201405152213,,0.75499,8306008626.249999,疑似价值陷阱；净利大幅下滑
600563,法拉电子,元件,,47.81,39.464762756571425,90.52845528455285,13.338,50.0,115.84,-0.172,,,21.857,4.277,9.6,2.23,10.5786420456,31.6506678592,,,,,,1.13049,26064000000.0,
601901,方正证券,证券Ⅱ,,47.78,49.2,65.625,26.436000000000003,50.0,6.63,0.151,,,13.813,1.034,5.68,24.06,29.622393724,,,,,,,0.25778,54578832248.85,
300107,建新股份,化学制品,,47.77,11.42975293107143,25.363636363636367,100.0,65.0,6.72,2.595,16.86956521739129,,-136.308,2.489,3.2,790.27,51.4233572136,14.8016541035,预增,918.44,-7.818930041152273,-3.5868005738880937,,2.30563,2336860303.6800003,
300406,九强生物,医疗器械,,47.77,55.77965045216049,60.14565826330532,24.011999999999993,50.0,11.77,-0.842,,,36.781,2.006,5.59,20.02,1.5473674758,81.9386074904,,,,,,0.77088,4993812946.21,
603939,益丰药房,医药商业,,47.75,66.47961159357143,53.5,17.705999999999996,50.0,23.01,2.403,,,16.674,2.345,8.01,9.51,3.4820903267,40.036456231,,,,,,0.77787,27897151102.86,
688307,中润光学,光学光电子,,47.75,24.698105822714286,43.7037037037037,77.64800000000001,50.0,44.84,2.773,-31.025996000615287,,63.155,6.139,3.46,54.73,61.8494531292,32.4673481518,预增,66.18,-44.32580084430096,-9.469008681607106,,1.98723,5607717304.0,
600603,广汇物流,物流,,47.75,40.43066482878571,59.47368421052632,3.0,100.0,4.8,2.784,0.6289308176100628,,15.484,0.757,0.17,-95.08,-24.7060552003,31.0079307603,预减,-92.79,-4.950495049504955,-0.2079002079002023,,0.74693,5538239764.799999,疑似价值陷阱；净利大幅下滑
600131,国网信通,IT服务Ⅱ,,47.74,21.209016591714285,85.50807217473884,0.0,100.0,13.99,-0.427,-1.4441704825642887,,25.436,2.548,3.54,-12.97,-2.5931101077,13.3026232284,,,-12.86203674867642,-5.152542372881353,-12.974578448154,0.32808,16730713034.51,
688152,麒麟信安,软件开发,,47.74,50.0,33.0,57.973592874299996,50.0,41.44,5.044,,,-72.702,3.466,-0.2,76.6226547905,2.6865953714,76.2152111658,,,,,,10.95029,4222656269.44,
300224,正海磁材,金属新材料,,47.73,33.553033129357146,86.1,24.545999999999996,50.0,11.75,1.119,,,32.639,2.144,2.64,20.91,12.984690522,12.7342463811,,,,,,0.77834,10891964157.749998,
300540,蜀道装备,专用设备,,47.68,48.95506165021429,31.979797979797986,60.0,50.0,25.07,-1.299,,,94.426,4.939,2.97,235.11,46.3331918464,33.1420863103,,,,,,2.64849,5182651054.42,
600310,广西能源,电力,,47.68,17.496157768642856,20.724137931034488,97.0,65.0,4.56,0.885,13.99999999999999,,-31.689,2.357,4.41,275.110059432,17.3982990757,19.0596208761,扭亏,269.235,-6.938775510204098,6.293706293706292,,4.34547,6683640892.320001,
603615,茶花股份,家居用品,,47.67,1.875,11.428571428571429,97.0,100.0,18.46,-0.054,-2.482831484416259,,710.0,3.889,0.75,334.4884950326,219.40023019,8.8652231809,扭亏,309.33,-7.699999999999996,-1.8085106382978664,,1.08614,4463997200.0,
300566,激智科技,光学光电子,,47.65,49.63784015592857,79.62962962962963,11.423999999999998,50.0,23.97,-1.236,,,30.731,2.498,5.18,-0.96,0.6837770241,26.3629762183,,,,,,5.08954,5433529931.07,
600368,五洲交通,铁路公路,,47.64,60.699999999999996,66.17647058823529,11.549999999999999,50.0,4.12,0.488,,,11.918,0.908,4.28,-0.75,-8.5259571379,62.9698422682,,,,,,0.81063,6631773894.96,
301391,卡莱特,计算机设备,,47.61,51.5,43.575268817204304,45.065999999999995,50.0,44.35,0.635,,,211.19,2.014,0.6,55.11,16.163803187,47.7214977358,,,,,,0.9129,4117266443.85,
300701,森霸传感,光学光电子,,47.6,44.00294509778572,70.18518518518519,27.426000000000002,50.0,10.07,1.82,,,38.731,2.894,3.87,25.71,-10.0614850042,36.0820606869,,,,,,1.33514,2539188101.38,
600031,三一重工,工程机械,,47.56,52.88594281807143,69.28571428571428,17.477999999999998,50.0,17.06,-0.756,,,17.348,1.704,6.16,9.13,19.4868647877,27.4803199453,,,,,,0.62185,144573094031.22,
603928,兴业股份,塑料,,47.55,27.7417869114418,79.15915915915916,37.751999999999995,50.0,11.88,-0.419,,,30.462,2.503,4.01,42.92,21.089785521,17.429873785,,,,,,1.49602,4047563520.0,
600258,首旅酒店,酒店餐饮,,47.55,54.124963255000004,66.66666666666667,18.588,50.0,11.01,0.182,,,15.157,1.023,3.59,10.98,-2.2164940054,38.209948557,,,,,,0.63769,12293800417.259998,
603353,和顺石油,炼化及贸易,,47.55,12.55,15.153846153846157,100.0,75.0,40.55,-2.594,11.309360417238532,,-337.917,4.188,5.02,480.48,-6.0482002152,8.6798972083,预增,455.2,-18.06425540513236,19.757826343768457,,3.1262,6910449900.0,
603985,恒润股份,风电设备,,47.54,7.230622243928571,21.058823529411764,80.43599999999999,100.0,16.79,5.069,-24.80967308553516,,88.183,2.229,2.07,70.15,-9.8059367422,12.8778711415,预增,76.635,-33.2670906200318,-6.56649972175849,,3.09128,7402005870.37,
300395,菲利华,航空装备Ⅱ,,47.51,40.25,20.535714285714285,41.21333333333334,100.0,92.7,4.758,-14.656600994292024,,108.892,9.305,6.1,32.95,44.0592363283,50.7405203756,略增,30.8,-33.68624365119106,-2.7588377215986504,,3.45151,47488017644.99999,
300770,新媒股份,电视广播Ⅱ,,47.43,69.017901987,63.0,3.8939999999999997,50.0,35.22,0.773,,,12.187,2.163,8.1,-13.51,-8.4176287463,43.2750627818,,,,,,1.40248,8024475175.019999,
603328,依顿电子,元件,,47.43,36.60055866928572,90.8130081300813,3.0,65.0,14.44,9.977,17.398373983739823,,30.987,3.418,2.48,-58.65,3.7247689384,17.560782137,预减,-61.59,-4.999999999999993,29.04378909740841,,2.87417,14417511302.84,净利大幅下滑；当日已大涨
605305,中际联合,工程机械,,47.41,46.575,81.42857142857143,12.312,50.0,30.24,1.205,,,12.096,2.065,8.63,0.52,17.548461864,50.4198206392,,,,,,1.11537,6426604800.0,
300191,潜能恒信,油服工程,,47.4,74.65460667400001,0.0,60.0,50.0,30.62,0.393,,,218.714,7.967,10.0,522.94,200.4882733844,44.5164493436,,,,,,1.78658,6772990900.0,
301566,达利凯普,元件,,47.38,47.41005946004274,60.48780487804879,32.147999999999996,50.0,24.62,1.192,,,61.55,6.19,7.79,33.58,25.5060459844,67.6235286608,,,,,,6.05553,5315700310.04,
300190,维尔利,环境治理,,47.38,38.942298435714285,42.77777777777778,60.0,50.0,3.78,0.0,,,-8.591,1.143,1.19,187.4,-13.6383779209,25.35421781,,,,,,1.009,3569233406.76,
300841,康华生物,生物制品,,47.38,47.65278340904294,66.39192598822541,25.95,50.0,54.64,-0.437,,,32.289,1.965,3.92,23.25,11.2487105363,90.9792909589,,,,,,1.94594,6642876249.76,
600081,东风科技,汽车零部件,,47.37,10.037834528928572,37.952380952380956,87.46666666666667,65.0,10.81,1.502,12.851028291053336,,317.009,1.281,1.93,107.49,-7.9595588176,17.2979683405,预增,103.0,0.0,3.842459173871271,,0.99835,5978212897.700001,
603399,永杉锂业,能源金属,,47.34,36.12841770892857,9.000000000000002,97.0,50.0,13.16,3.785,-36.882494004796165,,-20.246,3.975,12.49,237.2906984973,82.5820580695,16.8647847925,扭亏,235.355,-42.12840809146877,-13.364055299539167,,5.69894,6741744940.84,
688668,鼎通科技,通信设备,,47.31,60.91198430157362,34.82485875706215,41.30666666666667,50.0,210.49,-1.197,-34.6912814148309,,121.671,13.966,8.93,59.24,31.1725087259,32.39243901,略增,31.15,-47.62757831355279,-20.56981132075472,,2.82042,29315069856.94,
600008,首创环保,环境治理,,47.31,44.542425197288225,89.58730158730158,6.198,50.0,2.71,1.119,,,11.226,0.949,2.7,-9.67,-4.2514921341,37.8310512291,,,,,,0.64224,19893000734.67,疑似价值陷阱
601799,星宇股份,汽车零部件,,47.31,45.379566822294834,85.95238095238095,8.844000000000001,50.0,69.75,0.766,,,12.221,1.759,5.8052,-5.26,1.8729257257,19.3320945713,,,,,,0.87377,19926139475.25,
600873,梅花生物,化学制品,,47.31,10.075000000000001,94.1304347826087,3.0,100.0,7.24,-0.686,-5.136268343815509,,6.188,1.296,4.03,-62.56,-0.3693289884,9.5287235611,预减,-67.5,-14.218009478672975,-7.179487179487176,,0.53023,20302709546.0,净利大幅下滑
601058,赛轮轮胎,汽车零部件,,47.29,36.11942044535714,83.04761904761907,22.781999999999996,50.0,13.22,0.076,,,12.241,1.918,9.63,17.97,13.8760164156,26.8621886235,,,,,,0.79983,43468685423.98,
300738,奥飞数据,通信服务,,47.28,55.10927062464286,22.97142857142857,60.0,50.0,18.69,-0.107,,,136.723,5.02,5.04,123.64,27.946442384,34.5129788745,,,,,,1.56578,18407671084.11,
300459,汤姆猫,游戏Ⅱ,,47.26,66.7,9.000000000000002,60.0,50.0,3.53,2.616,,,-10.382,16.075,6.68,270.12,-3.3229921948,87.1671185821,,,,,,2.09999,11598665899.44,
601000,唐山港,航运港口,,47.25,59.2734862030049,57.49999999999999,20.382,50.0,4.58,1.327,,,13.582,1.273,4.63,13.97,15.1831236839,48.3703631938,,,,,,0.75518,27140753052.12,
600054,黄山旅游,旅游及景区,,47.25,51.80608225185714,73.05555555555556,13.764000000000001,50.0,10.53,0.19,,,26.325,1.572,2.7,2.94,5.1124443979,38.0785151526,,,,,,0.62091,5405049000.0,
300583,赛托生物,化学制药,,47.25,37.878755425499996,43.54545454545455,60.0,50.0,13.59,0.592,,,-34.846,1.464,1.7,157.37,20.6728153258,22.0802575957,,,,,,1.66807,2529763904.34,
600301,华锡有色,小金属,,47.25,70.93749513595492,28.000000000000004,35.886,50.0,48.64,0.934,,,38.42,6.042,10.53,39.81,9.026628461,41.5089259696,,,,,,4.88888,13392327523.84,
600848,上海临港,房地产开发,,47.18,33.25,59.555555555555564,37.26666666666667,65.0,8.7,2.594,11.969111969111967,,22.895,1.31,3.3,130.83,-5.1067425186,47.4653055788,略增,16.0,-2.901785714285732,2.35294117647058,,0.45919,20827036775.1,
688155,先惠技术,电池,,47.18,36.62787503264286,69.51641791044776,35.268,50.0,54.35,6.631,,,19.411,2.854,8.85,38.78,48.4868553204,30.3040250457,,,,,,3.40813,6922007467.05,
688802,沐曦股份,半导体,,47.17,61.32500000000001,15.097560975609758,60.0,50.0,518.46,-0.294,,,-212.484,14.955,4.53,429.4629301253,44.6659638137,60.0519659997,,,,,,6.18198,16847140465.259998,
300059,东方财富,证券Ⅱ,,47.17,71.15,24.375,38.91,50.0,17.77,-0.56,,,23.229,2.857,8.46,44.85,53.22,73.9716278356,,,,,,0.96188,237982338631.16,
600765,中航重机,航空装备Ⅱ,,47.14,48.196531444071425,84.64285714285714,6.09,50.0,13.08,0.077,,,33.538,1.379,3.08,-9.85,-10.1444124947,31.6951440217,,,,,,0.49486,20306623521.24,
300677,英科医疗,医疗器械,,47.14,48.05978709978571,68.1904761904762,22.715999999999998,50.0,49.18,1.612,,,31.127,1.695,4.49,17.86,40.6148044026,26.5687019397,,,,,,1.76573,22898824077.86,
603333,福华尚纬,电网设备,,47.14,5.215388070642857,28.104477611940304,94.20666666666666,75.0,8.85,-0.338,13.899613899613891,,-110.625,3.208,0.52,133.4634603369,97.8054945066,15.4815432989,扭亏,139.525,-14.161008729388946,-12.462908011869434,,1.18156,5500519136.1,
601878,浙商证券,证券Ⅱ,,47.14,45.775,57.49999999999999,36.126,50.0,8.92,0.112,,,16.83,1.077,4.31,40.21,49.3294864637,,,,,,,0.22511,40452334147.88,
300932,三友联众,电网设备,,47.11,31.80826634676984,50.28656716417911,60.0,50.0,11.02,2.037,,,47.913,2.767,4.59,92.24,19.294448452,18.6701678367,,,,,,2.73661,3517488313.34,
301531,春光集团,金属新材料,,47.1,27.395127477214288,35.5,40.007999999999996,100.0,49.5,1.434,-21.57794676806083,,66.0,7.283,7.29,28.09,36.32121854,22.8381784681,略增,26.28,-33.99119882651019,-3.074211866066179,,5.67874,2320740823.5,
301060,兰卫医学,医疗服务,,47.09,47.427647421857145,31.439024390243908,60.0,50.0,11.78,-0.591,,,-147.25,3.042,4.02,1199.63,-22.0894975669,27.3287063906,,,,,,4.28727,4242760274.46,
300009,安科生物,生物制品,,47.09,59.848084307222216,70.14297729184189,6.401999999999999,50.0,8.32,-1.188,,,18.909,3.263,7.91,-9.33,-15.0359841463,75.5904389223,,,,,,1.68999,10240918088.96,
600199,金种子酒,白酒Ⅱ,,47.07,50.0,25.000000000000007,23.288,100.0,6.89,0.878,4.236006051437213,,-22.967,2.392,-3.36,10.19,-51.1938523947,51.09182309,减亏,8.58,-15.25215252152523,-3.0942334739803234,,2.08084,4532220117.360001,
301175,中科环保,环境治理,,47.04,50.93979051002609,58.98412698412698,16.028308808544,65.0,5.59,1.268,11.576846307385225,,21.5,2.165,6.03,16.03,36.0542879504,36.111822496,,,-2.613240418118468,-0.7104795737122527,16.028308808544,1.46951,3476309200.0,
603110,东方材料,化学制品,,47.03,16.909311452785715,10.818181818181818,97.0,75.0,25.18,5.224,13.730803974706408,,-839.333,7.21,1.58,1573.21,13.2060661696,28.1430360339,扭亏,2200.58,-9.391867578265556,4.698544698544693,,4.8495,5066889111.76,
600741,华域汽车,汽车零部件,,47.02,36.19960612371429,97.85714285714285,6.798,50.0,15.18,1.335,,,6.64,0.719,3.87,-8.67,-1.4313132149,12.1344485732,,,,,,0.54901,47858350077.12,
301219,腾远钴业,能源金属,,47.01,40.0482186475,40.0,60.0,50.0,39.18,1.11,,,10.393,1.512,8.99,87.82,72.3639847635,34.6025061065,,,,,,1.17774,10705548881.099998,
600352,浙江龙盛,化学制品,,46.99,37.17010673577711,86.42292490118577,16.919999999999998,50.0,12.1,-1.224,,,21.523,1.227,3.06,8.2,12.1251204719,33.8508910413,,,,,,0.71459,39365315506.0,
301246,宏源药业,化学制药,,46.96,24.315961964714283,58.66883116883117,60.0,50.0,17.33,1.345,,,57.786,1.505,3.44,2788.93,52.0513648247,32.0023467506,,,,,,1.86044,4126201947.0,
603817,海峡环保,环境治理,,46.95,35.4633221515,83.55555555555556,21.702,50.0,5.73,-0.693,,,15.159,0.983,4.41,16.17,-3.4701614627,44.2136510121,,,,,,3.00093,3266581543.4700003,
301669,高特电子,其他电源设备Ⅱ,,46.95,20.186150190928572,42.52631578947369,41.03866666666667,100.0,25.17,0.279,-29.947119398831056,,66.237,6.962,4.16,-22.36,-5.4718074213,23.7006102673,略增,30.145,-46.86510449651677,-9.26459985580388,,4.41743,2061109507.65,
300525,博思软件,软件开发,,46.93,50.0,84.76190476190477,2.9699999999999998,50.0,7.78,1.302,,,33.959,2.41,-1.92,-15.05,-7.7590503899,60.0390618576,,,,,,1.17482,4787772049.7,
601727,上海电气,其他电源设备Ⅱ,,46.92,10.36906014392857,57.68421052631578,37.53333333333334,100.0,6.41,-0.466,-7.047563805104407,,82.179,1.8,1.76,18.2,16.6,18.3566842015,略增,17.0,-11.169623059866964,-3.609022556390984,,0.25188,80866250066.76,
300503,昊志机电,通用设备,,46.92,61.83798575428572,13.481989708404802,60.0,50.0,61.5,-0.502,,,157.692,12.045,15.55,266.57,65.8575138341,42.148180056,,,,,,2.37744,14961840478.5,
688981,中芯国际,半导体,,46.91,40.447042558857135,39.114249037227225,60.0,50.0,117.51,0.815,,,186.524,5.868,2.9,94.2,19.435688378,21.4758595824,,,,,,0.91876,235089790246.59,
600643,爱建集团,多元金融,,46.9,43.90623682778572,21.642857142857146,33.285333333333334,100.0,4.07,1.75,4.62724935732648,,-3.375,0.659,0.27,-80.99,-31.71,35.5237315589,略增,1.07,-3.325415676959609,0.0,,0.86068,6472731484.120001,疑似价值陷阱；净利大幅下滑
603565,中谷物流,航运港口,,46.89,66.616042649,55.00000000000001,12.629999999999999,50.0,11.4,-0.697,,,12.0,2.178,9.94,1.05,2.2406745046,33.4724597086,,,,,,0.47094,23940719374.2,
603456,九洲药业,医疗服务,,46.87,43.72474104183751,95.00420521446596,0.0,50.0,16.26,-0.974,,,19.829,1.611,4.35,-26.33,-10.2997625097,36.3723292379,,,,,,2.03211,14336605055.28,
688577,浙海德曼,通用设备,,46.85,48.39343553642857,29.325328759291025,60.0,50.0,39.18,-2.416,,,87.067,5.971,4.5,479.25,45.8896455055,27.000809751,,,,,,0.63466,6103915671.599999,
600300,维维股份,饮料乳品,,46.84,38.53585323086508,83.75757575757575,17.346,50.0,3.05,0.329,,,14.524,1.375,3.58,8.91,9.5411567567,28.7999345991,,,,,,1.0404,4932283649.0,
603801,志邦家居,家居用品,,46.79,36.32792095171429,83.57142857142857,0.0,75.0,6.22,1.8,9.507042253521124,,13.198,0.927,-4.87,-214.09,-22.878139425,25.8590893324,首亏,-296.275,-13.969571230982025,-5.471124620060797,,1.33622,2701666224.26,疑似价值陷阱；净利大幅下滑
603931,格林达,电子化学品Ⅱ,,46.79,44.558296025507936,82.15384615384616,11.556000000000001,50.0,33.4,-1.591,,,54.754,3.118,3.13,-0.74,-3.8085019847,32.9176886656,,,,,,1.45915,6665249892.0,
688580,伟思医疗,医疗器械,,46.76,39.35,61.142857142857146,38.658,50.0,42.41,-0.446,,,29.451,2.402,5.74,44.43,7.59496546,66.1569277133,,,,,,0.8512,4061660324.08,
300271,华宇软件,IT服务Ⅱ,,46.74,44.11422529592858,47.0246913580247,35.0,65.0,5.81,1.396,18.81390593047034,,-24.208,1.335,-1.6,31.25,7.6673268212,36.7599154143,略增,7.5,-2.680067001675046,-2.5167785234899376,,1.50263,4672642847.74,
603726,朗迪集团,家电零部件Ⅱ,,46.73,36.38864231378571,64.8205128205128,38.42666666666667,50.0,23.61,0.255,-30.35398230088495,,24.594,2.853,11.09,82.38,-3.2415223759,22.1290992393,略增,20.35,-33.39915373765868,-3.553921568627449,,1.16297,4379638473.0,
300671,富满微,半导体,,46.7,21.20264561964286,24.36585365853659,97.0,50.0,58.85,3.427,-42.484362783424544,,-70.06,7.864,5.46,353.41,77.0423367042,20.5737038675,扭亏,270.865,-42.484362783424544,3.0647985989492144,,6.29899,13140128339.25,
300768,迪普科技,软件开发,,46.67,30.15,75.19274376417233,35.315999999999995,50.0,15.17,0.931,,,52.31,2.764,2.06,38.86,-2.5173703851,62.2347925861,,,,,,1.91689,6381518905.78,
601156,东航物流,物流,,46.67,45.9254028965,73.55263157894738,18.029999999999998,50.0,18.06,-2.114,,,10.686,1.435,6.95,10.05,26.6168652106,14.9705640551,,,,,,0.80611,17059395741.36,
600572,康恩贝,中药Ⅱ,,46.66,60.821759973290604,57.550000000000004,16.098,50.0,4.24,-0.235,,,22.316,1.523,5.26,6.83,10.2109775963,56.7424219777,,,,,,1.02921,10734790354.72,
601098,中南传媒,出版,,46.66,49.959721478100526,79.64426877470356,7.049999999999999,50.0,10.2,2.616,,,11.461,1.124,5.65,-8.25,-8.242495733,44.4047396536,,,,,,0.62214,18319200000.0,
300299,富春股份,游戏Ⅱ,,46.65,59.903599731638415,14.714285714285719,60.0,50.0,5.4,2.079,,,-48.518,9.398,8.78,443.75,19.0207522725,58.6046964662,,,,,,1.84612,3723056109.000001,
300833,浩洋股份,专用设备,,46.63,49.18552554085117,65.75757575757576,21.732,50.0,44.1,-0.743,,,32.422,2.284,3.65,16.22,11.7613934952,56.8205502608,,,,,,2.54881,3583278335.7000003,
601326,秦港股份,航运港口,,46.63,46.089893271724215,77.5,13.71,50.0,3.51,0.862,,,12.103,0.943,4.85,2.85,5.4210001769,39.2510606984,,,,,,0.36391,16699032090.0,
600598,北大荒,种植业,,46.62,50.0,66.46153846153847,0.0,75.0,12.42,0.485,7.532467532467524,,18.933,3.403,-7.09,-154.5,-29.3910577603,64.2688716767,首亏,-154.5,-11.664295874822194,-3.72093023255814,,1.0511,22078784469.78,净利大幅下滑
301526,国际复材,玻璃玻纤,,46.59,28.142170904285713,12.571428571428573,100.0,50.0,27.72,0.217,-31.82488932611903,,383.402,11.942,7.46,176.56,19.5238327937,23.289039266,预增,163.5,-46.94736842105264,-10.580645161290326,,4.41846,38929771825.56,
603868,飞科电器,小家电,,46.57,75.625,36.36363636363636,19.17,50.0,30.69,-0.776,,,26.008,3.855,10.25,11.95,-4.5553395543,59.1951460577,,,,,,0.29325,13368564000.0,
301149,隆华新材,化学制品,,46.56,15.825,68.85375494071147,58.379999999999995,50.0,7.91,-7.593,,,23.97,2.008,6.33,77.3,40.1859087284,4.923615312,,,,,,10.5708,2690276135.33,
600029,南方航空,航空机场,,46.55,25.585695749142857,15.499999999999996,60.0,100.0,4.84,0.415,-7.456978967495232,,96.8,2.912,-11.09,141.1,9.720596586,10.8199740488,增亏,-132.66,-13.261648745519716,-3.3932135728542923,,0.18391,65228550210.560005,
601888,中国中免,旅游零售Ⅱ,,46.53,55.52982781407143,20.0,19.49153706108,100.0,50.93,0.276,-3.119649990488871,,29.382,1.842,5.46,19.49,-1.7603364128,33.6317589397,,,-12.310606060606055,-2.953506097560965,19.49153706108,0.45117,99439579455.92,
688835,高凯技术,专用设备,,46.52,53.574999999999996,7.717171717171715,74.08666666666667,50.0,358.0,-0.417,,,196.703,42.261,13.43,95.0669283072,35.4580007504,,预增,52.825,-5.999737429434171,25.614035087719287,,8.67068,6724237030.0,
300418,昆仑万维,数字媒体,,46.52,44.800000000000004,32.33333333333333,60.0,50.0,40.95,1.462,,,-31.992,3.555,7.92,227.17,43.5498435095,66.2335970253,,,,,,2.55901,48094042692.15,
688041,海光信息,半导体,,46.51,43.9,16.611039794608473,76.768,50.0,235.88,-1.921,-30.4188790560472,,214.436,21.608,7.56,49.69,66.5195709856,55.6039833349,预增,62.88,-36.30029705644072,-7.097282394643568,,0.75929,548264868905.08,
300182,捷成股份,影视院线,,46.51,47.58032091535714,70.64935064935065,18.281999999999996,50.0,5.07,1.4,,,70.613,1.579,1.89,10.47,-26.6421227137,34.9974492815,,,,,,4.93485,12242043258.509998,
605277,新亚电子,消费电子,,46.51,34.55650850768254,74.56140350877193,30.006000000000004,50.0,17.04,2.22,,,25.059,3.76,7.3,30.01,13.7611183463,14.1483879102,,,,,,1.59863,6580781748.4800005,
301396,宏景科技,IT服务Ⅱ,,46.5,69.156662579,3.0199430199430233,60.0,50.0,162.59,-1.502,,,945.291,26.587,10.74,127.43,156.4331358574,34.2293276106,,,,,,4.75849,23007589799.05,
301603,乔锋智能,通用设备,,46.49,41.634233512928574,52.38993710691824,43.614,50.0,117.2,2.091,,,40.275,5.325,10.74,52.69,42.3767631865,30.6979269181,,,,,,2.97767,4422249000.0,
301568,思泰克,自动化设备,,46.48,59.07428438472816,50.909090909090914,24.126,50.0,70.05,0.98,,,64.378,6.991,5.08,20.21,19.4500030213,50.8792886494,,,,,,4.664,3346848900.0,
603267,鸿远电子,军工电子Ⅱ,,46.48,37.125,77.82051282051282,23.556,50.0,47.21,0.468,,,43.713,2.38,4.85,19.26,-9.3228859828,46.5142338528,,,,,,1.57299,10909328911.32,
688700,东威科技,专用设备,,46.47,57.64178208135714,16.70707070707071,60.0,50.0,61.32,-0.969,,,149.561,9.441,5.27,133.21,51.9387894538,37.2534949139,,,,,,2.05678,18297971395.2,
301338,凯格精机,专用设备,,46.45,41.69889264914286,35.75757575757576,60.0,50.0,89.07,-0.168,,,50.897,7.735,8.08,104.69,61.5337736017,40.0984497088,,,,,,4.22815,9667212450.0,
600626,申达股份,汽车零部件,,46.45,2.875,33.333333333333336,97.0,65.0,3.75,-0.266,15.030674846625768,,1209.677,1.543,1.15,169.4798838276,-3.2944935975,8.9687839935,扭亏,154.27,-3.598971722365041,3.5911602209944826,,1.05493,4952792501.25,
600845,宝信软件,IT服务Ⅱ,,46.44,55.6342547235,67.50237416904083,11.514000000000001,50.0,17.81,-1.11,,,38.972,4.591,6.32,-0.81,19.4534838685,30.7679566129,,,,,,0.50051,38007504464.93,
300832,新产业,医疗器械,,46.42,62.377925476641984,51.32773109243698,19.518,50.0,49.57,-0.081,,,24.039,4.342,9.26,12.53,10.7754284117,73.4793556713,,,,,,0.5968,33860884716.16,
300144,宋城演艺,旅游及景区,,46.4,52.53956387752995,79.16666666666667,3.3719999999999994,50.0,5.59,0.0,,,17.917,2.012,4.52,-14.38,-11.4261558156,64.8627869468,,,,,,0.617,14431132786.46,
300910,瑞丰新材,化学制品,,46.36,47.8023640628585,68.83399209486166,19.236,50.0,28.09,2.931,,,11.236,2.835,10.49,12.06,16.8283459121,33.8547147926,,,,,,1.61376,7535875929.900001,
300331,苏大维格,光学光电子,,46.35,38.682756197559534,17.148148148148152,81.84133333333334,50.0,43.2,-0.644,-31.98992443324937,,-617.143,7.189,3.24,62.29,5.3932452586,27.0837765345,预增,81.905,-40.70820752127368,-13.0084575110753,,2.45311,9596051337.6,
600588,用友网络,软件开发,,46.33,49.79844672521428,22.33333333333334,23.24533333333333,100.0,9.25,1.537,0.6528835690968515,,-22.561,4.703,-13.52,1.6965858851,4.0782715718,44.7178254153,减亏,8.42,-22.852376980817347,-10.106899902818268,,0.82338,31607226033.25,
600161,天坛生物,生物制品,,46.33,23.840082171642855,73.69217830109336,3.0,100.0,12.12,-0.818,-0.7371007371007487,,22.036,2.007,2.51,-52.75,-16.5581890999,34.5911150403,预减,-51.75,-5.5339049103663385,-0.1647446457990198,,0.36755,23965741925.52,净利大幅下滑
600123,兰花科创,煤炭开采,,46.31,11.230705996357141,47.0,72.768,65.0,6.81,-2.296,12.935323383084562,,-18.581,0.657,0.55,44.6,18.3220666654,23.7979883949,预增,47.88,-7.848443843031127,-7.848443843031127,,1.20506,10032764543.01,疑似价值陷阱
600756,浪潮软件,IT服务Ⅱ,,46.31,49.80212118278572,43.07407407407408,22.418666666666663,75.0,13.95,2.8,12.5,,-17.222,2.238,-6.33,3.6942031464,3.7492524051,44.7229696559,减亏,5.32,-16.316736652669483,-4.320987654320996,,2.62778,4521177604.35,
688016,心脉医疗,医疗器械,,46.3,44.15,78.76750700280112,13.469999999999999,50.0,83.84,-0.581,,,18.03,2.427,7.66,2.45,11.1304471298,73.1291240796,,,,,,0.73571,10334295889.28,
601728,中国电信,通信服务,,46.28,48.44547983892858,83.94285714285714,3.0599999999999996,50.0,6.27,0.32,,,17.417,1.216,4.2,-14.9,-3.8643498262,28.1236717745,,,,,,0.09475,486738398942.73,
600135,乐凯胶片,塑料,,46.27,27.841402367571426,41.432432432432435,30.23866666666667,100.0,7.54,1.754,-3.209242618741981,,-42.265,1.776,-1.3716,38.786440444,14.9574166906,13.9779633146,减亏,34.645,-11.60609613130128,-0.2645502645502562,,1.22927,4171935526.46,
300008,天海防务,航海装备Ⅱ,,46.27,49.6138948135,46.285714285714285,39.276,50.0,6.24,0.645,,,36.132,4.223,7.29,45.46,21.268399712,18.9444527389,,,,,,1.63065,10780240043.04,
300453,三鑫医疗,医疗器械,,46.27,40.98806157157143,75.02521008403362,20.862,50.0,9.03,-0.111,,,17.647,3.157,8.65,14.77,9.9781593786,37.1082862002,,,,,,0.91327,3294310206.1800003,
688510,航亚科技,航空装备Ⅱ,,46.24,48.111044705688485,38.214285714285715,9.0,100.0,23.2,-2.316,-9.019607843137257,,59.487,4.961,4.18,-16.19,1.1388521784,38.6193279572,略减,-5.38,-15.01831501831502,-6.300484652665594,,2.18894,6030204505.6,
600237,铜峰电子,元件,,46.19,41.2665339865,89.71544715447155,5.513999999999999,50.0,9.03,2.847,,,47.526,2.876,2.6225,-10.81,-10.5729390298,23.5943975811,,,,,,5.92835,5640280628.85,
603658,安图生物,医疗器械,,46.14,47.76995820887534,83.0140056022409,4.236,50.0,33.61,-1.524,,,17.973,2.214,5.49,-12.94,-0.1155195144,66.6405725212,,,,,,0.47832,19205586452.48,
300672,国科微,半导体,,46.14,54.423041963428574,19.243902439024392,60.0,50.0,186.48,6.075,,,-173.583,10.094,5.02,872.78,85.8116429823,33.6222587488,,,,,,4.67166,39223767023.28,
601633,长城汽车,乘用车,,46.13,37.9371458415,56.00000000000001,3.0,100.0,13.66,-0.943,-11.413748378728927,,11.776,1.346,2.76,-61.11,10.58,18.4520041781,预减,-60.945,-19.741480611045827,-10.013175230566528,,0.18861,84872761400.34,净利大幅下滑
300481,濮阳惠成,电子化学品Ⅱ,,46.12,37.97637767357143,94.05128205128206,4.848,50.0,13.52,0.0,,,30.044,1.625,2.55,-11.92,5.7068730417,19.241928743,,,,,,1.82985,3921506825.6,
300725,药石科技,医疗服务,,46.09,43.816992989449744,57.49369217830109,34.302,50.0,52.23,1.26,,,59.352,2.675,1.82,37.17,15.1922699435,32.1415350206,,,,,,11.80868,10588083984.96,
301183,东田微,光学光电子,,46.01,40.60994558285715,14.629629629629626,80.68666666666667,50.0,292.12,3.589,38.478312396302464,,231.841,22.608,8.69,71.57,33.3551472014,25.732750312,预增,77.575,-6.899958568378106,27.185649599442694,,6.21483,17147320725.36,
300685,艾德生物,医疗器械,,45.97,70.42500000000001,54.65546218487394,4.728000000000001,50.0,21.0,0.719,,,23.077,4.325,8.17,-12.12,-3.451807731,82.459087228,,,,,,2.86961,8181324123.0,
301507,民生健康,化学制药,,45.97,62.8,55.811688311688314,12.719999999999999,50.0,13.32,1.679,,,40.364,2.947,5.12,1.2,15.7572746968,57.7757704148,,,,,,1.05494,4730575755.6,
600022,山东钢铁,普钢,,45.96,25.0,53.26923076923077,20.57703389694,100.0,1.3,2.362,2.3622047244094446,,130.0,0.732,-0.16,14.2950564949,-8.2246856215,7.8761135601,减亏,,-7.801418439716301,-2.985074626865669,,0.80927,13908504420.2,疑似价值陷阱
688293,奥浦迈,生物制品,,45.94,34.93405196742857,25.836837678721615,100.0,20.0,74.56,-0.374,68.49717514124293,,201.514,3.375,4.32,230.34,155.2432621603,43.7876727544,预增,229.0,-12.282352941176466,40.41431261770245,,4.88588,8735874442.88,60日涨幅已高
600761,XD安徽合,工程机械,,45.93,41.86532989448134,92.14285714285714,1.3199999999999994,50.0,14.7,-0.877,,,10.73,1.186,6.1,-17.8,12.1145493773,22.9280497284,,,,,,0.66601,13093183586.7,
301021,英诺激光,自动化设备,,45.93,58.45,13.594405594405595,60.0,50.0,80.29,-1.06,,,251.378,11.668,3.38,314.55,19.0238722341,49.1324548608,,,,,,3.75574,12259263156.42,
601528,瑞丰银行,银行Ⅱ,,45.93,46.1625,75.75757575757575,12.564,50.0,5.04,1.002,,,5.04,0.485,4.465,0.94,-1.9643523641,,,,,,,0.80518,9353085265.44,
603115,海星股份,元件,,45.9,20.065435379214286,45.32520325203252,74.216,50.0,71.23,-0.322,-30.595342492448594,,82.826,8.334,4.84,57.2,24.169597453,21.1516095309,预增,53.31,-45.51365409622886,-6.214614878209346,,2.20556,17421618598.0,
600400,红豆股份,服装家纺,,45.9,47.89811353935715,18.411764705882355,27.69733333333333,100.0,3.31,-0.301,1.533742331288357,,-18.389,5.901,-7.04,2.5889403318,-10.7918525898,42.0573589551,减亏,25.115,-8.05555555555556,13.35616438356164,,1.17545,7584440830.12,
300241,瑞丰光电,光学光电子,,45.87,13.235746865000001,71.29629629629629,56.316,50.0,5.72,0.704,,,60.851,1.751,2.36,73.86,27.4656706921,20.270045611,,,,,,1.92661,3438035509.48,
688475,萤石网络,计算机设备,,45.87,42.225,59.543010752688176,33.263999999999996,50.0,26.99,-0.809,,,37.512,3.612,6.89,35.44,6.3521377609,50.4721307147,,,,,,0.48297,21254625000.0,
603345,安井食品,食品加工,,45.85,48.70508440742857,60.00000000000001,24.972,50.0,79.05,2.343,,,17.966,1.664,5.2,21.62,21.8543360468,24.9871181704,,,,,,1.73511,23184909039.6,
603019,中科曙光,计算机设备,,45.83,22.526803154857145,42.09677419354839,34.189681039305,100.0,80.4,0.475,-14.974619289340096,,53.96,5.103,4.28,33.31,27.6215367812,26.5575244168,,,-25.209302325581397,-8.915826441599627,34.189681039305,0.70641,117629569257.6,
600547,山东黄金,贵金属,,45.82,56.301197718428575,48.0,27.701999999999998,50.0,26.49,1.261,,,28.181,3.686,10.15,26.17,-5.5986696921,18.2966768058,,,,,,3.01552,95746604262.03,
688095,福昕软件,软件开发,,45.79,26.325,51.5827664399093,60.0,50.0,56.39,1.622,,,167.927,1.974,0.53,386.05,11.4433005597,91.6935877957,,,,,,1.71632,5151763558.36,
601177,杭齿前进,通用设备,,45.78,22.153014483785714,89.79416809605489,26.76,50.0,13.64,0.22,,,21.565,1.857,5.44,24.6,11.297379309,21.9742202773,,,,,,0.95845,5488961060.0,
600050,中国联通,通信服务,,45.78,40.83065832042857,94.11428571428571,0.0,50.0,4.17,0.969,,,14.276,0.76,2.41,-34.8,0.5801484613,23.7279216486,,,,,,0.35995,129230006163.84,疑似价值陷阱
300270,中威电子,计算机设备,,45.75,50.555224678,22.33333333333334,60.0,50.0,10.69,5.528,,,-56.263,5.805,1.66,123.53,90.9776798185,39.9673145492,,,,,,6.18836,2745317115.76,
600479,千金药业,中药Ⅱ,,45.71,39.5,58.5,36.954,50.0,11.95,-1.808,,,17.981,1.946,5.8,41.59,5.5170931912,48.9259824573,,,,,,11.45282,5001160048.15,
600186,莲花控股,调味发酵品Ⅱ,,45.7,46.45980710607142,5.999999999999998,41.029333333333334,100.0,11.57,-3.744,0.2599653379549593,,64.278,10.287,12.46,50.98,18.1013261159,31.4337299485,略增,30.11,-25.83333333333333,0.0,,10.02475,20700330026.87,
688729,屹唐股份,半导体,,45.7,57.3954511345,53.671373555840816,20.261999999999997,50.0,22.59,0.489,,,94.125,7.31,4.38,13.77,-14.1244440228,40.0236315883,,,,,,1.57654,39492675343.53,
300471,厚普股份,专用设备,,45.69,49.66672816485714,23.151515151515152,60.0,50.0,9.9,1.434,,,532.258,2.819,5.16,518.55,8.3647055886,26.4734194308,,,,,,1.21039,3710163451.5,
600295,鄂尔多斯,冶钢原料,,45.69,49.87225881385714,44.99999999999999,37.913999999999994,50.0,12.84,0.627,,,15.286,1.679,6.27,43.19,5.8820324433,22.8761623394,,,,,,0.29819,25366399101.36,
600707,彩虹股份,光学光电子,,45.64,30.03335590742857,63.51851851851852,3.0,100.0,9.57,-7.803,-29.215976331360935,,92.019,1.587,0.46,-77.87,-1.7849008615,15.4366982704,预减,-88.425,-45.809739524348814,2.462526766595285,,7.46433,34333999335.24,净利大幅下滑
601216,君正集团,化学原料,,45.63,46.11534174092857,83.1055900621118,4.092,50.0,4.44,-0.448,,,11.292,1.364,5.64,-13.18,1.818933018,19.8214784373,,,,,,0.33755,37464797211.6,
300005,探路者,服装家纺,,45.62,29.75870080814286,26.764705882352942,100.0,25.0,10.62,0.855,-52.46195165622203,,113.583,4.37,2.54,155.06,42.3379638098,42.7721811314,预增,153.805,-56.52885796152272,-4.324324324324325,,2.78848,9308953948.32,
688360,德马科技,通用设备,,45.6,54.54317514142857,67.05546026300743,9.882,50.0,16.03,-0.988,,,44.528,2.822,5.32,-3.53,19.213048865,32.740445198,,,,,,1.76721,4227843042.01,
603883,老百姓,医药商业,,45.59,58.31694127935714,53.0,19.379999999999995,50.0,12.89,-0.922,,,25.78,1.401,6.61,12.3,2.0730426901,33.5087177911,,,,,,0.97957,9782095142.04,
600775,南京熊猫,通信设备,,45.58,27.678998232714285,36.90395480225988,32.2,100.0,9.29,0.216,-4.81557377049181,,794.017,2.748,-0.84,42.9191683799,28.4349978307,13.7505975258,减亏,42.0,-13.177570093457946,-4.522096608427562,,1.64953,6241379934.41,
600060,海信视像,黑色家电,,45.57,43.61431090921428,70.0,19.938000000000002,50.0,27.23,-0.11,,,14.423,1.607,5.49,13.23,3.7066715876,16.8450352729,,,,,,0.38351,35534394476.42,
600712,南宁百货,一般零售,,45.57,13.080725118857146,20.03448275862069,86.55733333333333,75.0,5.4,0.559,9.756097560975618,,-71.146,3.886,0.19,110.5906835794,-2.4469918649,27.6480151664,扭亏,110.84,-20.937042459736453,-2.1739130434782483,,2.43199,2908701203.4,
300487,蓝晓科技,塑料,,45.57,69.7215004912037,49.849849849849846,8.76,50.0,66.95,0.105,,,37.825,7.448,9.09,-5.4,10.4700247046,55.4817647256,,,,,,0.6695,20622244158.1,
688513,苑东生物,化学制药,,45.56,60.824999999999996,60.259740259740255,9.006,50.0,50.36,1.737,,,30.896,3.031,4.33,-4.99,0.6798602713,77.4353433069,,,,,,0.99907,8890164412.16,
603178,圣龙股份,汽车零部件,,45.56,6.6929256562857145,23.666666666666668,90.55733333333333,75.0,16.42,1.108,10.497981157469738,,-18.449,3.425,1.23,125.4341826778,-5.4680161354,15.0650959188,扭亏,125.84,-8.01120448179271,-8.01120448179271,,4.77946,3881883086.02,
600126,杭钢股份,普钢,,45.54,0.15,15.384615384615385,86.60799999999999,100.0,5.99,1.182,1.1824324324324342,,599.0,1.041,0.06,110.9675984536,-57.4904222751,3.3104949815,扭亏,111.03,-18.834688346883468,-8.82800608828006,,0.69847,20229362607.17,
301510,固高科技,自动化设备,,45.52,49.58410025879629,22.57342657342657,60.0,50.0,27.5,2.881,,,171.875,7.402,5.67,170.98,59.7708874941,47.2165711465,,,,,,1.47247,10450914100.0,
688259,创耀科技,半导体,,45.51,41.79831405178571,91.89987163029525,0.0,50.0,32.71,-0.608,,,46.07,2.321,0.76,-63.16,-9.0211872667,30.8576396725,,,,,,1.1015,3653707000.0,净利大幅下滑
688795,摩尔线程,半导体,,45.51,25.0,14.121951219512196,97.932,50.0,409.48,0.147,-35.56671020125568,,-165.781,15.806,-0.1,95.732267092,147.4213793771,67.3514013135,预增,142.245,-46.05006587615284,-23.588796208177044,,5.70856,22930880000.0,
600592,龙溪股份,通用设备,,45.51,52.28057098607143,78.09033733562036,1.2239999999999993,50.0,14.73,0.341,,,35.071,2.259,2.03,-17.96,-18.8528293575,41.0877993805,,,,,,4.12554,5885424100.83,
300227,光韵达,自动化设备,,45.46,37.95991128378572,36.27272727272728,60.0,50.0,10.06,-0.198,,,-18.1,3.764,1.0,728.49,117.9003789939,24.6438757973,,,,,,3.34454,4590221858.74,
600322,津投城开,房地产服务,,45.46,7.617480827714286,9.000000000000002,83.68666666666667,100.0,2.79,4.887,-5.102040816326525,,-2.264,40.435,0.42,100.0621799038,-91.2636341228,19.1944731588,扭亏,100.075,-9.708737864077666,2.19780219780219,,3.63873,3084903000.0,
603236,移远通信,通信设备,,45.42,26.01293223464286,81.76271186440678,28.704,50.0,70.3,-1.61,,,21.969,3.87,8.38,27.84,32.1566895914,17.0881051285,,,,,,2.06458,28497170607.4,
605100,华丰股份,通用设备,,45.42,4.871225391928572,23.459119496855344,72.36266666666667,100.0,34.55,2.981,-8.209351753453786,,265.769,4.575,1.05,43.86,32.5846067785,13.1447155487,预增,46.36,-16.80712737779919,6.767614338689731,,1.76436,8219610840.0,
600777,新潮能源,油气开采Ⅱ,,45.39,43.237056064071425,46.66666666666667,3.0,100.0,4.0,-0.498,-4.534606205250602,,22.222,1.21,1.4455,-65.59,-21.5195100538,30.4726284897,预减,-72.1,-26.739926739926744,-1.7199017199017286,,0.1499,25464609564.0,净利大幅下滑
688755,汉邦科技,专用设备,,45.39,28.55509388985714,59.47474747474748,47.831999999999994,50.0,29.21,-1.848,,,38.434,2.6,3.5,59.72,19.7500912058,37.7271314458,,,,,,4.21522,2332919714.39,
300552,万集科技,计算机设备,,45.38,38.67000178757143,42.33333333333334,52.782,50.0,20.15,2.492,,,-23.717,2.483,-1.84,67.97,15.8626141062,29.1380025026,,,,,,2.31356,2779848178.9,
688370,丛麟科技,环境治理,,45.38,39.25954827048215,34.41269841269842,60.0,50.0,28.67,0.28,,,168.647,1.497,0.84,294.48,-3.2721541822,33.1508527318,,,,,,0.88835,3930882890.93,
300711,广哈通信,通信设备,,45.38,52.5,78.5084745762712,0.0,50.0,17.35,1.939,,,45.124,3.242,1.0,-52.11,29.5839871465,50.5447527833,,,,,,1.57581,4310205049.400001,净利大幅下滑
603871,嘉友国际,物流,,45.34,54.71029975427712,45.46052631578947,30.233999999999998,50.0,11.82,-1.171,,,14.071,2.583,11.57,30.39,-2.8813292734,21.5108156424,,,,,,0.40133,16169862337.56,
688083,中望软件,软件开发,,45.34,50.0,29.115646258503407,52.24716240678,50.0,50.5,-0.786,,,420.833,3.286,-0.65,67.0786040113,7.924265346,97.0561927495,,,,,,0.72029,8567135423.0,
300891,惠云钛业,化学原料,,45.33,1.45,27.571428571428573,100.0,65.0,7.7,2.667,14.754098360655732,,-48.125,2.516,0.58,46.21,11.6437040235,8.9724456788,预增,164.6,-2.777777777777779,0.7853403141361293,,1.91381,2567752610.5,
603393,新天然气,燃气Ⅱ,,45.33,56.220217615,73.84615384615385,0.0,50.0,24.52,-1.487,,,12.905,1.073,4.12,-37.95,-6.5837427553,39.288304661,,,,,,0.91633,10394550938.04,
301038,深水规院,工程咨询服务Ⅱ,,45.32,26.5,49.480519480519476,60.0,50.0,17.41,6.418,,,73.678,4.232,0.6,190.91,12.4651816706,-11.7986041583,,,,,,3.12103,3883822800.000001,
300986,志特新材,专业工程,,45.32,45.58913515771428,67.71929824561404,18.87,50.0,11.15,0.996,,,25.93,2.876,3.82,11.45,20.0981301218,25.4547892208,,,,,,1.96902,6414784248.95,
688667,菱电电控,汽车零部件,,45.3,47.68146696664285,41.76190476190476,42.234,50.0,102.79,4.081,,,39.383,2.984,3.55,50.39,-28.0514182127,29.3290537533,,,,,,1.39268,5416566025.03,
688826,频准激光,光学光电子,,45.3,66.925,18.333333333333336,42.57333333333334,50.0,737.75,-2.427,,,138.936,51.522,16.77,24.58,42.1322762566,69.2143032755,略增,35.9,-35.959201388888886,-13.12411681582667,,6.74248,5620003915.499999,
688135,利扬芯片,半导体,,45.28,40.17529876035715,32.90243902439025,60.0,50.0,37.53,-0.372,,,-750.6,5.477,1.1,317.7428118994,25.4515512893,27.3954182645,,,,,,4.05265,8748390905.73,
300181,佐力药业,中药Ⅱ,,45.27,55.92525330385727,61.74999999999999,12.227999999999998,50.0,12.98,0.077,,,14.109,2.737,11.25,0.38,10.2963297377,63.8345744962,,,,,,0.62881,7820429478.62,
603889,新澳股份,纺织制造,,45.25,28.738347125357144,82.3809523809524,24.138,50.0,5.97,0.336,,,9.045,1.508,8.53,20.23,20.8369039222,20.3786859755,,,,,,0.62956,5624560015.320001,
300017,网宿科技,IT服务Ⅱ,,45.25,52.18292311604471,70.35137701804368,8.034,50.0,14.69,-0.474,,,44.515,3.529,3.24,-6.61,-1.3807909051,37.0827829738,,,,,,3.20938,34763438468.07,
600900,长江电力,电力,,45.19,66.375,41.29817444219067,19.811999999999998,50.0,28.38,-0.595,,,20.126,3.213,6.55,13.02,3.3562259885,55.6463177522,,,,,,0.27658,694408018780.08,
601166,兴业银行,银行Ⅱ,,45.18,46.975,75.15151515151514,9.203999999999999,50.0,17.79,0.113,,,5.142,0.449,4.79,-4.66,-0.2543953358,,,,,,,0.25209,376487270736.27,
600519,贵州茅台,白酒Ⅱ,,45.17,85.97335261328381,26.666666666666668,10.83,50.0,1235.58,-0.667,,,18.818,6.147,16.75,-1.95,1.3000994756,89.7592176242,,,,,,0.21092,1544575824563.6,
600480,凌云股份,汽车零部件,,45.16,39.15118267942857,93.66666666666667,0.0,50.0,7.67,0.261,,,11.116,1.162,3.69,-29.73,4.493295109,16.8966557512,,,,,,0.64712,9305130039.14,
603733,仙鹤股份,造纸,,45.16,43.00506380007143,68.71794871794872,20.328000000000003,50.0,17.6,-3.825,,,12.308,1.615,5.82,13.88,5.230095011,14.8370893201,,,,,,1.2014,14383656848.0,
600356,恒丰纸业,造纸,,45.16,41.826781581714286,67.6923076923077,22.77,50.0,10.42,-5.787,,,15.788,1.117,4.01,17.95,2.423434,19.5224942144,,,,,,9.97445,3112780958.76,
603709,中源家居,家居用品,,45.14,13.79837789592857,17.571428571428573,94.42666666666666,65.0,12.86,0.078,19.32819894219171,,-55.913,4.112,0.66,135.0975037572,39.6967206253,27.0077290543,扭亏,140.35,0.0,2.3070803500397696,,2.64379,2091576775.86,
688275,万润新能,电池,,45.1,31.131332389928573,43.029850746268664,60.0,50.0,68.3,6.023,,,-18.36,1.534,11.21,326.5605906087,180.1342058853,14.3488653459,,,,,,3.51832,8473379140.4,
688697,纽威数控,通用设备,,45.08,31.085710313285713,68.05603201829618,34.955999999999996,50.0,14.59,-1.352,,,21.776,5.129,9.28,38.26,30.4267243378,21.0399944386,,,,,,0.74638,9341491619.88,
300582,英飞特,光学光电子,,45.08,42.76944763585714,29.000000000000004,60.0,50.0,10.6,1.145,,,-6.272,3.526,2.4,150.87,3.3545987709,26.4772266902,,,,,,1.56845,2398919294.6,
600000,浦发银行,银行Ⅱ,,45.07,44.9,70.30303030303031,4.082456199348,65.0,9.18,0.218,8.000000000000007,,6.039,0.406,3.96,4.08,3.5534844687,,,,-5.458290422245115,0.2183406113537067,4.082456199348,0.24173,305747595594.0,
600118,中国卫星,航天装备Ⅱ,,45.02,29.22366745492857,7.999999999999999,97.0,50.0,55.27,-1.497,-33.520171281483805,,1842.333,10.205,0.54,213.3620952489,42.7240432654,14.0231344369,扭亏,181.89,-39.42880939856216,-8.508525078629358,,1.09216,65356174491.450005,
600219,南山铝业,工业金属,,45.02,36.4588843807619,92.97491039426524,3.36,50.0,4.62,2.895,,,11.268,1.064,4.41,-14.4,7.5268313796,21.6381072149,,,,,,0.79302,53054701202.58,
301103,何氏眼科,医疗服务,,45.01,54.90972946671428,65.92094196804037,8.219999999999999,50.0,17.02,3.465,,,98.382,1.408,2.18,-6.3,4.4635904402,44.2436212534,,,,,,4.24846,2070204144.32,
600066,宇通客车,商用车,,45.01,64.30951446328572,53.0,9.888,50.0,26.34,0.458,,,10.494,4.494,11.85,-3.52,3.6524784174,23.5583202486,,,,,,0.72916,58315159133.82,
603989,艾华集团,元件,,45.0,19.72081297042857,94.02439024390243,22.325999999999997,50.0,28.0,-0.143,,,42.131,2.811,4.28,17.21,15.3532638586,22.6291381586,,,,,,3.51803,11165836080.0,
300643,万通智控,汽车零部件,,44.99,62.081083120431835,50.619047619047606,14.862,50.0,18.22,5.93,,,26.794,3.201,7.69,4.77,6.1994054189,36.3031056455,,,,,,2.65984,4210629300.66,
603305,旭升集团,汽车零部件,,44.99,40.59530644864285,68.14285714285715,23.088,50.0,11.11,0.09,,,29.237,1.382,2.55,18.48,15.8581272481,22.9084290281,,,,,,1.06748,12839922057.16,
300319,麦捷科技,元件,,44.98,36.47905836064286,83.45528455284553,12.672,50.0,18.85,0.266,,,52.405,3.386,3.05,1.12,10.5330097309,15.3956817049,,,,,,6.28697,16046443647.0,
600886,国投电力,电力,,44.97,62.625,56.83569979716023,7.902000000000001,50.0,15.15,-1.174,,,16.528,1.828,5.05,-6.83,-7.047750587,45.045652877,,,,,,0.43108,112930823924.55,
600397,江钨装备,专用设备,,44.95,39.19044797021429,9.000000000000002,83.77999999999999,50.0,15.94,-0.994,-30.96578605456908,,-54.966,81.702,0.63,100.4329851255,-93.7251584467,27.6616271583,扭亏,100.425,-46.7779632721202,-16.849243609806997,,3.67253,15779960519.08,
688392,骄成超声,电池,,44.94,54.275862571728396,16.18507462686567,58.428000000000004,50.0,161.6,1.38,,,155.385,9.885,5.57,77.38,38.2379527382,66.7677192708,,,,,,1.34428,18702510976.0,
300627,华测导航,通信设备,,44.94,44.074999999999996,73.64971751412429,13.23,50.0,26.25,0.923,,,29.762,4.773,7.63,2.05,5.2026590957,60.4010221414,,,,,,0.74024,17249711220.0,
300790,宇瞳光学,计算机设备,,44.94,40.564494301603176,70.88709677419355,20.189999999999998,50.0,18.11,0.166,,,27.439,3.398,4.5,13.65,25.8698553718,21.8856178528,,,,,,2.89668,8275237295.360001,
300818,耐普矿机,通用设备,,44.92,17.029254464642857,79.26243567753002,0.0,100.0,16.0,1.33,-16.969382459782047,,34.357,1.966,-0.63,-169.24,20.3791320773,33.8409562505,首亏,-212.945,-25.78849721706864,-15.567282321899734,,1.97832,2274115296.0,净利大幅下滑
301458,钧崴电子,元件,,44.9,53.24494416369048,59.10569105691057,16.584,50.0,36.7,2.629,,,73.4,5.955,4.36,7.64,23.0128047343,47.5544476192,,,,,,4.60973,4311588922.9,
301028,鼎熔岩,通用设备,,44.88,33.916214644,82.86449399656948,15.941999999999998,50.0,13.16,0.92,,,21.574,2.904,7.79,6.57,18.6916362052,30.2177005016,,,,,,1.60224,3297894670.84,
600757,长江传媒,出版,,44.87,39.51544563922222,92.05533596837945,0.0,50.0,7.41,1.091,,,8.821,0.9,4.67,-29.49,-16.6533576996,35.6756433938,,,,,,0.50494,8992013533.23,
600639,浦东金桥,房地产开发,,44.87,51.60850041285714,77.55555555555556,0.0,50.0,9.75,1.563,,,10.108,0.744,0.81,-29.97,11.2121327638,44.416900578,,,,,,0.64441,8289807854.25,疑似价值陷阱
600151,航天机电,汽车零部件,,44.86,25.479657125785714,28.000000000000004,40.87733333333333,100.0,9.14,-0.436,-14.01693320790216,,-29.455,2.969,-0.3035,93.7646910768,-18.8073507941,10.6715199761,减亏,74.54,-20.104895104895093,-8.599999999999996,,0.82707,13109065903.18,
688268,华特气体,电子化学品Ⅱ,,44.82,50.27546603185714,40.76923076923077,38.19466666666666,50.0,123.35,-0.636,-41.73358526216344,,109.159,5.921,4.34,19.16,28.9507633274,30.1956524446,略增,19.48,-55.54153901603893,-19.678322589047337,,1.58554,15749579387.3,
601083,锦江航运,航运港口,,44.81,58.045147512571425,60.83333333333334,8.741999999999999,50.0,12.62,-1.175,,,10.879,1.766,7.94,-5.43,10.1615910563,28.4732065176,,,,,,2.30385,2449794400.0,
600178,东安动力,汽车零部件,,44.81,25.0,32.047619047619044,37.19733333333334,100.0,9.92,-1.587,-2.830835537271037,,371.536,1.815,-0.35,-327.86,0.1263151499,3.2265519789,减亏,60.74,-2.830835537271037,1.6393442622950838,,3.13355,4627443517.12,净利大幅下滑
605088,冠盛股份,汽车零部件,,44.79,47.31064670721429,82.38095238095238,0.0,50.0,23.75,-2.823,,,15.224,1.661,4.26,-22.33,17.9711033521,26.3249053901,,,,,,4.94077,4778354958.75,
603920,世运电路,元件,,44.79,30.752464707428572,79.26829268292683,3.0,75.0,46.13,7.154,7.7551973837888255,,48.558,5.258,1.29,-78.11,16.8440432291,13.5384505904,预减,-78.265,-12.18351418237198,19.35316946959897,,5.58616,33240923583.21,净利大幅下滑；当日已大涨
300230,永利股份,塑料,,44.77,24.486444941000002,96.6966966966967,13.014000000000001,50.0,4.36,0.693,,,20.742,1.114,3.48,1.69,13.6474413872,32.1010229174,,,,,,1.16532,2746026095.64,
605507,国邦医药,化学制药,,44.75,44.00931491604406,86.16883116883118,0.0,50.0,17.87,-2.456,,,12.074,1.665,3.96,-25.07,3.8378674034,23.0635725675,,,,,,0.88849,13980646323.0,
688809,强一股份,半导体,,44.75,47.45179356363049,33.26059050064185,48.779999999999994,50.0,493.74,6.685,,,121.611,15.366,5.35,61.3,66.7048399187,64.5351443825,,,,,,5.16586,12793744468.44,
300639,凯普生物,医疗器械,,44.73,26.116505144357145,47.58823529411765,60.0,50.0,6.2,-1.431,,,-29.524,1.053,0.83,134.89,-4.7377468961,43.6581072021,,,,,,2.39551,3907253305.2,
605077,华康股份,化学制品,,44.72,4.241245201714286,90.81027667984189,3.0,100.0,11.31,-1.309,1.6172506738544534,,17.136,1.148,1.3,-68.61,32.9757986554,11.3877432824,预减,-65.22,-17.924528301886788,1.800180018001818,,1.93107,3389710803.18,净利大幅下滑
300403,汉宇集团,家电零部件Ⅱ,,44.72,51.19449358564285,77.43589743589745,0.0,50.0,8.7,-0.229,,,22.217,2.339,3.97,-24.0,0.3671295193,32.7772910199,,,,,,1.00391,3811999073.1,
300568,星源材质,电池,,44.7,41.77562438428571,28.674626865671648,60.0,50.0,16.01,-0.682,,,588.603,2.198,2.08,103.08,39.7246986951,26.205874138,,,,,,4.16853,19352002550.94,
301019,宁波色母,塑料,,44.69,32.82799825116667,79.33933933933935,20.016000000000002,50.0,15.9,1.533,,,23.731,2.962,5.25,13.36,21.0833026674,37.2540188858,,,,,,1.3152,2307831862.2,
603897,长城科技,电网设备,,44.69,39.1,77.87462686567164,13.950000000000001,50.0,29.01,2.22,,,18.961,2.52,5.64,3.25,20.6780488467,4.6271608217,,,,,,2.79602,5988699105.81,
603890,春秋电子,消费电子,,44.68,38.413053598785716,92.63157894736842,0.0,50.0,14.91,-0.067,,,23.297,2.351,2.17,-22.81,14.1836746056,21.1832750383,,,,,,2.44602,7514882555.88,
300775,三角防务,航空装备Ⅱ,,44.68,41.806573722785714,88.57142857142857,0.0,50.0,19.98,-1.04,,,28.141,1.864,0.68,-84.87,-38.1261275717,31.1492032119,,,,,,1.24848,10622247459.66,净利大幅下滑
688399,硕世生物,医疗器械,,44.66,26.674999999999997,46.64705882352941,60.0,50.0,26.78,-0.741,,,-54.653,1.129,0.67,390.02,-16.0346129527,58.7170584904,,,,,,1.06446,3324205336.66,
601318,中国平安,保险Ⅱ,,44.66,57.49999999999999,36.0,33.660000000000004,50.0,52.5,0.191,,,6.836,0.925,9.0,36.1,15.010118462,,,,,,,0.40413,559653416857.5,
300277,汽轮科技,IT服务Ⅱ,,44.65,43.1855393335,36.04938271604938,50.724000000000004,50.0,12.62,-0.63,,,1912.121,1.97,2.62,64.54,14.2264796117,26.2897550669,,,,,,1.1233,9659957369.32,
688125,安达智能,自动化设备,,44.63,50.0,25.000000000000007,53.503165409880005,50.0,115.01,1.42,,,-87.129,5.178,-0.99,69.1719423498,27.8004591113,47.2318659137,,,,,,1.12787,9454229825.46,
300357,我武生物,生物制品,,44.6,49.167885258380906,55.03784693019343,24.354,50.0,19.82,-0.402,,,27.24,3.768,7.87,20.59,6.1805311763,95.2453899267,,,,,,1.06208,9620909543.099998,
688561,奇安信,软件开发,,44.57,50.0,38.33333333333334,39.945516385080005,50.0,29.86,0.302,,,-15.799,2.894,-5.68,46.5758606418,-14.0946679779,53.9898280626,,,,,,3.2094,20372066368.5,
688591,泰凌微,半导体,,44.56,34.9,85.73812580231066,10.613999999999999,50.0,31.11,0.517,,,57.611,2.98,3.96,-2.31,7.3697209446,48.378868728,,,,,,1.75907,6108412070.19,
300611,美力科技,汽车零部件,,44.52,56.90894734564286,30.85714285714285,38.922000000000004,50.0,27.79,2.395,,,40.275,4.544,8.88,44.87,131.7325104312,23.5925262839,,,,,,2.13186,4121339814.2,
600216,浙江医药,化学制药,,44.45,32.618365658917995,92.66233766233766,6.005999999999999,50.0,12.18,-1.056,,,13.385,1.005,5.37,-9.99,1.4645774196,35.0551583313,,,,,,0.87545,11587923805.499998,
600312,平高电气,电网设备,,44.42,31.39776403907143,74.26268656716417,25.722,50.0,19.95,1.527,,,24.173,2.281,7.01,22.87,-5.6390449045,29.4218696547,,,,,,1.56945,27070580114.55,
688202,美迪西,医疗服务,,44.4,18.04289217928571,10.951219512195125,97.0,60.0,103.96,-1.273,33.62467866323906,,-81.858,6.974,2.63,500.0698589793,40.9074656653,26.055049051,扭亏,263.675,-11.20601298257602,8.915662650602396,,4.08806,13967253048.64,
603181,皇马科技,化学制品,,44.38,36.521151536735594,78.00395256916997,15.677999999999997,50.0,12.19,0.578,,,16.039,1.986,6.43,6.13,10.3600097765,28.4136297995,,,,,,0.68575,7176253000.0,
601619,嘉泽新能,电力,,44.38,57.400000000000006,68.64097363083164,0.0,50.0,3.86,1.312,,,13.786,1.461,2.96,-48.4,-7.6400961859,53.8131430077,,,,,,1.42405,9778340595.74,
688071,华依科技,专用设备,,44.35,40.694234188857145,28.55555555555556,60.0,50.0,36.4,3.233,,,-49.863,3.025,0.72,234.6061420937,19.4674539748,29.4519278644,,,,,,2.98328,3086345953.6,
603610,麒盛科技,家居用品,,44.34,39.70585435430159,46.71428571428571,3.0,100.0,13.18,0.765,-25.704622322435167,,45.448,1.53,0.94,-72.54,18.2207201097,31.7654891928,预减,-71.275,-31.35416666666666,-10.704607046070455,,1.3519,4652429564.78,净利大幅下滑
688195,腾景科技,光学光电子,,44.33,31.892914233000003,7.222222222222226,71.84133333333334,75.0,181.24,3.928,14.912503170175007,,329.527,31.494,4.98,36.88,63.3434702369,37.2200799262,预增,44.405,-12.785717722919976,-7.943925233644855,,2.96947,32820751600.0,
603027,千禾味业,调味发酵品Ⅱ,,44.32,61.487689243714286,42.00000000000001,21.509253343139996,50.0,7.12,-0.697,,,27.259,2.657,5.79,15.8487555719,6.3455862126,40.8177649412,,,,,,0.49839,9474858917.44,
300002,神州泰岳,游戏Ⅱ,,44.32,60.441511748084295,64.76190476190476,0.0,50.0,7.94,1.405,,,19.427,1.983,4.88,-25.03,20.453892238,49.8865000526,,,,,,0.81764,14697329480.82,
688603,天承科技,电子化学品Ⅱ,,44.27,32.489314069857144,13.589743589743591,44.492000000000004,100.0,112.6,0.133,-25.023305366893062,,162.154,11.307,5.03,67.72,43.7403461083,37.8800396978,略增,43.095,-45.85236835777832,-5.50520308828466,,2.40642,14043981402.400002,
300913,兆龙互连,通信设备,,44.25,39.55550570361963,66.66666666666667,22.878,50.0,36.25,0.611,,,48.986,4.701,3.99,18.13,25.6018208553,21.0700063,,,,,,2.98943,10362219100.0,
603339,四方科技,通用设备,,44.23,16.576622276642855,90.33733562035448,26.688000000000002,50.0,12.17,0.0,,,24.34,1.35,3.2,24.48,12.0457460455,22.0072711873,,,,,,1.37484,3765899099.75,
603617,君禾股份,通用设备,,44.19,42.3215473395,70.93196112064037,15.054,50.0,6.85,1.182,,,52.692,1.704,2.09,5.09,20.3546268696,26.9351662753,,,,,,1.52224,2649075408.4500003,
300575,中旗股份,农化制品,,44.18,33.69878399092857,36.27272727272728,60.0,50.0,6.1,0.329,,,-14.878,1.454,2.52,181.57,16.1534116492,13.3582975873,,,,,,2.45301,2112562467.6,
300825,阿尔特,汽车服务,,44.18,45.3070397545,22.33333333333334,60.0,50.0,11.5,-1.203,,,-22.474,2.766,1.29,144.98,19.6160142604,33.9148556563,,,,,,3.67458,5571610850.0,
603599,广信股份,农化制品,,44.17,41.14755034332773,74.18181818181819,13.104,50.0,10.12,-0.881,,,14.056,0.901,3.52,1.84,-14.4303052991,34.9757659436,,,,,,0.71253,9211925771.4,
300432,富临精工,电池,,44.16,39.6,40.16716417910448,48.948,50.0,12.81,1.425,,,51.22,4.551,5.84,61.58,90.0582207015,9.3450347018,,,,,,1.40184,21680379268.38,
688321,微芯生物,化学制药,,44.16,47.50854479250335,19.610389610389607,60.0,50.0,24.92,-1.15,,,199.36,4.549,3.14,141.21,33.6032956103,85.7984833318,,,,,,1.39073,11038105718.64,
600027,华电国际,电力,,44.14,41.282062222071424,87.0182555780933,0.0,50.0,4.86,-0.613,,,9.918,1.134,5.76,-20.47,-9.4878166654,12.6348871109,,,,,,0.69812,44788191809.21999,
301111,粤万年青,中药Ⅱ,,44.13,51.05,15.250000000000002,60.0,50.0,22.0,1.711,,,-733.333,4.719,0.42,144.15,-6.4698683743,52.5884261516,,,,,,2.16932,3519978550.0,
600928,西安银行,银行Ⅱ,,44.1,44.5,69.6969696969697,13.284,50.0,3.48,0.87,,,5.8,0.426,3.8,2.14,8.7714892494,,,,,,,0.47978,15393272149.68,
688192,迪哲医药,化学制药,,44.09,50.0,10.818181818181818,45.544000000000004,75.0,55.82,0.613,12.76767676767676,,-32.643,22.978,-17.21,44.2512984675,47.2367976733,95.9249079894,略增,47.04,-17.42603550295857,-4.221002059025391,,0.89286,25744970615.44,
603697,有友食品,休闲食品,,44.08,51.15750101207408,54.285714285714285,20.652,50.0,9.49,0.105,,,22.07,2.237,6.82,14.42,34.0824517139,24.2593244682,,,,,,1.34783,4058798010.02,
600805,悦达投资,综合Ⅱ,,44.07,28.84892694242857,41.66666666666667,60.0,50.0,4.63,1.758,,,107.674,0.917,1.38,321.64,8.5862476668,10.5584977194,,,,,,0.90761,3936774953.84,疑似价值陷阱
300401,花园生物,化学制药,,44.05,59.3,64.05844155844156,0.996,50.0,15.33,0.591,,,27.375,2.515,3.72,-18.34,8.9313600105,48.8711064671,,,,,,2.94055,8217345556.769999,
603170,宝立食品,调味发酵品Ⅱ,,44.05,48.45066392371925,60.0,18.078,50.0,13.53,3.361,,,20.5,3.631,8.42,10.13,16.0772397173,33.4900729947,,,,,,2.89985,5412135300.0,
300999,金龙鱼,农产品加工,,44.02,30.9,68.57142857142857,30.414,50.0,23.97,-0.868,,,41.328,1.333,2.36,30.69,6.1974485075,6.7719831737,,,,,,1.32298,13007250915.09,
603819,神力股份,电机Ⅱ,,44.0,6.175000000000001,29.230769230769226,99.34933333333333,50.0,16.54,-1.371,21.61764705882352,,183.778,4.41,2.47,155.03,5.3166292796,8.9472314375,预增,147.56,-4.558568955568376,9.827357237715797,,3.28636,3601257292.98,
601107,四川成渝,铁路公路,,43.97,54.15557983628572,57.720588235294116,13.164000000000001,50.0,6.04,0.667,,,12.978,1.094,4.6,1.94,12.6523035826,34.7178117708,,,,,,0.42107,13062949600.0,
300717,华信新材,塑料,,43.96,49.676222243714285,74.77477477477477,1.446,50.0,19.73,3.787,,,36.537,2.734,3.18,-17.59,6.131514718,33.4167111412,,,,,,3.23907,2009567582.0,
600328,中盐化工,化学原料,,43.96,25.0,65.83850931677019,0.0,100.0,5.59,0.179,-10.12861736334405,,110.913,0.701,-2.3,-616.44,-18.5193983179,2.0814096069,首亏,-615.98,-15.622641509433963,-12.928348909657316,,0.5848,8196670289.47,疑似价值陷阱；净利大幅下滑
601919,中远海控,航运港口,,43.95,44.42222713264286,82.5,0.0,50.0,16.33,-0.79,,,8.206,1.067,5.7,-23.48,2.5870029553,17.2411179857,,,,,,0.59158,205048248638.45,
600798,宁波海运,航运港口,,43.92,0.0,26.66666666666667,97.0,65.0,3.38,-0.588,7.987220447284349,,148.899,1.04,-0.24,76.0520889974,65.9934434943,2.9927615561,扭亏,150.9,-6.111111111111112,3.0487804878048808,,0.93582,4078085599.38,
300130,新国都,计算机设备,,43.9,29.497056685,89.19354838709677,11.016,50.0,18.04,2.21,,,21.735,2.264,6.07,-1.64,26.9019140826,30.050879359,,,,,,1.28995,7839176808.759999,
600011,华能国际,电力,,43.89,52.12578756878572,73.02231237322515,0.0,50.0,6.95,0.144,,,9.392,1.691,8.13,-28.89,-4.5728479478,19.5211025963,,,,,,0.78269,76434083937.05,
603799,华友钴业,能源金属,,43.86,29.859616072743943,70.0,29.628,50.0,34.03,-0.322,,,10.189,1.267,7.05,29.38,49.3890763568,20.6858057119,,,,,,1.40975,64235272913.91,
601369,陕鼓动力,专用设备,,43.86,42.27785316557143,84.66666666666667,0.035999999999999234,50.0,8.42,-2.32,,,19.259,1.615,3.67,-19.94,2.440471072,21.3439944318,,,,,,0.45483,14494062289.400002,
688313,仕佳光子,通信设备,,43.85,63.51206115642858,20.0225988700565,39.18,50.0,153.7,5.636,,,186.642,40.461,18.51,45.3,50.6601605112,34.131885619,,,,,,3.4834,69470298613.6,
600382,广东明珠,冶钢原料,,43.82,58.25,60.00000000000001,5.382,50.0,5.57,0.36,,,19.724,1.183,3.3,-11.03,8.6086949636,57.1763722129,,,,,,0.96385,3611126363.97,
688301,奕瑞科技,医疗器械,,43.8,43.796643004530424,57.904761904761905,24.749999999999996,50.0,83.72,-1.471,,,26.163,3.4,6.37,21.25,56.658321703,45.8347628203,,,,,,1.5276,26238634549.4,
688600,皖仪科技,通用设备,,43.8,34.675,33.59062321326473,60.0,50.0,34.95,0.576,,,79.432,5.902,3.87,2863.13,26.776250837,49.0283905193,,,,,,3.08267,4708061725.5,
300171,东富龙,医疗器械,,43.78,18.074498257214287,53.41176470588236,60.0,50.0,15.9,-2.274,,,61.154,1.527,1.35,134.49,4.367037004,30.5792975601,,,,,,2.95623,8915085845.699999,
601956,东贝集团,家电零部件Ⅱ,,43.76,25.0,65.02564102564104,0.0,100.0,5.07,-0.197,3.0487804878048808,,41.354,1.338,-2.01,-172.73,3.6698900514,8.8476633748,首亏,-251.01,-1.3618677042801397,0.5952380952380931,,1.34433,3151596111.3,净利大幅下滑
600335,国机汽车,汽车服务,,43.75,30.84744213507143,73.33333333333334,24.647999999999996,50.0,5.21,0.774,,,18.488,0.666,2.21,21.08,-8.7135074655,10.4514189891,,,,,,0.61104,7749650407.320001,疑似价值陷阱
300492,华图山鼎,教育,,43.75,75.0,44.99999999999999,0.0,50.0,20.61,-0.145,,,16.756,27.698,22.11,-84.71,-10.4917511796,61.0675504451,,,,,,0.75504,5674055856.21,净利大幅下滑
300756,金马游乐,专用设备,,43.74,56.59036137042717,37.858585858585855,29.195999999999998,50.0,30.08,-2.559,,,58.98,4.476,3.08,28.66,25.53419739,44.4484782035,,,,,,2.84721,5775238807.68,
300466,赛摩智能,通用设备,,43.72,44.56170582898127,21.424242424242422,60.0,50.0,7.23,3.138,,,-90.15,5.53,1.79,181.52,6.3498236335,42.9106791033,,,,,,1.38666,3329710171.98,
301161,唯万密封,工程机械,,43.69,45.75030925369841,42.142857142857146,37.698,50.0,29.19,-0.205,,,39.986,3.553,7.11,42.83,15.3516250818,42.0401995524,,,,,,2.21056,2253397214.25,
301160,翔楼新材,通用设备,,43.68,45.3278820015,74.45969125214408,5.85,50.0,41.35,0.145,,,22.972,3.636,4.93,-10.25,7.0300857126,21.2040348021,,,,,,2.25842,4580636930.55,
301381,赛维时代,互联网电商,,43.64,61.247012950750126,50.28571428571429,10.764,50.0,23.34,-2.056,,,33.139,3.311,5.91,-2.06,16.0070880686,43.0987572657,,,,,,0.99943,9478535932.92,
603203,快克智能,自动化设备,,43.62,60.81813098772402,41.11888111888111,20.382,50.0,42.9,-0.487,,,78.0,9.647,10.09,13.97,31.8164260285,49.7633357475,,,,,,1.55961,13995483602.1,
300760,迈瑞医疗,医疗器械,,43.62,63.14959744495015,49.927170868347346,8.777999999999999,50.0,159.01,0.455,,,23.681,4.751,12.01,-5.37,5.9963299224,61.8700838989,,,,,,0.51336,192507387676.45,
601038,一拖股份,专用设备,,43.62,32.1069585411521,82.9090909090909,13.032,50.0,13.67,0.367,,,18.918,1.869,9.76,1.72,13.8383580802,16.541960311,,,,,,0.78458,10002411109.25,
688727,恒坤新材,半导体,,43.62,33.25,34.59563543003851,60.0,50.0,45.36,-0.526,,,179.786,7.881,3.3,102.11,15.9829870372,51.12307317,,,,,,3.43843,2450721193.2,
600760,中航沈飞,航空装备Ⅱ,,43.62,30.38982816357143,54.99999999999999,3.0,100.0,42.65,-1.592,4.457506735243699,,33.849,5.166,1.99,-58.37,-57.677299967,10.580759429,预减,-62.38,-12.79901860560212,-9.100596760443311,,0.46462,120680420565.15,净利大幅下滑
300153,科泰电源,其他电源设备Ⅱ,,43.59,43.36742271092857,22.315789473684216,60.0,50.0,24.42,-1.413,,,153.392,8.253,5.86,131.66,110.8054218234,15.2043917953,,,,,,2.70862,7773621481.559999,
600956,新天绿能,电力,,43.55,47.19615200942857,71.11561866125761,6.432,50.0,7.02,-0.284,,,16.326,1.295,5.14,-9.28,-15.473395581,23.0846128132,,,,,,0.2197,16483582512.54,
600789,鲁抗医药,化学制药,,43.54,39.73109867357143,56.91558441558442,29.586000000000002,50.0,7.63,-1.294,,,63.583,1.518,2.66,29.31,2.6560410043,21.313538143,,,,,,2.0833,7708575243.110001,
601882,海天精工,通用设备,,43.54,34.40641685521429,69.24528301886792,23.627999999999993,50.0,22.75,-0.263,,,27.744,3.862,9.31,19.38,20.5545364643,25.5839835973,,,,,,0.83139,11875500000.0,
600623,华谊集团,化学原料,,43.53,30.425,85.27950310559007,12.33,50.0,8.42,-2.093,,,32.385,0.789,2.17,0.55,1.7869996835,8.399862949,,,,,,0.87975,15796212451.86,疑似价值陷阱
688100,威胜信息,通信设备,,43.51,37.958977737714285,88.49717514124293,0.0,50.0,24.38,0.082,,,17.926,3.33,5.66,-33.68,-22.0189784391,43.3325688328,,,,,,0.5016,11987284566.5,
301565,中仑新材,塑料,,43.49,33.871956374571425,43.303303303303295,50.004000000000005,50.0,19.38,0.311,,,96.9,3.147,2.78,63.34,26.9828263118,12.6907389244,,,,,,1.97921,2480833800.0,
601900,南方传媒,出版,,43.48,34.66461347435714,77.15415019762845,15.156,50.0,12.58,2.862,,,10.661,1.259,5.23,5.26,-4.6094835788,40.2254588641,,,,,,1.61789,11095183782.52,
603730,岱美股份,汽车零部件,,43.46,38.519340032491186,38.61904761904762,9.0,100.0,9.63,3.215,-21.770917952883828,,31.065,4.444,8.3,74.16,-4.821188332,27.0192199045,略减,-9.21,-25.92307692307692,-8.110687022900764,,0.7244,20690957148.03,
688426,康为世纪,医疗器械,,43.46,50.0,39.58823529411765,34.24198934376,50.0,21.23,-0.094,,,-21.73,1.811,-2.63,37.0699822396,29.7308458711,47.1754018496,,,,,,3.01542,2382591268.64,
600754,锦江酒店,酒店餐饮,,43.46,50.22471179871428,33.333333333333336,40.23,50.0,17.85,-0.224,,,20.517,1.189,3.39,47.05,4.2109257437,33.4495965182,,,,,,0.66587,16172886524.55,
600012,皖通高速,铁路公路,,43.46,69.0,36.10294117647059,14.934,50.0,15.47,-0.194,,,13.873,2.098,7.6,4.89,-13.7520685335,52.6854659781,,,,,,0.28759,18031832000.0,
603590,康辰药业,生物制品,,43.46,36.11038163981482,75.40790580319596,15.084,50.0,29.19,0.103,,,27.8,1.478,2.98,5.14,0.4180137651,89.8072732935,,,,,,0.97813,4641124677.63,
301261,恒工精密,通用设备,,43.45,24.460724373642854,58.244711263579184,46.217999999999996,50.0,53.45,-0.298,,,52.921,3.445,6.48,57.03,37.3720394405,21.5650141231,,,,,,1.03213,5589773473.25,
688559,海目星,自动化设备,,43.44,38.81998889107143,27.181818181818183,60.0,50.0,49.75,-9.857,,,-13.819,4.978,2.14,107.3283714825,84.6423856681,21.8579844475,,,,,,7.06904,12326012438.999998,
300415,伊之密,专用设备,,43.43,39.85349856164285,78.12121212121211,7.7700000000000005,50.0,18.99,0.957,,,12.331,2.689,9.49,-7.05,12.9666113097,32.5798979863,,,,,,0.49484,8629571369.61,
688222,成都先导,医疗服务,,43.42,63.1,9.251471825063081,48.726,50.0,43.68,0.0,,,161.778,11.471,5.24,61.21,52.4055840077,56.3419046122,,,,,,4.90354,17501702400.0,
300890,翔丰华,电池,,43.41,9.512995838071427,62.2268656716418,60.0,50.0,27.17,6.8,,,59.714,1.497,2.23,1828.15,59.3201900236,15.5131941733,,,,,,11.94721,2969642934.83,
600536,中国软件,IT服务Ⅱ,,43.38,50.0,15.419753086419757,38.112,75.0,30.98,0.065,11.639639639639633,,-619.6,8.062,-0.35,83.35900985,-20.0521392238,52.0332093003,减亏,64.17,-13.82475660639778,-8.559622195985838,,1.03785,26136459627.1,
300596,利安隆,化学制品,,43.36,24.09857667314286,78.57707509881425,25.943999999999996,50.0,38.98,-0.663,,,18.025,1.795,6.0,23.24,13.1725811456,22.7380073424,,,,,,0.74092,8950574619.66,
600067,冠城新材,电网设备,,43.35,25.0,63.40298507462687,0.0,100.0,2.62,1.55,-9.342560553633216,,52.4,0.66,-0.77,-318.42,4.2965681003,8.0924339316,首亏,-448.83,-21.791044776119406,-9.342560553633216,,2.55501,3646172096.18,疑似价值陷阱；净利大幅下滑
600583,海油工程,油服工程,,43.35,36.67741942929365,77.77777777777779,11.615999999999998,50.0,6.53,0.462,,,13.894,1.001,3.88,-0.64,9.4177753499,14.7330707159,,,,,,1.12115,28871446844.0,
600098,广州发展,电力,,43.34,31.493544104998904,95.57809330628804,0.0,50.0,6.2,-0.8,,,9.357,0.8,3.4155,-42.15,9.2279258081,8.2104040008,,,,,,0.34413,21736362882.2,
301363,美好医疗,医疗器械,,43.34,55.61711445649999,49.344537815126046,17.262,50.0,15.96,-1.176,,,31.92,3.44,3.3,8.77,10.9708673713,41.3139602391,,,,,,1.49725,8331604242.360001,
300976,达瑞电子,消费电子,,43.33,23.664083838357143,79.12280701754386,25.811999999999998,50.0,58.37,1.354,,,27.276,2.97,4.43,23.02,22.8580835233,27.6247173737,,,,,,2.35243,7026328616.71,
600982,宁波能源,电力,,43.32,40.44217247771429,65.03042596348885,19.721999999999998,50.0,5.49,10.02,,,18.435,1.379,3.2,12.87,11.2700762535,20.4190414688,,,,,,4.37303,6135774892.65,当日已大涨
603766,隆鑫通用,摩托车及其他,,43.32,52.626874775237866,62.77777777777778,7.361999999999999,50.0,14.21,-2.135,,,17.763,3.19,10.1,-7.73,0.238821138,19.4598368726,,,,,,0.5524,29180829688.5,
300443,金雷股份,风电设备,,43.32,41.54096342785715,83.41176470588235,0.0,50.0,20.88,-0.239,,,21.155,1.044,2.24,-24.0,8.9191116364,25.317348799,,,,,,5.77767,5055189357.6,
301328,维峰电子,其他电子Ⅱ,,43.3,39.21566694982587,76.57894736842105,9.552000000000001,50.0,46.85,0.753,,,51.484,3.74,2.65,-4.08,22.6303608882,36.8205053559,,,,,,2.14598,5395436445.25,
301238,瑞泰新材,电池,,43.3,6.15,65.83283582089553,60.0,50.0,15.74,3.349,,,52.467,1.583,2.46,120.85,49.7650339604,9.1451221338,,,,,,1.10696,11542666142.0,
600415,小商品城,一般零售,,43.3,37.68465947557142,65.74712643678161,22.23,50.0,10.72,-1.107,,,13.922,2.66,8.28,17.05,33.3049494265,33.7785232658,,,,,,0.79147,58783754902.72,
688082,盛美上海,半导体,,43.29,42.65,44.69833119383826,37.28399999999999,50.0,303.44,6.094,,,97.884,10.081,7.06,42.14,13.8672209019,45.6379535491,,,,,,1.4792,146328772416.8,
601952,苏垦农发,种植业,,43.29,31.09370674371429,75.84615384615385,0.0,75.0,8.72,-0.909,12.661498708010344,,21.8,1.67,2.04,-32.48,-5.5936400106,11.3911894412,,,-17.65816808309726,-5.217391304347807,-33.322217485089,0.88764,12016160000.0,
300811,铂科新材,金属新材料,,43.28,58.77659497049328,39.79999999999999,22.77,50.0,80.62,3.359,,,55.6,10.137,7.17,17.95,37.4644513372,37.1001241736,,,,,,2.21638,26986849894.36,
301584,建发致新,医药商业,,43.25,17.05,37.0,35.522666666666666,100.0,17.93,-1.915,-14.86229819563153,,24.903,3.496,6.82,7.98,1.7853110574,8.0373090027,略增,9.46,-26.51639344262294,-15.86109807602064,,1.12678,4277940162.21,
601766,中国中车,轨交设备Ⅱ,,43.24,21.217109459214285,89.33333333333333,18.168,50.0,6.12,0.0,,,13.304,0.995,4.54,10.28,9.956998576,23.8139532429,,,,,,0.41135,148886124053.76,
600791,京能置业,房地产开发,,43.24,30.772155155928573,29.000000000000004,27.045333333333332,100.0,7.1,4.72,-20.403587443946197,,-2.753,-4.609,-5.17,23.3346370114,-17.1093137557,18.0810172183,减亏,22.67,-33.89199255121044,-3.794037940379402,,3.47471,3211427241.6,疑似价值陷阱
600642,申能股份,电力,,43.19,42.66708538414286,80.93306288032454,0.6180000000000005,50.0,8.76,-0.568,,,10.882,1.167,4.3,-18.97,-1.8141609067,19.6839195378,,,,,,0.39743,42872135333.76,
600699,均胜电子,汽车零部件,,43.17,41.000474440071436,68.80952380952381,14.658,50.0,22.75,-5.287,,,23.947,2.128,4.21,4.43,-7.433057988,17.6656642161,,,,,,6.77088,31751505308.25,
601226,华电科工,专业工程,,43.16,29.349999999999998,60.70175438596491,36.738,50.0,6.51,1.402,,,48.438,1.711,1.74,41.23,18.5447178532,9.0805086332,,,,,,0.53574,7566076287.0,
688190,云路股份,金属新材料,,43.15,38.58208813221399,86.3,0.0,50.0,67.14,0.164,,,27.368,3.004,4.74,-25.82,1.2741679449,23.0597784287,,,,,,0.57724,8056800000.0,
603166,福达股份,汽车零部件,,43.14,41.42657972522619,66.42857142857143,16.416,50.0,10.69,-0.558,,,21.38,2.523,5.81,7.36,12.222922118,28.2740020024,,,,,,0.68163,6849250309.190001,
301190,善水科技,化学原料,,43.11,26.859063033214287,50.80745341614907,81.40133333333333,10.0,29.94,20.0,80.39404711694884,,85.641,3.217,4.29,78.25,56.3522880028,32.5876882465,预增,80.255,0.0,46.40586797066016,,11.51017,5444708760.0,当日已大涨；60日涨幅已高
688489,三未信安,计算机设备,,43.1,50.0,39.833333333333336,32.56,50.0,27.78,1.87,24.462365591397848,,-73.144,2.654,-0.687,57.2529571915,7.3794562483,79.7317507902,减亏,43.35,-3.941908713692943,11.61108879067898,,1.56384,4674747477.66,
601890,亚星锚链,航海装备Ⅱ,,43.1,20.782671479428572,75.42857142857143,32.02199999999999,50.0,9.23,0.326,,,27.885,2.268,3.93,33.37,12.2960559867,25.3407400712,,,,,,2.36033,8855262000.0,
300483,首华燃气,燃气Ⅱ,,43.09,47.0613636425,15.8974358974359,60.0,50.0,22.77,-0.828,,,36.726,2.252,5.97,2131.55,30.520579815,19.9909090995,,,,,,1.95262,8755787719.8,
301023,奕帆传动,电机Ⅱ,,43.09,51.33325553830672,70.76923076923076,0.0,50.0,30.18,4.285,,,32.804,3.407,3.13,-30.98,-8.5435172969,39.4564453401,,,,,,4.02399,2014521367.98,
603707,健友股份,化学制药,,43.09,47.65990675414285,75.16233766233766,0.0,50.0,7.89,-0.253,,,21.917,1.837,2.69,-34.48,-2.7065008704,32.3088694558,,,,,,0.49687,12747486547.8,
301608,博实结,计算机设备,,43.08,24.334954376428573,81.96236559139784,21.162,50.0,51.25,2.092,,,19.431,3.016,5.58,15.27,13.0836259699,24.538936127,,,,,,3.57375,3049700642.5,
688035,XD德邦科,电子化学品Ⅱ,,43.08,29.20534596605159,55.692307692307686,41.598,50.0,74.67,-1.621,,,98.25,4.424,2.89,49.33,27.5411972033,26.9878095315,,,,,,3.99633,10621060800.0,
300957,贝泰妮,化妆品,,43.07,45.849415160937504,54.285714285714285,22.979999999999993,50.0,32.31,-0.431,,,26.925,2.224,4.69,18.3,9.2669533852,73.3475960939,,,,,,1.00972,13686516000.0,
300695,兆丰股份,汽车零部件,,43.06,41.16340828921429,82.85714285714286,0.0,50.0,49.48,2.084,,,14.259,1.747,0.49,-79.83,0.506752417,30.9137716049,,,,,,0.90289,5059672599.52,净利大幅下滑
600369,西南证券,证券Ⅱ,,43.05,40.725,45.625,37.716,50.0,3.91,1.295,,,24.438,0.991,2.29,42.86,37.6721820818,,,,,,,0.333,25982376674.84,疑似价值陷阱
300766,每日互动,软件开发,,43.04,50.0,20.555555555555554,51.617999999999995,50.0,21.54,2.085,,,-239.333,5.409,-0.69,66.03,24.3908486574,61.5678951047,,,,,,2.68702,7709339138.52,
300885,海昌新材,通用设备,,43.04,50.470883245969745,33.83076043453402,37.782,50.0,18.56,0.0,,,83.83,5.038,4.81,42.97,98.6222845286,34.9396387826,,,,,,1.08844,3099849904.0,
688215,瑞晟智能,自动化设备,,43.04,23.98986797307143,43.38461538461539,60.0,50.0,43.96,-0.588,,,77.123,7.952,5.33,609.31,50.8355158101,24.9308151623,,,,,,0.86715,3971841433.56,
300074,华平股份,软件开发,,43.03,50.0,41.44444444444445,30.678,50.0,3.88,2.105,,,-11.432,2.567,-3.01,31.13,-31.0488744815,50.786392807,,,,,,2.32094,2134104760.0,
603596,伯特利,汽车零部件,,43.0,30.04948538723269,70.23809523809523,25.686000000000003,50.0,27.82,-0.643,,,12.88,3.034,7.74,22.81,21.4602430481,19.4289205483,,,,,,1.16497,24972395654.96,
301262,海看股份,广告营销,,42.96,35.449999999999996,89.29411764705884,0.0,50.0,20.3,1.196,,,20.3,2.194,4.18,-31.43,2.6290888368,53.5317396123,,,,,,8.78827,2478130457.6,
300409,道氏技术,电池,,42.95,18.504582802428573,82.03582089552239,27.552,50.0,16.75,2.698,,,24.661,1.622,3.57,25.92,31.2060255503,23.4114159234,,,,,,2.32284,11661454788.0,
688185,康希诺,生物制品,,42.93,50.0,11.707317073170733,60.0,50.0,85.53,-1.121,,,777.545,4.245,-0.01,94.6546833983,43.8088248377,80.9429492186,,,,,,8.27032,9782314222.53,
688063,派能科技,电池,,42.89,12.287493882071429,56.80597014925374,60.0,50.0,40.16,2.397,,,114.743,1.058,0.86,469.92,130.0650742084,24.1924914349,,,,,,1.81518,9853627439.84,
301280,珠城科技,家电零部件Ⅱ,,42.89,27.007967182142856,57.53846153846154,41.60999999999999,50.0,41.7,0.555,,,27.078,4.043,6.72,49.35,36.1717876898,24.291154055,,,,,,1.87722,4146374698.2,
601699,潞安环能,煤炭开采,,42.88,53.669132512214276,36.00000000000001,31.11,50.0,14.79,-2.633,,,39.973,0.945,3.85,31.85,6.6840005595,36.6617855171,,,,,,0.77237,44242942068.0,
600338,西藏珠峰,工业金属,,42.87,54.35671195786025,43.44086021505376,22.817999999999998,50.0,11.93,2.756,,,21.3,2.296,7.7,18.03,44.8266679355,71.062198503,,,,,,2.15759,10906527304.24,
601003,柳钢股份,普钢,,42.86,27.05,55.96153846153846,3.0,100.0,3.5,1.156,0.0,,13.462,1.004,0.82,-79.31,-4.9611609669,3.9567491825,预减,-79.35,-16.46778042959428,-8.854166666666663,,0.48754,9219776198.5,净利大幅下滑
688799,华纳药厂,化学制药,,42.85,57.775,55.55194805194805,6.5040000000000004,50.0,56.59,2.891,,,31.265,3.561,3.11,-9.16,-7.4288324696,57.2820270731,,,,,,1.79276,7562517830.000001,
300862,蓝盾光电,通用设备,,42.85,37.71464766135714,26.878787878787886,59.268,50.0,46.11,-2.885,,,-96.063,4.341,-0.37,78.78,-3.66071698,27.8005067259,,,,,,13.50452,6984328132.77,
301682,宏明电子,军工电子Ⅱ,,42.82,37.1,86.74358974358974,0.0,50.0,104.2,0.647,,,29.804,2.56,4.84,-25.74,0.8593738446,46.5900748715,,,,,,8.49635,3166360827.9999995,
603160,汇顶科技,半导体,,42.81,28.81453142828572,96.67522464698331,0.0,50.0,54.06,0.633,,,29.703,2.707,2.7,-41.59,-8.3737853779,40.8903439996,,,,,,0.58353,25191027735.3,
300106,西部牧业,饮料乳品,,42.8,45.16278953578571,17.0,60.0,50.0,10.52,0.478,,,-43.87,5.521,7.97,170.75,22.4148044307,10.3329053501,,,,,,2.95057,2223215901.2000003,
605319,无锡振华,汽车零部件,,42.8,40.31846076553832,69.66666666666667,13.158,50.0,22.3,1.134,,,16.642,2.714,7.16,1.93,9.1058239993,25.7730963957,,,,,,1.07987,7763788797.2,
600501,航天晨光,专用设备,,42.77,27.738307973142856,25.000000000000007,32.775999999999996,100.0,14.49,-0.412,-6.092028515878156,,-28.98,4.082,-2.61,53.1235115968,35.782747617,13.8336311624,减亏,44.16,-11.267605633802802,-0.0689655172413816,,0.90198,6199172658.000001,
300888,稳健医疗,个护用品,,42.76,35.9,73.33333333333334,14.621999999999998,50.0,28.88,-1.231,,,21.879,1.441,4.36,4.37,3.5874565283,48.922319243,,,,,,0.40233,16760824293.76,
601975,招商南油,航运港口,,42.75,42.535123013989065,42.50000000000001,37.446,50.0,4.43,-1.991,,,16.144,1.701,6.78,42.41,19.3666964857,29.0645618257,,,,,,2.6179,20733926923.54,
603298,杭叉集团,工程机械,,42.74,38.14538120901984,67.85714285714285,17.334,50.0,21.91,0.689,,,13.12,2.354,10.02,8.89,8.6486443972,22.4953340186,,,,,,0.34018,28697981993.59,
300484,蓝海华腾,自动化设备,,42.68,50.55398677792857,70.06993006993008,0.0,50.0,13.12,1.784,,,52.48,4.042,2.5,-58.02,-19.1073955155,37.0255814891,,,,,,2.82023,2253697039.68,净利大幅下滑
603662,柯力传感,通用设备,,42.68,61.6,56.81532304173814,0.0,50.0,48.15,-0.083,,,39.793,4.692,4.64,-24.38,22.2686798318,46.3459550346,,,,,,0.84618,13521958144.2,
301330,熵基科技,计算机设备,,42.68,36.23716243209877,83.95161290322581,3.2639999999999993,50.0,25.67,0.352,,,27.945,1.765,2.29,-14.56,18.2046521984,52.3500559566,,,,,,1.06439,5253843475.4,
300094,国联水产,渔业,,42.68,51.44673209049999,9.000000000000002,60.0,50.0,2.88,0.348,,,-1.986,32.765,10.01,101.86,-12.4669439361,11.9904249267,,,,,,3.17619,3183878589.1200004,
301004,嘉益股份,家居用品,,42.67,58.187784915791006,60.857142857142854,0.0,50.0,36.49,-4.676,,,12.083,2.812,9.06,-44.1,-26.1022271041,25.4818471322,,,,,,2.41754,4966558113.75,
688550,瑞联新材,电子化学品Ⅱ,,42.65,29.630888994285716,95.02564102564102,0.0,50.0,36.3,0.055,,,20.279,1.925,3.86,-22.3,2.2671806432,37.973244592,,,,,,0.89481,6391272610.799999,
688162,巨一科技,专用设备,,42.65,34.15184255014286,71.43434343434343,18.186000000000003,50.0,25.8,1.137,,,43.729,1.462,1.82,10.31,9.604078718,16.4425795702,,,,,,1.05304,3537199995.0,
688710,益诺思,医疗服务,,42.65,44.004315802571426,17.78048780487805,60.0,50.0,96.8,1.841,,,-440.0,5.767,1.67,357.8929958084,23.9207005369,30.7610421236,,,,,,3.68004,8949761031.2,
603279,景津装备,通用设备,,42.63,26.65519426822222,98.52487135506003,0.0,50.0,10.71,-0.741,,,11.769,1.354,4.63,-34.62,-2.431262884,22.3456346944,,,,,,1.02933,6172954830.0,
600101,明星电力,电力,,42.62,30.423935767785714,53.9553752535497,0.0,100.0,7.78,0.129,-3.950617283950608,,23.148,1.375,1.71,-27.98,2.2494618894,11.6085100749,,,-13.45939933259177,-0.7653061224489721,-27.911844055998,1.01849,4262370024.38,
600979,广安爱众,电力,,42.59,38.23425920142857,40.03448275862069,4.429603989618,100.0,3.89,0.777,-1.518987341772149,,-13.432,1.15,1.95,4.43,0.2005573052,21.702962882,,,-11.990950226244337,-1.269035532994922,4.429603989618,1.27532,4830160313.84,
300783,三只松鼠,休闲食品,,42.59,37.8380122889931,25.0,59.964,50.0,16.33,-0.548,,,41.872,2.111,8.1,79.94,-3.6055193435,27.3267315286,,,,,,1.16096,4577011592.0,
600587,新华医疗,医疗器械,,42.57,26.818191103666667,98.10644257703082,0.0,50.0,12.82,0.156,,,14.736,0.98,3.68,-26.04,7.7291294488,24.6446260513,,,,,,2.01303,7777183118.18,
301292,海科新源,电池,,42.55,44.52667510078572,16.76119402985075,60.0,50.0,55.39,0.672,,,-68.383,3.982,14.49,1068.08,45.00473462,21.6223451411,,,,,,4.9439,4718627406.2300005,
300452,山河药辅,化学制药,,42.55,38.9346327939246,69.44805194805195,14.033999999999999,50.0,13.13,-0.906,,,17.507,3.064,9.11,3.39,10.791175965,32.2856833623,,,,,,1.56678,2608007790.31,
300815,玉禾田,环境治理,,42.55,29.711868491633847,85.07936507936506,9.456,50.0,15.05,0.534,,,10.75,1.275,6.53,-4.24,3.6878284894,23.6007201412,,,,,,0.53697,5902005110.400001,
603212,赛伍技术,光伏设备,,42.55,11.097271797222225,30.818181818181817,46.06666666666667,100.0,11.66,0.0,-0.5967604433077645,,-19.115,2.127,-0.17,94.4765528798,-6.5317414019,9.7667933644,减亏,94.0,-13.372956909361076,0.3442340791738552,,2.0724,5101140815.76,
600742,富维股份,汽车零部件,,42.53,31.078222008857143,92.80952380952381,0.0,50.0,7.7,-1.282,,,12.302,0.668,2.23,-28.28,-23.2266498863,10.7045108124,,,,,,0.63872,5721545675.999999,疑似价值陷阱
688261,东微半导,半导体,,42.51,13.617346669785713,53.70988446726573,60.0,50.0,74.95,1.284,,,197.237,3.04,3.54,285.41,19.5835547497,16.6742853377,,,,,,2.66499,9151139345.55,
603585,苏利股份,农化制品,,42.48,36.139934622999995,86.54545454545455,0.0,50.0,10.56,1.832,,,9.962,1.044,1.94,-32.4,2.4702143702,18.8059084722,,,,,,1.15844,2859605876.16,
688077,大地熊,金属新材料,,42.48,12.571946161571429,70.4,44.43,50.0,26.9,1.28,,,53.8,2.778,3.09,54.05,35.5042810654,16.7857246262,,,,,,2.44415,3079471757.6,
601456,国联民生,证券Ⅱ,,42.48,41.725,52.5,27.342,50.0,8.53,-0.467,,,23.694,0.923,2.69,25.57,13.9330294186,,,,,,,0.22476,37389260822.48,疑似价值陷阱
688025,杰普特,自动化设备,,42.47,43.5929366335,17.566433566433563,60.0,50.0,414.0,4.277,,,141.297,15.415,8.02,105.25,68.8631400537,42.9601112869,,,,,,3.14334,39350461122.0,
301061,匠心家居,家居用品,,42.46,50.10165490521784,69.71428571428572,0.0,50.0,40.19,-2.641,,,10.201,2.621,7.11,-28.79,-6.938955541,38.1307718874,,,,,,1.5911,7589465774.639999,
300800,力合科技,环保设备Ⅱ,,42.44,20.459709762214285,69.6969696969697,35.513999999999996,50.0,10.72,1.708,,,59.556,1.242,1.02,39.19,13.9687384575,35.0735936671,,,,,,1.20408,2511473024.0,
688558,国盛智科,通用设备,,42.43,24.512771004571434,79.89136649514008,20.43,50.0,33.6,-0.149,,,28.0,2.592,5.41,14.05,14.2909703132,25.3828794064,,,,,,0.78781,4435200000.0,
301408,华人健康,医药商业,,42.4,58.731405144642856,28.500000000000004,30.606,50.0,14.67,0.686,,,30.563,2.769,6.31,31.01,12.8114168038,35.1389672025,,,,,,4.31619,3358828970.1000004,
601298,青岛港,航运港口,,42.4,51.4694166358598,57.49999999999999,10.319999999999999,50.0,10.09,2.333,,,12.457,1.388,5.86,-2.8,10.8411225775,41.7740529015,,,,,,0.22751,54406036750.0,
300457,赢合科技,电池,,42.38,18.35490491407143,77.8507462686567,29.64,50.0,21.1,4.095,,,25.119,1.912,5.02,29.4,42.8309258964,18.1268668797,,,,,,2.2434,13581061483.3,
300036,超图软件,软件开发,,42.38,50.0,69.50566893424036,0.0,50.0,10.24,2.4,,,107.676,2.03,-4.92,-1174.27,-29.1769351942,60.8801564475,,,,,,1.38731,4557339166.72,净利大幅下滑
600664,哈药股份,化学制药,,42.38,27.476654008857142,51.98051948051947,72.01333333333334,15.69974,7.14,-2.592,124.52830188679242,,51.0,2.945,6.96,57.99,2.1041266381,24.1073156124,预增,45.05,-24.762908324552168,-21.71052631578947,,17.15013,17982160514.64,60日涨幅已高
603060,国检集团,专业服务,,42.37,34.92156739764285,47.56302521008403,0.0,100.0,5.53,-2.297,-1.073345259391767,,37.239,2.251,-0.98,-454.93,4.5723025279,23.8901943567,首亏,-454.34,-17.86722114956185,-0.8960573476702427,,1.44978,4445921224.15,净利大幅下滑
600774,汉商集团,化学制药,,42.35,23.816096565,40.81818181818182,60.0,50.0,7.96,2.445,,,-13.432,1.543,0.28,153.19,-10.0336266941,42.362535191,,,,,,1.35062,2299294134.12,
301222,浙江恒威,电池,,42.35,33.51577324943407,64.0955223880597,25.068,50.0,25.79,3.574,,,31.072,2.539,2.99,21.78,30.3784912221,21.6761673194,,,,,,2.7668,2749217816.92,
600158,中体产业,体育Ⅱ,,42.34,33.27006368485714,9.000000000000002,40.44533333333333,100.0,6.98,0.722,4.96240601503759,,-31.329,2.792,-0.2,73.7449554548,4.3538727032,21.5780891588,减亏,72.92,-6.434316353887393,-3.055555555555556,,1.50139,6697401207.66,
688428,诺诚健华,化学制药,,42.3,33.0,29.61038961038961,60.0,50.0,28.88,0.873,,,76.0,6.663,3.2,918.6917197551,55.4558301198,88.1350331916,,,,,,4.54567,7895904747.519999,
600057,厦门象屿,物流,,42.3,12.6,40.26315789473684,33.800000000000004,100.0,6.0,-0.498,0.8403361344537785,,20.0,1.119,5.04,3.28,2.4991398164,3.0161213434,略增,3.0,-10.581222056631889,-7.975460122699385,,0.51819,12555060984.0,
300214,日科化学,化学制品,,42.29,28.15,35.36363636363637,60.0,50.0,9.61,0.523,,,-160.167,1.841,1.26,2518.58,-2.6332095845,7.2276769078,,,,,,2.0417,4467714120.54,
603375,盛景微,半导体,,42.29,36.92677174071429,41.84852374839539,3.0,100.0,46.47,-4.363,-8.541625664239326,,464.7,3.039,0.19,-79.75,-17.4257625634,26.032480437,预减,-77.395,-13.624535315985131,14.542765590337693,,6.23196,2963899770.63,净利大幅下滑
300922,天秦装备,地面兵装Ⅱ,,42.29,46.90644114507143,72.85714285714286,0.0,50.0,17.06,-0.176,,,62.975,2.778,0.91,-45.12,-50.6294598772,37.4840176031,,,,,,2.26834,2153417419.54,
601212,白银有色,工业金属,,42.28,1.4890802454999996,21.903225806451616,93.432,65.0,5.61,2.186,6.857142857142873,,-55.0,2.693,0.54,136.9396186424,2.7483625775,10.1947123437,扭亏,136.62,-26.47444298820445,-18.34061135371179,,1.69633,41540785006.71,
600221,海航控股,航空机场,,42.26,38.78259998471429,22.499999999999996,60.0,50.0,1.21,0.0,,,26.304,9.52,4.98,374.43,7.3571565541,11.8656399786,,,,,,0.28287,51843073068.93,
600855,航天长峰,军工电子Ⅱ,,42.16,38.774336598000005,26.435897435897438,15.671356855859997,100.0,12.35,-0.962,-9.72222222222222,,-33.725,4.185,-3.7,6.1189280931,-28.2750875576,29.2840712372,增亏,-12.86,-15.17857142857143,-0.8032128514056214,,1.87527,5775350640.8,
600025,华能水电,电力,,42.15,64.775,41.90669371196755,8.969999999999999,50.0,9.78,-0.912,,,21.733,2.606,5.91,-5.05,1.4544203223,51.9886393246,,,,,,0.1501,182212101833.46,
301303,真兰仪表,通用设备,,42.14,28.361538628357142,94.442538593482,0.07799999999999939,50.0,14.09,2.175,,,16.774,1.67,3.39,-19.87,4.5612451034,37.8411540797,,,,,,1.22655,4436216802.18,
600645,中源协和,生物制品,,42.11,54.099999999999994,48.12447434819176,15.402000000000001,50.0,18.74,-0.16,,,74.96,2.345,1.64,5.67,-7.956484692,69.5685847741,,,,,,1.15531,8766012892.1,
600557,康缘药业,中药Ⅱ,,42.1,47.28571240535714,57.65,14.016,50.0,12.1,-0.982,,,22.407,1.38,3.01,3.36,1.213003165,74.9714652546,,,,,,0.75681,6850521552.6,
300490,华自科技,电网设备,,42.1,23.635748741071428,40.04477611940299,60.0,50.0,10.65,4.823,,,-16.385,1.884,5.04,179.26,121.3584605801,25.4500482375,,,,,,4.43496,4183580499.0,
300133,华策影视,影视院线,,42.08,27.23701666128571,58.44155844155845,37.188,50.0,7.68,4.348,,,76.8,1.938,2.27,41.98,-13.224655098,40.1868233258,,,,,,5.82941,12779522810.88,
300545,联得装备,光学光电子,,41.99,45.98465952792857,72.77777777777777,0.0,50.0,26.88,0.561,,,44.066,2.289,2.42,-28.04,-7.9772223655,30.9085233391,,,,,,4.83706,3337192561.92,
603721,中广天择,影视院线,,41.98,27.381831329428568,31.68831168831169,23.368,100.0,18.45,0.765,3.6516853932584192,,92.25,5.052,-2.61,2.7626885394,-10.8432144905,13.3345638612,减亏,8.88,-14.14611447184737,-3.4031413612565564,,4.28438,2398500000.0,
300274,阳光电源,光伏设备,,41.97,49.56404531483234,68.41897233201581,0.0,50.0,82.81,2.159,,,12.643,3.424,10.73,-32.01,-28.9913921923,33.2629317483,,,,,,2.23229,131463083873.94,
688395,正弦电气,自动化设备,,41.96,24.361643010928567,77.25874125874125,21.342,50.0,26.33,2.332,,,57.239,2.88,3.19,15.57,17.0451304622,32.9413002153,,,,,,1.64682,2280117967.6,
301525,儒竞科技,通用设备,,41.95,35.566608969857135,85.12292738707833,0.0,50.0,38.86,-0.69,,,29.218,1.582,0.79,-75.29,-18.8554554006,22.0282525578,,,,,,1.33128,2805157130.96,净利大幅下滑
600210,紫江企业,包装印刷,,41.92,28.854790433785716,72.0,21.060000000000002,50.0,6.26,0.968,,,9.152,1.416,7.82,15.1,-7.8044864814,23.0267066073,,,,,,0.81467,9494768349.08,
600348,华阳股份,煤炭开采,,41.92,31.9159357185,56.00000000000001,33.378,50.0,8.72,-1.912,,,20.279,1.141,3.82,35.63,-11.731713938,41.3123100059,,,,,,0.69032,31457400000.0,
600388,紫金龙净,环保设备Ⅱ,,41.91,23.743910019999998,72.12121212121212,27.011999999999997,50.0,16.69,-2.169,,,18.966,2.16,5.02,25.02,14.961927713,25.671474028,,,,,,0.91938,21197072630.17,
300926,博俊科技,汽车零部件,,41.89,32.49552582848253,88.11904761904762,0.44399999999999906,50.0,15.82,-1.248,,,8.03,1.868,7.75,-19.26,-3.4736871108,24.9934248991,,,,,,1.01176,4714251110.94,
300692,中赋科技,环境治理,,41.89,52.474135035500005,46.34920634920635,18.252000000000002,50.0,8.78,-0.791,,,53.504,1.54,1.7,10.42,-6.0613856698,42.5137890497,,,,,,1.61296,4612841316.8,
601916,浙商银行,银行Ⅱ,,41.89,45.775,59.3939393939394,13.23,50.0,2.87,1.773,,,6.523,0.434,4.31,2.05,0.0240615977,,,,,,,0.7678,61832531213.81,
600520,三佳科技,半导体,,41.88,43.410461366499995,15.430038510911427,60.0,50.0,25.03,-1.379,,,500.6,9.952,1.46,198.22,51.0127636872,30.6646459131,,,,,,3.93227,3965502900.0,
301095,广立微,软件开发,,41.88,27.725,34.25850340136055,60.0,50.0,70.42,-0.198,,,156.489,4.491,1.09,121.73,38.6802070259,56.0991920882,,,,,,1.72511,12288574144.7,
600268,国电南自,电网设备,,41.86,23.306123265214286,74.28059701492538,25.206,50.0,9.99,0.909,,,20.813,2.714,5.06,22.01,-7.815562383,24.9185725713,,,,,,0.55659,10144799545.5,
600887,伊利股份,饮料乳品,,41.85,56.45423508678431,59.63636363636364,0.0,50.0,27.24,0.777,,,14.885,3.208,10.09,-20.02,4.1285439856,38.3747065224,,,,,,0.76086,171446645600.04,
600814,杭州解百,一般零售,,41.85,34.95,72.8735632183908,12.588,50.0,6.87,0.439,,,22.161,1.32,3.98,0.98,-0.8738884591,77.4989322717,,,,,,0.59471,5049989968.26,
300194,福安药业,化学制药,,41.83,52.29139570464285,61.753246753246756,2.802,50.0,3.86,0.26,,,64.333,1.044,2.18,-15.33,-8.8223248153,40.5779539865,,,,,,1.09388,3737941716.38,
688281,华秦科技,航空装备Ⅱ,,41.82,41.022972679138206,55.53571428571429,22.529999999999994,50.0,49.25,0.203,,,43.584,3.884,3.58,17.55,42.1247743751,43.3999521111,,,,,,0.72901,18793748041.25,
688571,杭华股份,化学制品,,41.82,42.95377530407143,59.66403162055336,16.061999999999998,50.0,8.27,2.478,,,31.808,2.107,2.94,6.77,7.885486796,24.8452854257,,,,,,0.95899,3507891689.0,
300706,阿石创,半导体,,41.79,40.13849602371428,19.0,60.0,50.0,47.74,-0.583,,,-132.611,10.31,5.35,225.01,16.3895548051,12.4688944332,,,,,,3.58086,5434259667.76,
603556,海兴电力,电网设备,,41.79,26.9638667105,92.82388059701492,1.9979999999999987,50.0,22.28,-0.713,,,14.755,1.591,4.25,-16.67,24.6636644533,32.8744133947,,,,,,0.35339,10833965707.6,
688665,四方光电,通用设备,,41.77,40.65219863192857,68.87935963407661,9.414,50.0,42.6,-1.32,,,32.273,3.547,6.68,-4.31,6.7193109875,43.5330780847,,,,,,0.89578,4310793726.6,
300759,康龙化成,医疗服务,,41.77,52.59345428914286,53.08662741799832,34.86666666666667,20.0,42.98,-0.348,40.45751633986927,,45.515,4.83,4.61,6.96,17.9239536081,32.4958360048,略增,7.0,-15.972629521016623,-0.7390300230946889,,2.64453,61032973382.92,60日涨幅已高
688175,高凌信息,军工电子Ⅱ,,41.77,25.324999999999996,36.69230769230769,60.0,50.0,28.07,11.922,,,-87.719,2.762,0.13,106.62,-3.7000476694,47.014749796,,,,,,6.48425,4718906647.0,当日已大涨
603059,倍加洁,个护用品,,41.76,48.93600379607143,50.0,18.33,50.0,25.89,-0.039,,,22.711,2.322,4.29,10.55,22.199929316,28.4954053145,,,,,,1.31659,2600616843.0,
603816,顾家家居,家居用品,,41.76,37.7776594775,75.28571428571429,6.413999999999999,50.0,22.97,3.236,,,10.441,2.045,8.37,-9.31,0.7548793261,33.5937232685,,,,,,0.96807,18740771547.62,
300769,德方纳米,电池,,41.75,24.436322518214286,37.65671641791045,60.0,50.0,39.27,3.044,,,-13.312,2.032,8.75,216.55,167.9240002831,13.5858515255,,,,,,3.48826,9887309257.98,
300323,华灿光电,光学光电子,,41.71,25.982325454714285,35.66666666666667,60.0,50.0,10.87,-0.64,,,-40.259,2.673,0.03,101.78,65.150135771,11.2702556366,,,,,,3.55882,9686986790.06,
300075,数字政通,软件开发,,41.71,23.5165588715,45.00000000000001,53.616,50.0,10.77,5.9,,,-17.656,2.115,-0.18,69.36,1.1209923367,42.9231824201,,,,,,4.68071,5650785624.87,
688179,阿拉丁,化学制品,,41.69,40.300000000000004,18.41897233201581,60.0,50.0,22.57,-1.656,,,72.806,6.07,6.12,138.58,34.8033493571,67.7106898663,,,,,,4.3297,8187627085.24,
601717,中创智领,专用设备,,41.69,24.17185468185714,97.75757575757576,0.0,50.0,12.99,-0.764,,,5.309,0.979,7.02,-36.25,-6.052859814,19.2705965546,,,,,,0.93708,20032732832.7,
601319,中国人保,保险Ⅱ,,41.68,63.0,16.000000000000004,35.099999999999994,50.0,8.06,0.75,,,7.676,1.048,11.2,38.5,9.6,,,,,,,0.17167,286111918058.98,
688246,嘉和美康,软件开发,,41.68,41.40255838221428,46.333333333333336,30.716435945219995,50.0,17.5,3.123,,,-9.615,1.967,-6.33,31.1940599087,-20.626937102,32.9635817351,,,,,,1.49526,2407747965.0,
300244,迪安诊断,医疗服务,,41.68,22.884463755571428,39.25988225399496,60.0,50.0,20.19,-0.786,,,280.028,1.945,3.59,2160.87,-3.3040915187,29.4732492578,,,,,,4.50044,10124255532.09,
300662,科锐国际,专业服务,,41.67,16.2,83.41736694677871,23.831999999999997,50.0,20.63,1.826,,,12.95,1.691,6.48,19.72,14.7540707472,5.684596568,,,,,,0.85614,4051095255.05,
603320,迪贝电气,电机Ⅱ,,41.66,35.02914221528572,84.61538461538461,0.0,50.0,18.02,1.236,,,32.764,2.263,2.76,-22.59,2.3560241201,14.3807991014,,,,,,1.21755,2687614578.0600004,
603583,捷昌驱动,自动化设备,,41.66,25.590791161642855,93.2027972027972,2.7420000000000004,50.0,27.92,-0.534,,,26.846,2.272,4.87,-15.43,5.099447973,28.7821076263,,,,,,0.93488,10701558847.6,
688007,光峰科技,消费电子,,41.63,42.21437530542857,46.192982456140356,29.683278991979993,50.0,10.66,0.377,,,-17.767,2.078,-3.84,29.4721316533,-50.3621503624,34.1001254276,,,,,,0.88424,4899502669.1,
300086,康芝药业,化学制药,,41.62,50.0,30.818181818181817,35.645999999999994,50.0,5.35,0.187,,,-10.579,2.809,-3.71,39.41,-37.6688437749,60.5635124463,,,,,,3.75019,2357651492.7,
601019,山东出版,出版,,41.6,31.513854565357146,79.40711462450594,9.168000000000001,50.0,6.76,1.349,,,12.071,0.907,4.06,-4.72,-8.0885663266,39.9093963915,,,,,,0.43046,14107444000.0,
688150,莱特光电,电子化学品Ⅱ,,41.6,53.070937806818186,58.51282051282052,4.2,50.0,39.46,-0.579,,,71.745,7.338,5.54,-13.0,5.0928322993,69.7426660318,,,,,,1.16901,15880187104.1,
605111,新洁能,半导体,,41.59,35.6992864536639,71.96405648267007,11.549999999999999,50.0,56.12,-1.18,,,59.074,5.179,5.26,-0.75,25.5657697346,28.7455352124,,,,,,2.11766,23308463660.04,
301339,苏交数智,计算机设备,,41.56,34.225,75.08064516129032,10.08,50.0,12.57,-0.317,,,33.001,2.592,3.69,-3.2,5.3413453464,57.9439839733,,,,,,1.99475,7205598416.94,
300145,南方泵业,通用设备,,41.54,31.157645793642857,70.33161806746713,18.45,50.0,4.7,0.0,,,38.211,3.03,6.27,10.75,10.0575612098,31.6757041111,,,,,,2.10863,8981287744.2,
300286,安科瑞,电网设备,,41.52,36.85,77.8507462686567,4.02,50.0,18.92,0.907,,,22.0,2.077,4.74,-13.3,9.2665395219,48.6976104209,,,,,,1.00967,3931071384.68,
603066,音飞储存,物流,,41.5,33.510724637071434,21.776315789473685,24.0,100.0,9.32,1.525,-12.241054613935964,,84.727,1.792,9.57,125.32,16.2261476294,23.4200144919,续盈,-0.2,-13.302325581395348,0.9750812567713928,,1.17126,2741758289.6800003,
601169,北京银行,银行Ⅱ,,41.5,48.25000000000001,52.727272727272734,15.377999999999997,50.0,5.48,0.55,,,7.026,0.407,5.3,5.63,5.604947816,,,,,,,0.54779,115863553810.56,
688419,耐科装备,半导体,,41.5,29.159324586714284,68.07445442875482,22.919999999999998,50.0,49.47,1.166,,,70.671,5.44,4.7,18.2,33.112740805,34.3730544214,,,,,,1.5369,5666871065.429999,
600282,南钢股份,普钢,,41.48,38.051314480669575,74.03846153846155,6.215999999999999,50.0,4.43,0.0,,,9.525,0.981,4.71,-9.64,7.5542142067,11.8974706151,,,,,,0.49715,27311353178.730003,
300927,江天化学,化学原料,,41.48,39.875,18.074534161490686,60.0,50.0,26.47,-1.194,,,195.929,3.742,5.95,22955.37,27.7583965007,8.8555015352,,,,,,2.9793,3729329977.1,
600004,白云机场,航空机场,,41.45,37.337091832214284,81.0,0.0,50.0,7.61,-0.131,,,12.274,0.948,2.02,-43.13,8.9520326914,20.2019285651,,,,,,0.2353,18010726133.63,疑似价值陷阱
603776,永安行,摩托车及其他,,41.45,0.0,44.55555555555556,41.257333333333335,100.0,21.07,1.738,-0.1421800947867368,,-23.674,1.734,-0.45,76.5519172059,66.5216875458,3.7345912322,减亏,75.965,-3.348623853211008,2.2815533980582448,,0.88139,5915625252.039999,
600863,华能蒙电,电力,,41.42,54.031761864428574,60.85192697768763,0.0,50.0,4.68,-1.266,,,13.765,1.843,7.49,-22.34,-15.0441236106,24.4294666102,,,,,,0.81797,33056361266.76,
300248,新开普,计算机设备,,41.42,50.0,65.6989247311828,0.0,50.0,8.3,2.723,,,50.61,1.876,-2.7,-88.18,2.2410787572,52.3736316575,,,,,,1.74945,3380932931.1000004,净利大幅下滑
600885,宏发股份,电网设备,,41.41,37.82602181892857,56.33432835820895,23.934,50.0,33.48,-0.416,,,27.9,3.922,8.82,19.89,32.0470131211,32.0864305465,,,,,,0.44581,51813457599.24,
688608,恒玄科技,半导体,,41.37,29.327476528214287,90.29525032092427,0.0,50.0,108.75,-1.619,,,30.706,3.662,2.43,-43.87,-30.2941207792,42.5534671395,,,,,,1.54106,25761357611.250004,
688338,赛科希德,医疗器械,,41.37,51.33256509970761,58.711484593837525,5.154,50.0,31.67,-0.969,,,37.259,1.971,2.49,-11.41,-4.3145839024,64.4185432329,,,,,,0.90117,3361529808.0,
688090,瑞松科技,自动化设备,,41.35,50.172293398785705,5.174825174825178,60.0,50.0,78.3,-0.102,,,870.0,13.233,4.53,3349.4580375361,71.6662734033,29.3862107583,,,,,,2.95885,12427969009.5,
301047,义翘神州,生物制品,,41.34,54.0,33.01934398654331,27.522000000000002,50.0,143.26,-1.877,,,117.948,3.33,1.6,25.87,21.0927858168,75.4633919889,,,,,,8.77437,17131119764.46,
688368,晶丰明源,半导体,,41.34,27.201924048285715,32.73427471116817,60.0,50.0,127.02,-1.983,,,317.55,5.153,3.05,449.09,98.5363748903,37.4076936676,,,,,,2.54055,16125489148.26,
688046,药康生物,医疗服务,,41.31,37.125,30.681244743481923,74.01599999999999,20.0,34.98,-0.228,51.10151187904968,,99.943,6.331,4.85,56.28,22.6091214663,64.0663110574,预增,52.56,-14.578754578754594,9.620808523973668,,2.21888,14348313276.0,60日涨幅已高
688798,艾为电子,半导体,,41.3,28.900402439064944,90.51347881899872,0.0,50.0,54.67,1.278,,,40.199,3.037,2.24,-39.39,-1.3967187849,32.1470774356,,,,,,1.3007,7421102776.01,
603088,宁波精达,通用设备,,41.3,56.71334144157143,57.15837621497999,0.0,50.0,9.96,2.259,,,39.84,4.523,4.34,-23.19,12.1410782076,39.2086780182,,,,,,1.427,4361203526.4,
603915,国茂股份,通用设备,,41.26,15.864301541571429,76.35220125786164,29.634,50.0,13.15,1.701,,,36.528,2.3,3.63,29.39,13.2724753427,19.5050221582,,,,,,0.66241,8634717112.0,
600750,华润江中,中药Ⅱ,,41.26,53.77499999999999,52.05,8.448,50.0,22.3,-0.535,,,15.594,3.58,11.51,-5.92,-9.7533463537,68.1266553905,,,,,,0.57133,14022803944.7,
600858,银座股份,一般零售,,41.25,51.57929957335714,63.10344827586207,0.0,50.0,4.94,1.23,,,43.371,0.934,2.7301,-28.73,-3.2561007258,37.6556694027,,,,,,1.29963,2556687263.26,疑似价值陷阱
600609,金杯汽车,汽车零部件,,41.24,43.880241483999995,66.14285714285715,6.18,50.0,3.59,0.279,,,19.944,2.746,5.55,-9.7,10.1586007208,17.0073380776,,,,,,3.07794,4683365223.22,
300448,浩云科技,IT服务Ⅱ,,41.22,42.171210671785715,34.67901234567902,39.6,50.0,5.51,1.287,,,-106.576,3.117,-0.69,46.0,-33.3857024842,34.0396949405,,,,,,1.47097,3520984116.31,
300095,华伍股份,专用设备,,41.21,25.049070399214283,34.77777777777778,60.0,50.0,8.92,1.595,,,-16.974,2.348,5.45,370.59,-5.9908393394,25.9936985589,,,,,,3.0266,2833618433.76,
300435,中泰股份,专用设备,,41.2,21.961164791104622,88.32323232323232,10.122,50.0,15.42,-1.027,,,13.179,1.721,3.74,-3.13,-8.716733726,19.1026748279,,,,,,0.99611,5688046871.700001,
688299,长阳科技,光学光电子,,41.2,18.11350518078572,43.07407407407408,60.0,50.0,13.29,2.625,,,-26.059,1.945,0.51,216.5106711341,-14.8655650555,33.5739072531,,,,,,1.57546,3819451561.26,
300349,金卡智能,通用设备,,41.2,22.813041332714292,97.43281875357347,0.0,50.0,10.21,1.089,,,15.953,0.951,1.81,-39.42,-8.7459588989,35.6032578658,,,,,,1.21411,3775024244.88,疑似价值陷阱
300682,朗新科技,IT服务Ⅱ,,41.18,50.0,64.72934472934473,0.0,50.0,8.6,-0.807,,,86.0,1.455,-2.7,-730.23,-3.8934814504,50.5738792217,,,,,,0.82976,8891829106.199999,净利大幅下滑
603217,元利科技,化学制品,,41.15,17.518582381285714,69.58498023715416,33.995999999999995,50.0,26.46,-1.745,,,28.452,1.573,4.22,36.66,18.0205039161,19.7560153338,,,,,,1.17345,5505997896.0,
600508,上海能源,煤炭开采,,41.15,34.81046788314286,48.0,34.812000000000005,50.0,10.45,-0.948,,,33.71,0.824,2.23,38.02,27.2058796934,15.9296550364,,,,,,1.20355,10573364339.999998,疑似价值陷阱
603215,比依股份,小家电,,41.14,25.0,54.54545454545454,0.0,100.0,15.27,-2.366,3.175675675675671,,34.705,1.759,-2.34,-160.64,-6.8370966784,7.602156117,首亏,-176.91,-2.365728900255759,4.374572795625409,,1.72551,2858977362.6,净利大幅下滑
603323,苏农银行,银行Ⅱ,,41.13,25.575000000000003,80.0,13.812,50.0,4.43,0.0,,,4.386,0.493,6.23,3.02,0.997801714,,,,,,,1.30198,9836352423.83,
688181,八亿时空,光学光电子,,41.12,26.347327263214286,55.925925925925924,36.92399999999999,50.0,43.6,-2.373,,,70.323,2.784,2.08,41.54,13.165472152,39.6062581685,,,,,,4.02379,5800101939.599999,
603885,吉祥航空,航空机场,,41.12,32.89761598664286,42.00000000000001,3.0,100.0,9.76,-0.102,-8.69971936389149,,20.333,2.45,1.41,-70.27,9.1607038966,16.1216623813,预减,-65.38,-12.934879571810889,-3.461918892185956,,0.36134,21169491415.68,净利大幅下滑
301323,新莱福,金属新材料,,41.11,26.043009067214285,64.7,28.499999999999996,50.0,72.84,-1.541,,,54.358,3.437,3.82,27.5,32.1333444869,33.0902126941,,,,,,1.24763,4994122582.92,
600307,酒钢宏兴,普钢,,41.05,25.0,15.153846153846157,39.04266666666667,100.0,1.46,1.389,4.285714285714293,,-4.551,1.722,-4.02,66.6500675573,3.6134594514,8.9166888775,减亏,67.66,-6.410256410256421,-2.6666666666666727,,0.51463,9144501839.04,
603898,好莱客,家居用品,,41.02,35.17521945992858,41.85714285714286,0.0,100.0,11.54,0.786,-17.139369569900197,,230.8,1.161,-1.12,-239.45,-27.98955189,24.2453072439,首亏,-229.955,-27.453322436663107,0.6102877070618851,,0.94691,3464648222.28,净利大幅下滑
688699,明微电子,半导体,,41.02,27.00183991585714,31.682926829268297,60.0,50.0,66.81,3.421,,,-151.841,5.733,6.89,340.36,69.2571939285,23.6875758822,,,,,,3.75007,7353418598.400001,
300098,高新兴,通信设备,,41.01,44.06413171535715,44.25423728813559,26.922,50.0,4.2,0.962,,,-210.0,2.744,1.24,24.87,7.7621776924,32.3497844015,,,,,,1.19436,6475323233.4,
600882,妙可蓝多,饮料乳品,,41.0,37.0414174432381,45.81818181818181,13.736998016846998,75.0,18.71,-1.939,9.032634032634036,,79.28,2.011,3.39,13.74,28.7078691803,29.7964933272,,,-18.75814155449413,-6.45,13.736998016847,0.62202,9513167735.37,
600166,福田汽车,商用车,,40.99,40.02998661471429,54.0,21.924,50.0,2.76,0.364,,,16.047,1.38,5.76,16.54,10.8564092369,10.8819812606,,,,,,0.85697,21852025012.92,
300729,乐歌股份,家居用品,,40.99,39.720311363214286,76.28571428571429,0.0,50.0,11.15,-0.446,,,14.671,1.072,0.58,-83.43,1.1060738974,28.5784359085,,,,,,0.92498,3658141784.75,净利大幅下滑
603040,新坐标,汽车零部件,,40.96,58.74554992114513,47.61904761904761,5.736,50.0,44.33,-1.115,,,22.276,5.769,8.15,-10.44,5.3895764343,52.6809521929,,,,,,0.60024,8748535341.26,
688692,达梦数据,软件开发,,40.95,39.475,59.64625850340136,16.794,50.0,187.92,-2.572,,,41.211,5.491,5.79,7.99,36.2713656369,96.5640084944,,,,,,1.31891,13937031927.36,
600114,东睦股份,通用设备,,40.94,51.092631731000004,62.43567753001715,0.0,50.0,25.37,0.715,,,29.5,4.83,5.72,-23.16,5.1053145794,26.5096844234,,,,,,1.15601,15637648811.49,
301302,华如科技,军工电子Ⅱ,,40.94,44.86591916221428,42.846153846153854,27.066000000000003,50.0,21.14,1.003,,,-14.093,2.317,-4.33,25.11,74.8101826312,37.8122868271,,,,,,1.83237,2938248600.0,
600019,宝钢股份,普钢,,40.92,30.525000000000002,78.84615384615384,8.219999999999999,50.0,5.85,0.862,,,12.188,0.618,2.21,-6.3,6.1828212765,6.622047364,,,,,,0.4655,125272460131.65,疑似价值陷阱
600930,华电新能,电力,,40.89,54.980812115285715,57.56592292089249,0.0,50.0,3.82,0.262,,,21.222,1.437,3.19,-38.47,8.3561963486,40.8081369614,,,,,,0.42896,41039006565.52,
600467,好当家,渔业,,40.87,34.803036572,56.666666666666664,25.043999999999993,50.0,2.42,0.415,,,121.0,1.028,0.87,21.74,12.9928284396,20.6792512008,,,,,,2.20352,3535606215.68,
600298,安琪酵母,调味发酵品Ⅱ,,40.86,29.412794239428568,70.0,18.126,50.0,37.3,-3.568,,,20.955,2.6,7.06,10.21,16.300503045,26.4679119352,,,,,,1.24928,32102323367.3,
600332,白云山,中药Ⅱ,,40.84,20.865294068,96.35000000000001,1.9800000000000004,50.0,19.4,-0.257,,,10.572,0.806,5.4,-16.7,0.6129113934,20.3114116952,,,,,,0.22679,27274284410.6,
605218,伟时电子,光学光电子,,40.83,25.0,53.33333333333334,0.0,100.0,14.13,1.363,-10.907944514501889,,134.443,1.971,-2.68,-365.4,15.994549442,6.5907169457,首亏,-578.895,-19.76149914821124,-7.100591715976334,,2.03967,3430972007.73,净利大幅下滑
600770,综艺股份,综合Ⅱ,,40.8,13.728783707534392,43.333333333333336,23.38133333333333,100.0,6.18,4.746,-1.2779552715655007,,73.659,2.361,1.38,136.92,55.1841570789,23.4042636799,减亏,8.93,-11.714285714285722,20.0,,5.16308,8034000000.0,
688239,航宇科技,航空装备Ⅱ,,40.8,40.04454485650001,45.35714285714286,29.808,50.0,53.0,-3.566,,,54.082,4.515,5.54,29.68,30.8713980262,30.0321422686,,,,,,2.62793,10118381156.0,
603087,甘李药业,生物制品,,40.72,53.73484735109428,45.78637510513036,12.606,50.0,74.85,1.203,,,38.782,3.819,5.15,1.01,7.558860415,74.5587958811,,,,,,1.63061,42022031536.950005,
300285,国瓷材料,电子化学品Ⅱ,,40.71,56.546940751499996,37.384615384615394,17.616,50.0,64.4,-1.014,,,103.871,8.76,4.98,9.36,16.6377097022,36.7357170521,,,,,,6.61757,54937900105.2,
603341,龙旗科技,消费电子,,40.71,33.650000000000006,82.45614035087719,0.0,50.0,35.42,-0.84,,,27.89,2.531,3.46,-30.86,-6.260855841,9.5879703415,,,,,,2.60684,9471390564.02,
688003,天准科技,自动化设备,,40.7,34.20035233828571,21.762237762237763,60.0,50.0,74.46,-0.308,,,188.411,7.287,4.83,793.9166584513,48.6292382214,40.9754932736,,,,,,1.22213,14503491249.36,
600486,扬农化工,农化制品,,40.66,50.14853794635714,51.63636363636363,10.806000000000001,50.0,50.45,-1.772,,,15.825,1.705,6.69,-1.99,5.9734510307,21.7929531249,,,,,,0.71274,20387447272.1,
301289,国缆检测,专业服务,,40.65,56.7369445275389,30.980392156862745,23.531999999999996,50.0,44.44,-1.42,,,40.036,3.37,4.95,19.22,12.3833060283,58.0553089708,,,,,,0.87922,3444139996.0,
688156,路德科技,环境治理,,40.65,32.076639566246754,24.11111111111111,60.0,50.0,23.05,3.642,,,-32.929,3.009,1.1637,168.275120492,42.9097858489,32.5475264132,,,,,,3.2144,2321461318.85,
300243,瑞丰高材,塑料,,40.64,32.097600762807545,24.024024024024023,60.0,50.0,21.93,2.143,,,168.692,3.956,4.74,348.43,9.0417719356,17.7449441805,,,,,,14.96368,4904619434.01,
605288,凯迪股份,自动化设备,,40.64,8.853819493785712,71.91608391608392,0.0,100.0,65.3,-3.673,-24.66543608675589,,75.057,2.976,-1.08,-177.59,6.187497446,22.3953472913,首亏,-216.77,-31.39314982139105,-5.031995346131479,,1.77275,6417584548.1,净利大幅下滑
600725,云维股份,贸易Ⅱ,,40.64,25.0,9.000000000000002,43.54,100.0,3.27,0.0,1.552795031055898,,-102.508,15.721,-0.74,86.8616770196,-9.2357119903,3.4460347515,减亏,84.525,-6.303724928366772,-4.105571847507338,,0.98712,4030176900.0,
300463,迈克生物,医疗器械,,40.63,51.35000000000001,48.529411764705884,12.377999999999998,50.0,9.33,0.323,,,-157.336,0.894,0.54,0.63,-3.8156678619,57.7411974796,,,,,,0.80146,4586618091.54,疑似价值陷阱
603036,如通股份,专用设备,,40.58,34.17109276664286,73.85858585858585,7.475999999999999,50.0,13.7,1.032,,,26.863,2.023,3.79,-7.54,-8.5944147875,44.5745298733,,,,,,1.80747,2822282542.5,
688353,华盛锂电,电池,,40.54,40.349999999999994,13.737313432835824,60.0,50.0,78.95,-0.013,,,877.222,3.449,6.14,451.483715654,126.512398032,54.8840472428,,,,,,1.6581,12592525000.0,
300043,星辉娱乐,游戏Ⅱ,,40.54,51.802768167361116,60.00000000000001,0.0,50.0,4.32,1.171,,,18.0,3.109,5.21,-40.36,-54.4336895272,63.1540788462,,,,,,1.32995,5372090644.320001,
603786,科博达,汽车零部件,,40.52,43.31970274564817,70.0952380952381,0.0,50.0,37.17,1.005,,,18.066,2.645,5.36,-27.86,-5.6098566527,25.2900511263,,,,,,0.32457,15011353539.0,
300410,正业科技,电池,,40.52,55.59289779528571,23.98805970149254,31.362000000000002,50.0,8.82,5.376,,,88.2,11.382,7.85,32.27,28.3186575216,25.3550569134,,,,,,8.05083,3237952509.54,
601985,中国核电,电力,,40.52,53.69771515349999,57.647058823529406,0.0,50.0,9.02,0.222,,,19.912,1.567,3.05,-35.74,-6.2848823048,39.5018012149,,,,,,0.41221,170327229500.34,
300235,方直科技,软件开发,,40.51,27.05,29.57823129251701,60.0,50.0,12.0,2.128,,,171.429,4.273,0.82,92.3,25.2422034956,82.840714487,,,,,,2.11161,2457589248.0,
300504,天邑股份,通信设备,,40.49,13.641472291571427,45.610169491525426,60.0,50.0,17.44,0.693,,,-45.895,2.131,2.56,231.61,20.1828205678,20.1380612082,,,,,,2.6719,3840658129.12,
300940,南极光,光学光电子,,40.48,38.63906380407143,75.55555555555556,0.0,50.0,13.61,2.101,,,34.23,2.58,0.59,-90.51,-30.1098350335,27.0296893257,,,,,,1.65619,2143325555.92,净利大幅下滑
600072,中船科技,风电设备,,40.48,25.0,28.000000000000004,23.930666666666667,100.0,8.82,0.915,1.730103806228378,,-3.922,1.817,-6.91,9.2979902933,22.3421865371,4.2987612775,减亏,10.99,-5.567451820128477,1.1467889908256756,,1.06059,9555035127.12,
300109,新开源,化学制品,,40.47,54.0780793605812,56.97628458498024,0.0,50.0,12.64,0.878,,,32.41,2.178,2.72,-27.31,5.2948741874,43.5217601796,,,,,,1.19648,6583897515.52,
603829,洛凯股份,电网设备,,40.45,8.293561569785716,68.84776119402986,3.0,100.0,15.68,2.484,-3.9215686274509887,,32.0,1.925,1.91,-49.81,-1.3778030825,14.9259861977,预减,-53.625,-15.013550135501353,-2.061211742660851,,1.88483,2920653373.12,
603606,东方电缆,电网设备,,40.44,26.313818705642856,66.52537313432836,23.645999999999994,50.0,35.33,-0.226,,,19.097,3.446,6.65,19.41,30.8480996014,23.5643461879,,,,,,1.77259,29140483881.04,
601001,晋控煤业,煤炭开采,,40.43,50.98911280471429,59.00000000000001,1.542,50.0,17.0,-4.063,,,15.596,1.487,3.79,-17.43,2.5699327876,33.1197579266,,,,,,1.00343,28452900000.0,
603613,国联股份,互联网电商,,40.42,18.15,87.42857142857143,12.485999999999999,50.0,18.87,-1.462,,,10.311,1.389,7.26,0.81,-16.0900894875,6.9346507566,,,,,,1.54176,13596548531.31,
688023,安恒信息,软件开发,,40.41,50.0,44.111111111111114,17.53446080844,50.0,47.47,-1.125,,,-83.281,2.256,-7.16,9.2241013474,0.856394194,55.6536085654,,,,,,7.07111,4850254038.21,
600125,铁龙物流,铁路公路,,40.37,39.502956469357144,61.029411764705884,13.062,50.0,5.22,0.385,,,12.985,0.861,4.929,1.77,-2.0968059798,13.0526390571,,,,,,0.44721,6814824182.280001,
600377,宁沪高速,铁路公路,,40.35,58.647923231142855,37.05882352941177,13.968,50.0,12.93,0.544,,,14.179,1.568,5.86,3.28,-1.1973874342,36.5970925236,,,,,,0.26862,49162226202.93,
300797,钢研纳克,专业服务,,40.35,39.175,43.193277310924366,31.212,50.0,13.09,0.0,,,31.787,3.699,5.67,32.02,22.1576618904,46.5156171433,,,,,,0.8533,4996379486.56,
600038,中直股份,航空装备Ⅱ,,40.35,27.800000000000004,88.03571428571428,0.0,50.0,26.6,-0.709,,,33.455,1.241,1.12,-33.58,-12.0495950982,9.2212926807,,,,,,0.48158,17793676878.6,
688631,莱斯信息,软件开发,,40.35,50.0,61.39682539682539,0.0,50.0,35.72,0.99,,,105.059,3.155,-2.01,-21.9509669487,-27.5560126069,52.7436496227,,,,,,0.55696,5839148400.0,
688610,埃科光电,通用设备,,40.32,34.5012645755,19.885648942252715,60.0,50.0,152.62,0.54,,,158.979,6.323,4.38,91.92,82.3315306969,42.9717704057,,,,,,1.88421,6247128528.16,
300579,数字认证,软件开发,,40.29,50.0,14.777777777777782,34.385333333333335,65.0,23.85,0.888,19.07139291063405,,-68.279,8.548,-6.26,46.13,4.5210319846,52.7984667881,减亏,50.195,-1.4055394791236075,2.4044654358093664,,2.13351,6267780453.15,
603418,友升股份,汽车零部件,,40.27,19.71895439307143,77.80952380952381,19.607999999999997,50.0,48.17,-1.19,,,15.39,2.016,5.36,12.68,2.966367107,18.8465361503,,,,,,5.77184,4241301158.34,
300239,东宝生物,生物制品,,40.25,36.75065569356645,64.20521446593777,12.708,50.0,5.42,0.743,,,58.405,1.861,2.15,1.18,12.3657680648,24.2854661144,,,,,,1.61734,3196591421.3,
301301,川宁生物,化学制药,,40.25,43.25861373,69.0909090909091,0.0,50.0,8.04,0.375,,,23.647,2.248,3.43,-38.99,-10.6813107836,23.557059222,,,,,,1.10842,4977996005.28,
688030,山石网科,软件开发,,40.25,50.0,21.000000000000004,40.004,50.0,19.38,2.107,24.390243902439025,,-18.048,5.028,-2.93,72.4135890054,8.279579454,69.6469511778,减亏,71.265,-0.3086419753086544,11.507479861910252,,2.46873,3493018098.96,
601208,XD东材科,塑料,,40.2,17.7177101925,15.435435435435437,44.120000000000005,100.0,50.53,-0.335,-19.048381928868952,,166.162,8.209,5.05,63.78,27.2877870839,17.1297942695,略增,41.7,-34.7410564380731,-2.9948166634670814,,6.42564,51044544109.79,
300226,上海钢联,软件开发,,40.19,13.850000000000001,88.99773242630384,15.138000000000002,50.0,17.02,1.189,,,25.403,2.834,5.54,5.23,19.8694398286,1.3002818067,,,,,,1.20645,6258200710.38,
603927,中科软,软件开发,,40.19,41.80234574207143,67.97278911564626,2.64,50.0,13.61,1.34,,,50.501,3.681,2.79,-15.6,0.0597354257,23.7582840389,,,,,,0.51847,11310454400.0,
601577,长沙银行,银行Ⅱ,,40.17,25.424999999999997,75.15151515151514,15.036,50.0,9.7,1.042,,,5.026,0.513,6.17,5.06,4.005177905,,,,,,,0.44698,39009071413.8,
688327,云从科技,IT服务Ⅱ,,40.15,25.0,11.962962962962964,38.61866666666667,100.0,9.71,0.31,-18.81270903010034,,-17.981,13.969,-10.85,65.7230673832,-40.6673586768,47.9765647882,减亏,66.07,-29.73950795947901,-7.787274453941107,,1.28524,8106566813.79,
300346,南大光电,电子化学品Ⅱ,,40.15,54.67690763074692,29.12820512820513,25.86,50.0,51.39,-1.457,,,111.717,10.024,7.15,23.1,11.3545342274,41.8612187257,,,,,,2.67623,34019970842.7,
603112,华翔股份,家电零部件Ⅱ,,40.13,22.565719385857143,87.38461538461539,6.065999999999999,50.0,16.67,0.361,,,15.155,1.993,5.85,-9.89,11.6440245968,21.1170071402,,,,,,0.87584,8911891038.470001,
688786,悦安新材,金属新材料,,40.11,45.6241408517674,56.199999999999996,9.503999999999998,50.0,26.69,-0.075,,,46.017,5.827,4.64,-4.16,14.7919697183,41.4359834185,,,,,,1.57567,4625923077.400001,
300733,西菱动力,汽车零部件,,40.1,12.225453263,44.333333333333336,21.395999999999997,100.0,12.71,-1.396,-1.0894941634241206,,38.892,2.834,3.69,15.66,9.0594970643,14.2006345682,略增,,-13.888888888888884,-7.496360989810769,,1.33699,3716657500.95,
600575,淮河能源,电力,,40.09,30.95,83.20486815415822,0.0,50.0,3.13,0.321,,,13.042,1.06,2.38,-36.57,9.11722819,9.4950507367,,,,,,0.42505,12163997133.45,
600179,安通控股,航运港口,,40.08,44.24062081028571,38.33333333333333,28.884,50.0,4.35,-0.911,,,16.952,1.472,5.39,28.14,5.2507004321,18.0718691344,,,,,,0.49158,16800911453.25,
301215,中汽股份,汽车服务,,40.04,39.13393580421782,40.0,33.192,50.0,5.28,1.149,,,33.0,2.351,4.4,35.32,15.2980024864,60.910231004,,,,,,0.47694,6982272000.0,
301393,昊帆生物,生物制品,,40.04,50.66647674164286,51.40454163162321,7.937999999999999,50.0,65.9,-0.227,,,61.618,2.965,2.98,-6.77,40.2984563255,35.5030674383,,,,,,7.57875,2897471430.0,
301551,无线传媒,电视广播Ⅱ,,40.04,54.333304095137294,46.0,8.952,50.0,22.21,1.974,,,33.965,3.794,5.52,-5.08,-3.8546030363,57.2216764684,,,,,,3.76427,3432638121.2000003,
688029,南微医学,医疗器械,,40.03,54.813744118589746,52.23529411764707,2.1,50.0,84.05,2.388,,,27.557,3.771,7.19,-16.5,10.3853807703,64.0095371836,,,,,,1.15116,15788575819.1,
600064,南京高科,房地产开发,,40.03,23.902453074,84.88888888888889,6.558,50.0,7.75,1.573,,,7.325,0.674,6.38,-9.07,-28.1519676625,21.1334343036,,,,,,1.03535,13410132241.0,
300636,同和药业,化学制药,,40.0,40.73232625194636,71.10389610389609,0.0,50.0,7.09,0.425,,,40.747,1.255,1.03,-57.99,-10.3547891399,28.5518969701,,,,,,1.19725,2604229863.93,净利大幅下滑
300077,国民技术,半导体,,39.98,30.84719434135714,22.90243902439024,60.0,50.0,21.35,0.0,,,-106.75,8.236,0.33,112.0,43.3922675072,17.0310720779,,,,,,3.94071,12179544641.25,
688653,康希通信,半导体,,39.97,17.619217689,38.75609756097561,60.0,50.0,14.68,-0.475,,,-141.018,4.247,1.9,211.25323171,20.5781764633,28.0169047646,,,,,,3.36617,4644922243.96,
300039,上海凯宝,中药Ⅱ,,39.96,42.9114604749104,66.2,2.147999999999999,50.0,5.15,-0.579,,,19.339,1.257,2.32,-16.42,-23.4398691707,80.8200365551,,,,,,1.42668,4720709266.400001,
300657,弘信电子,元件,,39.94,24.20675989042857,30.731707317073177,60.0,50.0,34.16,2.184,,,110.194,10.545,8.91,129.59,-3.3783486834,12.7044638466,,,,,,3.42844,16318451922.08,
603095,越剑智能,专用设备,,39.94,4.807561921642858,71.01010101010101,3.0,100.0,14.11,-1.121,0.5702066999287325,,42.758,1.549,1.28,-52.29,-17.1111573927,12.2505866903,预减,-62.505,-16.90223792697292,-13.963414634146345,,1.22684,3644178412.000001,净利大幅下滑
603338,浙江鼎力,工程机械,,39.93,37.98204273864286,65.71428571428571,8.43,50.0,52.56,0.806,,,14.016,2.259,8.39,-5.95,24.8588566292,33.8098598341,,,,,,0.72934,26613644520.24,
605555,德昌股份,小家电,,39.93,29.092181630571428,41.81818181818182,3.0,100.0,12.76,0.078,-1.846153846153853,,37.529,2.158,1.12,-69.67,11.7040734336,11.8090542828,预减,-67.92,-6.86131386861314,1.9169329073482453,,1.50473,6176720950.400001,净利大幅下滑
600660,福耀玻璃,汽车零部件,,39.92,45.40647891742857,63.61904761904762,1.5779999999999992,50.0,53.0,0.17,,,14.846,3.623,10.34,-17.37,2.4418488874,37.3790704844,,,,,,0.44489,106158275596.0,
600360,华微电子,半导体,,39.9,16.337112350785716,81.88703465982027,18.089999999999996,50.0,11.31,4.24,,,62.833,3.055,3.35,10.15,6.2846527919,21.1469572911,,,,,,9.52779,10860939888.24,
600808,马钢股份,普钢,,39.88,25.0,33.61538461538462,15.916694066939998,100.0,2.46,2.929,-1.9920318725099584,,-91.111,0.791,-0.29,6.5278234449,-2.234970168,3.1025363884,增亏,-109.26,-8.550185873605942,-5.384615384615388,,1.02569,14680667917.56,疑似价值陷阱
300802,矩子科技,自动化设备,,39.88,27.946816548285714,59.468531468531474,26.514,50.0,24.58,-1.798,,,76.813,4.655,4.1,24.19,22.2374859798,34.7755431676,,,,,,3.40677,4974001303.099999,
300684,中石科技,电子化学品Ⅱ,,39.88,57.81761174314286,30.0,20.154000000000003,50.0,107.38,-1.667,,,94.491,15.527,6.27,13.59,10.661038351,33.9996564404,,,,,,9.35795,21967282506.26,
600740,山西焦化,焦炭Ⅱ,,39.86,25.0,26.66666666666667,42.75866666666667,75.0,3.7,-0.804,8.187134502923987,,114.198,0.626,-0.1,81.1837792589,-3.7601284395,-5.4729642625,减亏,81.595,-9.31372549019608,-7.499999999999996,,0.8209,9479848269.8,疑似价值陷阱
603859,能科科技,IT服务Ⅱ,,39.86,31.45,78.30959164292499,3.3719999999999994,50.0,38.16,-0.573,,,41.032,2.43,2.58,-14.38,0.2901718149,52.5368449717,,,,,,1.30949,9337664270.16,
600006,东风股份,商用车,,39.84,3.95,34.0,40.62533333333334,100.0,5.58,-4.288,3.910614525139655,,-23.269,1.411,1.58,27.83,9.636440055,8.1152918498,略增,28.595,-4.288164665523153,4.299065420560755,,2.92452,11160000000.0,
600518,康美药业,中药Ⅱ,,39.83,34.84822087971429,17.5,60.0,50.0,1.33,0.758,,,1900.0,2.511,0.49,113.21,-11.1316676928,22.0725092316,,,,,,0.71463,18383728410.04,
301662,宏工科技,电池,,39.83,28.911582152642858,27.57611940298507,57.06,50.0,70.05,11.545,,,85.427,5.35,6.36,75.1,26.8355658181,28.2162150137,,,,,,14.86242,3123670860.9,当日已大涨
688173,希荻微,半导体,,39.81,38.60740511035714,41.682926829268304,31.21367440704,50.0,13.27,2.392,,,-47.393,3.675,-2.09,32.0227906784,13.3543096885,29.0503671545,,,,,,1.71268,5459771829.780001,
300721,怡达股份,化学制品,,39.8,32.0,20.81818181818182,60.0,50.0,20.7,-1.382,,,-31.203,3.064,2.8,148.89,64.430230528,7.2443613827,,,,,,3.72569,2864793970.8,
688505,复旦张江,化学制药,,39.8,29.325000000000003,24.000000000000004,60.0,50.0,8.23,-0.604,,,-54.867,3.963,1.73,545.57,-4.5779572226,91.7595428204,,,,,,0.94322,5848008382.999999,
300100,双林股份,汽车零部件,,39.79,23.701595900499996,47.71428571428571,3.0,100.0,22.61,2.96,-21.764705882352946,,25.404,3.986,5.55,-68.15,-15.7771477295,23.7572342607,预减,-66.925,-26.662341874797267,4.675925925925917,,4.10692,12607167171.13,净利大幅下滑
300741,华宝股份,化学制品,,39.78,29.025000000000002,24.30830039525692,60.0,50.0,25.43,-0.275,,,181.643,2.296,1.61,720.09,20.3055658733,46.4578200895,,,,,,3.82871,15661755924.500002,
301571,国科天成,军工电子Ⅱ,,39.78,31.854033487714283,39.23076923076923,41.658,50.0,68.36,1.62,,,59.965,5.786,4.83,49.43,63.9727014536,37.6906468828,,,,,,2.59566,8145993959.4,
301136,招标股份,工程咨询服务Ⅱ,,39.76,20.493099349928574,34.45454545454546,60.0,50.0,12.35,-3.137,,,-360.058,2.344,0.57,166.45,14.6617715438,36.6953390899,,,,,,7.81369,3395931308.25,
603886,元祖股份,休闲食品,,39.76,31.93115269798851,40.71428571428572,0.0,100.0,13.2,5.854,3.124999999999978,,22.759,2.356,-4.29,-5219.22,-9.652899665,60.9420388563,首亏,-5401.745,0.0,4.018912529550822,,3.08325,3168000000.0,净利大幅下滑
300658,延江股份,个护用品,,39.75,40.269824330999995,13.333333333333336,57.36,50.0,10.41,2.866,,,86.75,2.582,3.38,75.6,5.7641670508,19.5477540634,,,,,,2.58156,2492453901.69,
601117,中国化学,专业工程,,39.75,11.425,92.45614035087719,12.845999999999998,50.0,7.13,0.0,,,6.726,0.618,4.57,1.41,1.0874236041,9.3573207036,,,,,,0.40841,43132586785.06,
300739,明阳电路,元件,,39.74,39.077327104999995,51.50406504065042,20.561999999999998,50.0,29.79,5.676,,,124.125,4.002,1.7,14.27,30.055794511,23.758257947,,,,,,7.40005,9025644822.03,
300532,今天国际,IT服务Ⅱ,,39.74,25.709121479142855,88.09116809116809,0.0,50.0,7.43,0.951,,,14.288,2.575,7.24,-29.53,16.5612964083,20.6527700708,,,,,,1.14984,4492040619.3,
301058,中粮科工,工程咨询服务Ⅱ,,39.72,14.978160307642858,86.62337662337663,14.292,50.0,8.49,1.192,,,18.457,1.909,3.75,3.82,14.6754714633,17.8444244307,,,,,,1.1639,4349208340.05,
601816,京沪高铁,铁路公路,,39.71,58.02499999999999,32.86764705882353,16.326,50.0,4.7,-1.674,,,17.472,1.098,3.21,7.21,3.9425045373,45.8188688007,,,,,,0.34381,229950693039.0,
600704,物产中大,物流,,39.7,11.875,94.14473684210527,10.385999999999997,50.0,4.78,0.844,,,6.928,0.59,4.75,-2.69,0.4641265849,3.3627215165,,,,,,0.44997,24718239874.2,
300978,东箭科技,汽车零部件,,39.7,48.521572131285716,60.57142857142856,0.0,50.0,8.85,1.259,,,26.029,2.371,3.98,-20.47,-9.8302261451,29.0002009838,,,,,,1.23231,2540739588.15,
603351,威尔药业,化学制药,,39.68,27.227762382976195,70.74675324675326,15.311999999999998,50.0,27.21,0.778,,,24.514,2.061,4.19,5.52,9.7774230469,27.4845004495,,,,,,0.99883,3685298781.72,
605058,澳弘电子,元件,,39.68,35.699515963101106,75.2439024390244,1.2659999999999996,49.20548,59.6,10.004,,,55.701,4.799,3.62,-17.89,14.7398110175,26.6093502881,,,,,,15.39726,8518337152.0,当日已大涨
688369,致远互联,软件开发,,39.67,50.0,36.55555555555556,22.1155948587,50.0,19.72,1.86,,,-9.811,3.102,-14.36,16.8593247645,8.468142531,57.6149962742,,,,,,2.28967,2272100360.12,
300079,数码视讯,IT服务Ⅱ,,39.66,26.375,53.466286799620136,33.522,50.0,4.79,2.132,,,205.579,1.674,0.55,35.87,4.3374140864,56.4223515802,,,,,,1.14688,6189552527.24,
601886,江河集团,装修装饰Ⅱ,,39.64,18.862680517785712,63.33333333333333,32.604,50.0,12.8,-2.736,,,23.704,2.005,6.0,34.34,15.9048327179,15.4077527249,,,,,,0.78866,14502426368.0,
301332,德尔玛,小家电,,39.64,43.94912288764286,63.63636363636365,2.1840000000000006,50.0,7.72,1.445,,,27.571,1.213,1.93,-16.36,-15.288158648,29.7737720427,,,,,,1.78568,2044566652.8,
603919,金徽酒,白酒Ⅱ,,39.62,65.4,40.0,0.0,50.0,15.82,0.317,,,22.6,2.359,6.16,-28.24,3.1946281964,62.8956521875,,,,,,0.44733,8024853152.54,
600897,厦门空港,航空机场,,39.61,30.337329285780505,76.5,5.526000000000001,50.0,15.02,-1.894,,,12.082,1.52,4.99,-10.79,-3.7478375363,33.7516069109,,,,,,1.649,6262348680.0,
603506,南都物业,房地产服务,,39.6,28.871030327857138,78.33333333333333,5.417999999999999,50.0,12.29,0.655,,,22.759,1.822,9.27,-10.97,-0.5807003145,17.974442459,,,,,,1.7807,2307788903.91,
601777,千里科技,摩托车及其他,,39.6,37.546767156,13.333333333333336,60.0,50.0,7.91,-6.168,,,395.5,3.463,0.76,151.25,22.3596303447,24.9054740184,,,,,,1.07828,35761901561.61,
600184,光电股份,地面兵装Ⅱ,,39.57,39.25096320635714,42.14285714285714,29.034,50.0,18.12,0.332,,,191.341,3.091,0.46,28.39,-10.5609408561,28.3413484889,,,,,,2.03961,10559021720.16,
300777,中简科技,航空装备Ⅱ,,39.55,25.0,88.21428571428571,0.0,50.0,20.04,-0.199,-31.08665749656121,,27.833,1.989,-1.09,-123.74,-61.3601250784,70.6245834296,首亏,-131.62,-33.75206611570248,-12.983065566652195,,1.07946,8635381109.64,净利大幅下滑
300480,光力科技,专用设备,,39.52,35.35,15.656565656565661,60.0,50.0,30.05,0.067,,,273.182,6.203,4.14,194.56,57.2278726213,49.5639244972,,,,,,2.60685,8116245848.8,
600888,新疆众和,工业金属,,39.5,18.441840693142858,63.72759856630825,32.129999999999995,50.0,9.67,6.381,,,20.307,1.158,4.32,33.55,2.0491070546,20.6985769704,,,,,,3.7374,15018341126.83,
600215,派斯林,自动化设备,,39.49,0.0,48.27272727272728,29.69333333333333,100.0,6.31,2.936,-8.284883720930235,,-8.399,1.187,-1.12,21.0024826061,26.6212446575,-2.0128539558,减亏,32.6,-8.284883720930235,-6.240713224368511,,1.84743,2882930972.8,
600816,建元信托,多元金融,,39.44,33.836191327906725,17.142857142857146,60.0,50.0,2.34,0.429,,,196.639,1.524,7.28,2559.08,-25.45,,,,,,,0.59973,12797782730.46,
600331,宏达股份,农化制品,,39.42,25.0,9.000000000000002,38.688,100.0,11.65,-0.935,3.647686832740216,,-366.352,9.843,-0.8,66.5286372483,-4.305099712,0.999796963,减亏,66.33,-17.317246273953156,-11.942554799697657,,0.86969,23672800000.0,
600163,中闽能源,电力,,39.41,43.8786941775,57.36308316430021,7.626000000000001,50.0,5.55,3.16,,,20.556,1.469,4.52,-7.29,-0.1248522839,62.8504626381,,,,,,4.06535,10561628593.65,
600748,上实发展,房地产开发,,39.41,25.480433524857144,36.77777777777778,38.3,65.0,4.09,4.604,7.349081364829391,,-12.029,0.74,-2.5,65.8573155408,-17.5844454798,10.6726069348,减亏,64.875,0.0,5.4123711340206215,,1.15888,7544262228.28,疑似价值陷阱
601009,南京银行,银行Ⅱ,,39.41,53.125,36.969696969696976,16.902,50.0,11.79,-0.924,,,6.699,0.755,7.25,8.17,10.9393325773,,,,,,,0.32586,145766457818.55,
301580,爱迪特,医疗器械,,39.4,36.925,53.16526610644258,20.13,50.0,52.08,-0.344,,,28.304,3.55,4.77,13.55,19.7528971062,55.9699443564,,,,,,3.36514,5250902879.04,
688115,思林杰,通用设备,,39.39,26.825,25.363636363636367,60.0,50.0,63.6,3.18,,,-424.0,4.647,0.73,161.9042283429,48.7841122766,59.5074381148,,,,,,2.33305,5936296800.000001,
601199,江南水务,环境治理,,39.38,29.844032325285713,75.61904761904763,6.09,50.0,6.44,-2.866,,,16.1,1.285,3.16,-9.85,5.4521941234,40.7216452554,,,,,,1.32,6022754280.48,
301091,深城交,工程咨询服务Ⅱ,,39.35,28.999999999999996,22.597402597402592,60.0,50.0,20.23,3.797,,,168.583,4.401,1.6,510.08,49.6527009581,3.5436807367,,,,,,1.64582,10666874400.0,
688345,博力威,电池,,39.32,19.788645706642857,33.55223880597015,60.0,50.0,47.08,4.692,,,84.071,3.783,6.12,101.24,30.4767874994,16.2841039893,,,,,,1.34679,4773259471.2,
600851,海欣股份,化学制药,,39.32,31.760749999999998,54.96753246753248,24.179999999999996,50.0,7.9,0.0,,,54.184,1.895,2.7043,20.3,-16.2160953404,67.2958969241,,,,,,0.61326,5831828269.0,
600559,老白干酒,白酒Ⅱ,,39.28,62.375,41.333333333333336,0.9180000000000006,50.0,10.81,0.0,,,23.0,1.816,4.95,-18.47,-15.2286031322,64.1020471798,,,,,,0.55621,9888419869.64,
300473,德尔股份,汽车零部件,,39.28,44.53369528371429,37.95238095238096,25.739999999999995,50.0,38.31,6.21,,,41.641,3.389,5.06,22.9,-1.521435545,19.6371733972,,,,,,10.28154,5866525153.38,
301196,唯科科技,塑料,,39.27,49.26575543678572,49.72972972972973,8.219999999999999,50.0,84.4,2.676,,,40.979,4.166,4.16,-6.3,28.802749818,29.4120576115,,,,,,3.8783,9097956742.4,
300679,电连技术,消费电子,,39.27,48.49873273757142,55.96491228070175,2.9219999999999997,50.0,40.91,-0.244,,,63.922,3.451,4.17,-15.13,3.823175774,28.3032258326,,,,,,2.75939,14705989824.330002,
688618,三旺通信,通信设备,,39.27,50.0,57.08474576271186,0.0,50.0,28.69,1.882,,,86.939,3.9,-0.05,-102.38,-10.3352203625,57.3042940472,,,,,,1.40047,3157272759.12,净利大幅下滑
605158,华达新材,金属新材料,,39.27,28.075,68.39999999999999,3.0,65.0,7.75,-0.768,15.327380952380953,,59.615,1.611,1.23,-56.04,35.913253876,2.7302046733,预减,-61.85,-6.513872135102528,-6.513872135102528,,0.91978,3963505000.0,净利大幅下滑
688807,优迅股份,半导体,,39.27,55.083606437248434,22.092426187419772,28.89,50.0,310.06,3.981,,,210.925,13.718,3.34,28.15,24.7178711972,43.4563762007,,,,,,6.69048,4960960000.0,
600276,恒瑞医药,化学制药,,39.27,46.44727253823529,49.155844155844164,12.203999999999999,50.0,45.62,2.586,,,38.336,4.697,8.04,0.34,-1.9390022608,86.5986071559,,,,,,1.25385,291010083739.88,
688439,振华风光,军工电子Ⅱ,,39.24,25.0,86.97435897435896,0.0,50.0,37.04,0.488,,,43.566,1.485,-0.18,-114.01,-34.6263632003,58.0665935526,,,,,,0.54137,7408000000.0,净利大幅下滑
300034,钢研高纳,航空装备Ⅱ,,39.22,18.554117290857143,45.892857142857146,48.73799999999999,50.0,15.28,-0.972,,,138.281,3.153,2.68,61.23,13.0441454544,26.5957642072,,,,,,0.78301,11720615328.56,
600985,淮北矿业,煤炭开采,,39.21,37.31770860171429,48.0,24.066,50.0,15.9,-2.633,,,28.393,1.014,2.94,20.11,3.6866137617,16.9547920424,,,,,,0.86099,42822813473.1,
603899,晨光股份,文娱用品,,39.2,22.861825598714287,74.28571428571429,15.077999999999998,50.0,21.87,0.367,,,15.287,2.296,6.21,5.13,4.7278191811,20.2715558382,,,,,,0.29172,20028444894.99,
301033,迈普医学,医疗器械,,39.19,42.25,42.29691876750701,23.772000000000002,50.0,53.39,-1.001,,,31.222,4.45,6.9,19.62,20.2968845526,78.7655190008,,,,,,1.21937,3039762960.18,
688800,瑞可达,其他电子Ⅱ,,39.19,46.16021179542857,61.38157894736842,0.0,50.0,57.51,2.24,,,39.39,6.927,4.38,-29.36,1.5084149959,24.2942965136,,,,,,3.17969,16585137635.22,
601928,凤凰传媒,出版,,39.17,31.693997917,78.65612648221342,0.0,50.0,8.27,1.348,,,11.648,1.052,5.34,-31.12,-14.235321468,35.6815970838,,,,,,0.37374,21046323000.0,
600773,西藏城投,房地产开发,,39.15,50.0,8.944444444444445,7.64648622276,100.0,9.67,4.09,-23.496835443037977,,-16.672,2.189,-1.62,-7.2558562954,-70.2881758862,63.7238035768,增亏,-4.52,-34.08316291751875,-10.545790934320076,,2.07257,9201844984.55,
600343,航天动力,通用设备,,39.14,29.240547394571426,13.84848484848485,27.609333333333332,100.0,19.16,-4.582,-26.16570327552986,,-63.486,9.864,-4.48935,22.1982055791,-19.9755826815,15.9367663524,减亏,24.785,-34.962661235573655,4.357298474945548,,5.78962,12228033627.68,
603737,三棵树,装修建材,,39.12,55.87783941613491,49.44444444444444,0.0,50.0,21.82,5.258,,,20.781,6.144,9.92,-30.92,3.8337363249,30.8373490362,,,,,,1.48023,19319012721.76,
688686,奥普特,自动化设备,,39.12,38.5,48.22377622377622,22.068,50.0,131.14,0.869,,,85.892,5.026,5.4,16.78,32.4634399476,57.7271012645,,,,,,0.76393,16029957568.7,
300143,盈康生命,医疗服务,,39.11,42.117308365,48.477712363330525,17.405999999999995,50.0,7.78,0.258,,,86.444,3.176,2.71,9.01,20.5579906007,24.479231711,,,,,,0.83837,6474924131.02,
601128,常熟银行,银行Ⅱ,,39.11,26.675000000000004,66.06060606060606,18.384,50.0,6.16,0.326,,,4.85,0.67,6.67,10.64,6.0459519668,,,,,,,0.96823,22472784143.04,
301050,雷电微力,军工电子Ⅱ,,39.1,24.5879498265,86.8974358974359,0.0,50.0,26.92,-0.148,,,40.179,2.197,-2.97,-178.71,-85.2174650233,44.4231297571,,,,,,0.85634,5666390180.84,净利大幅下滑
301090,华润材料,塑料,,39.09,9.725,44.67567567567568,60.0,50.0,6.88,-0.722,,,-118.01,1.574,3.89,308.51,3.0870585327,0.944682984,,,,,,0.31264,10120021076.48,
601016,节能风电,电力,,39.08,52.62924820271429,53.184584178498994,0.0,50.0,3.26,0.308,,,30.755,1.189,2.04,-42.2,-10.4688394423,41.5409474838,,,,,,0.71119,19684728434.56,
605169,洪通燃气,燃气Ⅱ,,39.08,37.0,38.46153846153847,33.462,50.0,13.1,-1.057,,,29.895,1.8,4.8,35.77,-10.1982762126,9.679441936,,,,,,1.16872,3705728000.0,
300817,双飞集团,通用设备,,39.07,20.826446118928573,55.59748427672956,35.681999999999995,50.0,17.04,-3.347,,,56.8,3.53,4.17,39.47,24.8649427051,24.5620245665,,,,,,8.31342,2149316169.12,
603156,养元饮品,饮料乳品,,39.06,47.75941444357143,38.060606060606055,20.88,50.0,43.95,2.448,,,43.963,6.311,9.17,14.8,41.974937553,44.768180221,,,,,,0.69171,55389199025.7,
688120,华海清科,半导体,,39.05,41.17802908814286,47.920410783055196,18.863999999999997,50.0,233.0,-0.529,,,75.649,14.617,7.24,11.44,35.5771025806,42.3092407234,,,,,,1.63268,115633575054.0,
300921,南凌科技,通信服务,,39.05,25.458666208642853,25.657142857142855,60.0,50.0,16.38,4.731,,,136.5,5.099,2.89,134.08,5.4294599606,35.5271326921,,,,,,5.11278,2652005062.98,
600500,中化国际,化学制品,,39.05,0.0,37.18181818181819,39.0,100.0,5.01,-0.199,-28.223495702005746,,-8.081,1.766,-2.72,68.2824553836,-3.3648441533,5.8598353902,减亏,67.5,-43.83408071748879,-11.795774647887324,,1.84869,17977414578.03,
601515,衢州东峰,包装印刷,,39.03,26.902235015142857,37.0,6.830666666666667,100.0,3.19,1.592,-0.6230529595015577,,-13.292,1.276,-1.19,4.8975476622,23.3291351703,12.6631290212,续亏,14.365,-12.6027397260274,-8.857142857142863,,0.67373,6139061440.49,
688050,爱博医疗,医疗器械,,39.0,40.925,63.5406162464986,3.3659999999999997,50.0,38.0,-0.809,,,27.143,2.547,6.37,-14.39,18.5683709993,61.4808928293,,,,,,0.85234,7350633930.0,
300631,久吾高科,环保设备Ⅱ,,38.99,30.735840511285716,69.0909090909091,9.978,50.0,21.43,2.831,,,35.645,1.964,2.77,-3.37,10.5087291838,43.3351767158,,,,,,1.43374,2605996885.83,
600015,华夏银行,银行Ⅱ,,38.99,16.525000000000002,95.15151515151514,0.9899999999999992,50.0,6.21,0.485,,,3.833,0.308,2.61,-18.35,12.7103378586,,,,,,,0.2769,95554660934.43,疑似价值陷阱
600812,华北制药,化学制药,,38.97,41.41101121085714,66.16883116883116,0.0,50.0,4.84,-1.224,,,45.234,1.505,1.15,-48.3,-20.0082897112,28.9504156952,,,,,,1.47469,8304134990.8,
688028,沃尔德,通用设备,,38.97,57.225,14.81417953116066,32.376,50.0,116.25,-2.72,,,185.822,8.586,2.89,33.96,24.5391543591,46.3363122456,,,,,,5.19347,17547821250.0,
301419,阿莱德,通信设备,,38.96,51.19987354178571,50.237288135593225,4.1579999999999995,50.0,42.93,3.371,,,81.0,6.843,3.01,-13.07,20.5983943383,36.1448229585,,,,,,5.59241,4812592522.5,
300416,苏试试验,专业服务,,38.96,33.12465426764285,57.87114845938375,18.221999999999998,50.0,13.67,-0.146,,,27.005,2.463,4.59,10.37,8.9339158719,40.3095159747,,,,,,1.36363,6905059693.2300005,
605369,拱东医疗,医疗器械,,38.94,49.06489707478572,39.708683473389364,17.177999999999997,50.0,18.05,-0.055,,,78.478,2.334,3.21,8.63,5.5842859627,32.4558559047,,,,,,1.04449,3967444673.45,
600326,西藏天路,水泥,,38.9,25.0,17.0,28.601333333333333,100.0,6.63,-0.6,0.0,,-155.269,2.348,-2.2,23.2247276961,-14.2545331254,1.0583456163,减亏,28.505,-20.69377990430622,-12.648221343873525,,0.77767,9033139124.49,
600085,同仁堂,中药Ⅱ,,38.89,60.66239155064286,42.75,0.0,50.0,23.3,-0.129,,,26.874,2.346,5.22,-23.19,-14.2271205008,41.6573481709,,,,,,0.17906,31955257104.6,
605123,派克新材,航空装备Ⅱ,,38.89,17.535409547999997,74.46428571428572,20.039999999999996,50.0,77.46,-0.946,,,37.19,1.981,4.27,13.4,25.8182520382,19.6045733672,,,,,,0.69833,9385897294.32,
603389,亚振家居,家居用品,,38.88,27.79522917357143,9.000000000000002,33.176,100.0,43.58,2.228,-24.86206896551725,,-192.747,57.539,-7.84,47.1442253482,305.8197263624,13.913320843,减亏,45.66,-29.253246753246756,-1.2910532276330655,,0.6243,11450732160.0,
688105,诺唯赞,生物制品,,38.87,25.724999999999998,24.609756097560982,60.0,50.0,25.49,-1.202,,,-637.25,3.651,0.29,250.31,15.5440582931,71.0359496504,,,,,,2.30263,13177949281.36,
300041,回天新材,化学制品,,38.86,22.41248308271428,66.28458498023716,22.259999999999998,50.0,10.64,-0.281,,,26.74,1.959,5.27,17.1,9.1317847586,22.9324763158,,,,,,1.59247,5792675860.719999,
601579,会稽山,非白酒,,38.85,49.79147508033333,21.428571428571423,34.224,50.0,37.66,-9.99,,,72.423,4.81,3.36,37.04,4.4297030225,61.6020093498,,,,,,1.46113,18056591982.94,
300820,英杰电气,其他电源设备Ⅱ,,38.83,53.401566994142854,50.73684210526316,0.49200000000000016,50.0,66.86,-0.904,,,66.198,5.773,3.72,-19.18,-1.0400557037,36.7421937918,,,,,,3.49396,7474121476.679999,
605258,协和电子,元件,,38.82,21.107265813394182,79.4308943089431,10.535999999999998,50.0,44.01,9.998,,,57.908,3.234,2.34,-2.44,-4.5425799369,15.5937930669,,,,,,10.64557,3872880000.0,当日已大涨
603136,天目湖,旅游及景区,,38.82,32.63897619067858,76.11111111111111,0.0,50.0,9.09,-0.22,,,25.971,1.814,2.78,-29.94,-8.1598008795,37.5689242982,,,,,,2.09801,2455451793.9,
600531,豫光金铅,工业金属,,38.79,19.650000000000002,72.11469534050178,19.476,50.0,11.12,0.816,,,14.076,1.901,7.86,12.46,52.7294852476,6.027925954,,,,,,1.32899,13447001201.76,
603909,建发合诚,工程咨询服务Ⅱ,,38.78,11.05,80.51948051948052,21.323999999999998,50.0,10.17,-1.549,,,24.278,2.263,4.42,15.54,15.8292316484,4.0145307337,,,,,,3.72226,2651045833.8,
605080,浙江自然,文娱用品,,38.78,30.554774920428574,77.14285714285715,1.296,50.0,23.0,-2.872,,,16.912,1.406,5.3,-17.84,5.5302828354,34.2266848886,,,,,,1.27445,3228077600.0,
300070,碧水源,环境治理,,38.78,10.490332301714286,42.539682539682545,60.0,50.0,3.38,1.502,,,201.19,0.447,0.11,128.49,-4.557171764,24.3014652224,,,,,,0.90707,11754788398.86,疑似价值陷阱
601949,中国出版,出版,,38.75,37.66016493428571,58.81422924901185,3.0,60.0,6.01,10.073,25.0,,17.682,1.137,0.15,-88.39,-8.5811405827,27.199230908,预减,-88.71,-14.75177304964539,13.182674199623357,,4.59736,11442848004.54,净利大幅下滑；当日已大涨
300121,阳谷华泰,橡胶,,38.74,34.692425660285714,73.33333333333334,0.0,50.0,9.4,-0.529,,,20.889,1.177,1.65,-53.03,8.673265903,17.7943959244,,,,,,1.45333,4036434955.6,净利大幅下滑
601106,中国一重,专用设备,,38.72,2.1435665959999994,25.444444444444446,46.85866666666667,100.0,2.92,1.742,-6.709265175718848,,-64.317,3.867,-0.0526,97.4331828963,-8.3822985203,13.0009932344,减亏,96.97,-14.868804664723037,-4.575163398692816,,0.58511,20024726146.84,
301699,洛轴股份,通用设备,,38.72,47.599999999999994,42.16695254431103,39.596000000000004,20.0,37.71,-7.301,,,42.852,9.982,11.04,11.35,8.5223674086,,略增,24.735,,,,54.655,2637114941.7899995,换手过热
601838,成都银行,银行Ⅱ,,38.71,53.725,35.75757575757575,14.610000000000001,50.0,18.88,-0.84,,,6.15,0.868,7.49,4.35,4.1264172877,,,,,,,0.40685,80021659521.28,
300215,电科院,专业服务,,38.71,28.23526418292857,20.952380952380956,60.0,50.0,6.24,1.961,,,624.0,2.324,1.32,200.16,15.6915778808,30.9093698561,,,,,,1.97859,4674347726.88,
688566,吉贝尔,化学制药,,38.69,35.0,72.75974025974025,0.0,50.0,27.8,1.164,,,21.221,2.223,4.0,-33.54,7.6142779756,90.1495232083,,,,,,1.49662,5590625175.0,
603261,立航科技,航空装备Ⅱ,,38.68,25.0,11.500000000000002,33.208000000000006,100.0,49.48,-0.04,-6.163474303053295,,-18.532,7.829,-4.0,48.7726869541,117.8984349639,7.135386564,减亏,45.78,-20.01293242806337,-11.863199144994663,,3.33295,3834948488.56,
688286,敏芯股份,半导体,,38.68,35.82720314678571,71.74582798459564,0.0,50.0,52.94,5.374,,,81.446,4.002,-1.94,-181.84,-18.7207071744,25.1580844055,,,,,,7.76211,4145917801.74,净利大幅下滑
601021,春秋航空,航空机场,,38.67,46.404259745785716,53.5,5.513999999999999,50.0,39.84,-1.484,,,16.739,2.203,5.69,-10.81,19.716477663,20.0509636441,,,,,,0.66378,38976803572.32,
600795,国电电力,电力,,38.67,38.99175759521428,66.85598377281947,1.05,50.0,5.36,-0.741,,,13.333,1.587,4.934,-18.25,1.7699058332,12.3194606333,,,,,,0.60587,95598918279.52,
300877,金春股份,纺织制造,,38.66,6.335068068857143,47.04761904761905,60.0,50.0,26.67,1.445,,,35.56,1.926,1.86,98.8,20.3056047248,12.3590952964,,,,,,1.2681,3200359995.0,
600452,涪陵电力,电力,,38.66,44.617761464785715,34.766734279918865,26.345999999999997,50.0,8.73,0.46,,,33.577,2.345,3.63,23.91,-8.1721159131,24.7598660507,,,,,,0.63513,13414008639.42,
600009,上海机场,航空机场,,38.65,41.43857132709455,42.99999999999999,21.876,50.0,22.38,0.089,,,26.329,1.291,2.82,16.46,2.352023716,24.934587321,,,,,,0.18762,55507297639.2,
600782,新钢股份,普钢,,38.61,25.0,44.42307692307693,0.0,100.0,2.66,1.527,2.3076923076922995,,266.0,0.336,-2.36,-652.64,-8.0219578144,-3.5098440851,首亏,-640.51,-10.437710437710434,-5.3380782918149405,,1.05542,8367434716.339999,疑似价值陷阱；净利大幅下滑
688390,固德威,光伏设备,,38.61,36.36387315942857,10.790513833992096,60.0,50.0,54.8,0.238,,,97.857,4.352,9.88,1825.9438152314,52.9559092713,26.3294224232,,,,,,1.66284,13323147578.8,
301128,强瑞技术,专用设备,,38.61,38.40419472042856,22.242424242424246,46.09799999999999,50.0,107.6,0.0,,,78.575,16.236,9.04,56.83,63.6832837525,32.1258726086,,,,,,2.81167,13707097610.8,
600089,特变电工,电网设备,,38.6,16.894024565642855,94.01194029850745,0.09600000000000009,50.0,17.15,-0.637,,,14.772,1.223,3.5807,-19.84,16.909049466,21.1191843919,,,,,,0.66857,86655392592.65,
300591,万里马,服装家纺,,38.6,37.83668754578572,9.000000000000002,60.0,50.0,6.17,-3.292,,,-16.55,14.839,-0.65,96.96,12.4320478931,27.9713625641,,,,,,4.06568,2162583315.59,
600630,龙头股份,服装家纺,,38.58,36.54397947045767,36.47058823529412,36.642,46.71716,7.71,-2.897,,,70.091,3.993,3.89,41.07,9.5665309941,30.1098294854,,,,,,16.64142,3275682912.87,
688116,天奈科技,电池,,38.55,41.020336773394185,43.73134328358209,21.234,50.0,33.73,4.557,,,53.54,3.247,3.5,15.39,11.4230264479,35.8455083619,,,,,,2.09805,12363126080.23,
600919,江苏银行,银行Ⅱ,,38.54,54.65,28.48484848484848,8.093685146754,65.0,12.16,-0.491,8.892271872481427,,6.909,0.822,7.86,8.09,9.1107021147,,,,-3.6450079239302657,0.5789909015715411,8.093685146754,0.34055,223152105470.08,
688347,华虹宏力,半导体,,38.51,32.59676163785714,14.910141206675224,60.0,50.0,219.1,2.498,,,995.909,8.936,0.86,436.69,19.4147741706,17.625466293,,,,,,2.59208,89338025000.0,
600416,湘电股份,电机Ⅱ,,38.49,3.9273645643571435,69.23076923076923,0.0,100.0,8.15,0.617,-14.838035527690696,,50.938,1.241,0.12,-93.97,-11.7734711731,15.0783103901,首亏,-111.9,-21.934865900383137,-4.342723004694826,,0.52531,12027626429.6,净利大幅下滑
300006,莱美药业,化学制药,,38.49,50.0,26.727272727272734,27.220879201199992,50.0,5.3,-0.749,,,-41.536,3.233,-1.34,25.368132002,-7.0921014482,55.009625756,,,,,,1.6896,5595850759.400001,
603232,格尔软件,软件开发,,38.48,50.0,37.0,4.905333333333334,65.0,16.69,4.574,16.387726638772683,,-46.361,3.06,-4.71,15.9303856556,10.0850459623,46.7225463913,续亏,7.145,-7.2777777777777715,8.658854166666675,,9.71196,3860396916.55,
301039,中集车辆,商用车,,38.48,34.29010132592857,71.0,1.7760000000000005,50.0,7.15,-1.515,,,14.896,0.951,2.28,-17.04,10.0873617082,15.0261418563,,,,,,0.86717,10345745231.25,疑似价值陷阱
300298,三诺生物,医疗器械,,38.47,46.857866748919754,32.14565826330533,25.511999999999997,50.0,16.1,-0.556,,,95.549,3.031,7.02,22.52,12.0763608674,52.5090310705,,,,,,0.75541,7212817049.9,
603218,日月股份,风电设备,,38.46,20.736223454450396,88.94117647058823,0.0,50.0,9.5,1.279,,,17.273,0.93,1.55,-42.79,-20.7943538154,16.7616798588,,,,,,1.25744,9774896750.0,疑似价值陷阱
603129,春风动力,摩托车及其他,,38.45,46.759144730285705,41.94444444444444,15.756,50.0,284.0,1.756,,,25.842,5.444,13.36,6.26,35.8243216024,28.7028026224,,,,,,0.94491,43589104692.0,
605133,嵘泰股份,汽车零部件,,38.44,40.02284654014286,59.8095238095238,5.915999999999999,50.0,24.35,0.371,,,34.296,1.814,2.29,-10.14,39.4278735251,23.0169851562,,,,,,1.52669,6869576027.2,
605268,王力安防,家居用品,,38.43,45.81187891578571,45.57142857142857,13.193999999999997,50.0,10.22,0.492,,,35.241,2.549,4.0,1.99,-2.5993586286,25.1366304821,,,,,,1.46056,4502421000.0,
300988,津荣天宇,专用设备,,38.43,21.479361511214286,69.43434343434343,18.528,50.0,16.55,2.54,,,25.462,2.47,5.48,10.88,21.8938447737,20.8911061157,,,,,,3.14637,2682781231.75,
601968,宝钢包装,包装印刷,,38.43,7.9,68.0,36.252,50.0,4.47,-0.445,,,29.8,1.252,3.16,40.42,19.6726213624,6.9467796023,,,,,,0.53317,5702734186.2,
605186,健麾信息,自动化设备,,38.43,18.132482738285717,55.16083916083916,36.791999999999994,50.0,25.07,0.967,,,109.0,3.072,0.64,41.32,16.4635518405,33.1454758336,,,,,,1.08103,3409520000.0,
300998,宁波方正,汽车零部件,,38.42,27.027180588,21.238095238095234,60.0,50.0,29.28,-0.136,,,145.817,3.186,0.1,106.69,-1.6848243257,12.4880528232,,,,,,2.60391,3152887382.4,
300049,福瑞医科,医疗器械,,38.39,58.02499999999999,18.05042016806723,25.872,50.0,45.85,-0.585,,,79.052,6.159,3.21,23.12,5.7992856856,74.8927813956,,,,,,1.58474,10710111449.45,
300642,透景生命,医疗器械,,38.39,27.0,27.305322128851543,60.0,42.30462,19.88,-2.165,,,903.636,2.244,0.8,315.92,17.7816907078,64.8722755599,,,,,,18.84769,2737586751.48,
603936,博敏电子,元件,,38.36,28.931117400285718,38.739837398373986,0.0,100.0,20.53,5.228,-2.839564600094646,,2053.0,3.111,-1.19,-235.35,9.3497906186,15.5035643604,首亏,-366.255,-26.704748304177084,11.941112322791714,,7.88378,12942071022.12,净利大幅下滑
301020,密封科技,汽车零部件,,38.33,40.431071320777775,42.285714285714285,22.506,50.0,22.17,-2.033,,,36.95,3.203,5.99,17.51,14.1796219798,31.0227418422,,,,,,3.8725,3245688000.0,
688373,盟科药业,化学制药,,38.31,39.26139345000001,10.363636363636363,55.746392625240006,50.0,5.73,1.237,,,-15.486,23.077,-20.39,72.9106543754,33.6872915145,85.6039713405,,,,,,1.78729,3760188617.4,
300726,宏达电子,军工电子Ⅱ,,38.29,35.8,51.38461538461539,18.828,50.0,53.03,1.222,,,54.44,4.438,4.32,11.38,6.2596734734,60.0020081017,,,,,,4.07094,11371669571.69,
688166,博瑞医药,化学制药,,38.28,30.475,16.558441558441555,60.0,50.0,34.36,0.733,,,264.308,4.906,2.19,243.17,26.1719050003,56.771464795,,,,,,1.52107,14973915890.76,
601825,沪农商行,银行Ⅱ,,38.27,48.45,42.42424242424242,12.522,50.0,8.58,-0.348,,,6.703,0.622,5.38,0.87,1.816113193,,,,,,,0.17148,80929127110.26,
688249,晶合集成,半导体,,38.27,35.77077286907143,70.14120667522465,0.0,50.0,34.08,2.62,,,94.667,3.27,1.09,-26.12,14.5854665842,21.2640820167,,,,,,0.57592,68423551204.8,
600198,大唐电信,通信设备,,38.27,29.952284010642856,9.000000000000002,28.121333333333332,100.0,7.27,0.276,-13.245823389021494,,-165.604,46.217,-26.37,24.8228339787,30.5039923522,16.9331976149,减亏,26.705,-25.43589743589744,-9.464508094645074,,0.66865,9465175075.08,
688787,海天瑞声,IT服务Ⅱ,,38.26,28.275,19.107312440645774,60.0,50.0,88.4,1.551,,,368.333,7.297,1.31,156.87,22.4542660841,56.4329796692,,,,,,1.71557,5332745912.0,
688365,光云科技,IT服务Ⅱ,,38.26,28.049999999999997,19.370370370370374,60.0,50.0,15.85,4.139,,,-264.167,7.008,1.22,196.0957668583,15.132086046,72.9456496331,,,,,,4.00806,6756707341.4,
300026,红日药业,中药Ⅱ,,38.24,52.275000000000006,38.650000000000006,11.585999999999999,50.0,3.19,-0.313,,,319.0,1.12,0.91,-0.69,-21.718143866,57.4288456819,,,,,,0.96765,9574228105.75,
600017,日照港,航运港口,,38.22,38.327744732285716,59.166666666666664,7.703999999999998,50.0,2.81,0.717,,,17.563,0.609,2.36,-7.16,4.0687969539,20.3988426252,,,,,,0.80924,8642587425.28,疑似价值陷阱
603119,浙江荣泰,汽车零部件,,38.22,61.43080959142857,14.142857142857142,25.002000000000002,50.0,52.26,-3.186,,,67.87,11.775,7.15,21.67,56.9259067795,35.978133428,,,,,,2.1293,24711661927.68,
600383,金地集团,房地产开发,,38.21,23.485025353021165,47.88888888888889,24.756,65.0,2.55,6.25,15.909090909090896,,-0.867,0.27,-6.24,25.6496705157,-20.0084668163,15.9635100216,减亏,14.085,0.0,12.831858407079654,,5.42941,11512188108.6,疑似价值陷阱
300228,富瑞特装,通用设备,,38.21,13.888103711642858,96.18067467124072,0.0,50.0,6.43,0.626,,,15.649,1.549,2.58,-24.14,4.2306777055,20.4133451963,,,,,,1.03474,3603258401.19,
688061,灿瑞科技,半导体,,38.2,38.201077064928576,48.75609756097561,18.183196236,50.0,44.07,-0.966,,,-84.75,2.248,-1.04,10.30532706,4.7873091989,28.4815078909,,,,,,1.30568,5063175461.37,
300464,星徽股份,互联网电商,,38.2,44.00635199521429,0.0,60.0,50.0,10.63,2.113,,,1002.83,33.208,4.04,157.55,1.7811449698,22.4688927933,,,,,,9.36721,3775166635.25,
300550,和仁科技,软件开发,,38.14,42.35267625742857,61.73242630385487,0.0,50.0,14.02,1.154,,,77.889,3.309,-2.78,-797.74,-0.7402758313,34.2937467604,,,,,,1.10687,3677675381.22,净利大幅下滑
600021,上海电力,电力,,38.13,43.56614925307143,60.22312373225153,0.0,50.0,12.78,0.078,,,14.644,1.8,3.93,-47.55,-11.8763016967,22.2376089543,,,,,,0.36645,36063572787.9,
601222,林洋能源,电网设备,,38.13,14.583992392142859,64.00597014925373,31.019999999999996,50.0,5.91,1.026,,,49.25,0.778,2.77,31.7,82.4035774776,20.722589349,,,,,,0.80009,12063611121.96,疑似价值陷阱
600662,外服控股,专业服务,,38.13,18.525,76.07843137254902,14.208000000000002,50.0,4.19,0.48,,,14.625,1.825,7.41,3.68,6.5222277328,7.8256992061,,,,,,0.34332,9539632947.6,
601155,新城控股,房地产开发,,38.12,29.078464063396826,68.66666666666667,8.91,50.0,13.01,2.765,,,43.367,0.47,1.37,-5.15,-20.1637624914,38.0286410232,,,,,,1.66064,29345653356.56,疑似价值陷阱
603809,豪能股份,汽车零部件,,38.11,30.207819076355648,62.857142857142854,13.314,50.0,8.49,-0.118,,,26.399,2.1,4.99,2.19,19.311770506,31.2396165351,,,,,,0.64261,7813251971.429999,
600028,中国石化,炼化及贸易,,38.11,14.713513962857144,71.2087912087912,23.579999999999995,50.0,5.28,-2.403,,,20.153,0.755,3.06,19.3,1.9523055217,19.888919548,,,,,,0.2185,499742592756.0,
601311,骆驼股份,电池,,38.07,11.732466297357144,98.20298507462685,0.0,50.0,7.33,1.243,,,10.324,0.866,2.76,-47.44,-4.4152785559,16.7654528163,,,,,,0.5264,8599161044.94,疑似价值陷阱
300973,立高食品,休闲食品,,38.07,25.71372933442857,81.42857142857144,0.0,50.0,25.44,-0.274,,,13.919,1.72,4.65,-25.96,6.5361340971,29.7242210682,,,,,,1.50406,3016262893.92,
300938,信测标准,专业服务,,38.05,46.76769451612422,35.85434173669468,20.208,50.0,30.93,2.046,,,36.171,5.482,5.6,13.68,15.0687821647,61.9356805431,,,,,,3.42257,9150643716.72,
603220,中贝通信,通信服务,,38.05,15.800132559785718,50.22857142857142,3.0,100.0,17.07,0.471,-14.005037783375318,,91.089,2.405,0.36,-78.96,-14.3165671884,16.8601855837,预减,-79.115,-29.228855721393032,-9.634727368978302,,1.94809,9155634593.49,净利大幅下滑
600843,上工申贝,专用设备,,38.04,4.908682782500001,38.33333333333334,27.917333333333332,100.0,7.68,-2.041,-13.610798650168745,,-37.926,2.061,-1.8451,28.0708383494,0.8881275999,16.8721558955,减亏,25.94,-14.189944134078214,7.262569832402232,,7.50418,3603630566.4,
600496,精工钢构,专业工程,,38.04,11.126876904500001,83.68421052631578,15.113999999999999,50.0,3.32,-0.599,,,10.797,0.729,3.95,5.19,-2.4710992247,11.7526276663,,,,,,0.80159,6607216988.679999,
600785,新华百货,一般零售,,38.04,42.23540089107143,61.49425287356323,0.0,50.0,10.28,-1.815,,,31.152,1.418,3.01,-20.25,0.2869900587,23.5945612475,,,,,,3.91835,3247285381.76,
300042,朗科科技,计算机设备,,38.04,32.617216018142855,13.037634408602154,60.0,50.0,36.88,0.136,,,272.177,6.531,8.69,632.43,101.7597377368,25.2491024254,,,,,,2.75781,7390071564.0,
605056,咸亨国际,通用设备,,38.03,13.83371185957143,81.87535734705547,13.661999999999999,50.0,13.73,1.779,,,21.123,3.205,3.48,2.77,27.2102586379,17.1871966034,,,,,,1.39458,5538588636.0,
605365,立达信,照明设备Ⅱ,,38.0,41.21358643171429,50.0,12.558,50.0,14.51,-1.091,,,34.88,1.952,1.83,0.93,0.9528139526,26.2940210044,,,,,,0.92434,7284206830.759999,
300053,航宇微,半导体,,37.97,40.01397343485714,30.463414634146346,33.402,50.0,11.7,0.086,,,-23.897,5.856,-2.85,35.67,-16.9574947014,31.0195628088,,,,,,1.14782,7747930745.099999,
300702,天宇股份,化学制药,,37.96,47.88170264892857,54.38311688311688,0.0,50.0,22.02,-1.034,,,53.707,2.15,2.74,-32.12,13.2308311054,32.4443837085,,,,,,2.59716,4649436373.32,
688267,中触媒,化学制品,,37.94,26.472342476716054,79.98023715415019,0.0,50.0,21.81,-0.183,,,18.483,1.732,2.81,-36.54,-0.4462705906,35.0549065116,,,,,,0.67618,4975652572.139999,
600771,广誉远,中药Ⅱ,,37.93,62.74999999999999,18.35,18.089999999999996,50.0,13.89,-1.068,,,106.846,4.078,5.1,10.15,5.7816355865,67.8851515525,,,,,,1.9621,6799031948.49,
600968,海油发展,油服工程,,37.92,19.03314369635714,75.55555555555556,13.266,50.0,3.91,1.295,,,10.233,1.333,6.14,2.11,2.1356121503,15.1564011749,,,,,,0.25925,39745557418.09,
600783,鲁信创投,通用设备,,37.9,42.0822097219127,55.06575185820468,6.03,50.0,14.62,-0.881,,,76.947,2.391,4.31,-9.95,15.099023893,35.3177342479,,,,,,0.92455,10882532878.28,
301075,多瑞医药,化学制药,,37.88,29.75,15.818181818181817,60.0,50.0,64.02,0.282,,,-49.628,7.765,1.9,127.13,-10.2438796561,7.5394206291,,,,,,1.2,3623532000.0,
601963,重庆银行,银行Ⅱ,,37.85,50.0375,29.09090909090909,10.282131661442,65.0,10.97,-0.454,10.140562248995977,,7.17,0.658,6.015,10.29,10.7892947848,,,,-5.103806228373697,-1.9660411081322549,10.282131661442,0.32386,22313711874.52,
300479,神思电子,计算机设备,,37.85,36.201776431142854,27.71505376344086,40.26,50.0,14.93,1.358,,,165.889,5.529,-5.69,47.1,12.3114913101,25.6824870036,,,,,,1.14122,2940140489.45,
600702,舍得酒业,白酒Ⅱ,,37.84,30.3,32.00000000000001,3.0,100.0,31.76,-0.408,-11.011487811711952,,46.685,1.514,2.12,-67.26,-15.3375162179,66.3484091512,预减,-65.035,-18.102114492006184,-8.944954128440374,,0.88433,10542759472.4,净利大幅下滑
600649,城投控股,房地产开发,,37.81,19.746523375142857,75.55555555555556,0.0,65.0,4.13,3.25,15.041782729805009,,34.417,0.494,-0.25,-133.8,-52.0611091189,37.6451327252,首亏,-139.0,-0.7211538461538547,6.994818652849744,,1.32619,10291137171.84,疑似价值陷阱；净利大幅下滑
688709,成都华微,半导体,,37.81,48.09497698686869,53.53016688061618,0.0,50.0,25.85,1.852,,,107.708,5.82,-4.16,-440.27,-29.5962669621,71.9397235184,,,,,,1.73855,5732140588.35,净利大幅下滑
688488,艾迪药业,生物制品,,37.78,31.025000000000002,13.878048780487806,60.0,50.0,16.12,2.741,,,-347.414,7.415,2.41,149.53,0.9297114895,67.5157647665,,,,,,1.83233,6783018864.96,
300633,开立医疗,医疗器械,,37.74,51.025,49.73669467787115,0.0,50.0,19.25,-0.207,,,41.848,2.711,0.41,-70.71,9.2358352501,61.4423617981,,,,,,1.07174,5007239063.75,净利大幅下滑
688199,久日新材,化学制品,,37.73,10.492048523214285,38.3201581027668,60.0,50.0,25.33,0.317,,,149.0,1.565,1.67,579.3314418494,21.5835253695,18.8438679325,,,,,,1.81723,4083886267.83,
300699,光威复材,航空装备Ⅱ,,37.73,28.75926696242857,76.42857142857143,0.0,50.0,22.61,0.133,,,30.913,3.438,3.44,-26.21,9.8253673528,38.2229737474,,,,,,0.51175,18616628560.39,
688168,安博通,软件开发,,37.72,25.0,21.444444444444446,59.44013055948,50.0,43.99,1.383,,,-21.995,4.923,-2.33,79.0668842658,-69.4578159961,78.5346810299,,,,,,4.60543,4753515629.95,
300690,双一科技,风电设备,,37.7,33.05613587757143,39.764705882352935,32.64,48.41888,26.68,2.615,,,27.505,2.649,8.06,34.4,13.9832132023,28.0685902286,,,,,,15.79056,2976961283.44,
601615,明阳智能,风电设备,,37.67,1.1931626497142853,66.23529411764706,3.0,100.0,9.78,2.839,-12.31058907917153,,31.867,0.847,0.42,-81.77,-0.6214109233,10.2004277096,预减,-79.505,-19.3069306930693,-7.9962370649106385,,2.21776,22117437784.68,疑似价值陷阱；净利大幅下滑
688698,伟创电气,自动化设备,,37.67,29.759975612428573,74.96503496503497,0.0,50.0,42.17,-0.213,,,34.008,3.764,4.59,-21.76,18.8398169262,35.5989658574,,,,,,0.8303,9067948947.58,
300653,正海生物,医疗器械,,37.63,50.59102895451388,49.80392156862745,0.0,50.0,15.74,0.897,,,34.217,3.245,3.71,-27.85,-14.9428623497,82.6481261249,,,,,,1.23279,2833200000.0,
603861,白云电器,电网设备,,37.62,11.28727139992857,80.8179104477612,16.098,50.0,10.75,0.373,,,26.875,1.452,2.15,6.83,-0.0816969797,18.2771799599,,,,,,0.73136,5682304638.499999,
601116,三江购物,一般零售,,37.62,40.35570185421429,62.06896551724138,0.0,50.0,9.85,0.102,,,28.784,1.635,1.9855,-28.03,-8.2783414149,24.5487325959,,,,,,1.04971,5394632240.0,
300157,新锦动力,通用设备,,37.61,60.75341441278571,37.54716981132076,0.0,50.0,3.6,0.0,,,90.0,-16.238,,-173.37,11.5478733095,39.0547801779,,,,,,1.499,2650584175.2000003,净利大幅下滑
600737,中粮糖业,农产品加工,,37.61,13.670504245785715,60.0,34.05,50.0,13.8,-1.429,,,31.032,2.635,5.19,36.75,-21.1640166231,10.9737059441,,,,,,2.29595,29516105546.4,
603421,鼎信通讯,通信设备,,37.6,16.614034822992064,46.96610169491526,23.491999999999997,75.0,6.38,3.236,6.688963210702337,,-6.51,1.807,-8.26,9.5498893511,-35.8111225363,23.6699769683,减亏,9.345,-20.44887780548628,5.980066445182719,,3.38141,4160975460.18,
601018,宁波港,航运港口,,37.6,20.574219063071432,75.0,10.727999999999998,50.0,3.49,1.749,,,12.926,0.831,3.12,-2.12,12.7564709868,27.8839066883,,,,,,0.28043,67895815512.51,
600016,民生银行,银行Ⅱ,,37.58,17.5625,82.42424242424242,6.828000000000001,50.0,3.47,0.872,,,5.508,0.262,3.025,-8.62,3.8433908046,,,,,,,0.58754,123053567549.11,
301101,明月镜片,文娱用品,,37.57,40.425,40.0,21.78,50.0,30.23,1.104,,,31.454,3.435,6.17,16.3,14.3691161372,55.1998004831,,,,,,0.62538,5867738012.889999,
603290,斯达半导,半导体,,37.54,10.236955583142858,88.85750962772785,9.0,50.0,83.4,0.712,-34.18041196432798,,49.349,2.903,0.93,-76.4,-0.4060340699,21.0767378164,略减,-0.41,-45.46881129854845,-8.552631578947366,,0.94236,19972087064.4,净利大幅下滑
688065,凯赛生物,化学制品,,37.51,23.800019493,57.03557312252965,24.449999999999996,50.0,38.2,0.131,,,46.585,1.551,2.08,20.75,13.7309854214,36.0400272902,,,,,,0.39607,22285041089.8,
603238,诺邦股份,个护用品,,37.51,27.34091982948833,76.66666666666667,0.5640000000000007,50.0,12.71,0.237,,,19.258,1.541,3.57,-19.06,15.9400081653,15.7365867038,,,,,,1.47638,2256139390.0,
688320,禾川科技,自动化设备,,37.5,14.161541661214283,33.0,60.0,50.0,36.25,2.837,,,-41.193,4.411,1.85,159.4787814821,37.4150698965,23.3511583257,,,,,,2.57392,5474245465.000001,
603712,七一二,军工电子Ⅱ,,37.5,19.264061525714286,43.871794871794876,3.0,100.0,11.28,0.624,-9.47030497592296,,-17.625,2.304,-2.89,2.9774563268,20.5662305973,36.969686136,续亏,-8.525,-13.629402756508435,-3.918228279386715,,0.80506,8708160000.0,
300099,尤洛卡,专用设备,,37.48,28.15,76.12121212121212,0.0,50.0,6.24,0.161,,,25.111,1.989,1.26,-21.71,-21.2836419494,59.3649727729,,,,,,1.47502,3356067954.7200003,
688789,宏华数科,专用设备,,37.48,29.138111443857145,74.94949494949495,0.0,50.0,50.93,3.181,,,17.264,2.699,3.11,-55.65,-14.1329742634,39.9083560214,,,,,,1.54413,9180443529.51,净利大幅下滑
301258,富士莱,化学制药,,37.46,31.1158186625,72.50000000000001,0.0,50.0,27.09,2.458,,,38.155,1.357,-0.79,-133.93,-17.1670114578,18.5621461275,,,,,,1.44707,2468874240.0,净利大幅下滑
603368,柳药集团,医药商业,,37.44,12.63966366807143,90.99999999999999,3.5999999999999996,50.0,15.03,-0.595,,,8.397,0.758,4.61,-14.0,2.187465307,11.5605291353,,,,,,0.66896,5970086665.65,
301228,实朴检测,专业服务,,37.44,32.368609283428576,10.904761904761909,60.0,50.0,51.97,0.406,,,-89.603,10.553,-0.09,98.07,-4.3360320138,20.3160529968,,,,,,1.39984,6215710743.0,
688516,奥特维,光伏设备,,37.43,46.386581509732515,43.913043478260875,10.134,50.0,42.47,0.141,,,30.121,3.674,7.67,-3.11,-19.5514590772,37.995232797,,,,,,1.2713,13367876651.26,
603589,口子窖,白酒Ⅱ,,37.43,33.650000000000006,69.33333333333334,0.0,50.0,17.3,-0.689,,,15.31,0.988,3.46,-48.97,-22.8858566374,67.6148648693,,,,,,0.61441,10347466865.6,
601665,齐鲁银行,银行Ⅱ,,37.38,50.0,27.878787878787875,21.636000000000003,50.0,6.94,-0.287,,,6.94,0.821,6.0,16.06,10.5520639582,,,,,,,0.50989,42707667123.5,
300979,华利集团,纺织制造,,37.37,45.274745782357144,55.14285714285714,0.0,50.0,33.85,-0.5,,,12.309,2.559,5.86,-42.98,-13.7098475083,17.8746440953,,,,,,0.19927,39502950000.0,
600674,川投能源,电力,,37.37,37.65,55.517241379310356,8.796,50.0,16.5,-0.362,,,16.918,1.8,5.06,-5.34,-4.5332623609,54.0481794047,,,,,,0.54753,80431012662.0,
688383,新益昌,专用设备,,37.37,30.046217143642863,13.444444444444448,60.0,50.0,129.0,0.171,,,-102.381,10.232,3.76,1706.7,36.0519489346,38.9047040011,,,,,,1.87141,13112398500.0,
688131,皓元医药,医疗服务,,37.36,44.883817594357645,35.912531539108485,19.686,50.0,97.6,-2.866,,,86.372,6.463,5.3,12.81,25.7090991871,52.4250972936,,,,,,2.79319,20811649721.6,
300232,洲明科技,光学光电子,,37.35,36.22911056414286,65.92592592592592,0.0,50.0,5.31,2.115,,,91.237,1.252,0.7,-73.4,-2.9180351844,23.2707547898,,,,,,1.40802,4717694764.98,净利大幅下滑
688010,福光股份,光学光电子,,37.34,27.408458370642858,31.48148148148148,44.987980843260004,50.0,27.77,1.129,,,345.398,2.594,-0.75,54.9799680721,-12.5376708277,13.3718417189,,,,,,2.69335,4458795021.06,
603407,长裕集团,化学原料,,37.32,33.828651622071426,43.41614906832299,25.272,50.0,57.89,-3.291,,,85.132,11.016,8.26,22.12,-3.770680423,28.4501122709,,,,,,8.79026,2078945216.88,
600406,XD国电南,电网设备,,37.32,25.107373085214284,64.7223880597015,14.448,50.0,22.21,-1.245,,,21.356,3.426,5.73,4.08,14.5359559071,25.0953223193,,,,,,0.43464,177861592558.02002,
301158,德石股份,专用设备,,37.32,21.95552756114286,82.92929292929293,0.0,50.0,14.17,0.141,,,17.937,1.974,2.26,-30.0,-6.2282728776,32.8277385856,,,,,,1.11568,2694485920.88,
300840,酷特智能,服装家纺,,37.31,53.51348213764287,28.823529411764703,16.206,50.0,18.59,0.324,,,123.933,3.497,2.1,7.01,2.3742846836,42.5688749927,,,,,,3.42872,3300010077.65,
301002,崧盛股份,电网设备,,37.3,19.57659388371428,25.716417910447763,60.0,50.0,28.07,6.771,,,-935.667,3.384,3.58,5121.12,30.6523836836,24.8772314372,,,,,,5.67191,2464416737.65,
300547,川环科技,汽车零部件,,37.3,48.246329337642855,51.28571428571428,0.0,50.0,23.72,0.211,,,25.138,3.783,5.43,-23.85,-9.03627588,23.5398610727,,,,,,2.19224,4233646220.24,
603888,新华网,数字媒体,,37.28,28.13017053935714,66.66666666666667,8.694,50.0,17.27,1.768,,,35.397,3.349,3.79,-5.51,2.6554062323,36.1172387551,,,,,,2.01006,12818000980.95,
605589,圣泉集团,塑料,,37.28,22.056496235642857,77.05705705705705,5.5920000000000005,50.0,36.08,0.028,,,30.319,2.828,4.18,-10.68,13.7277672937,26.2490947299,,,,,,2.59412,30520757447.84,
300231,银信科技,IT服务Ⅱ,,37.27,31.275785020142855,71.54795821462487,0.0,50.0,8.28,2.222,,,60.438,2.32,1.03,-65.05,-16.1363622185,15.1810990282,,,,,,1.81888,3682312534.08,净利大幅下滑
300189,神农种业,种植业,,37.26,47.86324560378571,36.0,15.594,50.0,5.79,-1.531,,,55.354,8.653,-1.95,5.99,-35.2983647914,42.0085438453,,,,,,9.78494,5131389954.96,
688797,臻宝科技,半导体,,37.26,59.94876568926768,16.31707317073171,40.768,25.0,256.02,-0.218,-46.560073474158806,,0.0,13.586,8.46,25.74,31.9778888209,46.8357950913,略增,29.13,-65.50432509633781,-15.518891272067323,,5.01249,7473914541.96,
300513,恒实科技,通信服务,,37.26,30.720808486785717,26.6,45.582,50.0,7.48,1.907,,,-3.354,4.518,-8.59,55.97,22.2944263399,18.0091318815,,,,,,1.82315,2147925241.88,
600981,苏豪汇鸿,贸易Ⅱ,,37.26,25.0,32.00000000000001,35.04666666666667,65.0,2.41,1.261,7.1111111111111125,,241.0,1.127,-4.57,-303.15,9.0575639389,3.0897208331,减亏,52.675,-5.490196078431364,-2.822580645161288,,0.63597,5404263992.719999,净利大幅下滑
600573,惠泉啤酒,非白酒,,37.25,25.15849344842857,52.85714285714286,25.956000000000003,50.0,10.25,0.589,,,32.031,1.855,3.53,23.26,5.112556983,32.8668908278,,,,,,4.4384,2562500000.0,
300440,运达科技,IT服务Ⅱ,,37.25,50.0,48.983855650522315,0.0,50.0,16.41,1.422,,,82.05,4.349,-0.55,-155.66,-39.4915828667,46.6415526082,,,,,,1.53221,7219606822.65,净利大幅下滑
600604,市北高新,房地产开发,,37.23,34.147881629428575,22.33333333333334,33.617333333333335,65.0,4.85,1.677,18.00486618004864,,-28.529,1.51,-1.17,50.0440163783,117.6681222939,22.8070342812,减亏,47.315,-4.90196078431373,1.041666666666674,,1.86191,6826155799.4,
601788,光大证券,证券Ⅱ,,37.23,18.2,55.625,31.470000000000002,50.0,13.55,-0.221,,,18.562,1.016,3.28,32.45,18.166929111,,,,,,,0.21159,52935769268.450005,
300257,开山股份,通用设备,,37.22,25.77745906907738,65.70040022870212,12.264000000000001,50.0,17.8,-0.168,,,48.108,2.73,2.9,0.44,10.641046493,33.939477834,,,,,,0.64305,16995267571.4,
300354,东华测试,通用设备,,37.22,36.0,65.68896512292739,0.0,50.0,27.73,-0.252,,,28.01,4.409,4.4,-49.05,-21.0120232064,68.8318112213,,,,,,1.52907,2313695559.23,
301118,恒光股份,化学原料,,37.22,16.567512926357143,29.000000000000004,60.0,50.0,23.2,0.389,,,-157.075,1.812,4.58,723.03,16.8343089128,17.1645180969,,,,,,1.89638,2457653882.4,
600901,江苏金租,多元金融,,37.19,26.6,59.28571428571428,17.562,50.0,6.85,0.146,,,12.232,1.539,6.64,9.27,16.9079065611,,,,,,,0.42641,39664599152.35,
600605,汇通能源,一般零售,,37.19,54.525,16.321839080459778,27.023999999999997,50.0,29.6,-0.571,,,246.667,4.249,1.81,25.04,44.342854995,48.1975993619,,,,,,2.70688,6105959898.400001,
301055,张小泉,家居用品,,37.18,55.143668395109856,14.857142857142852,27.684000000000005,50.0,29.69,-0.034,,,82.472,6.72,5.06,26.14,17.9935346046,37.9897672683,,,,,,1.02282,4532703300.44,
301181,标榜股份,汽车零部件,,37.18,39.138704110385284,61.76190476190476,0.0,50.0,25.59,0.353,,,24.845,2.659,3.01,-27.04,-12.4091461015,31.8718852081,,,,,,1.39372,3000058722.51,
301191,菲菱科思,通信设备,,37.18,5.225,55.02824858757063,47.423999999999985,50.0,78.47,-0.809,,,83.479,4.454,2.09,59.04,40.0218601437,9.4621632239,,,,,,3.01355,5732840386.9800005,
300414,中光防雷,通信设备,,37.17,38.19756828878571,43.14124293785311,19.692,50.0,10.65,0.948,,,213.0,3.478,1.21,12.82,22.686790197,24.2415956043,,,,,,1.41954,3361899174.6000004,
300078,思创智联,IT服务Ⅱ,,37.16,33.78482872057143,22.827160493827158,45.275999999999996,50.0,2.73,1.111,,,-45.5,6.209,-4.59,55.46,-65.1625997541,22.2987602088,,,,,,1.71357,3039492314.0400004,
603519,立霸股份,家电零部件Ⅱ,,37.15,24.077842524785716,50.256410256410255,29.442,50.0,16.56,-2.012,,,28.068,4.151,8.0,29.07,0.0191446143,15.7089795347,,,,,,2.62878,4410389013.84,
300634,彩讯股份,IT服务Ⅱ,,37.15,25.088284720642857,78.48053181386516,0.0,50.0,20.94,1.503,,,32.215,3.115,2.25,-49.23,-24.3336903228,37.2485986089,,,,,,2.42563,9093687090.0,
603030,全筑股份,装修装饰Ⅱ,,37.13,0.8094808910000001,22.33333333333334,45.20533333333333,100.0,2.09,3.465,3.9800995024875663,,-9.5,3.958,-0.43,95.32,15.6485754689,11.1332732474,减亏,90.77,-7.52212389380531,-2.7906976744186074,,2.13877,2752391056.8,
300057,万顺新材,工业金属,,37.12,2.8000000000000003,45.12903225806452,60.0,50.0,6.28,3.12,,,-30.368,1.115,1.12,209.69,38.9269196002,8.107024788,,,,,,2.09005,5218529204.64,
301220,亚香股份,化学制品,,37.11,37.647380213999995,63.26086956521739,0.0,50.0,29.63,0.0,,,28.767,1.943,1.35,-78.63,15.8159038803,22.9813322996,,,,,,1.68157,2314756667.4300003,净利大幅下滑
600478,科力远,电池,,37.11,33.29480491707143,50.3044776119403,18.192,50.0,4.49,3.695,,,53.262,2.586,1.94,10.32,36.1136273935,14.8227268839,,,,,,1.77937,7605695932.839999,
603285,键邦股份,化学制品,,37.09,47.99900898907143,38.69565217391304,12.047999999999998,50.0,36.72,2.685,,,43.2,3.418,4.05,0.08,11.6374199106,28.0236125847,,,,,,4.73662,2287537761.6,
601702,华峰铝业,工业金属,,37.09,23.790790235928572,69.17562724014337,10.626000000000001,50.0,14.84,0.27,,,12.367,2.213,8.3,-2.29,7.6237877608,14.2571063303,,,,,,0.27711,14818194104.0,
603887,城地香江,IT服务Ⅱ,,37.07,37.524800456142856,23.265432098765434,0.0,100.0,8.49,1.677,-9.19786096256684,,-76.212,1.452,-0.18,-117.27,14.587573369,27.5347206386,首亏,-124.09,-32.025620496397124,-13.012295081967206,,1.58584,5111229784.29,净利大幅下滑
603171,税友股份,IT服务Ⅱ,,37.07,34.125,35.91642924976258,31.428,50.0,39.88,1.45,,,117.294,6.328,3.65,32.38,9.7213340771,60.3532256119,,,,,,0.79801,16186893200.0,
688159,有方科技,通信设备,,37.05,27.177886735571427,53.15254237288136,22.416,50.0,36.55,5.089,,,121.833,3.43,7.98,17.36,-42.041894889,20.1190414298,,,,,,4.29277,3392231816.0,
300873,海晨股份,物流,,37.03,36.82274433357143,63.94736842105263,0.0,50.0,14.6,2.241,,,12.595,1.484,0.51,-87.38,16.131759728,24.766842067,,,,,,6.43034,3415348770.8,净利大幅下滑
600378,昊华科技,化学制品,,37.03,22.07686459185714,45.7707509881423,35.868,50.0,41.75,-0.406,,,37.283,2.884,4.84,39.78,24.8663648028,23.9676104286,,,,,,2.1209,44779603905.25,
688582,芯动联科,半导体,,37.03,28.599999999999998,73.81258023106547,0.0,50.0,36.72,0.027,,,48.316,5.823,1.44,-76.36,-38.1350873055,77.7810983715,,,,,,0.55595,14751858136.32,净利大幅下滑
600821,金开新能,电力,,37.02,24.777067327071432,35.334685598377284,3.0,100.0,5.7,-0.35,-3.716216216216217,,114.0,1.285,0.89,-81.66,-11.9910727496,41.5728942579,预减,-85.89,-20.27972027972028,-4.522613065326631,,1.28959,11213752232.1,净利大幅下滑
601778,晶科科技,电力,,37.02,9.842181991714286,56.267748478701826,0.0,100.0,3.38,1.198,-16.33663366336634,,37.556,0.765,-1.17,-252.76,-33.9362478348,23.7790547884,首亏,-272.355,-26.712922810060714,-7.650273224043724,,1.41436,12583890403.24,疑似价值陷阱；净利大幅下滑
603529,爱玛科技,摩托车及其他,,37.01,20.36244180957143,83.61111111111111,0.0,50.0,21.8,3.22,,,9.237,1.923,6.48,-45.15,-12.2100885296,15.8274185334,,,,,,0.88325,18546703530.6,
603758,秦安股份,汽车零部件,,37.0,37.984065869714286,62.42857142857143,0.0,50.0,10.79,0.466,,,30.829,1.785,1.86,-39.9,4.4680405416,21.6676922176,,,,,,1.24038,4673322168.71,
300170,汉得信息,IT服务Ⅱ,,36.98,21.888008710142852,63.0389363722697,18.605999999999998,50.0,15.67,5.168,,,68.13,2.803,1.65,11.01,6.065919781,34.8682121942,,,,,,5.47116,15580280004.7,
688180,君实生物,生物制品,,36.97,25.900000000000002,16.804878048780488,60.0,50.0,34.94,0.287,,,-40.161,6.035,0.36,105.249154886,45.1758162326,79.7634815873,,,,,,1.87965,26777812334.74,
300083,创世纪,自动化设备,,36.95,24.363011318142856,49.09090909090909,29.465999999999998,50.0,11.6,0.346,,,128.889,3.541,5.58,29.11,31.2577737884,24.5782158454,,,,,,1.67676,17314654032.399998,
603790,雅运股份,化学制品,,36.95,39.542691793532164,24.74308300395257,35.586,50.0,24.75,-0.483,,,65.132,3.627,4.86,39.31,18.8648360764,33.8036591296,,,,,,0.84054,4736160000.0,
300641,正丹股份,化学制品,,36.94,24.508483525285715,78.3399209486166,0.0,50.0,12.88,-0.77,,,9.471,2.126,7.21,-62.4,-27.2336001974,19.0768769354,,,,,,0.49806,6768970784.8,净利大幅下滑
601126,四方股份,电网设备,,36.92,40.747493350142854,41.97014925373134,16.8,50.0,36.63,2.033,,,36.63,6.324,10.17,8.0,11.4864038323,31.4514906902,,,,,,1.69141,30246412977.0,
301015,百洋医药,医药商业,,36.92,44.20647422207143,20.0,34.632,50.0,25.04,0.361,,,27.822,5.735,9.26,37.72,-5.112424552,39.4790639109,,,,,,0.94878,13159936688.08,
300834,星辉环材,塑料,,36.91,4.25,42.52252252252252,60.0,50.0,37.98,-0.965,,,140.667,2.548,1.7,89.25,-27.8206699826,6.2802843348,,,,,,0.59448,7292093686.92,
688088,XD虹软科,IT服务Ⅱ,,36.89,32.0,64.86229819563154,4.278,50.0,29.12,1.393,,,45.5,4.264,2.8,-12.87,7.1875166267,90.3962730694,,,,,,0.58057,11682082048.0,
300311,任子行,软件开发,,36.89,50.0,19.573696145124714,30.432,46.94006,6.19,-0.322,,,180.994,6.573,-7.32,30.72,16.3807640233,62.2187315157,,,,,,16.52997,3326562285.67,
688146,中船特气,半导体,,36.87,29.081936305285716,12.567394094993581,60.0,50.0,193.25,-3.889,,,297.308,17.029,5.86,95.63,83.1262578334,30.2047108274,,,,,,8.15786,28015615216.5,
600935,华塑股份,化学原料,,36.85,2.4523244744285715,31.857142857142858,32.611999999999995,100.0,2.3,0.437,1.3215859030836885,,-57.5,1.406,-1.29,40.552595564,-1.0310985183,13.4332542642,减亏,43.545,-4.958677685950419,-1.2875536480686844,,0.37367,8067024167.6,
300887,谱尼测试,专业服务,,36.84,19.905002513897617,45.1904761904762,38.286,50.0,6.97,0.288,,,-15.465,1.398,-3.64,43.81,0.813934375,24.224375095,,,,,,1.68096,2538944572.58,
603779,威龙股份,非白酒,,36.84,50.0,7.357142857142859,0.0,100.0,8.04,-0.985,2.420382165605095,,-42.316,5.534,-2.44,-398.09,-12.1363944244,50.5164748799,增亏,-400.26,-9.152542372881369,-2.07064555420221,,2.02675,2669945342.16,净利大幅下滑
601696,中银证券,证券Ⅱ,,36.83,44.65,22.5,31.229999999999997,50.0,10.96,0.274,,,28.842,1.555,3.86,32.05,27.696650936,,,,,,,0.4592,30446880000.0,
300141,和顺电气,电网设备,,36.76,25.0203912295,19.74626865671642,57.282,50.0,10.0,2.459,,,-55.556,4.148,-0.9,75.47,107.4390922099,10.0285477213,,,,,,1.86837,2546657550.0,
603660,苏州科达,计算机设备,,36.75,50.0,7.000000000000001,0.0,100.0,9.3,0.324,-16.890080428954413,,-10.371,9.005,-39.23,-32.8261700065,-22.0713419191,57.5436777453,增亏,-38.34,-30.700447093889714,-14.600550964187333,,1.82096,5314882072.8,
301299,卓创资讯,数字媒体,,36.74,41.15494261505376,43.333333333333336,14.255999999999998,50.0,46.29,1.983,,,42.468,4.817,6.15,3.76,8.2647373474,64.4703963231,,,,,,2.16039,2122843568.82,
688158,优刻得,IT服务Ⅱ,,36.74,17.230611493555553,26.283950617283953,60.0,50.0,28.55,0.741,,,-178.438,5.344,0.33,150.8058280986,24.0911669464,29.3435175682,,,,,,1.94747,11701900073.4,
603012,XD创力集,专用设备,,36.71,23.383182237,64.60606060606061,14.16,50.0,8.47,0.713,,,52.938,1.426,2.21,3.6,-10.7580890782,35.0014551318,,,,,,1.53547,5475855000.0,
603105,芯能科技,电力,,36.7,50.09516324885715,43.69168356997971,3.0,50.0,8.83,-1.23,27.97101449275361,,22.075,2.132,1.05,-77.09,-10.8595703032,41.4582285484,预减,-77.22,-1.230425055928408,15.879265091863529,,5.38936,4415100441.25,净利大幅下滑
600517,国网英大,多元金融,,36.7,13.607699130285713,75.71428571428571,14.765999999999998,50.0,4.85,1.253,,,10.948,1.16,5.03,4.61,7.8,11.4457787824,,,,,,0.25488,27734413358.4,
603078,江化微,电子化学品Ⅱ,,36.69,43.134877878357145,44.41025641025641,10.584,50.0,29.59,-1.825,,,108.867,5.732,2.36,-2.36,17.216130961,27.1288290297,,,,,,2.56419,11411006168.32,
300347,泰格医药,医疗服务,,36.69,36.88492039921428,62.48948696383516,0.0,50.0,56.47,-0.581,,,54.298,2.496,-2.0,-207.78,14.0631819913,26.6388885589,,,,,,1.70197,31974513196.92,净利大幅下滑
300776,帝尔激光,光伏设备,,36.69,68.25,16.6798418972332,8.172,50.0,126.79,-2.274,,,66.382,7.33,7.3,-6.38,-12.0187773753,47.4861193268,,,,,,6.82658,22735002079.35,
301286,侨源股份,化学制品,,36.68,58.52524806592857,13.952569169960471,22.536,50.0,45.61,4.132,,,77.833,9.463,6.79,17.56,12.2014381189,33.1703472923,,,,,,0.92802,7356705907.78,
301053,远信工业,专用设备,,36.66,19.413598977357143,23.333333333333332,60.0,50.0,33.82,-2.62,,,169.1,4.715,3.04,84.53,3.193772477,26.5390385683,,,,,,1.19397,4167423640.08,
688535,华海诚科,半导体,,36.66,17.795344109714286,25.301668806161743,60.0,50.0,101.45,0.138,,,338.167,6.51,1.81,188.1,161.7746537808,28.5784817536,,,,,,3.10686,13547002082.45,
300258,精锻科技,汽车零部件,,36.65,34.78138579071429,64.85714285714286,0.0,50.0,8.79,-3.724,,,36.855,1.102,-0.58,-145.33,-10.3764325931,23.693940107,,,,,,2.11359,5009352772.02,净利大幅下滑
603185,弘元绿能,光伏设备,,36.62,3.275017180142857,62.569169960474305,0.0,100.0,13.77,0.879,-8.868299139642621,,49.891,0.832,-5.74,-128.881898915,32.6493777668,14.5850240522,增亏,-115.63,-21.627774615822425,-8.077436582109488,,0.70533,9350135721.54,疑似价值陷阱；净利大幅下滑
600819,耀皮玻璃,玻璃玻纤,,36.59,8.023550722142858,53.714285714285715,3.0,100.0,5.61,0.538,2.0928116469517866,,40.071,1.416,0.88,-60.67,0.37308949,18.152971011,预减,-59.0,-11.861743912018852,-2.4347826086956514,,0.72032,4427732168.31,净利大幅下滑
603980,吉华集团,化学制品,,36.57,7.112380521214286,32.72727272727273,97.0,10.0,8.84,9.95,40.988835725677845,,884.0,1.546,1.175,1235.47,12.272391024,15.8448327297,扭亏,285.99,-1.229050279329602,22.777777777777764,1272.51714062545,7.48166,5983206902.400001,当日已大涨；60日涨幅已高
605128,上海沿浦,汽车零部件,,36.56,25.340651694621215,52.476190476190474,23.363999999999997,50.0,23.62,3.37,,,25.956,3.397,4.23,18.94,10.0046293068,17.1110949105,,,,,,1.31199,7416366869.66,
600710,苏美达,贸易Ⅱ,,36.56,19.675,64.0,6.623083927268,65.0,11.1,-0.716,6.525911708253362,,10.673,1.721,7.87,6.62,19.6573775947,5.8115173566,,,-5.047048759623607,4.914933837429114,6.623083927268,0.51106,14504918717.400002,
300787,海能实业,消费电子,,36.56,30.068365531785712,70.17543859649122,0.0,50.0,11.87,1.453,31.596452328159643,,39.292,2.69,-1.04,-122.03,19.7940052434,17.0957117445,首亏,-122.03,-0.2521008403361446,17.524752475247517,,3.4062,2332842757.29,净利大幅下滑
300990,同飞股份,通用设备,,36.56,49.08380603442858,33.87650085763293,13.469999999999999,50.0,98.41,-0.696,,,66.047,7.694,5.98,2.45,27.2671840119,22.7873284482,,,,,,4.33955,8153275487.11,
688626,翔宇医疗,医疗器械,,36.55,47.25938118489583,30.274509803921568,19.224,50.0,42.05,-0.638,,,82.451,3.204,1.88,12.04,3.9330370038,68.2010437094,,,,,,1.00872,6728000000.0,
600908,无锡银行,银行Ⅱ,,36.54,25.025,62.42424242424243,13.703999999999999,50.0,5.84,0.69,,,5.782,0.536,6.01,2.84,3.0070713925,,,,,,,0.91191,11675985963.6,
601328,交通银行,银行Ⅱ,,36.53,45.1125,37.57575757575757,14.424000000000001,50.0,7.62,0.395,,,7.056,0.576,4.045,4.04,6.7295003299,,,,,,,0.79228,198671989515.78,
600693,XD东百集,一般零售,,36.52,55.2,25.172413793103445,14.664,50.0,9.12,-1.83,,,173.384,2.201,2.08,4.44,1.6785082424,57.1608186204,,,,,,4.33045,7924849371.84,
300159,新研股份,专用设备,,36.51,2.4,24.141414141414142,39.0,100.0,2.73,0.0,-18.50746268656717,,208.397,3.236,0.96,115.58,52.2517478072,3.9830074714,减亏,67.5,-28.720626631853783,-11.935483870967744,,0.90843,5026244504.19,
601519,大智慧,软件开发,,36.51,50.0,6.055555555555555,0.0,100.0,9.01,10.012,3.325688073394484,,-409.545,13.885,-2.15,-707.8323945098,6.7755870324,59.0225629001,增亏,-706.895,-5.6544502617801085,1.6930022573363512,,2.56859,17922331600.0,净利大幅下滑；当日已大涨
688001,华兴源创,通用设备,,36.51,56.60000000000001,13.619210977701545,24.51,50.0,62.45,1.019,,,346.944,6.839,2.64,20.85,23.908763318,56.3642258122,,,,,,2.72604,29449272906.550003,
603355,莱克电气,小家电,,36.51,42.89819761642857,54.54545454545454,0.0,50.0,30.42,0.496,,,21.885,2.97,3.97,-45.8,-2.5959161623,21.162476663,,,,,,0.41114,17442733150.44,
600436,片仔癀,中药Ⅱ,,36.49,66.137212337,26.6,0.0,50.0,115.22,-1.234,,,32.184,4.758,7.26,-24.22,-14.979788971,42.1820972718,,,,,,0.24498,69514208936.2,
688677,海泰新光,医疗器械,,36.49,57.23466399701389,23.775910364145656,13.494,50.0,76.4,2.276,,,53.056,6.84,5.59,2.49,20.6899836794,63.7947490801,,,,,,2.7512,9158602800.0,
603288,海天味业,调味发酵品Ⅱ,,36.48,48.028960915357146,31.999999999999996,16.278,50.0,32.91,-0.061,,,26.756,4.926,10.07,7.13,6.0061732024,41.9955452815,,,,,,0.21488,182973697394.04,
688148,芳源股份,电池,,36.47,27.760710732642856,12.58208955223881,60.0,50.0,5.89,3.515,,,-28.048,8.14,8.85,130.3102534809,62.8729301676,17.8899950257,,,,,,2.48926,3004919282.17,
603029,天鹅股份,专用设备,,36.47,15.27569955135714,71.17171717171718,16.38,50.0,16.76,0.903,,,27.032,2.14,2.05,7.3,13.3536261232,24.2109793719,,,,,,2.07438,2033691920.0,
605338,巴比食品,食品加工,,36.46,27.068674028714284,60.0,13.367999999999999,50.0,17.59,-0.283,,,15.43,1.929,5.71,2.28,2.0309851071,27.9111436402,,,,,,0.94359,4213977584.58,
300565,科信技术,通信设备,,36.45,34.008561263428575,27.305084745762713,37.70400000000001,50.0,9.82,2.505,,,-25.179,4.81,-4.75,42.84,8.0938623617,22.6119857688,,,,,,2.86777,2240974523.9,
300546,雄帝科技,计算机设备,,36.44,50.0,45.75268817204301,0.0,50.0,16.78,1.882,,,83.9,2.798,-1.25,-222.16,6.8762948472,45.4113766266,,,,,,2.28636,2315066509.94,净利大幅下滑
603067,振华股份,化学原料,,36.42,31.245116086071427,54.09937888198758,14.069999999999999,50.0,39.45,-0.605,,,42.419,6.887,7.71,3.45,28.1464402935,26.7581625205,,,,,,4.29344,29805477187.800003,
300174,元力股份,化学制品,,36.42,27.055816511940645,69.50592885375494,3.714,50.0,17.1,-0.927,,,27.061,1.759,2.9,-13.81,8.1105655456,24.7557885572,,,,,,2.59044,6205212312.3,
301206,三元生物,化学制品,,36.39,32.735176809,61.6600790513834,4.608,50.0,23.85,1.576,,,51.848,1.152,1.19,-12.32,34.8291853544,16.6642475326,,,,,,2.31601,3107252483.55,
300601,康泰生物,生物制品,,36.36,26.3,41.32884777123633,32.55,50.0,12.79,-0.544,,,213.167,1.564,0.52,34.25,-8.5524349445,71.0980601465,,,,,,1.24428,11516080085.68,
600992,贵绳股份,通用设备,,36.33,25.0,55.30588907947398,0.0,75.0,10.22,0.098,15.09009009009008,,83.633,1.818,-7.4,-173.9335439297,-10.2869103378,0.9898470291,增亏,-184.36,-12.798634812286693,1.7928286852589848,,2.65382,2504819800.0,净利大幅下滑
603867,新化股份,化学制品,,36.33,21.28076016042857,62.07509881422924,17.694,50.0,34.51,3.665,,,25.007,2.397,5.2,9.49,14.6014983966,21.5930642246,,,,,,3.42039,7443349500.929999,
300313,天山生物,养殖业,,36.32,30.225,9.000000000000002,60.0,50.0,11.88,-3.1,,,-134.237,74.436,12.09,154.22,427.7428858284,9.854911285,,,,,,7.23121,2344551133.32,
600171,上海贝岭,半导体,,36.29,19.80052422857143,78.35686777920412,3.0599999999999996,50.0,22.14,-0.18,,,67.091,3.446,2.51,-14.9,19.2215414773,28.93573392,,,,,,0.76111,15695561928.42,
601866,中远海发,航运港口,,36.28,35.76176315258963,48.333333333333336,13.854,50.0,2.41,-0.413,,,19.852,1.008,3.21,3.09,11.1027399438,14.2978590856,,,,,,0.47218,23402130805.2,
300803,指南针,软件开发,,36.28,61.050000000000004,27.156462585034014,4.6979999999999995,50.0,54.62,1.204,,,143.737,15.268,4.42,-12.17,33.82,89.9823893172,,,,,,1.27407,48460237856.86,
600733,北汽蓝谷,乘用车,,36.27,25.0,9.000000000000002,26.06266666666667,100.0,4.93,-0.404,4.008438818565385,,-6.012,6.336,-39.29,16.022398572,21.8562898136,3.0375542895,减亏,18.985,-18.106312292358805,-2.952755905511817,,3.27088,29801582700.33,
600724,宁波富达,房地产服务,,36.27,29.437981670785714,56.666666666666664,13.068000000000001,50.0,5.0,2.881,,,39.401,2.57,4.1277,1.78,-17.789717584,36.7662243391,,,,,,0.61049,7224713320.000001,
603097,江苏华辰,电网设备,,36.25,16.734433253571428,44.93731343283582,0.0,100.0,18.29,2.868,-0.4896626768226331,,41.998,3.965,-0.28,-106.75,-21.8903640147,19.428206555,首亏,-105.585,-14.811364694923146,-5.233160621761668,,0.89468,4109338086.72,净利大幅下滑
603108,润达医疗,医疗服务,,36.25,9.458676346642857,45.09756097560976,28.558666666666667,75.0,10.08,2.857,8.038585209003223,,-11.077,1.651,-2.35,27.17,-7.9751870689,23.2421468853,减亏,28.345,-8.860759493670889,2.1276595744680997,,2.92379,6094406545.919999,
300945,曼卡龙,饰品,,36.23,48.19311150223016,31.999999999999996,15.095999999999998,50.0,11.25,0.987,,,25.568,1.705,4.71,5.16,-36.9610069904,26.8471898984,,,,,,1.53753,2685417716.25,
603300,海南华铁,多元金融,,36.21,49.87192691935714,44.99999999999999,0.0,50.0,4.53,0.891,,,17.423,1.327,3.56,-30.27,13.323018373,32.3606976871,,,,,,0.99062,9056322623.01,
603222,济民健康,医疗器械,,36.21,16.89782184764286,20.294117647058822,24.258666666666667,100.0,7.92,-1.124,-8.75576036866359,,-16.851,3.822,-4.34,6.2107694709,-7.8628761971,33.6569505867,减亏,12.22,-21.73913043478261,-1.0000000000000009,,4.71313,4158717670.8,
300139,晓程科技,贵金属,,36.17,61.6,0.0,30.744,50.0,42.56,1.721,,,77.382,9.888,4.64,31.24,44.2897219217,66.4376682195,,,,,,6.65309,9944536616.0,
600654,中安科,软件开发,,36.16,12.078782352857143,30.14058956916099,60.0,50.0,3.05,2.007,,,162.234,4.614,2.68,1825.51,-25.4068961094,17.530295294,,,,,,2.14723,7068167060.15,
300196,长海股份,玻璃玻纤,,36.16,19.29707386992857,75.42857142857143,6.0360000000000005,50.0,17.61,1.265,,,21.741,1.517,3.21,-9.94,10.6988295982,25.7809034179,,,,,,3.94953,4352579946.84,
300936,中英科技,元件,,36.14,27.651848806,26.34146341463414,45.048,50.0,73.41,2.257,,,2593.993,5.49,-0.35,55.08,48.6703609615,13.7125883284,,,,,,5.55067,3497068875.0,
688484,南芯科技,半导体,,36.14,19.60210152271429,81.02695763799743,0.0,50.0,32.77,0.183,,,58.518,3.499,-1.08,-136.58,5.1857824986,37.4429421318,,,,,,0.73852,14078341918.06,净利大幅下滑
688656,浩欧博,医疗器械,,36.13,55.025,4.268907563025213,34.23,50.0,132.03,-4.09,,,356.838,10.089,2.01,37.05,3.2201086051,56.6591612853,,,,,,1.53603,8386363530.63,
300810,中科海讯,航海装备Ⅱ,,36.08,40.81560543321429,25.000000000000007,30.323999999999995,50.0,24.45,0.246,,,-64.597,3.934,-5.92,30.54,9.0422705205,32.1418476065,,,,,,1.31496,2787389242.5,
603496,恒为科技,计算机设备,,36.03,43.565879028,25.510752688172044,26.327999999999996,50.0,21.97,-0.045,,,201.375,5.009,1.58,23.88,-12.0573046791,30.4622306392,,,,,,1.07605,7034997068.71,
600894,广日股份,专用设备,,36.02,6.051032917642857,96.82828282828284,0.0,50.0,7.66,0.657,,,9.417,0.747,1.49,-41.06,0.1115349994,13.2564460847,,,,,,0.8469,6458486448.7,疑似价值陷阱
300397,天和防务,军工电子Ⅱ,,36.0,15.772823202357142,27.461538461538463,57.599999999999994,50.0,11.24,-0.355,,,-59.158,4.129,-0.98,76.0,81.7802842738,32.0819524833,,,,,,4.32574,4587750040.6,
601008,连云港,航运港口,,35.99,39.283109685214285,23.333333333333336,33.498,50.0,4.35,-1.136,,,31.071,1.286,1.8,35.83,5.3093162054,23.6963535593,,,,,,0.87503,5396775326.1,
300292,吴通控股,通信服务,,35.99,14.018634938571427,60.97142857142857,26.154,50.0,4.42,0.683,,,49.111,3.945,5.14,23.59,-6.6114760858,11.636088914,,,,,,2.51679,4941517072.96,
603665,康隆达,服装家纺,,35.97,24.01075677092857,32.05882352941176,3.0,100.0,24.32,6.527,-12.612288896873867,,49.633,5.99,6.43,-61.77,5.1964225123,21.1100594793,预减,-56.29,-12.612288896873867,17.148362235067438,,4.28893,3895278634.24,净利大幅下滑
600967,内蒙一机,地面兵装Ⅱ,,35.97,28.838693754642858,69.28571428571428,0.0,50.0,12.73,0.394,,,64.619,1.808,1.45,-40.72,-8.6419661533,10.2991712565,,,,,,2.03644,21663846110.91,
688543,国科军工,地面兵装Ⅱ,,35.97,31.2,66.42857142857143,0.0,50.0,41.7,-0.667,,,35.339,4.524,2.48,-23.41,-8.0224539712,46.3026620906,,,,,,1.46811,10450455056.1,
300007,汉威科技,通用设备,,35.97,22.936761940285713,55.23156089193826,21.12,50.0,30.46,0.694,,,62.163,3.331,2.3,15.2,-9.400064693,34.0614667164,,,,,,1.88058,8612857811.98,
600864,哈投股份,证券Ⅱ,,35.96,35.87794736235714,45.0,15.797999999999998,50.0,5.63,0.0,,,33.118,0.884,3.08,6.33,6.62,14.4491263073,,,,,,0.98935,11713612027.6,
300745,欣锐科技,汽车零部件,,35.95,5.3897692853571435,37.333333333333336,60.0,50.0,26.9,2.476,,,-36.849,2.028,1.05,135.33,33.906148322,13.8706769995,,,,,,3.55283,3825961391.2,
301085,亚康股份,IT服务Ⅱ,,35.94,19.074933904214287,20.851851851851855,60.0,50.0,76.33,0.197,,,-46.261,6.795,5.2,176.29,36.920726775,18.5049074659,,,,,,7.21186,4558742461.25,
600511,国药股份,医药商业,,35.93,11.725000000000001,82.0,7.6499999999999995,50.0,25.8,-0.193,,,9.75,1.035,4.69,-7.25,4.2692834603,6.0989110028,,,,,,0.31629,14276337739.2,
300763,锦浪科技,光伏设备,,35.93,28.2433071225,60.8300395256917,9.0,50.0,52.62,0.708,-31.08055009823183,,27.989,2.233,4.57,-29.74,2.3201357522,33.5456299715,略减,-21.285,-41.81134579232556,-14.868144313217934,,1.64155,16922317534.080002,
688139,海尔生物,医疗器械,,35.93,33.35,49.72549019607843,13.968,50.0,35.19,1.121,,,43.988,2.519,3.34,3.28,8.4460396961,47.5498391312,,,,,,1.45769,11137385925.179998,
688387,信科移动,通信设备,,35.92,33.62240264685714,24.593220338983052,38.741305993800005,50.0,11.49,-0.347,,,-143.625,6.597,-0.57,44.568843323,0.0901962754,22.0713637056,,,,,,0.52779,39281437500.0,
600055,万东医疗,医疗器械,,35.92,35.58619030135715,20.97058823529412,0.0,100.0,10.42,-0.287,-2.7985074626865725,,-32.16,1.688,-2.08,-278.69,3.713668904,24.8206664219,首亏,-386.765,-14.238683127572015,-5.70135746606335,,0.45311,7325896224.360001,净利大幅下滑
300250,初灵信息,IT服务Ⅱ,,35.91,47.544664093142856,46.571699905033235,0.0,50.0,14.87,2.764,,,78.263,5.71,0.33,-46.05,0.8527247175,40.4075297304,,,,,,3.20626,2343389798.34,
300864,南大环境,环境治理,,35.88,34.771688742857144,48.5079365079365,13.272,50.0,24.74,-0.403,,,25.771,3.014,6.09,2.12,4.4201795939,37.36536424,,,,,,1.38641,3936237116.32,
300251,光线传媒,影视院线,,35.87,25.203522719285715,73.24675324675324,0.0,50.0,10.93,0.552,,,19.175,3.372,0.33,-98.52,-89.9976293665,44.129931807,,,,,,0.78859,30091837786.37,净利大幅下滑
600749,西藏旅游,旅游及景区,,35.86,25.68525,37.22222222222222,35.388,50.0,12.76,-0.156,,,122.222,2.724,0.2741,38.98,4.3062371171,-13.9910283105,,,,,,1.47992,2896079996.92,
300407,凯发电气,电网设备,,35.86,36.34016106885715,59.83283582089551,0.0,50.0,10.55,1.442,,,47.955,1.681,0.75,-24.22,15.721886352,23.2512254964,,,,,,1.42197,2698399621.8,
300626,华瑞股份,电机Ⅱ,,35.86,36.193730652142854,0.0,60.0,50.0,29.77,3.837,,,496.167,10.085,1.7,91.55,7.8543726185,19.721222913,,,,,,4.01734,5355668399.25,
603700,宁水集团,通用设备,,35.84,11.840637772714285,89.16523727844483,0.0,50.0,11.56,0.434,,,24.596,1.445,1.68,-48.39,19.5134671117,20.6968928818,,,,,,2.35086,2311559957.04,
300400,劲拓股份,自动化设备,,35.84,44.37461961502957,33.51048951048951,16.607999999999997,50.0,33.36,0.694,,,95.314,11.034,7.93,7.68,13.3443258759,39.6649273269,,,,,,2.67959,8090050200.0,
688295,中复神鹰,化学纤维,,35.84,36.14355775521428,0.0,60.0,50.0,35.22,-0.028,,,320.182,6.657,1.48,488.12,26.1369046379,20.4209808573,,,,,,0.26733,31698000000.0,
603636,南威软件,IT服务Ⅱ,,35.84,36.91365347242857,19.067901234567902,0.0,100.0,7.87,10.07,1.4175257731958713,,-10.221,2.64,-9.37,-136.16,-31.6059058401,26.6791148614,增亏,-136.655,-13.989071038251366,10.84507042253522,,12.09791,4567437316.01,净利大幅下滑；当日已大涨
300439,美康生物,医疗器械,,35.83,25.522236734928573,55.2829131652661,17.4,50.0,10.14,-1.649,,,63.375,1.296,2.08,9.0,12.4692299392,38.4511314289,,,,,,1.51372,2964246997.14,
600361,创新新材,工业金属,,35.83,8.975,73.5483870967742,19.002000000000002,50.0,3.47,2.059,,,17.247,1.163,3.59,11.67,11.2469446242,3.8000522437,,,,,,0.85458,12952340308.11,
600617,国新能源,燃气Ⅱ,,35.83,33.650000000000006,24.384615384615387,38.556,50.0,3.27,0.307,,,-20.438,1.981,3.46,44.26,-10.6359972367,8.8883474504,,,,,,1.18606,5806024593.03,
300680,隆盛科技,汽车零部件,,35.83,30.779537240270137,65.61904761904762,0.7680000000000007,50.0,20.19,-0.148,,,19.132,2.951,4.13,-18.72,0.8562298587,17.2654415222,,,,,,1.51371,4570321625.52,
688312,燕麦科技,专用设备,,35.81,52.174570199,40.62626262626263,0.0,50.0,49.93,1.546,,,52.558,4.951,1.0,-47.17,-8.4693547397,44.5443982786,,,,,,5.28005,7347453094.47,
603193,润本股份,个护用品,,35.79,49.3,20.0,24.017999999999997,50.0,20.0,-0.99,,,25.641,3.457,9.72,20.03,17.7365414404,59.0965219724,,,,,,1.60329,2066726280.0,
600458,时代新材,综合Ⅱ,,35.78,14.71411791342857,64.99999999999999,20.448,50.0,10.86,0.37,,,18.407,1.274,4.29,14.08,13.0874937431,15.5847650788,,,,,,0.9529,9439175502.9,
300168,万达信息,IT服务Ⅱ,,35.77,36.49028238585714,17.395061728395067,41.90999999999999,50.0,4.77,2.141,,,-11.925,7.487,-15.1,49.85,9.9426471571,26.0863953402,,,,,,1.00744,6866131223.160001,
601229,上海银行,银行Ⅱ,,35.77,23.125,63.03030303030304,12.306000000000001,50.0,9.55,0.421,,,5.788,0.527,5.25,0.51,5.4796118662,,,,,,,0.23363,135696319938.35,
603488,展鹏科技,专用设备,,35.76,25.0,29.000000000000004,4.041333333333333,100.0,7.79,1.432,-18.85416666666666,,-13.431,2.989,-4.19,10.08,26.9718920433,-1.5813235218,续亏,3.905,-33.133047210300425,-7.482185273159148,,1.61502,2274605527.6,
300584,海辰药业,化学制药,,35.75,41.14707482281349,35.649350649350644,17.982,50.0,30.7,3.332,,,87.589,3.432,3.0,9.97,18.010515962,78.4451047413,,,,,,4.56974,2521437694.7,
301189,奥尼电子,消费电子,,35.74,13.68685360092857,26.54385964912281,60.0,50.0,68.73,-1.618,,,-50.168,5.342,0.81,126.22,215.4355927843,26.3265950413,,,,,,2.58275,10855376134.71,
300172,中电环保,环境治理,,35.73,22.041768500285713,53.14285714285714,23.328,50.0,4.54,0.442,,,37.833,1.594,3.34,18.88,27.5116518903,29.1684759004,,,,,,1.52374,2376746236.98,
603370,华新精科,电机Ⅱ,,35.72,16.489165586785713,83.07692307692308,0.0,50.0,27.35,0.0,,,24.204,2.451,3.4,-31.97,-5.0711169002,21.1848318215,,,,,,1.67417,2309808777.05,
600726,华电能源,电力,,35.7,55.43892376650595,6.77484787018256,29.496,50.0,4.96,0.0,,,165.333,7.447,12.6,29.16,-3.0255203769,27.5738096929,,,,,,0.47139,37077667591.68,
300737,科顺股份,装修建材,,35.69,16.75811626335714,44.55555555555556,38.1,50.0,4.61,3.829,,,-9.604,1.301,1.7,43.5,-9.4209722236,27.5113627687,,,,,,2.7473,4089887030.3,
301348,蓝箭电子,半导体,,35.69,0.5,42.170731707317074,60.0,50.0,22.24,1.321,,,-139.0,3.606,0.2,127.03,24.5216869365,-0.0635868676,,,,,,2.51395,4302963641.44,
688551,科威尔,其他电源设备Ⅱ,,35.67,27.849999999999998,69.26315789473685,0.0,50.0,38.55,0.705,,,50.724,3.205,1.14,-51.4,-3.1463958177,51.8211277683,,,,,,2.87631,4201742176.95,净利大幅下滑
688187,时代电气,轨交设备Ⅱ,,35.66,26.549130055785717,57.33333333333333,13.464,50.0,44.27,1.189,,,14.806,1.389,3.96,2.44,7.0128517726,33.3087820781,,,,,,0.25456,38466535556.24,
600970,中材国际,专业工程,,35.66,14.767671770000002,84.91228070175438,0.0,50.0,7.63,-0.392,,,7.0,0.886,4.07,-34.3,-1.9104496448,16.429740478,,,,,,0.33555,20004432610.12,
601798,蓝科高新,专用设备,,35.66,26.236677878428573,56.141414141414145,3.0,65.0,7.68,2.128,7.112970711297062,,54.857,2.04,4.06,153.24,-1.2473896823,32.5213490298,预减,-50.57,-2.661596958174905,-2.5380710659898558,,1.38762,2722776560.64,
300493,润欣科技,其他电子Ⅱ,,35.64,9.825000000000001,46.11842105263158,44.664,50.0,12.89,1.257,,,117.182,5.53,3.93,54.44,1.7930380338,9.9993223841,,,,,,1.84512,6601127508.330001,
688057,金达莱,环境治理,,35.63,50.475,41.96825396825397,0.0,50.0,18.8,1.457,,,55.116,1.639,0.19,-90.38,-18.7738029512,46.7752084553,,,,,,0.82293,5188800000.0,净利大幅下滑
688091,上海谊众,化学制药,,35.61,52.19243976728395,21.006493506493506,18.786,50.0,38.83,-1.171,,,121.344,5.385,2.91,11.31,3.4487130424,85.2563446828,,,,,,0.85923,8026302341.200001,
601818,光大银行,银行Ⅱ,,35.61,18.2,80.60606060606061,0.0,50.0,3.01,0.669,,,5.19,0.35,3.28,-24.01,-4.3235535059,,,,,,,0.28129,139684514838.61,
300332,天壕能源,燃气Ⅱ,,35.61,34.91682721442857,45.92307692307693,14.597999999999999,50.0,4.79,-0.208,,,-14.969,1.055,1.81,4.33,2.5432324719,17.5485581002,,,,,,1.16299,3891816514.1,
300827,上能电气,光伏设备,,35.6,22.27556294835714,58.89328063241106,16.776,50.0,24.51,-0.366,,,26.641,3.181,5.02,7.96,30.8414632981,23.6157881277,,,,,,1.14375,10699602140.250002,
688009,中国通号,轨交设备Ⅱ,,35.6,19.87111317285714,72.00000000000001,6.558,50.0,4.64,-0.429,,,13.647,1.046,2.97,-9.07,-3.992601843,27.424558442,,,,,,0.17728,40001523520.0,
600418,江淮汽车,商用车,,35.57,25.969716706,9.000000000000002,22.133333333333333,100.0,26.04,3.251,4.578313253012056,,-33.385,4.729,-6.44,3.0906599617,14.3442014363,11.3576033884,减亏,4.25,-11.156601842374611,24.177396280400565,,10.0188,58698800197.8,
600613,神奇制药,化学制药,,35.54,52.35000000000001,39.35064935064935,0.0,50.0,8.11,-2.171,,,115.857,1.887,0.94,-33.05,-11.7311041121,45.1313878004,,,,,,11.63916,3887285021.58,
300598,诚迈科技,软件开发,,35.54,25.47377285521429,22.77777777777778,48.797999999999995,50.0,30.53,0.0,,,-63.924,4.618,-1.53,61.33,5.8006943201,10.6632819973,,,,,,1.81046,6623050737.25,
600399,抚顺特钢,特钢Ⅱ,,35.53,25.0,9.000000000000002,23.109333333333332,100.0,4.25,0.711,2.409638554216853,,-10.366,1.593,-4.69,9.077410067,9.7500682558,0.259369531,减亏,7.91,-11.458333333333323,-2.9680365296803624,,0.84867,8381425000.0,
300893,松原安全,汽车零部件,,35.52,27.372672360357143,69.23809523809523,0.0,50.0,12.61,-4.325,,,15.737,2.812,5.93,-23.05,21.0108035021,27.5667413045,,,,,,3.08571,3176223836.11,
601658,邮储银行,银行Ⅱ,,35.52,47.0,30.909090909090914,14.772812220659997,50.0,5.41,1.692,,,7.411,0.621,4.8,4.6213537011,7.2645809882,,,,,,,0.27843,392375401273.05,
300296,利亚德,光学光电子,,35.51,17.446519831857145,81.11111111111111,0.0,50.0,4.72,0.0,,,42.909,1.64,0.86,-59.74,-18.337221437,31.4151277646,,,,,,0.97452,10955104060.56,净利大幅下滑
300752,隆利科技,光学光电子,,35.5,33.60827485278571,61.66666666666666,0.0,50.0,13.04,1.4,,,48.296,3.297,1.89,-46.53,11.8616307828,15.4365847939,,,,,,1.95122,2911394729.68,
603988,中电电机,电机Ⅱ,,35.49,26.047373008976194,27.692307692307693,3.0,100.0,17.02,0.472,2.715751357875673,,130.923,6.102,0.71,-86.56,-17.9508682291,29.1445790734,预减,-77.48,-27.911901736552316,-13.163265306122462,,1.06688,4003104000.0,净利大幅下滑
301317,鑫磊股份,通用设备,,35.48,33.18641187585714,62.115494568324756,0.0,50.0,44.53,0.383,,,24.201,6.04,-3.63,-111.41,16.230462148,21.4609766262,,,,,,2.73676,2324320520.49,净利大幅下滑
301366,一博科技,元件,,35.48,19.838372202285715,22.5609756097561,60.0,44.44034,75.0,9.091,,,535.332,7.127,2.92,1561.55,41.6284239216,27.5537210832,,,,,,17.77983,8774727000.0,当日已大涨
301069,凯盛新材,化学原料,,35.45,21.542738935428574,60.06211180124224,15.9,50.0,15.47,0.847,,,50.688,3.001,4.13,6.5,22.9122585951,25.7048345096,,,,,,0.61848,6602197322.63,
300668,杰恩股份,工程咨询服务Ⅱ,,35.45,26.180957350142858,10.38961038961039,60.0,50.0,31.06,-1.491,,,258.833,4.71,0.12,253.26,-46.0546289159,11.2333402902,,,,,,2.89837,3096491353.72,
603102,百合股份,食品加工,,35.45,31.65473662614562,60.00000000000001,3.8159999999999994,50.0,36.87,-0.162,,,17.985,1.377,3.62,-13.64,19.8090971798,37.7513158535,,,,,,1.71703,2359680000.0,
688283,坤恒顺维,通信设备,,35.45,27.725,65.78531073446328,2.754,50.0,29.49,-1.929,,,75.615,3.72,1.09,-15.41,-4.3578922652,62.0356453143,,,,,,2.37978,3591882000.0,
688432,有研硅,半导体,,35.44,47.741416005714285,17.034659820282418,27.426000000000002,50.0,49.16,-7.507,,,292.271,13.469,2.93,25.71,21.2043577946,31.582982408,,,,,,4.4862,61464839339.28,
300447,全信股份,军工电子Ⅱ,,35.43,24.550960162714286,48.92307692307693,23.322000000000003,50.0,13.98,1.747,,,145.777,2.178,1.31,18.87,-4.4421333482,39.7863442278,,,,,,1.60489,2816310353.7,
688501,青达环保,环保设备Ⅱ,,35.43,25.16814837957143,71.51515151515152,0.0,50.0,15.3,0.592,,,10.775,2.333,4.55,-51.78,-28.0974113124,29.3104077314,,,,,,1.40734,2660920920.0,净利大幅下滑
300735,光弘科技,消费电子,,35.42,27.700000000000003,68.42105263157895,0.0,50.0,17.84,1.364,,,46.947,2.638,1.08,-44.28,34.7109392646,9.6863171917,,,,,,1.01412,13568012548.8,
688612,威迈斯,汽车零部件,,35.41,29.3712187985,51.19047619047619,15.222000000000001,50.0,33.18,1.935,,,24.947,3.869,7.74,5.37,-3.1271895061,24.0297063179,,,,,,1.50805,8517284797.98,
301092,争光股份,塑料,,35.38,39.790330804045176,53.753753753753756,0.0,50.0,42.6,0.495,,,56.8,2.922,1.96,-27.86,-12.7050990166,32.4531357678,,,,,,1.58436,2597904938.4,
300217,东方电热,家电零部件Ⅱ,,35.37,28.77050094071428,66.97435897435898,0.0,50.0,3.97,0.506,,,36.091,1.386,0.97,-54.87,-23.5753942759,11.883701317,,,,,,0.68892,4928414326.36,净利大幅下滑
603266,天龙股份,汽车零部件,,35.36,41.047921981571434,52.0952380952381,0.07200000000000059,50.0,19.29,4.951,,,36.396,2.354,2.81,-19.88,5.9596274206,22.6320907742,,,,,,4.0696,3836525407.5,
600459,贵研铂业,小金属,,35.33,10.625,72.00000000000001,16.578,50.0,18.02,0.67,,,21.452,1.642,4.25,7.63,-23.3550231536,3.6256852041,,,,,,0.92931,13689906769.16,
300062,中能电气,电网设备,,35.32,15.281934330142857,35.268656716417915,47.687999999999995,50.0,5.99,0.0,,,-35.235,2.46,-0.34,59.48,-12.7285763335,17.3947080622,,,,,,1.36619,2747722317.5,
603619,中曼石油,油服工程,,35.31,26.32760618914286,46.666666666666664,3.0,75.0,20.76,-1.658,9.32069510268565,,18.703,2.198,2.27,-67.03,-13.8890858485,38.9136486648,预减,-67.57,-16.626506024096376,-15.265306122448974,,2.48708,9598146450.36,净利大幅下滑
300485,赛升药业,生物制品,,35.3,50.0,41.21110176619008,0.0,50.0,8.47,-0.118,,,282.333,1.27,-4.36,-400.66,-8.1686501386,68.1060851041,,,,,,1.31111,2319631739.04,净利大幅下滑
301266,宇邦新材,光伏设备,,35.29,10.268450705285714,28.85375494071146,60.0,50.0,24.76,1.475,,,91.704,1.94,3.64,88.94,10.4144885885,11.6358309874,,,,,,1.74312,3358258669.6800003,
688765,禾元生物,生物制品,,35.28,47.88379258928571,17.78048780487805,25.8712093047,50.0,39.47,-2.06,,,-71.117,4.962,-2.19,23.1186821745,43.7727263645,42.037309625,,,,,,4.27312,2840689291.6200004,
603612,索通发展,非金属材料Ⅱ,,35.25,18.903707974285716,78.33333333333333,0.0,50.0,15.78,1.089,,,10.45,1.299,6.87,-22.37,25.3722026473,12.420191164,,,,,,0.89325,7860088363.019999,
605090,九丰能源,燃气Ⅱ,,35.24,23.204060193285713,54.871794871794876,18.24,50.0,30.33,-2.003,,,13.361,1.745,8.03,10.4,-7.6030789447,14.3806842706,,,,,,0.77856,21409089206.94,
300896,爱美客,医疗美容,,35.23,59.085698100841746,30.0,0.0,50.0,91.93,0.327,,,21.479,3.516,7.62,-24.84,-6.4223448786,92.4894684001,,,,,,0.92892,20317660922.86,
600892,大晟文化,游戏Ⅱ,,35.21,50.0,14.500000000000002,6.342666666666666,75.0,4.16,2.97,17.847025495750724,,-27.733,-171.193,-102.02,-15.1924794262,41.4680289571,75.7166784673,续亏,12.535,-23.6697247706422,-5.88235294117646,,5.63522,2326769269.76,疑似价值陷阱
688362,甬矽电子,半导体,,35.19,33.98997296635714,30.077021822849808,29.891999999999996,50.0,56.8,0.0,,,284.0,6.733,1.45,29.82,19.9537086137,17.5109621529,,,,,,2.23835,25791718440.0,
300093,金刚光伏,光伏设备,,35.19,0.0,52.41106719367588,48.33,50.0,20.06,1.518,,,23.881,5.788,-5.6781,60.55,-35.176010291,-24.8853415926,,,,,,1.08319,5596740000.0,
688276,百克生物,生物制品,,35.18,25.0,41.19512195121952,29.511739332000005,50.0,17.5,-1.464,,,-27.344,1.908,-1.36,29.18623222,6.8865336111,80.9510526402,,,,,,0.69114,7239007965.000001,
300413,芒果超媒,数字媒体,,35.16,11.65826440642857,86.66666666666667,0.0,50.0,19.8,5.544,,,30.0,1.605,0.86,-73.58,3.8583183251,23.311570169,,,,,,8.23789,20229659168.4,净利大幅下滑
300523,辰安科技,IT服务Ⅱ,,35.15,43.610767723857144,24.30864197530865,23.963999999999995,50.0,23.2,6.081,,,-24.421,5.805,-6.14,19.94,3.4461890795,36.0550748134,,,,,,3.33029,5397026161.599999,
603228,景旺电子,元件,,35.14,37.50513245029299,47.96747967479674,7.571999999999999,50.0,100.53,5.821,,,77.331,7.639,4.55,-7.38,21.3707234237,18.7611845996,,,,,,2.9497,98725284635.76,
600509,天富能源,电力,,35.13,38.25295138027472,43.083164300202846,11.514000000000001,50.0,7.18,1.844,,,42.891,1.242,3.89,-0.81,2.0397820495,21.674970817,,,,,,1.06722,9868173382.26,
600580,卧龙电驱,电机Ⅱ,,35.1,34.94467302799863,58.46153846153847,0.0,50.0,25.96,-1.142,,,35.891,3.719,3.2,-34.55,-7.0210564135,23.3058692571,,,,,,0.95141,40436139985.560005,
300537,广信材料,电子化学品Ⅱ,,35.09,45.78053952492857,27.641025641025642,17.79,50.0,20.32,-0.294,,,297.511,4.629,1.64,9.65,12.7863431409,33.3527553349,,,,,,3.21931,3083806542.56,
688584,上海合晶,半导体,,35.06,39.579716333,52.74711168164313,0.0,50.0,27.51,-0.254,,,144.789,4.485,0.65,-55.22,-5.1265003516,28.1366028662,,,,,,2.34342,9444189327.3,净利大幅下滑
600551,时代出版,出版,,35.05,8.375,80.15810276679842,9.978,50.0,7.87,3.553,,,13.023,0.891,3.35,-3.37,-21.5181325316,9.5877676693,,,,,,3.31257,5336294730.93,
603331,百达精工,通用设备,,35.05,30.792543341214284,43.24242424242425,0.0,75.0,12.39,0.732,11.420863309352525,,-11.063,2.191,9.34,130.66,-11.1533515877,20.4195606777,首亏,-143.11,-10.670511896178793,-4.545454545454541,,1.19648,2504956130.04,
601112,振石股份,玻璃玻纤,,35.05,27.383075696642855,46.285714285714285,21.041999999999998,50.0,16.3,-0.428,,,32.6,4.324,7.57,15.07,16.7432343035,21.8413059753,,,,,,2.33677,2978637550.0,
301592,六九一二,军工电子Ⅱ,,35.04,45.55568393957142,18.076923076923073,27.42,50.0,108.7,-2.424,,,142.913,8.197,-2.0,25.7,22.6412384418,38.7779575154,,,,,,5.19595,2539060688.8,
603926,铁流股份,汽车零部件,,35.03,16.57272275614286,43.47619047619048,36.756,50.0,16.84,-0.999,,,51.03,2.23,3.93,41.26,1.5311548325,19.4468118586,,,,,,0.82846,3887322209.24,
300058,蓝色光标,广告营销,,35.02,6.65,32.11764705882353,60.0,50.0,12.91,1.814,,,204.921,5.821,2.66,119.28,6.8028619862,2.592013999,,,,,,4.15013,44900079940.62,
300263,隆华科技,通用设备,,35.0,13.335889235499998,66.64951400800457,17.352,50.0,10.04,-0.986,,,50.2,2.443,2.92,8.92,20.6594643008,18.4502449297,,,,,,2.4627,9660524866.88,
603158,腾龙股份,汽车零部件,,35.0,30.529299639750363,35.80952380952381,27.57,50.0,10.29,1.379,,,93.545,2.21,5.03,25.95,8.0001617228,22.7421684856,,,,,,1.44504,5050024822.92,
601808,中海油服,油服工程,,35.0,16.615487017214285,66.66666666666667,13.38,50.0,12.06,-0.904,,,14.98,1.216,4.24,2.3,2.0028088151,18.4216818241,,,,,,0.2433,35703244080.0,
603900,莱绅通灵,饰品,,34.98,27.450000000000003,44.00000000000001,3.0,75.0,6.29,1.288,5.1839464882943,,37.0,1.1,0.98,-68.48,-33.6382880838,47.7749213189,预减,-65.0,-19.87261146496815,-11.032531824611036,,2.24962,2155732953.6,净利大幅下滑
603866,桃李面包,休闲食品,,34.95,39.69878435578572,52.142857142857146,0.0,50.0,4.19,0.0,,,23.619,1.332,2.75,-28.75,-1.9845162003,20.9532980981,,,,,,0.89299,6702823259.450001,
605580,恒盛能源,电力,,34.94,36.136153971214284,21.582150101419877,34.812000000000005,50.0,21.03,-1.406,,,37.554,5.689,8.91,38.02,28.0908312486,29.4056155597,,,,,,2.99847,5888400000.0,
300567,精测电子,通用设备,,34.93,29.299999999999997,4.545454545454546,60.0,50.0,197.1,1.519,,,679.655,9.901,1.72,171.21,31.1923372551,45.4391647498,,,,,,2.10054,44751503754.0,
603306,华懋科技,汽车零部件,,34.93,38.22154989042858,10.857142857142858,3.0,100.0,71.87,-2.813,-22.041436164442995,,114.443,6.659,0.66,-82.95,-1.5340399183,26.2001698466,预减,-87.86,-38.10713055459869,-8.200281006514242,,2.3204,23680855743.39,净利大幅下滑
603538,美诺华,化学制药,,34.92,18.279955188357143,47.85714285714286,29.897999999999996,50.0,25.99,-0.536,,,54.146,3.013,2.42,29.83,26.7946571868,27.1219372637,,,,,,11.05331,8756549526.49,
601607,上海医药,医药商业,,34.92,11.812856053214285,85.5,0.0,50.0,16.0,0.692,,,10.39,0.757,4.51,-21.4,4.1505977837,10.7529984745,,,,,,0.29946,44627320080.0,
600261,阳光照明,照明设备Ⅱ,,34.92,20.561242651857146,75.0,0.0,50.0,3.27,-0.305,,,23.357,1.286,1.39,-48.84,-1.6704706506,33.9207397126,,,,,,1.10874,4365623198.82,
300252,金信诺,军工电子Ⅱ,,34.91,11.658637927095238,25.64102564102564,60.0,50.0,11.5,1.95,,,575.0,3.179,1.08,384.65,21.7546890964,18.9879374696,,,,,,3.15561,6425642641.0,
601218,吉鑫科技,风电设备,,34.9,41.090516994,33.647058823529406,39.684,21.22396,6.13,1.322,,,43.943,1.946,3.96,46.14,39.32933891,18.6667237916,,,,,,29.38802,5940175428.56,换手过热
301082,久盛电气,电网设备,,34.86,4.615965060571428,42.48358208955224,51.425999999999995,50.0,9.64,0.942,,,60.25,2.728,1.78,65.71,-31.4884802527,10.2323510848,,,,,,1.16744,2628903693.28,
688629,华丰科技,军工电子Ⅱ,,34.85,58.954352017285714,18.000000000000004,10.661999999999999,50.0,104.5,-1.619,,,133.974,16.65,7.77,-2.23,14.0918030246,30.3410928242,,,,,,2.14974,48173750839.5,
300852,四会富仕,元件,,34.83,15.9219322705,58.292682926829265,21.918000000000003,50.0,75.69,11.456,,,86.011,5.355,3.83,16.53,43.3851447255,18.8857051787,,,,,,9.50812,11728643179.589998,当日已大涨
603229,奥翔药业,化学制药,,34.82,38.15,53.5064935064935,0.0,50.0,8.14,-0.367,,,50.875,2.829,5.26,-29.23,-2.958792152,62.388928659,,,,,,0.73088,6758618760.3,
600032,浙江新能,电力,,34.8,40.19087359228571,35.98377281947261,3.0,65.0,8.17,9.96,18.75,,38.831,1.517,1.21,-46.54,-9.3608090355,27.0322230292,预减,-42.825,0.0,20.50147492625367,,2.35283,19646197397.08,当日已大涨
301290,东星医疗,医疗器械,,34.79,28.975,44.76470588235294,19.613999999999997,50.0,28.69,1.522,,,-75.5,1.335,1.59,12.69,-1.631892492,50.227413171,,,,,,2.14061,2283108140.46,
688768,容知日新,通用设备,,34.78,40.84325599465812,50.10291595197256,0.0,50.0,52.3,10.664,,,54.479,4.434,-3.65,-378.06,-24.3215075558,64.9385680519,,,,,,3.19841,4563883612.7,净利大幅下滑；当日已大涨
300364,中文在线,数字媒体,,34.75,25.0,9.000000000000002,60.0,50.0,23.96,3.544,,,-26.015,66.261,-15.38,81.01,3.8546225855,46.9453093714,,,,,,7.59141,15839612485.48,
601929,吉视传媒,电视广播Ⅱ,,34.75,20.767894529682728,29.000000000000004,25.062666666666665,75.0,2.37,4.405,7.239819004524883,,-17.995,1.814,-4.72,5.07,1.7322629108,10.9471352589,减亏,15.235,-10.902255639097746,-7.78210116731517,,4.03471,8270797958.16,
600929,雪天盐业,化学原料,,34.73,34.851259823642856,50.621118012422365,6.462,50.0,5.99,0.842,,,127.447,1.284,1.04,-9.23,-2.88775266,20.1517637531,,,,,,1.39802,9824278403.44,
688160,步科股份,自动化设备,,34.72,23.281351134142852,35.44055944055944,35.496,50.0,95.0,1.064,,,114.458,6.48,2.78,39.16,43.9989122016,32.8638915878,,,,,,0.85379,8665444570.0,
603950,长源东谷,汽车零部件,,34.71,49.65717080528571,26.238095238095237,12.995999999999999,50.0,52.2,-0.571,,,43.5,5.39,5.38,1.66,-2.0316611366,25.6900391274,,,,,,1.04057,16905951360.0,
300018,中元股份,电网设备,,34.7,35.025,45.54029850746269,11.232,50.0,11.72,2.269,,,40.414,3.997,4.01,-1.28,9.0475622539,48.3690629891,,,,,,1.73429,4257759257.08,
300691,联合光电,计算机设备,,34.7,11.282755589642859,25.26881720430107,60.0,50.0,20.54,1.332,,,684.667,3.375,0.48,138.69,17.2412095509,24.1158578255,,,,,,9.07399,4533960984.8,
301611,珂玛科技,半导体,,34.69,58.60822699469696,28.43388960205391,0.0,50.0,88.08,-1.034,,,133.455,20.697,5.35,-42.83,13.8002239754,46.1465395827,,,,,,3.18919,12910831403.04,
301487,盟固利,电池,,34.68,16.797078113865815,18.549253731343285,60.0,50.0,15.82,5.326,,,267.23,3.78,1.56,686.93,54.2884174418,11.7459464938,,,,,,4.17425,7271132049.16,
688707,振华新材,电池,,34.68,25.0,44.820895522388064,23.910947435159997,50.0,10.29,4.467,,,-12.106,1.373,-4.47,19.8515790586,-8.8523754713,-20.490261172,,,,,,1.53497,5234936709.45,
603096,新经典,出版,,34.67,37.28219719938548,45.41501976284585,8.526,50.0,16.36,1.931,,,32.766,1.393,2.46,-5.79,-8.3616139624,51.5469634871,,,,,,1.34522,2523278448.6400003,
600835,上海机电,专用设备,,34.65,11.365713963857143,84.58585858585859,0.36599999999999966,50.0,18.21,-0.6,,,23.649,1.296,2.79,-19.39,0.283849469,16.1469995494,,,,,,0.48483,14686443303.0,
300648,星云股份,电池,,34.64,21.157456678428574,13.179104477611942,60.0,50.0,37.96,0.877,,,-28.543,5.541,1.54,305.85,23.9287502604,34.2304393498,,,,,,0.87098,5154611821.32,
688469,芯联集成,半导体,,34.63,5.2749999999999995,32.17073170731708,60.0,50.0,9.0,4.651,,,-112.5,5.65,2.11,263.4,30.5282184349,5.6853103439,,,,,,4.39876,53015107275.0,
603956,威派格,专用设备,,34.62,50.0,18.5,0.0,75.0,6.85,1.032,13.787375415282389,,-24.464,2.197,-7.08,-62.5408708148,-57.4050003103,45.1106272342,增亏,-62.02,-14.267834793491874,11.021069692058338,,1.77676,3903858059.1,净利大幅下滑
300291,百纳千成,影视院线,,34.6,3.281613744142857,34.45454545454546,60.0,50.0,5.09,5.383,,,-4.367,2.37,-0.15,84.99,313.5664878718,14.5942592418,,,,,,10.6343,4737561497.96,
688225,亚信安全,软件开发,,34.59,37.71047425321429,24.11111111111111,28.987602534420002,50.0,16.28,4.092,,,-14.116,4.468,-15.94,28.3126708907,-12.3960860116,27.7946639545,,,,,,5.0099,6512162800.0,
603916,苏博特,水泥,,34.57,46.71150694035715,20.0,22.218,50.0,10.43,0.676,,,35.966,1.031,1.69,17.03,-2.1889321672,34.4811097165,,,,,,0.94237,4384018860.13,
688720,艾森股份,半导体,,34.55,17.920972139285713,46.623876765083445,30.072000000000003,50.0,65.64,3.289,,,111.254,7.669,2.1,30.12,23.6377418352,27.739360995,,,,,,4.85862,5132349852.96,
688560,明冠新材,光伏设备,,34.53,0.0,45.81818181818182,52.28247556236,50.0,12.81,1.506,,,-17.08,1.007,-0.67,67.1374592706,7.2179375616,4.7412730897,,,,,,1.2351,2578677569.58,
601390,中国中铁,基础建设,,34.51,6.125000000000001,90.67873303167421,0.0,50.0,4.25,0.711,,,5.012,0.323,2.45,-26.81,-7.6867074568,7.9283663697,,,,,,0.28831,86376661398.25,疑似价值陷阱
301528,多浦乐,通用设备,,34.51,28.375,44.8256146369354,19.146,50.0,72.16,0.431,,,67.176,4.08,1.35,11.91,13.2138638565,71.5950753494,,,,,,2.02029,3337856989.28,
300617,安靠智电,电网设备,,34.49,26.89012962635714,44.23880597014925,21.438000000000006,50.0,34.54,0.906,,,77.15,1.875,2.53,15.73,21.9041804093,38.7911814769,,,,,,1.43333,4796663886.96,
300404,博济医药,医疗服务,,34.48,21.978999749928573,16.93860386879731,60.0,43.2484,14.5,1.897,,,182.62,5.161,3.52,138.93,25.6445381921,28.4505996499,,,,,,18.3758,4139976374.0,
603439,三力制药,中药Ⅱ,,34.47,31.41118951212121,17.2,3.0,100.0,13.46,0.149,0.1488095238095343,,122.364,3.705,2.54,-55.24,-20.306026887,71.7664940032,预减,-55.62,-8.998715435061854,12.447786131996663,,2.62438,5435689307.36,净利大幅下滑
300303,聚飞光电,光学光电子,,34.47,13.211032747285714,82.03703703703704,0.0,50.0,6.43,-0.464,,,29.227,2.456,2.24,-31.24,1.2507413067,20.6554458462,,,,,,1.59433,8543198512.48,
600850,电科数字,IT服务Ⅱ,,34.47,8.714387552714284,87.4264007597341,0.0,50.0,13.65,1.111,,,28.42,2.303,1.4,-36.54,7.229279132,17.3001425738,,,,,,0.67108,11141655374.85,
603607,京华激光,包装印刷,,34.44,50.46285741978571,24.0,13.218000000000002,50.0,23.13,1.137,,,39.203,4.12,4.55,2.03,-17.769217749,29.7230003877,,,,,,1.62155,4129093584.000001,
301622,英思特,金属新材料,,34.44,8.974104101785715,87.0,0.0,50.0,36.23,0.083,,,32.062,2.757,-1.68,-133.99,11.4313934846,22.5637457425,,,,,,1.55234,2342609917.08,净利大幅下滑
600059,古越龙山,非白酒,,34.44,25.524789092285715,54.28571428571429,12.827999999999998,50.0,11.15,-4.945,,,44.6,1.736,1.55,1.38,-11.8908621933,40.3097047292,,,,,,12.40103,10163697904.95,
601921,浙版传媒,出版,,34.44,19.308566662428568,65.25691699604744,9.33,50.0,7.55,0.667,,,13.049,1.154,4.39,-4.45,-9.5415426882,21.6669933274,,,,,,0.41009,16777777783.65,
688711,宏微科技,半导体,,34.43,28.70319152735714,30.988446726572526,32.304,50.0,26.78,1.018,,,334.75,5.47,0.37,33.84,8.4881559777,13.8894681383,,,,,,3.03629,5804632726.62,
600784,鲁银投资,化学原料,,34.43,18.413491765428567,73.6024844720497,2.039999999999999,50.0,7.06,1.146,,,28.24,1.415,3.25,-16.6,2.9731350679,24.4038884716,,,,,,0.69537,4770105075.62,
300839,博汇股份,炼化及贸易,,34.4,21.2621931072629,12.076923076923077,60.0,50.0,12.71,1.114,,,-55.261,4.707,2.48,132.19,53.0912864372,11.6520808468,,,,,,1.30065,3599235568.58,
300824,北鼎股份,小家电,,34.39,40.75,45.454545454545446,3.186000000000001,50.0,8.2,1.485,,,23.429,3.513,6.3,-14.69,14.6771713267,54.8295158509,,,,,,3.45643,2615538838.2,
601880,辽港股份,航运港口,,34.37,36.733391010611115,45.833333333333336,7.554000000000001,50.0,1.45,0.694,,,26.46,0.844,2.17,-7.41,-6.0258592873,29.2716195868,,,,,,0.41106,26698924260.300003,疑似价值陷阱
600223,福瑞达,化妆品,,34.36,29.775000000000002,61.71428571428572,0.0,50.0,5.66,0.891,,,31.444,1.352,1.91,-24.25,6.6923136521,55.9745912144,,,,,,0.70787,5753779266.5,
688719,爱科赛博,其他电源设备Ⅱ,,34.34,43.706401851785714,32.15789473684211,12.740872198379998,50.0,58.8,3.485,,,-143.415,4.081,-1.0,1.2347869973,-7.2048144053,36.1889625925,,,,,,4.61639,5654178482.4,
300767,震安科技,橡胶,,34.33,12.492341911571428,22.33333333333334,60.0,50.0,19.66,2.024,,,-46.281,3.549,0.32,129.3,-34.5197561398,26.3692786762,,,,,,2.67905,4716274183.86,
300318,博晖创新,生物制品,,34.33,39.08342623942857,28.512195121951223,21.894,50.0,5.14,-0.58,,,-45.689,3.302,-1.22,16.49,-2.0881175955,29.7167967352,,,,,,1.00219,4104492947.76,
301602,超研股份,医疗器械,,34.33,54.974999999999994,31.361344537815132,0.0,50.0,16.01,-0.559,,,45.743,5.181,1.99,-60.41,-18.8787840966,69.5597547362,,,,,,0.97679,3338075249.9100003,净利大幅下滑
688290,景业智能,自动化设备,,34.32,34.30102298685714,16.136363636363637,0.0,100.0,56.8,1.302,-15.50133888723595,,-177.5,4.588,-0.98,-511.42,-4.4932950445,23.0214321816,首亏,-511.13,-18.155619596541797,-13.441024078025,,0.73409,5804375755.2,净利大幅下滑
688480,赛恩斯,环境治理,,34.32,32.894202304428575,22.47619047619047,35.339999999999996,50.0,65.45,1.003,,,58.964,5.174,5.61,38.9,30.466569239,36.4168832262,,,,,,0.53615,6354939679.55,
601186,中国铁建,基础建设,,34.31,6.75,88.41628959276018,0.7199999999999995,50.0,5.95,0.337,,,5.042,0.291,2.7,-18.8,-12.4205211807,7.8553639171,,,,,,0.17199,68444310725.0,疑似价值陷阱
600571,信雅达,IT服务Ⅱ,,34.27,25.0,55.08072174738841,0.0,65.0,10.28,1.883,5.252380464830542,,73.429,4.133,-6.47,-47.3774399276,1.9930333926,7.3087420937,增亏,-48.19,-7.719928186714553,-5.9469350411710975,,1.08812,4705687506.84,
603500,祥和实业,轨交设备Ⅱ,,34.25,32.38525221007143,38.66666666666667,19.458,50.0,10.44,4.505,,,26.1,3.335,6.65,12.43,1.6370113272,32.0643530941,,,,,,8.2411,3474257088.24,
300055,万邦达,炼化及贸易,,34.25,1.925,42.846153846153854,51.858000000000004,50.0,5.81,3.197,,,-19.062,0.99,0.77,66.43,13.4507474352,9.5769397613,,,,,,2.27752,3676854688.64,疑似价值陷阱
688300,联瑞新材,非金属材料Ⅱ,,34.25,42.09351496264285,30.0,16.488,50.0,148.68,2.052,,,122.876,20.716,8.26,7.48,21.2056258637,40.0209209477,,,,,,2.60868,35901639169.200005,
688702,盛科通信,半导体,,34.25,50.0,9.487804878048783,27.508086313259998,50.0,304.26,-1.128,,,-822.324,55.432,-0.78,25.8468105221,32.0360407541,49.446850007,,,,,,2.22743,63602104517.16,
600173,卧龙新能,房地产开发,,34.23,33.767327625,13.38888888888889,3.0,100.0,5.93,3.49,-0.670016750418756,,-21.922,1.16,0.42,-81.7,-46.2699214443,20.804258675,预减,-82.0,-7.632398753894087,-4.9679487179487225,,0.84669,4153468326.92,净利大幅下滑
600962,国投中鲁,农产品加工,,34.23,30.75442274235714,20.0,0.0,100.0,25.24,0.558,0.3977724741447863,,161.691,7.031,0.19,-92.74,-12.3650071886,17.3911918393,首亏,-106.3,-17.273025237627017,-1.2519561815336422,,1.24358,6618180400.0,净利大幅下滑
688349,三一重能,风电设备,,34.21,5.288372036928571,71.88235294117646,18.594,50.0,13.13,2.179,,,22.349,1.497,1.64,10.99,24.0371231858,11.6637208517,,,,,,0.56465,20564049687.35,
600633,浙数文化,游戏Ⅱ,,34.21,27.53518089407143,63.8095238095238,0.0,50.0,10.11,1.608,,,22.467,1.241,2.9,-20.13,22.1572468526,38.3992532517,,,,,,0.66465,12820232911.92,
600271,航天信息,IT服务Ⅱ,,34.2,27.139003014142858,24.253086419753085,0.0,100.0,6.65,1.527,0.605143721633894,,-16.625,0.958,-2.89,-24.7834136439,-13.5093702639,12.9946042198,增亏,-26.13,-6.338028169014076,-3.483309143686497,,0.40836,12321682842.7,疑似价值陷阱
688386,泛亚微透,塑料,,34.2,27.901916603357147,63.3033033033033,0.0,50.0,47.26,3.008,,,39.714,3.147,2.41,-42.78,22.7167887381,40.6276832447,,,,,,1.92941,4707519355.08,
600800,渤海化学,炼化及贸易,,34.19,10.645711322435899,18.23076923076923,25.734666666666666,100.0,3.2,1.266,1.9108280254777064,,-5.517,3.714,-30.13,18.2115061631,-27.4210252195,-13.4361674513,减亏,17.755,-14.438502673796794,-8.571428571428562,,1.01386,3551136691.2,
300847,中船汉光,计算机设备,,34.18,15.333635278571428,68.14516129032259,10.188,50.0,14.45,-1.5,,,37.387,2.823,3.65,-3.02,-0.5917308465,18.69208939,,,,,,2.09074,4277344500.0,
600797,浙大网新,IT服务Ⅱ,,34.17,29.080316937071427,21.783950617283953,0.0,100.0,6.49,1.09,3.1796502384737746,,-129.8,2.068,-1.79,-294.7034644197,-5.9099391207,15.7124437119,增亏,-298.16,-14.2668428005284,-6.078147612156293,,0.77076,6668646141.3,净利大幅下滑
600389,江山股份,农化制品,,34.16,25.586383894214283,52.0,13.919999999999998,50.0,17.48,-1.466,,,14.097,1.751,8.37,3.2,11.9351359522,16.5259374519,,,,,,1.18668,7527762000.0,
601588,北辰实业,房地产开发,,34.13,18.16259249464286,30.111111111111118,32.604,65.0,1.81,3.429,9.696969696969717,,-2.034,1.047,-14.06,44.4811223034,0.8664658837,35.4276294925,减亏,43.515,0.0,2.840909090909083,,1.86776,4814600000.0,
301123,奕东电子,消费电子,,34.12,9.437963670285715,25.140350877192986,60.0,50.0,69.95,0.158,,,-241.207,5.81,0.33,322.5,40.1128150132,22.0581491384,,,,,,2.21067,11544662438.2,
301073,君亭酒店,酒店餐饮,,34.12,43.39636910242857,0.0,44.424,50.0,17.14,-0.407,,,142.833,3.751,1.08,54.04,1.4121826897,31.9749167434,,,,,,2.01966,3053996630.0,
601801,皖新传媒,出版,,34.1,22.439315139785716,69.48616600790514,0.0,50.0,5.54,6.13,,,13.512,0.91,4.07,-27.53,-15.5031662938,27.1700411957,,,,,,2.05605,10846939052.98,
603113,金能科技,化学原料,,34.1,25.0,46.39751552795031,0.0,75.0,4.87,1.037,13.519813519813528,,187.308,0.548,-7.48,-2327.17,-0.2750807298,-15.3282431822,首亏,-2343.245,-19.76935749588139,-19.76935749588139,,1.02523,4132149299.92,疑似价值陷阱；净利大幅下滑
600824,益民集团,一般零售,,34.08,25.242987813271604,54.022988505747115,0.0,65.0,3.66,0.549,6.240928882438324,,31.826,1.645,-5.41,-645.23,-16.7232065128,51.9612516759,首亏,-660.485,-7.106598984771573,-0.5434782608695676,,0.78088,3857739087.18,净利大幅下滑
301080,百普赛斯,生物制品,,34.08,49.7150545099988,14.247266610597139,22.416,50.0,123.0,1.804,,,124.381,7.76,3.63,17.36,28.9720278939,90.3501034296,,,,,,11.31886,15600994788.0,
300035,中科电气,电池,,34.08,8.383638217428572,86.244776119403,0.0,50.0,12.21,3.125,,,17.807,1.691,2.91,-46.03,44.1862353941,11.5520935044,,,,,,2.21206,7162819674.78,
300013,新宁物流,物流,,34.06,22.7,9.000000000000002,60.0,50.0,4.23,0.237,,,-87.578,12.354,9.08,1942.87,301.9037788661,5.6844753283,,,,,,2.40427,2359169905.86,
603191,望变电气,电网设备,,34.06,2.0002507652857138,50.835820895522396,3.0,100.0,13.12,1.001,-16.005121638924457,,62.476,1.839,0.76,-65.08,1.8773478967,10.1403510714,预减,-94.92,-23.765252760023248,-11.827956989247324,,1.00826,4329136063.679999,净利大幅下滑
300096,易联众,IT服务Ⅱ,,34.06,50.0,36.25830959164292,0.0,50.0,8.8,-4.659,,,76.722,12.07,-14.12,-228.14,11.0655096428,47.2807958673,,,,,,3.85709,3784000000.0,净利大幅下滑
600507,方大特钢,特钢Ⅱ,,34.05,30.154750000000003,60.00000000000001,0.0,50.0,3.98,0.505,,,9.779,0.929,2.0619,-48.56,-7.6082032745,8.4158004166,,,,,,0.63196,9206487802.2,疑似价值陷阱
300599,雄塑科技,装修建材,,34.05,4.142863912928571,31.222222222222225,60.0,50.0,13.98,-5.156,,,-60.783,2.57,0.78,303.25,-14.3335045117,13.0700094781,,,,,,8.56622,4432010618.4,
300283,温州宏丰,电网设备,,34.04,22.66356267957143,8.961194029850748,60.0,50.0,13.46,2.202,,,269.2,5.575,7.95,2521.9,92.1988266684,13.9039877514,,,,,,8.64752,5113029861.94,
688325,赛微微电,半导体,,34.04,29.475,60.783055198973045,0.0,50.0,109.0,-1.766,,,93.458,5.58,1.79,-20.79,11.9826220615,52.5938423115,,,,,,1.62535,8957769875.0,
603103,横店影视,影视院线,,34.03,28.329076519714285,50.12987012987013,0.0,65.0,16.13,1.96,9.20785375761679,,64.52,8.695,-5.1,-130.48,-41.197819636,14.6607071276,首亏,-131.41,-3.6439665471923455,2.2828154724159777,,0.58348,10229646000.0,净利大幅下滑
300580,贝斯特,汽车零部件,,34.02,27.72271223757142,51.714285714285715,11.081999999999999,50.0,17.94,-0.884,,,32.036,2.692,4.35,-1.53,10.5693788631,33.5867971326,,,,,,1.11078,8478308947.68,
300675,建科院,工程咨询服务Ⅱ,,33.98,23.493388439752184,18.090909090909093,49.63799999999999,50.0,14.28,2.513,,,-22.732,4.26,-3.97,62.73,-11.2699091269,22.4681506804,,,,,,10.14879,2094400476.0,
600637,东方明珠,电视广播Ⅱ,,33.97,17.740800074,49.0,25.589999999999996,50.0,8.8,1.617,,,47.904,0.994,1.4047,22.65,-10.7104159695,29.9206701036,,,,,,1.02649,29584718389.6,疑似价值陷阱
601179,中国西电,电网设备,,33.96,16.962234647285715,54.471641791044775,21.018,50.0,11.41,-0.61,,,46.064,2.497,2.97,15.03,7.9555532905,23.3521285062,,,,,,0.61304,58486317636.32001,
688182,灿勤科技,通信设备,,33.92,23.344774895857142,50.66666666666666,16.986,50.0,26.91,1.932,,,89.7,4.701,2.46,8.31,108.6290482026,20.0726848542,,,,,,1.04576,10764000000.0,
603356,华菱精工,专用设备,,33.89,14.98350010885417,14.777777777777782,22.797333333333334,100.0,16.6,0.242,1.840490797546024,,-15.962,8.097,-15.45,1.4029513637,-4.4971862014,-2.5995431769,减亏,6.74,-14.078674948240156,-3.5444509006391622,,1.62089,2213444000.0,
688109,品茗科技,软件开发,,33.88,50.57499999999999,34.82993197278911,0.0,50.0,71.27,4.15,,,120.797,7.285,0.23,-94.18,-15.3793011867,71.4425827436,,,,,,1.02525,5619090721.0,净利大幅下滑
603918,金桥信息,IT服务Ⅱ,,33.85,33.929398594642855,30.7283950617284,3.94,75.0,10.59,3.216,9.740932642487032,,-66.188,3.985,-3.96,3.8573040827,-0.149491201,22.5011580325,续亏,3.525,-12.69579554822754,-7.993049522154649,,2.34972,3866488700.34,
300761,立华股份,养殖业,,33.83,26.650835923214284,63.33333333333333,0.0,50.0,20.86,-0.096,,,30.084,1.923,-0.77,-148.33,9.2701847631,12.3111702925,,,,,,1.06242,13491495162.6,净利大幅下滑
603011,合锻智能,专用设备,,33.81,38.384208824214284,9.166666666666668,0.0,100.0,24.59,2.715,-15.49828178694158,,-49.18,6.544,-1.84,-461.31,-10.2215646823,28.7378923539,首亏,-467.91,-30.75190087299352,-8.246268656716415,,5.3041,12157651005.830002,净利大幅下滑
603977,国泰集团,化学制品,,33.81,22.250225956857143,68.06324110671937,0.47399999999999953,50.0,10.67,-1.204,,,26.024,1.928,2.83,-19.21,9.1077510626,31.2453163396,,,,,,0.64291,6628650304.76,
688326,经纬恒润,软件开发,,33.8,17.227706054540885,74.5124716553288,0.0,50.0,56.46,0.284,,,63.438,1.821,-9.56,-339.2516852341,-9.8056884527,16.2720369525,,,,,,0.4997,6302263995.66,净利大幅下滑
603308,应流股份,通用设备,,33.78,27.645437359142853,39.451114922813034,22.512,50.0,36.79,0.629,,,72.137,5.166,4.28,17.52,32.2281689315,33.7236123028,,,,,,2.43821,26799083953.59,
688315,诺禾致源,医疗服务,,33.78,28.64391725642857,60.656013456686296,0.10799999999999983,50.0,18.9,-5.783,,,46.098,2.934,2.36,-19.82,7.0905648132,41.841484159,,,,,,6.54617,7866180000.0,
300048,合康新能,自动化设备,,33.76,25.0,65.03496503496503,0.0,50.0,4.7,0.213,,,78.333,2.986,-3.62,-191.99,-24.0761513594,9.8230428631,,,,,,0.57034,5307718436.500001,净利大幅下滑
688682,霍莱沃,军工电子Ⅱ,,33.76,13.15445077492857,19.256410256410255,60.0,50.0,33.2,-4.185,,,-144.348,5.678,0.71,1194.5,15.8923462307,25.9312310849,,,,,,5.48503,3381051314.0,
301291,明阳电气,电网设备,,33.75,9.78337216635714,83.25373134328359,0.0,50.0,35.18,3.501,,,18.713,2.118,1.7,-71.55,-26.3758084369,17.7467210329,,,,,,4.73005,5850871392.94,净利大幅下滑
300294,博雅生物,生物制品,,33.74,26.724999999999998,62.87636669470144,0.0,50.0,14.34,-0.347,,,65.182,0.972,0.69,-77.28,-36.1407805798,46.2632942767,,,,,,0.58089,7230926902.919999,疑似价值陷阱；净利大幅下滑
300071,福石控股,广告营销,,33.74,19.659360322857143,11.35294117647059,60.0,50.0,4.06,2.267,,,-32.171,23.812,1.92,105.6,-43.6456610838,30.803104452,,,,,,3.09638,3838367811.46,
601990,南京证券,证券Ⅱ,,33.72,18.525000000000002,43.75,28.896,50.0,6.54,0.615,,,22.552,1.233,3.41,28.16,18.8911063224,,,,,,,0.28657,27675480192.0,
300843,胜蓝股份,消费电子,,33.72,29.137473701928574,15.263157894736842,44.645999999999994,50.0,119.16,1.933,,,175.235,11.624,7.74,54.41,45.8900498354,23.7024631827,,,,,,2.74413,19446359455.08,
300088,长信科技,光学光电子,,33.71,28.275,60.92592592592593,0.0,50.0,6.83,-1.727,,,85.375,1.979,1.31,-47.76,-19.7420111377,9.4619404765,,,,,,3.01644,16975989909.01,
688708,佳驰科技,航空装备Ⅱ,,33.71,29.775000000000002,59.10714285714286,0.0,50.0,38.39,0.576,,,34.9,4.533,1.91,-40.91,-6.4990301744,73.6681588946,,,,,,0.62906,5479940240.5,
301108,洁雅股份,个护用品,,33.7,41.18220239085714,16.666666666666664,28.722,50.0,55.39,5.404,,,81.456,3.256,2.19,27.87,35.0715266616,24.9900833472,,,,,,6.14977,3591084083.8500004,
603903,中持股份,环境治理,,33.67,24.497684735142858,25.888888888888893,39.39,50.0,13.83,-0.575,,,-33.732,2.475,1.03,45.65,-23.0121371977,40.6917586292,,,,,,3.94115,3531068408.4,
301106,骏成科技,光学光电子,,33.64,5.018519182571428,88.51851851851852,0.0,50.0,18.93,1.284,,,21.158,2.145,0.75,-82.12,4.5361145725,14.4009268556,,,,,,1.1181,2706247357.17,净利大幅下滑
688247,宣泰医药,化学制药,,33.63,51.37195753492857,32.88961038961039,0.0,50.0,9.87,-0.804,,,89.727,3.393,2.27,-34.84,-12.9535148016,38.9757405489,,,,,,1.30807,4474465800.0,
601666,平煤股份,煤炭开采,,33.63,32.33394267878572,30.000000000000004,25.704000000000004,50.0,8.73,-0.683,,,93.369,0.979,1.45,22.84,21.3438753172,15.1925197503,,,,,,0.91389,21557557401.57,疑似价值陷阱
603536,惠发食品,食品加工,,33.63,35.72648823557143,9.000000000000002,42.644000000000005,50.0,10.02,-0.595,22.19512195121951,,-35.786,6.817,0.95,112.1097970166,-8.0254000582,21.6920835298,减亏,81.165,-5.738476011288817,3.941908713692932,,1.6881,2410133245.2,
301235,华康洁净,医疗器械,,33.63,36.89202606371429,50.252100840336134,0.0,50.0,42.02,-1.523,,,36.86,3.059,0.7,-28.48,22.5793625511,24.1988364892,,,,,,4.07719,4379254436.7,
603716,塞力医疗,医药商业,,33.62,25.417716460384927,16.500000000000004,27.470666666666666,75.0,16.58,-1.074,12.1786197564276,,-15.909,3.427,-4.93,14.7602335077,-41.2550838098,25.1567031894,减亏,24.265,-11.194429566148925,-3.0976037405026413,,3.93315,3743610966.6,
300369,绿盟科技,软件开发,,33.6,24.715269413214287,37.88888888888889,26.862,50.0,9.1,1.676,,,-161.348,2.903,-5.02,24.77,1.5052164486,44.6013771785,,,,,,14.22061,7353308944.8,
301186,超达装备,汽车零部件,,33.57,18.799878814,71.71428571428571,0.0,50.0,32.98,-0.722,,,19.749,2.338,1.31,-65.11,9.2118510148,31.7348303396,,,,,,2.32887,3572396106.4799995,净利大幅下滑
300207,欣旺达,电池,,33.54,21.585200854529102,68.23880597014926,0.0,50.0,21.5,0.561,,,37.069,1.644,2.44,-29.59,41.4797571854,17.9598948831,,,,,,11.13426,36849403216.5,
603881,数据港,通信服务,,33.52,46.90793111514286,25.14285714285714,12.653999999999998,50.0,23.04,-0.389,,,121.263,5.873,2.55,1.09,-3.5653805952,31.7461035612,,,,,,1.25524,19861687272.960003,
603858,步长制药,中药Ⅱ,,33.51,37.324999999999996,49.2,0.04200000000000017,50.0,14.46,-0.069,,,42.33,1.516,4.93,-19.93,-11.6660188946,63.3477186725,,,,,,0.23099,15249059671.32,
600396,华电辽能,电力,,33.51,57.33884891428571,0.0,25.236000000000004,50.0,12.35,-1.358,,,639.896,12.167,7.4,22.06,11.0479339859,29.37438848,,,,,,3.37247,18187929189.95,
688203,海正生材,塑料,,33.5,3.9437154425000003,29.249249249249253,60.0,50.0,20.4,1.949,,,408.0,2.766,1.41,557.61,48.5336515053,10.5862016195,,,,,,10.79877,4134632587.2,
301211,亨迪药业,化学制药,,33.49,11.104697642071429,31.136363636363633,49.487999999999985,50.0,12.44,0.08,,,155.5,2.28,1.32,62.48,5.4297168432,20.9265766989,,,,,,2.22628,5194899216.0,
300878,维康药业,中药Ⅱ,,33.49,25.0,12.75,51.20400000000001,50.0,29.98,0.604,,,-19.096,4.887,-2.47,65.34,10.1149040668,59.499418232,,,,,,0.97046,4314177103.24,
688233,神工股份,半导体,,33.48,46.83217960708201,35.23748395378691,2.4780000000000006,50.0,92.95,-0.311,,,154.917,8.291,2.15,-15.87,3.7778840147,41.3051243131,,,,,,2.42647,15829918161.2,
688379,华光新材,通用设备,,33.48,18.813212401214283,71.3264722698685,0.0,50.0,55.82,2.122,,,25.606,3.707,6.93,-25.56,91.4447700853,12.0834973617,,,,,,4.07051,5301703275.02,
600350,山东高速,铁路公路,,33.47,55.31522425228571,19.705882352941178,7.8119999999999985,50.0,9.96,-1.386,,,18.275,1.643,4.07,-6.98,2.0962454998,38.1963139532,,,,,,0.16553,48152325417.0,
603270,金帝股份,通用设备,,33.47,20.473865400357145,63.8021726700972,5.489999999999999,50.0,31.87,-2.954,,,47.567,3.052,2.95,-10.85,37.2759016195,28.3384115605,,,,,,6.03028,3305450177.29,
300952,恒辉安防,服装家纺,,33.45,35.52316743721428,51.17647058823529,0.0,50.0,16.58,-1.31,,,25.906,2.305,1.25,-61.33,1.6334317922,20.3574344121,,,,,,2.48821,2463426970.5,净利大幅下滑
603533,掌阅科技,数字媒体,,33.44,26.895034044791664,25.666666666666664,35.8,50.0,23.65,10.0,28.95310796074153,,-59.125,4.559,-2.18,68.6891520492,16.8880979768,63.9012895255,减亏,55.5,-5.551118210862627,4.692341744134576,,5.85824,10379910147.75,当日已大涨
600048,保利发展,房地产开发,,33.44,29.997845763999997,57.77777777777777,0.0,50.0,5.84,4.1,22.68907563025211,,64.889,0.359,1.0,-40.84,-11.9774072793,13.4969840696,,,0.0,17.50503018108651,-38.960239367277,3.37753,69907389561.12,疑似价值陷阱
603755,日辰股份,调味发酵品Ⅱ,,33.41,52.954570070071426,28.000000000000004,2.0760000000000005,50.0,25.51,-1.885,,,29.444,3.264,3.87,-16.54,16.2510384378,35.5913980981,,,,,,2.44753,2515635002.31,
603258,电魂网络,游戏Ⅱ,,33.41,50.0,21.642857142857146,0.0,65.0,14.19,3.426,19.444444444444443,,-15.944,1.807,-3.03,-529.3963191906,-5.6725914757,56.5802624402,增亏,-499.69,-3.9268788083953954,6.772009029345383,,2.6557,3424633756.5,净利大幅下滑
600373,中文传媒,出版,,33.41,22.870251419785717,54.62450592885375,11.58,50.0,7.54,2.446,,,37.308,0.571,1.61,-0.7,-12.3894569766,36.3833519877,,,,,,1.07549,10159084741.26,疑似价值陷阱
600585,海螺水泥,水泥,,33.39,11.316636365142857,80.0,0.0,50.0,16.98,1.252,,,11.026,0.469,1.31,-42.76,-10.883753183,21.2582909112,,,,,,0.41477,67537271547.12,疑似价值陷阱
600372,中航机载,航空装备Ⅱ,,33.38,15.352522078071429,66.25000000000001,8.844000000000001,50.0,11.15,-0.801,,,50.521,1.414,1.58,-5.26,-1.8847352589,25.9635309093,,,,,,0.36112,53953697424.5,
600577,精达股份,电网设备,,33.38,13.025,62.29253731343283,15.611999999999998,50.0,8.25,0.0,,,29.464,2.915,5.21,6.02,29.0611603176,5.3508121685,,,,,,2.40377,18412468288.5,
603297,永新光学,光学光电子,,33.38,34.03145286426984,47.77777777777778,4.919999999999999,50.0,107.39,-0.794,,,54.237,5.791,4.54,-11.8,28.0020126627,36.7566176322,,,,,,0.51891,11891198049.000002,
301479,弘景光电,光学光电子,,33.37,19.665925079142855,69.81481481481481,0.08400000000000034,50.0,49.58,1.598,,,21.841,4.742,4.64,-19.86,18.6744975211,21.2922951108,,,,,,1.87045,3535099216.96,
300757,罗博特科,自动化设备,,33.36,19.768852811357142,9.727272727272728,60.0,50.0,529.0,-0.247,,,-1290.244,53.264,0.39,119.67,144.8178996502,36.3113939359,,,,,,3.34419,85997835613.0,
300142,沃森生物,生物制品,,33.36,26.85,33.87720773759462,27.336,50.0,13.49,-0.809,,,121.422,3.091,0.74,25.56,-27.7242911092,68.4663906933,,,,,,4.51437,21272658286.95,
603179,新泉股份,汽车零部件,,33.35,26.295490180843256,51.0,10.860000000000001,50.0,40.22,-1.179,,,24.229,3.889,5.46,-1.9,7.445266489,20.233246552,,,,,,1.85331,28725069703.0,
688515,裕太微,半导体,,33.35,33.391859460145206,23.634146341463413,29.71396554882,50.0,143.4,-0.23,,,-85.357,7.976,-4.99,29.5232759147,46.2100664091,42.5329774173,,,,,,3.46624,7144101960.0,
601228,广州港,航运港口,,33.32,41.64412320814286,30.83333333333333,12.456,50.0,3.06,1.325,,,28.073,1.069,2.58,0.76,-4.9920225425,24.2717724914,,,,,,0.27044,23086265934.06,
301499,维科精密,汽车零部件,,33.31,35.15379315335714,35.04761904761905,16.02,50.0,25.73,0.039,,,65.974,2.727,1.87,6.7,16.4253653005,17.6703104147,,,,,,1.06691,3557297702.18,
688289,圣湘生物,医疗器械,,33.3,28.425,59.103641456582636,0.0,50.0,16.27,-1.988,,,47.853,1.337,1.37,-39.76,-3.9490166249,73.3143086876,,,,,,0.76438,9354238071.08,
300698,万马科技,通信设备,,33.28,20.8683059365,52.248587570621474,15.840000000000002,50.0,27.13,2.3,,,77.514,6.606,3.26,6.4,20.5260924057,27.8056283111,,,,,,1.97105,3260618100.45,
603335,迪生力,汽车零部件,,33.27,6.058210166428571,17.666666666666668,28.157333333333334,100.0,6.19,2.483,-25.868263473053887,,56.273,10.243,-14.66,28.5717165027,-30.8858363217,18.481494233,减亏,26.84,-33.081081081081074,-8.29629629629629,,1.75248,2650215074.0,
300322,硕贝德,消费电子,,33.26,13.151776106357143,28.24561403508772,9.0,100.0,16.45,0.735,-29.790866410584727,,117.5,7.336,2.47,-24.59,28.750574283,19.7674865489,略减,-10.325,-40.91235632183909,-8.712541620421755,,3.6642,7245086051.349999,
601399,国机重装,专用设备,,33.24,6.128714022785714,68.72727272727272,16.871999999999996,50.0,3.13,2.623,,,48.678,1.507,1.75,8.12,1.9178176125,12.4551996319,,,,,,1.0565,22578429935.7,
600104,上汽集团,乘用车,,33.24,31.319947321857143,52.0,3.3719999999999994,50.0,10.71,-0.557,,,12.102,0.412,1.72,-14.38,-0.31,12.8279262506,,,,,,0.28138,123114422067.84,疑似价值陷阱
688197,首药控股,化学制药,,33.22,35.0,14.000000000000002,36.89888416188,50.0,37.66,2.337,,,-43.287,9.046,-9.4,41.4981402698,1300.0,,,,,,,3.46008,2410423856.1200004,
603960,克来机电,汽车零部件,,33.22,32.66850108714286,13.666666666666666,0.0,100.0,17.24,0.0,-0.634005763688783,,156.727,4.063,-0.69,-139.85,-20.1720276296,20.735901522,首亏,-144.59,-14.143426294820715,6.354102405922246,,2.42107,4520291796.0,净利大幅下滑
301176,逸豪新材,元件,,33.21,3.5999999999999996,28.512195121951223,60.0,50.0,55.26,3.213,,,-156.014,6.231,1.44,242.19,69.077635104,6.9162080815,,,,,,6.92015,9065602433.34,
300506,名家汇,装修装饰Ⅱ,,33.21,25.0,15.666666666666668,47.190000000000005,50.0,4.7,0.0,,,-47.0,4.977,-2.45,58.65,-28.5570128967,-14.7666170596,,,,,,1.44048,3576683611.1,
300304,云意电气,汽车零部件,,33.21,28.152269346214286,59.04761904761904,0.0,50.0,12.04,1.603,,,22.296,3.037,4.84,-24.4,-0.5160925762,32.4731770847,,,,,,1.28369,10264628965.36,
301316,慧博云通,IT服务Ⅱ,,33.2,9.880161274071428,20.9306742640076,60.0,50.0,40.17,4.338,,,164.834,14.914,1.76,244.65,23.8171128767,17.6722257837,,,,,,4.39227,15716407134.09,
688006,杭可科技,电池,,33.2,23.935525800357144,64.08358208955224,0.0,50.0,20.29,2.062,,,33.262,2.25,2.83,-45.28,5.4424471826,33.6047361205,,,,,,1.46015,12248507964.08,
300134,大富科技,通信设备,,33.16,26.100331696714285,47.64406779661017,13.655999999999999,50.0,8.29,2.094,,,-23.686,1.77,-3.1,2.76,9.7435666683,11.5404643754,,,,,,0.8147,6362558469.74,
688767,博拓生物,医疗器械,,33.15,50.0,32.60504201680672,0.0,50.0,40.46,-2.034,,,119.0,2.822,-0.71,-233.46,5.6093896927,47.5570437962,,,,,,1.2353,6042026693.639999,净利大幅下滑
301631,壹连科技,汽车零部件,,33.14,15.84188273742857,64.85714285714286,8.694,50.0,61.35,2.575,,,19.112,3.018,4.85,-5.51,40.1596114088,15.2036358324,,,,,,3.33428,2674518771.3,
300845,捷安高科,计算机设备,,33.14,42.73300882378571,41.29032258064517,0.0,50.0,14.34,-0.761,,,71.7,3.741,-0.81,-879.11,23.0409271305,34.8262123533,,,,,,4.71994,2084301777.66,净利大幅下滑
600538,国发股份,医疗器械,,33.13,34.51160276228571,11.088235294117649,0.0,100.0,4.71,0.213,-19.761499148211247,,-27.706,3.65,-1.66,-93.8487303351,3.779151103,23.3162438672,增亏,-98.57,-22.277227722772277,-9.596928982725528,,1.76109,2468974219.08,净利大幅下滑
300581,晨曦航空,航空装备Ⅱ,,33.13,49.225369198785714,16.500000000000004,16.944,50.0,10.03,1.109,,,-75.698,6.179,-3.66,8.24,35.6551988539,43.9155168783,,,,,,1.16501,5517598746.38,
300242,佳云科技,广告营销,,33.11,26.287659792785718,16.058823529411768,44.83799999999999,50.0,3.95,1.804,,,-69.665,10.661,-5.51,54.73,-58.4121656305,11.8027237099,,,,,,2.64433,2506491768.1,
300619,金银河,电池,,33.11,8.089228056642856,22.734328358208955,60.0,50.0,24.0,2.345,,,217.195,3.382,0.94,135.57,44.3498283772,18.0349192793,,,,,,3.93355,4570378704.0,
300146,汤臣倍健,食品加工,,33.11,38.574999999999996,45.0,1.1340000000000006,50.0,9.29,0.324,,,19.766,1.445,5.43,-18.11,3.9370138045,69.1471495044,,,,,,0.51235,10412405342.11,
300067,安诺其,化学制品,,33.09,5.064819983642857,26.272727272727277,60.0,50.0,5.25,1.942,,,-95.803,2.424,0.84,214.1,33.9617536167,14.1507479771,,,,,,2.7161,4921789325.25,
600502,安徽建工,基础建设,,33.09,7.854703716785716,69.68325791855203,13.248,50.0,4.16,0.726,,,5.2,0.596,2.73,2.08,1.6656479535,11.4415852035,,,,,,1.27965,7140781182.08,疑似价值陷阱
600779,水井坊,白酒Ⅱ,,33.07,28.000416857412652,18.66666666666667,0.0,100.0,25.73,-0.962,-7.929578472768917,,30.715,2.516,-0.12,-105.9,-27.7778286064,79.838790067,首亏,-109.64,-12.351819048916743,-4.313871327631091,,0.25416,12540134255.04,净利大幅下滑
600477,杭萧钢构,专业工程,,33.07,32.87995460714286,52.807017543859644,0.0,50.0,2.41,1.688,,,49.184,1.137,1.638,-36.01,-37.5516748785,15.29893645,,,,,,0.89351,5685113930.76,
603120,肯特催化,化学制品,,33.05,44.744305393285714,23.754940711462446,14.735999999999999,50.0,57.75,-0.431,,,58.333,4.301,3.45,4.56,13.2775619981,25.5670275506,,,,,,7.81808,2188725000.0,
300688,创业黑马,教育,,33.05,50.0,14.714285714285719,17.502000000000002,50.0,34.48,4.295,,,-114.933,16.373,-3.14,9.17,-33.5799909211,71.4269525409,,,,,,8.15219,5116089231.84,
603163,圣晖集成,专业工程,,33.04,41.20158092407142,30.87719298245614,11.857379735013,50.0,75.86,0.317,-36.20921627985201,,48.942,6.488,5.95,12.39,-16.0026959388,11.8572132937,,,-49.0667382838727,-5.423263932178024,11.857379735013,1.63822,7586000000.0,
301230,泓博医药,医疗服务,,33.03,47.70757909707143,13.271656854499577,21.612,50.0,37.75,-0.919,,,151.0,6.746,2.82,16.02,3.3079030047,31.9206107359,,,,,,8.41403,6143733942.250001,
688262,国芯科技,半导体,,33.01,34.21997587471429,35.829268292682926,15.15705317568,50.0,28.16,0.536,,,-36.571,4.932,-4.24,5.2617552928,83.6562285044,22.9079662246,,,,,,1.78816,9461757550.08,
605599,菜百股份,饰品,,33.01,29.10157985364924,48.0,9.132,50.0,13.24,-0.526,,,9.068,2.328,9.19,-4.78,38.001451721,7.1304929665,,,,,,0.43961,10297778072.0,
600744,华银电力,电力,,33.0,37.32475419671428,4.219066937119678,3.0,100.0,6.0,-0.498,1.522842639593902,,196.721,10.038,3.57,-74.98,-7.7036900199,14.7596558754,预减,-78.03,-24.43324937027708,-3.5369774919614128,,1.78409,12186745644.0,净利大幅下滑
601022,宁波远洋,航运港口,,33.0,42.82022697707143,34.166666666666664,6.432,50.0,8.24,-1.08,,,16.48,1.872,5.43,-9.28,17.6643054421,15.9433177679,,,,,,0.45503,10783138672.160002,
603015,弘讯科技,自动化设备,,33.0,21.166962741714286,61.23076923076924,5.382,50.0,10.43,1.459,,,94.818,3.044,1.34,-11.03,1.2708769041,34.9437478384,,,,,,0.92339,4216004170.0,
300412,迦南科技,专用设备,,32.99,35.489001942499996,49.37373737373737,0.0,50.0,4.56,1.559,,,76.0,2.224,-0.2,-128.39,-10.4086764682,24.6846027195,,,,,,1.458,2133449105.76,净利大幅下滑
603321,梅轮电梯,专用设备,,32.98,11.253354214642858,56.06060606060607,22.343999999999998,50.0,7.14,-1.788,,,71.4,1.722,1.43,17.24,-0.5928307283,20.7496959005,,,,,,2.00796,2460190308.66,
688013,天臣医疗,医疗器械,,32.97,31.025000000000002,54.64425770308124,0.0,50.0,24.8,-0.201,,,23.396,4.068,2.41,-71.5,-27.4262423651,64.1297257164,,,,,,1.84448,2012658880.0,净利大幅下滑
603172,万丰股份,化学制品,,32.96,19.70280724392857,37.312252964426875,30.870000000000005,50.0,19.81,1.799,,,55.028,2.356,2.98,31.45,24.2141139843,27.1539301415,,,,,,1.46811,2642257800.0000005,
605033,美邦股份,农化制品,,32.95,30.092131782785714,18.909090909090907,36.791999999999994,50.0,19.49,0.206,,,54.139,2.213,4.38,41.32,14.3431386924,36.7989844959,,,,,,1.23891,2635048000.0,
600036,招商银行,银行Ⅱ,,32.93,51.775000000000006,16.36363636363636,13.211999999999998,50.0,40.51,-0.32,,,7.107,0.892,6.71,2.02,4.8314692679,,,,,,,0.21782,835678538818.79,
688163,赛伦生物,生物制品,,32.92,32.925,35.32380151387721,16.866,50.0,38.0,-6.542,,,79.167,3.671,3.17,8.11,3.3635286978,72.6546884794,,,,,,3.16628,4112360000.0,
603183,建研院,专业服务,,32.9,44.82117080123015,37.815126050420176,0.0,50.0,5.19,1.17,36.93931398416888,,519.0,1.618,-0.38,-291.75,-6.536029418,42.6980835395,首亏,-295.815,0.0,7.453416149068337,,5.12725,2580225372.69,净利大幅下滑
688733,壹石通,电池,,32.87,19.528774199857143,26.91044776119403,41.14266666666666,50.0,28.13,3.571,-33.02380952380952,,-255.727,2.692,0.56,167.1105388606,51.2059543289,21.3802838798,减亏,75.535,-34.808806488991884,-8.757703535517347,,2.36089,5619676094.7,
601998,中信银行,银行Ⅱ,,32.87,47.0125,21.21212121212121,13.847999999999999,50.0,9.02,-0.551,,,7.517,0.672,4.805,3.08,3.0507963718,,,,,,,0.12612,367682253568.74,
300969,恒帅股份,汽车零部件,,32.87,52.61658968650001,20.714285714285708,7.644000000000001,50.0,74.88,0.429,,,50.255,6.918,5.23,-7.26,22.0090061006,30.3582255611,,,,,,1.46969,5861254538.88,
600963,岳阳林纸,造纸,,32.86,25.0,21.423076923076927,0.0,100.0,3.34,1.212,4.374999999999996,,-25.692,0.772,-0.13,-106.83,-11.6859787788,7.7060606068,首亏,-109.64,-6.963788300835649,-3.1884057971014568,,1.05598,5870276632.36,疑似价值陷阱；净利大幅下滑
300486,东杰智能,自动化设备,,32.85,3.473256883357143,27.244755244755247,60.0,50.0,17.37,1.937,,,347.4,4.868,0.73,109.65,25.7526704131,12.3075596367,,,,,,0.87245,8285586003.99,
688359,三孚新科,电子化学品Ⅱ,,32.85,17.540094822999997,10.333333333333334,60.0,50.0,106.0,3.153,,,-212.0,14.667,1.83,152.0273545616,50.0876075871,28.1511327522,,,,,,4.07902,10566095582.0,
300505,川金诺,农化制品,,32.84,10.449029186714288,69.81818181818181,9.0,50.0,18.43,-2.744,-30.29500756429653,,11.163,1.732,4.16,-30.2,21.0996963601,10.0686408614,略减,-32.395,-30.29500756429653,-13.066037735849056,,4.10571,4004832070.32,
300600,国瑞科技,航海装备Ⅱ,,32.84,34.74408191392857,29.000000000000004,20.657999999999998,50.0,10.24,1.386,,,-53.895,2.547,-1.79,14.43,-25.4524512084,23.6417146795,,,,,,1.59239,3012961075.2000003,
600793,宜宾纸业,造纸,,32.83,31.64101743328571,13.333333333333334,0.0,100.0,16.39,-1.68,-6.927881885292441,,106.084,13.851,-18.93,-297.75,-16.874072198,19.2974244066,首亏,-558.135,-15.384615384615383,8.471211118464606,,1.81245,2899456592.78,净利大幅下滑
300858,科拓生物,化学制品,,32.83,32.60409514444444,52.21343873517787,0.0,50.0,14.7,0.754,,,40.833,2.161,1.35,-39.09,3.7709455003,45.4101030121,,,,,,1.62123,2877380234.4,
688726,拉普拉斯,光伏设备,,32.82,35.89411088207143,48.22134387351779,0.0,50.0,45.31,-1.671,,,29.422,4.275,7.45,-20.36,-24.5845089408,34.1767552349,,,,,,1.82043,9964777916.94,
688639,华恒生物,化学制品,,32.8,17.387080387121852,65.65217391304347,4.667999999999999,50.0,17.76,0.396,,,33.509,1.641,3.74,-12.22,9.6097188775,20.9624633655,,,,,,1.81463,4442054707.68,
300255,常山药业,化学制药,,32.8,35.42740457442857,11.272727272727272,37.428,50.0,22.12,-1.514,,,-56.718,17.118,-1.4,42.38,-3.2105663731,24.5983664042,,,,,,1.94178,20299432821.36,
300085,银之杰,软件开发,,32.8,29.348595517049493,9.444444444444445,46.541999999999994,50.0,29.62,0.577,,,-157.469,49.507,-5.27,57.57,4.0037502034,29.848406384,,,,,,3.18269,17674465338.7,
301120,新特电气,电网设备,,32.79,8.546990171642857,20.919402985074626,60.0,50.0,14.39,1.696,,,119.917,3.42,0.67,109.32,33.7201704242,19.6207862403,,,,,,1.58262,3248692299.9,
300317,珈伟新能,电力,,32.78,31.536379449000002,20.03448275862069,33.257999999999996,50.0,4.16,-0.716,,,-18.798,2.439,-0.68,35.43,18.6046947287,19.1509312286,,,,,,7.60328,3448279764.8,
600622,光大嘉宝,房地产开发,,32.77,35.598197819357146,19.0,29.378666666666664,50.0,2.52,5.0,23.529411764705888,,-2.71,2.026,-12.26,34.6998246402,-9.1537470381,42.6617745571,减亏,31.42,-2.3255813953488413,8.62068965517242,,2.97367,3779207213.04,
600926,杭州银行,银行Ⅱ,,32.77,32.175,34.54545454545455,17.921999999999997,50.0,16.81,0.0,,,6.32,0.847,8.87,9.87,4.7493361936,,,,,,,0.29343,121855732831.88,
301041,金百泽,元件,,32.76,11.6627287925,31.463414634146343,60.0,31.958359999999995,39.49,12.124,,,207.842,6.135,1.63,226.14,19.132819164,20.6228203095,,,,,,24.02082,3119822112.11,换手过热；当日已大涨
600998,九州通,医药商业,,32.75,10.549999999999999,76.5,1.8300000000000003,50.0,4.96,0.609,,,11.273,0.927,4.22,-16.95,7.6110790185,7.4646185553,,,,,,0.53132,25010652360.64,
301042,安联锐视,计算机设备,,32.74,17.501112261785714,49.35483870967743,20.61,50.0,29.61,1.404,,,75.923,2.712,1.29,14.35,44.8143294044,29.9865571665,,,,,,2.35381,2731552820.6400003,
300455,航天智装,计算机设备,,32.74,11.368832060214286,17.333333333333336,60.0,50.0,16.4,0.244,,,-65.417,7.051,0.15,101.66,-25.6818074337,25.3913648843,,,,,,0.46937,11590121965.6,
601689,拓普集团,汽车零部件,,32.73,36.136859506017856,47.57142857142858,0.0,50.0,47.35,1.828,,,29.41,3.398,4.21,-21.03,9.7769935745,19.2562423053,,,,,,1.67919,82286514713.0,
601668,中国建筑,房屋建设Ⅱ,,32.71,11.525,77.0,0.0,50.0,4.27,1.185,,,4.543,0.356,4.61,-24.3,-11.9615548688,7.9268484254,,,,,,0.53908,176438067195.88,
603777,来伊份,休闲食品,,32.71,34.460612090773814,9.5,0.0,100.0,13.83,1.766,-16.636528028933096,,-28.813,3.12,-6.04,-81.77,-6.5992844273,26.02612143,增亏,-77.57,-20.654044750430288,-0.0722543352601134,,1.31805,4625086215.78,净利大幅下滑
603863,松炀资源,造纸,,32.7,7.869392051388889,12.076923076923077,29.284,100.0,12.11,2.714,-8.327024981074949,,-12.11,11.368,-12.57,36.0170794105,25.9102860955,-3.7512081486,减亏,31.065,-18.83378016085792,-6.486486486486487,,3.06689,2478311500.0,
300066,三川智慧,通用设备,,32.67,8.047919772357142,81.04059462550029,0.0,50.0,4.57,0.661,,,33.455,1.841,0.95,-44.18,45.9876078104,17.9420876813,,,,,,0.66224,4597010294.93,
688676,金盘科技,电网设备,,32.67,25.493330410714286,39.55820895522388,20.538000000000004,50.0,61.55,2.396,,,42.743,5.547,5.7,14.23,12.72871564,25.740662575,,,,,,1.21044,28299914039.15,
300343,联创股份,化学制品,,32.67,6.580905884000001,22.786561264822137,60.0,50.0,5.17,0.0,,,140.489,2.789,1.44,142.36,38.8008647348,14.1732682376,,,,,,0.66763,5509375385.36,
301628,强达电路,元件,,32.66,23.2024167855,54.91869918699187,10.884,46.26158,116.5,10.678,,,72.813,7.364,4.83,-1.86,29.2074786213,25.5783834997,,,,,,16.86921,3385816200.0,当日已大涨
688205,德科立,通信设备,,32.65,21.563542431214284,16.8361581920904,39.86933333333334,60.0,207.19,8.335,21.99128591615638,,460.422,13.448,4.13,249.74,25.7788920906,25.7339594037,略增,25.76,-14.778710102007242,12.194725726972443,,6.80883,32992415138.72,当日已大涨
300859,西域旅游,旅游及景区,,32.63,7.205323887908499,38.88888888888889,3.0,100.0,22.85,-0.997,-16.909090909090907,,47.604,4.787,0.5,-67.23,-6.0840278357,-78.637911164,预减,-69.645,-24.71169686985173,-18.76999644507642,,1.52529,3541750000.0,净利大幅下滑
600562,国睿科技,军工电子Ⅱ,,32.63,29.932522762214287,52.33333333333334,2.2800000000000002,50.0,26.35,-1.348,,,51.667,4.848,4.33,-16.2,0.3300380688,36.7505318671,,,,,,0.348,32722954084.0,
688836,宇树科技,自动化设备,,32.62,60.39163999841271,9.000000000000002,9.0,50.0,451.02,-1.878,,,0.0,57.019,9.99,955.5945828766,48.5389986228,58.4216727498,略减,-14.2,-46.62485207100592,-20.159320233669675,,4.88225,13570163474.4,
605198,安德利,农产品加工,,32.6,49.129026170785714,31.428571428571434,0.0,50.0,65.68,9.998,,,68.417,7.958,4.33,-38.71,-24.4468310467,28.6256366391,,,,,,2.32058,17768804480.0,当日已大涨
603313,梦百合,家居用品,,32.58,20.81227166385714,22.35714285714286,3.0,100.0,6.21,-0.64,3.846153846153833,,-310.5,1.042,0.15,-95.37,7.869978481,38.6121803294,预减,-96.51,-27.70663562281723,-7.863501483679524,,1.69329,3543344555.85,净利大幅下滑
688721,龙图光罩,半导体,,32.57,20.593745085857144,65.58408215661103,0.0,50.0,39.67,0.456,,,94.452,4.294,1.39,-51.67,17.6853347567,33.9662431202,,,,,,3.46315,2187931014.3,净利大幅下滑
300113,顺网科技,游戏Ⅱ,,32.57,40.05,31.428571428571427,10.794000000000002,50.0,16.05,2.034,,,25.887,4.128,6.02,-2.01,-44.0155495042,69.0031286716,,,,,,2.54376,8169775831.049999,
301498,乖宝宠物,饲料,,32.56,37.695151433204046,44.99999999999999,0.0,50.0,38.53,-1.154,,,22.935,3.296,4.06,-49.57,10.0079420927,41.6118389105,,,,,,1.46791,7303244060.56,
600877,电科芯片,半导体,,32.54,45.828569647,35.1604621309371,0.0,50.0,11.4,-0.262,-32.14285714285714,,285.0,5.416,-0.5,-249.43,-19.015195377,39.1599975058,首亏,-236.54,-35.079726651480634,-7.915993537964461,,0.68398,13498278208.8,净利大幅下滑
603757,大元泵业,通用设备,,32.54,13.257733345214287,31.246426529445397,3.0,100.0,69.31,4.967,-12.365659375395122,,81.541,6.143,1.49,-68.77,-6.9958401485,23.3458266833,预减,-68.77,-12.707808564231737,0.0433025404157128,,4.72461,12929590521.29,净利大幅下滑
600803,新奥股份,燃气Ⅱ,,32.52,22.12277037135714,59.48717948717949,4.026000000000001,50.0,18.39,-1.868,,,12.099,2.427,8.18,-13.29,-3.0355405966,12.3418785199,,,,,,0.13867,56489054141.73,
603118,共进股份,通信设备,,32.49,4.073909664857142,57.26553672316385,27.798000000000002,50.0,16.3,-1.152,,,163.0,2.519,1.43,26.33,16.0861893146,10.6984735308,,,,,,5.06293,12832605417.8,
603010,万盛股份,化学制品,,32.48,29.27364634735714,11.772727272727273,3.0,100.0,12.07,-0.248,-25.677339901477826,,-7.185,2.74,0.083,-91.77,21.2167083224,15.6926048863,预减,-91.735,-34.75675675675676,-0.8216926869350827,,0.80813,6889293996.51,净利大幅下滑
601137,博威合金,金属新材料,,32.48,35.949999999999996,46.800000000000004,0.0,50.0,19.17,-0.052,,,127.8,1.798,4.38,-41.66,23.618926765,8.0723044891,,,,,,0.68662,17600493286.44,
603090,宏盛股份,通用设备,,32.48,34.18490334777451,48.9136649514008,0.0,50.0,36.68,0.991,,,44.732,5.778,4.67,-33.7,22.695769956,26.8003572261,,,,,,3.5577,3668000000.0,
601100,恒立液压,工程机械,,32.47,53.94354728993197,12.857142857142852,12.299999999999999,50.0,90.82,0.911,,,44.52,6.798,7.99,0.5,32.126910021,38.573534804,,,,,,0.48264,121773362493.44,
600683,京投发展,房地产开发,,32.46,28.821875055676326,14.500000000000002,0.7681812196199999,100.0,9.25,3.7,-17.410714285714278,,-4.648,-4.679,,-18.7196979673,831.6333246438,5.4874698082,增亏,-15.615,-28.626543209876544,-16.59152389540126,,2.928,6852192772.25,
300696,爱乐达,航空装备Ⅱ,,32.44,35.068394549,47.67857142857142,0.0,50.0,20.34,4.576,,,107.053,3.168,-0.69,-226.96,-27.7319223502,24.0957523686,,,,,,1.89252,5570768056.68,净利大幅下滑
300814,中富电路,元件,,32.44,17.961690981928573,8.21138211382114,60.0,50.0,127.31,0.386,,,795.688,14.912,2.31,130.08,38.0313985307,27.0613673747,,,,,,2.20486,24370970104.92,
600610,中毅达,化学原料,,32.36,57.576048625999995,15.65217391304348,4.71,50.0,7.36,0.136,,,155.603,50.689,25.2,-12.15,11.8960630365,20.6064680764,,,,,,1.49912,5216228548.8,
300380,安硕信息,软件开发,,32.36,25.194229347857146,30.93877551020408,28.284,50.0,27.75,1.947,,,126.136,11.182,3.7,27.14,3.9535633176,32.321921087,,,,,,1.03322,3527234096.2499995,
601598,中国外运,物流,,32.36,10.3,71.90789473684211,5.159999999999999,50.0,6.69,1.364,,,11.951,1.162,4.12,-11.4,-8.0562839152,6.1591461298,,,,,,0.23303,34503475818.63,
300468,四方精创,软件开发,,32.36,47.42664371521428,30.9297052154195,1.602000000000001,50.0,20.72,-0.145,,,148.0,6.684,2.2,-17.33,14.8777460951,33.6973012013,,,,,,2.15905,10981626728.8,
603616,韩建河山,水泥,,32.35,37.40894638814286,4.500000000000001,0.0,100.0,5.68,1.975,-1.0452961672474004,,-215.152,10.749,-8.42,-383.91,-47.7489811954,27.3725249434,首亏,-336.65,-14.0695915279879,-0.1757469244288323,,2.21568,2198546240.0,净利大幅下滑
603058,永吉股份,包装印刷,,32.35,28.811745663714284,15.999999999999998,38.832,50.0,8.67,1.167,,,44.212,3.197,6.84,44.72,-16.6549173007,26.3964439292,,,,,,1.03691,3595133117.2200003,
605222,起帆电缆,电网设备,,32.35,10.125,53.24179104477612,24.011999999999993,50.0,21.79,1.255,,,53.146,1.881,4.05,20.02,19.46254064,6.2591220139,,,,,,0.77136,8997259937.869999,
301197,工大科雅,通用设备,,32.32,33.74232457571429,48.79931389365352,0.0,50.0,26.61,0.795,,,98.556,2.474,-2.0,-71.11,-41.250537064,22.239254406,,,,,,2.19117,2893817542.5,净利大幅下滑
688356,键凯科技,化学制药,,32.32,50.550000000000004,28.636363636363637,0.0,50.0,95.79,-3.68,,,93.912,4.472,0.22,-86.76,42.6526555351,70.2177262999,,,,,,9.48413,5809730553.0,净利大幅下滑
300576,容大感光,电子化学品Ⅱ,,32.31,24.207306114999998,60.2051282051282,0.0,50.0,27.5,-0.542,,,85.938,6.38,2.41,-39.59,13.0217435995,35.455228561,,,,,,2.42011,7192640840.0,
688563,航材股份,航空装备Ⅱ,,32.28,16.70680447014286,67.67857142857143,1.3859999999999992,50.0,50.12,-4.021,,,42.118,2.154,2.25,-17.69,-1.6817284732,25.5145262582,,,,,,2.48595,6793398820.879999,
603286,日盈电子,汽车零部件,,32.27,32.842831877071426,6.666666666666667,3.0,100.0,44.77,1.982,-17.958585303280184,,-99.489,6.575,-3.01,-37.8160474295,-0.7349852079,20.9799646279,续亏,-7.28,-21.40098314606741,-2.6739130434782488,,3.23474,5232906574.17,
301000,肇民科技,汽车零部件,,32.26,43.6158796057482,33.238095238095234,3.4739999999999993,50.0,23.52,-0.885,,,37.935,4.41,4.64,-14.21,5.2407064315,31.9512762883,,,,,,0.76538,5409149733.120001,
300570,太辰光,通信设备,,32.26,44.403937864214285,22.711864406779664,13.026000000000002,50.0,216.2,6.834,,,163.788,29.436,9.82,1.71,20.8130898986,37.7955130099,,,,,,8.5702,41552082927.6,
300829,金丹科技,化学制品,,32.26,36.87288977278571,51.798418972332016,0.0,41.24878,22.97,1.189,,,41.764,2.14,2.15,-45.77,6.3065444691,19.0970456819,,,,,,19.37561,3861988158.07,
601096,宏盛华源,专业工程,,32.25,10.703813742642858,68.59649122807016,7.542,50.0,3.92,0.513,,,28.262,2.191,3.87,-7.43,-0.3976019899,11.4403392397,,,,,,0.56625,6440468040.719999,
301025,读客文化,出版,,32.21,24.762481572285715,0.0,59.111999999999995,50.0,10.1,2.642,,,505.0,6.455,1.75,78.52,2.845793967,38.5424742012,,,,,,3.29701,2799222474.0,
688112,鼎阳科技,通用设备,,32.17,38.9,18.353344768439108,23.639999999999997,50.0,104.25,1.549,,,115.833,10.472,5.56,19.4,28.3075604381,64.2357569266,,,,,,7.2333,16637975052.749998,
603686,福龙马,环境治理,,32.15,18.830452087714285,49.65079365079366,16.362,50.0,14.05,-2.091,,,37.973,1.673,2.88,7.27,7.6344187662,26.2826329228,,,,,,5.66606,5836797176.2,
605398,新炬网络,IT服务Ⅱ,,32.15,25.0,38.59449192782526,0.0,75.0,23.16,4.371,15.338645418326704,,231.6,3.678,-0.62,-187.66,-3.0561518314,47.6600677017,首亏,-341.37,-17.2561629153269,10.233222275107078,,4.71964,3768511337.64,净利大幅下滑
300812,易天股份,消费电子,,32.15,45.02148951464286,34.561403508771924,0.0,50.0,19.07,0.474,,,146.692,4.816,1.07,-72.28,-10.8424466003,34.2850853205,,,,,,2.49662,3393309621.32,净利大幅下滑
300709,精研科技,消费电子,,32.15,32.305566310785714,49.824561403508774,0.0,50.0,35.1,-0.847,,,125.357,2.948,0.63,-82.7,13.5202220203,18.0227928351,,,,,,2.98122,5259740651.099999,净利大幅下滑
301237,和顺科技,塑料,,32.14,2.7736335190714287,25.21621621621622,60.0,50.0,37.33,-0.054,,,-16.091,3.59,0.68,154.42,27.4703247606,11.5030869267,,,,,,1.59844,3017030496.89,
300563,神宇股份,通信设备,,32.14,16.80885954847619,68.40677966101694,0.0,50.0,24.46,1.452,,,59.659,3.955,1.86,-35.69,9.027884964,18.2443869012,,,,,,3.41335,3099812889.26,
605318,法狮龙,装修建材,,32.14,36.72752744971429,4.500000000000001,0.0,100.0,71.46,0.154,-26.72272354388844,,-1429.2,14.324,-2.07,-72.7995590553,-12.3923196856,26.4185384296,增亏,-48.45,-46.75111773472429,-9.886506935687269,,0.61951,8984596340.880001,净利大幅下滑
688589,力合微,半导体,,32.12,24.97109624042857,58.523748395378696,0.0,50.0,20.62,1.626,,,147.286,3.126,1.83,-22.37,6.0072183456,38.5545347366,,,,,,1.60363,2996674041.16,
600718,东软集团,IT服务Ⅱ,,32.12,37.07429242742857,24.006172839506178,0.0,75.0,7.9,0.765,7.48299319727892,,-25.484,1.086,-3.27,-611.23,-6.2633339305,26.9040093984,首亏,-617.86,-8.139534883720923,-4.70446320868515,,0.35382,9451866930.8,净利大幅下滑
300758,七彩化学,化学制品,,32.11,35.28777405007937,30.731225296442688,15.372,50.0,11.09,0.91,,,73.933,2.462,3.03,5.62,14.5676243424,29.192794709,,,,,,1.22543,3989537626.64,
600444,国机通用,专用设备,,32.11,12.624960286714288,59.95959595959596,13.338,50.0,14.53,0.0,,,36.471,2.786,4.323,2.23,16.194316596,12.5444444014,,,,,,1.59681,2127510671.96,
300047,天源迪科,软件开发,,32.1,27.500000000000004,46.7936507936508,8.591999999999999,50.0,9.08,1.453,,,188.773,1.748,1.0,-5.68,12.7053112472,7.1092419087,,,,,,1.57071,5271628436.52,
300482,万孚生物,医疗器械,,32.1,55.60000000000001,21.676470588235297,0.0,50.0,16.32,-0.366,,,-125.538,1.431,2.24,-35.24,-16.6296444455,63.2429256593,,,,,,0.91163,7005584024.64,
601005,重庆钢铁,普钢,,32.09,25.0,18.346153846153847,0.0,100.0,1.2,0.84,2.564102564102577,,-3.871,0.782,-1.25,-36.5484722402,-9.6233218164,-0.8831376525,增亏,-36.64,-4.000000000000004,-0.8264462809917328,,0.74615,9976363880.4,疑似价值陷阱
605399,晨光新材,化学制品,,32.09,25.0,18.363636363636367,0.0,100.0,11.73,-0.593,-11.068991660348736,,-39.1,1.79,-1.89,-805.8737766611,30.8552756755,8.4240083999,增亏,-820.77,-20.14976174268209,4.174067495559508,,1.99915,3648549685.92,净利大幅下滑
688599,天合光能,光伏设备,,32.06,0.0,44.45454545454546,3.7720000000000002,100.0,10.8,1.124,-18.979744936234056,,-3.333,1.242,-1.29,90.7505980545,2.9920497086,6.7514256294,续亏,2.895,-26.33015006821282,-10.521955260977622,,0.85523,25299731008.8,
600438,通威股份,光伏设备,,32.06,21.84283032565991,19.04545454545455,3.0,100.0,11.07,0.09,-4.89690721649485,,-5.216,1.544,-14.1,-3.31,-15.1864553888,-4.0282041941,续亏,-2.925,-17.93921423276501,-4.486626402070748,,0.56874,49837039705.8,
603683,晶华新材,化学制品,,32.06,22.607734528443824,41.541501976284586,39.58666666666667,25.0,15.32,0.327,-47.35395189003436,,46.424,2.596,2.8624,28.06,17.7082580117,17.3161486769,略增,24.7,-53.00613496932516,-9.669811320754718,,3.13799,4418795750.76,
688237,超卓航科,航空装备Ⅱ,,32.05,9.724824347428571,22.142857142857142,54.39000000000001,50.0,58.4,0.777,,,417.143,4.301,0.61,70.65,11.5673140618,21.4797540864,,,,,,1.11967,5237425996.8,
600152,维科技术,电池,,32.05,0.0,26.313432835820898,21.895999999999997,100.0,8.32,10.053,-8.269018743109147,,-46.222,2.705,-2.26,4.7777802595,31.3455507352,8.8701508116,减亏,3.36,-29.551227773073663,-0.5973715651134914,,6.76325,4401940400.0,当日已大涨
600682,南京新百,综合Ⅱ,,32.02,19.913186833857143,21.16666666666667,3.0,100.0,5.74,0.175,2.317290552584672,,-9.111,0.472,0.22,-78.43,-10.015704158,37.1084615674,预减,-78.025,-3.852596314907864,1.2345679012345734,,1.01751,6681705978.5,疑似价值陷阱；净利大幅下滑
300368,汇金股份,计算机设备,,31.99,38.25744861528572,9.000000000000002,33.036,50.0,9.43,1.616,,,-29.414,144.854,-50.1,35.06,-36.1128829942,28.5604280614,,,,,,6.51597,4987936969.25,
688655,迅捷兴,元件,,31.98,8.34964350642857,12.902439024390244,97.0,10.0,75.7,20.006,85.22143381453391,,-445.294,15.0,2.15,615.6475288689,77.4638956831,14.164500909,扭亏,349.94,-3.1349968010236706,74.42396313364057,,10.19098,10097623000.0,当日已大涨；60日涨幅已高
300996,普联软件,软件开发,,31.96,15.914087537571428,68.75283446712018,0.0,50.0,12.2,1.245,,,46.388,3.76,-0.34,-467.73,-23.6945351013,32.2797225526,,,,,,2.96096,4064336108.8,净利大幅下滑
301448,开创电气,通用设备,,31.93,10.039417071214285,15.666666666666668,60.0,50.0,53.1,-0.357,,,-2655.0,7.98,0.9,140.8,27.3374731467,20.9051838997,,,,,,3.08957,3763887300.0,
601012,隆基绿能,光伏设备,,31.92,25.0,17.681818181818183,0.0,100.0,10.89,0.74,-11.821862348178136,,-12.812,1.714,-7.04,-43.3861659096,-17.5781292993,-1.1879332758,增亏,-40.135,-17.99698795180722,-9.776304888152442,,0.62778,82525090845.78,
603188,亚邦股份,化学制品,,31.91,8.711982266142856,17.181818181818187,60.0,50.0,4.91,10.09,,,-50.359,3.994,1.43,433.1,17.230396259,17.1917751726,,,,,,4.34453,2799534699.9999995,当日已大涨
300102,乾照光电,光学光电子,,31.91,11.153006537857141,43.88888888888889,30.383999999999993,50.0,15.9,-0.126,,,132.5,3.35,2.09,30.64,-48.9429488893,18.299209153,,,,,,1.26939,14559752938.8,
300898,熊猫乳品,饮料乳品,,31.87,20.157016854285715,59.51515151515151,3.7619999999999996,50.0,20.12,-0.642,,,23.097,2.525,3.48,-13.73,15.9647141699,26.039823596,,,,,,3.33474,2308640185.76,
301169,零点有数,专业服务,,31.87,38.228835863142855,12.80952380952381,28.799999999999997,50.0,51.07,0.059,,,-94.574,8.706,-6.28,28.0,3.9369873552,28.5203702084,,,,,,1.10708,3677501468.52,
300603,立昂技术,通信服务,,31.86,25.0,34.6,22.836000000000002,50.0,7.92,1.279,,,-21.405,2.962,-3.86,18.06,-4.4937100054,7.034539967,,,,,,1.99681,2961537115.6800003,
688031,星环科技,软件开发,,31.86,42.98762858456211,11.222222222222225,24.637575255479998,50.0,90.39,1.051,,,-44.527,16.295,-14.0,21.0626254258,13.830026365,40.4494795223,,,,,,4.64133,10949475447.24,
600966,博汇纸业,造纸,,31.81,27.575,50.76923076923077,3.3659999999999997,50.0,4.77,0.633,,,38.718,0.853,1.03,-14.39,-1.1500760451,9.2237097811,,,,,,0.51065,6376747253.76,疑似价值陷阱
688627,精智达,通用设备,,31.79,30.735667532214283,2.344196683819324,47.94,50.0,441.07,2.1,,,627.947,25.107,2.8,59.9,81.1679117713,43.2299345451,,,,,,2.96028,41517104884.78,
601333,广深铁路,铁路公路,,31.79,11.615389913642858,56.838235294117645,16.392,50.0,3.05,-0.327,,,15.152,0.746,4.16,7.32,5.8693425191,11.7015458791,,,,,,0.7528,17239322850.0,
688196,卓越新能,化学制品,,31.78,3.5018303072142856,82.90513833992095,0.0,50.0,30.63,-1.098,,,23.93,1.254,0.5,-86.3,8.5923536396,13.1525624301,,,,,,1.03365,3895854050.85,净利大幅下滑
688598,金博股份,非金属材料Ⅱ,,31.76,25.0,35.66666666666667,21.391608947279998,50.0,33.44,1.333,,,-5.333,1.823,-3.66,15.6526815788,11.083275715,-2.3790825115,,,,,,3.55232,6807568599.04,
688318,财富趋势,软件开发,,31.76,30.925000000000004,46.29478458049887,3.642,50.0,76.9,1.545,,,62.52,7.199,2.37,-13.93,-8.7180907599,68.817842491,,,,,,0.98608,27573822294.0,
300638,广和通,通信设备,,31.74,4.815547383357142,81.19774011299434,0.0,50.0,19.82,-0.751,,,45.045,2.932,0.99,-71.63,1.9206725715,13.2767663367,,,,,,1.56779,10512363196.7,净利大幅下滑
688820,盛合晶微,半导体,,31.74,45.99607552771429,17.78048780487805,13.998,50.0,121.01,-0.05,,,0.0,11.684,2.8,3.33,7.2006133293,29.5945057388,,,,,,2.68597,20922948829.43,
301151,冠龙节能,通用设备,,31.7,15.824529373,67.79874213836479,0.0,50.0,21.14,1.537,,,58.935,1.735,0.64,-29.02,4.0986322646,29.9143411222,,,,,,1.67371,3568020467.6200004,
300718,长盛轴承,通用设备,,31.69,34.74900917885715,32.32132647226987,12.75,50.0,55.21,-3.327,,,64.953,9.2,7.07,1.25,22.1360397248,33.9036128504,,,,,,4.75231,10870621369.17,
301035,润丰股份,农化制品,,31.68,26.17608387914286,49.09090909090909,6.198,50.0,48.88,0.226,,,13.035,2.32,6.53,-9.67,13.9471590468,23.7915174308,,,,,,0.44113,17780150150.88,
603823,百合花,化学制品,,31.68,43.65542181464286,12.707509881422924,21.618000000000002,50.0,42.69,-9.994,,,106.725,7.046,4.6,16.03,5.8722709515,20.0175905405,,,,,,5.87621,17774737283.76,
300180,华峰超纤,塑料,,31.67,30.447039301285717,50.150150150150154,0.0,50.0,4.33,1.168,,,114.248,1.62,0.72,-55.33,-6.8172245696,15.1058550218,,,,,,1.23771,7439318156.22,净利大幅下滑
603269,海鸥股份,通用设备,,31.67,28.04582118,33.37335620354489,19.650000000000002,50.0,23.44,-1.139,,,61.684,10.015,3.8,12.75,2.7296097119,35.964149652,,,,,,3.35648,10124802285.6,
300040,九洲集团,电力,,31.67,44.27363762021428,33.54969574036512,0.0,50.0,5.63,-0.88,,,80.429,1.394,0.9,-45.47,-10.5802708908,33.8330926683,,,,,,2.75857,2929618591.46,
300557,理工光科,通用设备,,31.66,20.502681650928572,49.21097770154374,12.810000000000002,50.0,24.14,1.174,,,63.526,3.744,2.34,1.35,11.6907440339,30.5137543113,,,,,,1.10852,3769518718.74,
600539,狮头股份,互联网电商,,31.66,42.36704143714286,13.0,22.817999999999998,50.0,13.62,-3.746,,,-151.333,10.421,0.221,18.03,6.9800463518,33.540358012,,,,,,4.50609,3132600000.0,
301389,隆扬电子,消费电子,,31.65,54.625,21.052631578947366,0.0,50.0,54.72,1.956,,,147.892,6.944,1.85,-24.09,121.2317356226,49.3792637563,,,,,,2.09164,15513120000.0,
688625,呈和科技,化学制品,,31.65,45.6,27.411067193675887,4.457999999999999,50.0,68.11,-2.505,,,45.711,10.759,8.24,-12.57,2.993217514,45.5720603486,,,,,,2.9108,17685915283.399998,
300708,聚灿光电,光学光电子,,31.64,11.499250774428573,72.77777777777779,0.0,50.0,9.13,-0.109,,,32.607,2.926,2.66,-34.13,-43.8295609321,16.7889510842,,,,,,2.85773,6522712246.82,
601238,广汽集团,乘用车,,31.62,25.0,16.5,0.0,100.0,5.6,10.02,1.818181818181808,,-6.588,0.569,-4.34,-75.98,9.1276971439,-0.8892707251,增亏,-70.0,-5.564924114671166,8.94941634241244,,0.11018,41348706532.0,疑似价值陷阱；净利大幅下滑；当日已大涨
688363,华熙生物,医疗美容,,31.6,55.35,20.0,0.0,50.0,34.1,-0.583,,,55.902,2.317,2.14,-30.82,-22.3167048831,67.8369686105,,,,,,0.54928,16425228052.2,
600227,赤天化,农化制品,,31.59,4.225,16.272727272727273,97.0,10.0,3.81,1.33,52.400000000000006,,-23.317,2.782,1.69,179.2755001805,18.0199516898,7.5891610376,扭亏,180.695,-26.30560928433269,-24.404761904761905,,7.49543,4867655249.43,60日涨幅已高
301119,正强股份,汽车零部件,,31.59,26.487911243746034,54.57142857142857,0.0,50.0,26.07,-0.648,,,24.139,3.525,4.57,-23.44,9.6854835869,29.7529492284,,,,,,1.86091,3069846780.0,
301043,绿岛风,通用设备,,31.58,25.281543754642854,55.96340766152087,0.0,50.0,48.46,0.228,,,47.98,3.85,3.6,-27.4,2.3560748387,32.7941612565,,,,,,1.60984,2749995965.0,
600358,国旅联合,广告营销,,31.57,25.0,9.000000000000002,35.26266666666666,65.0,5.76,2.491,7.262569832402232,,-77.524,141.176,-12.23,61.4537404007,26.0576508708,5.1393683127,减亏,53.485,0.0,11.627906976744184,,4.2335,2908435161.6,
603131,上海沪工,通用设备,,31.56,6.472670926357142,39.303030303030305,39.162,50.0,13.69,-0.073,,,-228.167,2.801,0.43,45.27,7.9635890358,17.5567392969,,,,,,0.91638,4612259841.8,
688601,力芯微,半导体,,31.56,43.1132615275,34.49293966623876,0.0,50.0,59.4,3.466,,,212.143,6.37,-0.32,-124.04,19.3983342176,35.3585661385,,,,,,2.27168,7941346380.0,净利大幅下滑
301321,翰博高新,光学光电子,,31.55,8.157285437142859,16.40740740740741,60.0,50.0,46.44,-1.359,,,-84.436,8.212,2.1,176.03,29.3642575417,14.070199612,,,,,,3.10609,6855009050.160001,
605167,利柏特,专业工程,,31.52,19.10289426907143,63.15789473684211,0.0,50.0,15.38,-2.038,,,31.388,2.761,4.5,-22.97,-33.9966479964,20.9940519767,,,,,,0.90837,7842378795.72,
603358,华达科技,汽车零部件,,31.52,25.0,16.095238095238095,0.0,100.0,43.04,0.0,-2.6904815735925847,,78.255,5.917,-2.32,-141.81,-7.5946174854,9.8672947829,首亏,-102.875,-15.72351674172704,-13.435237329042636,,0.84259,19874608474.72,净利大幅下滑
600470,六国化工,农化制品,,31.51,25.0,12.681818181818183,3.3722634561,100.0,5.46,0.552,-18.38565022421525,,-6.276,1.968,-11.16,-14.3795609065,-6.3319316753,3.3293371509,增亏,-17.27,-21.55172413793104,-12.35955056179776,,1.96106,2847936000.0,
603063,禾望电气,风电设备,,31.5,29.32656683942857,50.8235294117647,0.0,50.0,28.16,3.644,,,24.068,2.394,2.97,-35.56,-8.4293576273,40.6621935752,,,,,,2.64969,13016487869.44,
688818,电科蓝天,航天装备Ⅱ,,31.5,16.67347619092857,48.0,18.005999999999997,50.0,40.08,-1.717,,,191.587,12.647,1.81,10.01,32.0921908659,27.0078666673,,,,,,2.50544,5692202441.52,
603967,中创物流,物流,,31.5,17.875000000000004,38.881578947368425,25.661999999999995,50.0,11.92,3.025,,,15.893,1.776,7.15,22.77,17.9808913525,7.3052254562,,,,,,1.03075,4132267183.2,
603363,傲农生物,饲料,,31.5,25.0,16.000000000000004,0.0,100.0,2.78,-0.358,-7.333333333333336,,92.667,2.565,-6.25,-152.61,14.2539470765,4.250961596,增亏,-740.535,-15.243902439024392,-6.081081081081086,,0.7744,5967519277.04,净利大幅下滑
603949,雪龙集团,汽车零部件,,31.49,29.012592165,29.19047619047619,21.966,50.0,20.45,10.005,,,47.558,3.978,4.38,16.61,13.1249492007,35.287629031,,,,,,1.67498,4298697853.3,当日已大涨
301356,天振股份,家居用品,,31.49,13.48618959707143,45.14285714285715,24.636,50.0,19.77,-0.503,,,50.692,1.452,2.0,21.06,-7.3877828566,21.8806654359,,,,,,1.52018,2494429138.8,
300422,博世科,环境治理,,31.48,32.861301525857144,20.555555555555554,25.920000000000005,50.0,4.13,2.228,,,-3.153,3.818,-6.04,23.2,-21.074322464,21.0058221362,,,,,,1.61442,2134150175.92,
600513,联环药业,化学制药,,31.47,13.851820931,26.272727272727277,3.0,100.0,14.81,-0.269,-6.738035264483633,,-43.559,3.349,0.82,126.2858739988,22.2097889921,26.5225493034,预减,-54.38,-22.663185378590068,-8.069522036002475,,2.12565,4227607358.7,
603322,超讯科技,通信服务,,31.46,67.7800297732143,4.500000000000001,0.0,50.0,29.1,10.019,,,-126.522,14.611,20.92,-28.25,-64.9241035358,34.8920416825,,,,,,4.67593,4585775763.6,当日已大涨
603289,泰瑞机器,专用设备,,31.46,16.13671924435714,63.494949494949495,3.0,50.0,11.36,1.701,38.19951338199512,,36.645,2.3,0.62,-83.9,-8.0239262982,30.4214069421,预减,-87.775,0.0,27.35426008968609,,4.01015,3332999848.64,净利大幅下滑
300135,宝利国际,炼化及贸易,,31.45,3.75,21.30769230769231,60.0,50.0,3.46,1.17,,,-32.037,3.665,1.5,288.64,-1.1612394354,0.9002868175,,,,,,1.31923,3188736000.0,
300560,中富通,通信服务,,31.43,11.722980558642858,29.800000000000004,41.837999999999994,50.0,16.13,1.319,,,-48.628,4.125,1.68,49.73,0.1155064343,20.5321727821,,,,,,6.48447,3015741982.05,
300176,鸿特科技,汽车零部件,,31.41,28.097996944142857,51.9047619047619,0.0,50.0,4.45,0.679,,,35.012,2.488,-1.77,-188.13,0.9666402954,14.3371957218,,,,,,1.44763,2364969939.55,净利大幅下滑
603050,科林电气,电网设备,,31.41,21.434934291785712,59.928358208955224,0.0,50.0,16.45,-0.363,,,25.703,3.468,6.11,-28.12,1.4964550016,18.6239080085,,,,,,0.50934,6634600724.85,
688339,亿华通,电池,,31.39,19.267733677645506,28.701492537313435,33.74349921786,50.0,19.92,7.734,,,-6.51,2.554,-5.41,36.2391653631,2.7993876824,-35.9642787817,,,,,,6.91756,3900079410.48,当日已大涨
301511,德福科技,电池,,31.38,15.775,6.591044776119401,60.0,50.0,96.15,2.505,,,538.655,14.34,6.31,580.66,73.5399231986,9.1076939912,,,,,,4.97434,38329948183.05,
300746,汉嘉数智,工程咨询服务Ⅱ,,31.37,15.243455965785715,50.77922077922078,16.404,50.0,16.81,12.366,,,52.845,4.561,1.96,7.34,-14.2276841773,24.4808383521,,,,,,8.62972,3757799014.5,当日已大涨
600666,奥瑞德,IT服务Ⅱ,,31.36,1.329415694214286,43.83665716999051,0.0,100.0,3.2,0.313,-12.806539509536774,,61.657,7.903,-0.7458,-112.98,38.2879463387,11.8611819719,首亏,-108.55,-33.74741200828157,-11.111111111111104,,1.50843,8229906172.8,净利大幅下滑
688687,凯因科技,生物制品,,31.34,28.875,50.69806560134567,0.0,50.0,18.41,-1.022,,,102.278,1.845,1.55,-43.55,-15.8242402061,72.9674302487,,,,,,2.17857,3147086809.02,
600869,远东股份,电网设备,,31.33,37.545967805679496,2.3880597014925358,37.87799999999999,50.0,18.03,-0.332,,,675.281,9.154,4.78,43.13,0.1185992656,11.4708882705,,,,,,4.1752,40014930010.38,
300901,中胤时尚,服装家纺,,31.33,9.323406964428571,14.117647058823529,60.0,50.0,16.77,0.239,,,838.5,4.142,0.32,222.34,21.269151564,21.9327697502,,,,,,1.4589,4024800000.0,
603637,镇海股份,专业工程,,31.33,29.95,48.94736842105264,0.43199999999999933,50.0,13.69,1.108,,,48.893,3.133,1.98,-19.28,7.7922591741,9.6716103412,,,,,,2.05542,3267609656.13,
601398,工商银行,银行Ⅱ,,31.32,45.7875,16.363636363636363,13.99127915622,50.0,8.16,0.123,,,8.16,0.734,4.315,3.3187985937,9.0769670235,,,,,,,0.11621,2200035654318.2,
603505,金石资源,化学制品,,31.31,40.10591295414285,37.09486166007906,0.0,50.0,14.08,-1.95,,,36.103,6.29,4.77,-28.87,9.7987576874,14.4532781358,,,,,,0.94546,11850696887.04,
600606,绿地控股,房地产开发,,31.3,0.0,42.33333333333334,30.87066666666667,65.0,1.5,6.383,17.1875,,-0.802,0.548,-0.79,91.39,-29.2680008904,8.6247206451,减亏,37.015,-6.25,13.636363636363624,,2.82665,21081327471.0,疑似价值陷阱
300872,天阳科技,IT服务Ⅱ,,31.29,15.466169755928572,44.061728395061735,22.554,50.0,15.13,1.748,,,-52.172,2.065,1.63,17.59,-3.2890033532,25.9476376583,,,,,,1.50715,6385263865.09,
300918,南山智尚,纺织制造,,31.26,18.46491736436508,53.42857142857142,9.462,50.0,10.65,-0.467,,,38.036,1.383,1.88,-4.23,61.496261184,20.743599989,,,,,,0.84325,5390331647.55,
300119,瑞普生物,动物保健Ⅱ,,31.24,31.910627751428567,46.66666666666667,0.0,50.0,16.5,-0.302,,,18.718,1.629,4.27,-20.43,0.7538535968,39.729878852,,,,,,0.67607,5585742524.999999,
300069,金利华电,电网设备,,31.23,34.23278069796765,10.19402985074627,33.666000000000004,50.0,24.77,4.824,,,-495.4,10.415,3.1,36.11,35.1440559482,33.2919239513,,,,,,5.17359,2898090000.0,
688517,金冠电气,电网设备,,31.22,23.32189981935714,56.913432835820885,0.0,50.0,18.27,8.107,,,30.966,3.341,2.24,-56.78,-11.518841188,34.8106597471,,,,,,6.5318,2495922871.6800003,净利大幅下滑；当日已大涨
300933,中辰股份,电网设备,,31.21,3.4305082167857144,43.626865671641795,37.092,50.0,6.47,2.698,,,-215.667,1.659,1.21,41.82,25.6221412943,10.5677115035,,,,,,1.47237,3539675237.38,
605179,一鸣食品,饮料乳品,,31.18,45.52416963042857,5.454545454545457,24.654,50.0,23.47,0.213,,,183.79,8.119,3.4,21.09,-0.848120276,26.8338374826,,,,,,3.37319,9411470000.0,
600871,石化油服,油服工程,,31.16,38.4,24.444444444444446,14.099999999999998,50.0,2.09,0.0,,,59.714,3.959,5.36,3.5,1.6558557747,8.594732106,,,,,,0.43589,28313255813.59,
300335,迪森股份,电力,,31.15,33.59857522455556,36.59229208924949,7.68,50.0,5.58,2.385,,,62.0,1.391,2.46,-7.2,-5.194757525,31.1190079016,,,,,,3.42547,2143615947.12,
300925,法本信息,软件开发,,31.15,9.13090666842857,73.6326530612245,0.0,50.0,13.82,1.917,,,55.28,2.634,1.82,-29.38,24.5760247627,16.4132693358,,,,,,1.31939,4830257871.54,
300806,斯迪克,塑料,,31.15,14.103677516357143,7.687687687687686,60.0,50.0,49.11,1.782,,,377.769,13.142,1.92,82.38,14.1108260789,23.0251485229,,,,,,3.37425,22427004080.460003,
603520,司太立,化学制药,,31.14,12.627803355071428,35.16233766233767,34.23,50.0,8.39,-0.356,,,419.5,1.485,1.55,37.05,1.1809111441,22.2539246971,,,,,,1.28293,3678258901.59,
601811,新华文轩,出版,,31.14,27.87058649585714,51.10671936758892,0.0,50.0,20.37,9.989,,,16.039,1.641,4.23,-23.59,-9.4241547775,34.2138210942,,,,,,6.38422,16131082442.999998,当日已大涨
601111,中国国航,航空机场,,31.12,25.0,14.500000000000002,0.0,100.0,5.78,0.347,-6.6235864297253695,,-52.545,1.979,-5.17,-26.59,10.5379598861,7.8648763156,增亏,-30.12,-11.620795107033633,-0.857632933104624,,0.33051,67268272759.72,
300751,迈为股份,光伏设备,,31.1,57.85,14.980237154150197,0.0,50.0,182.04,-0.307,,,70.286,6.311,3.14,-35.99,-30.9548329441,51.3901460147,,,,,,1.48867,35106260176.2,
688027,国盾量子,通信设备,,31.1,50.0,10.847457627118647,13.55015481912,50.0,339.01,-0.802,,,6780.2,10.827,-0.72,2.5835913652,1.8263861657,54.3594054877,,,,,,1.40631,27247715173.7,
300652,雷迪克,汽车零部件,,31.09,20.59340916907143,59.66666666666667,0.0,50.0,27.63,-0.325,,,26.066,2.38,2.73,-52.21,-12.9092433911,29.2757728367,,,,,,2.05305,3301132324.1400003,净利大幅下滑
605366,宏柏新材,化学制品,,31.08,25.0,11.318181818181818,3.0,100.0,9.75,-3.846,-11.28298453139218,,-42.391,2.814,-1.28,-14.5834361817,15.8515098724,2.2141996189,续亏,-18.11,-32.19749652294854,18.3252427184466,,10.83214,7535070074.999999,
601020,华钰矿业,工业金属,,31.06,31.974999999999998,45.87813620071684,0.0,50.0,19.95,2.203,,,18.821,3.713,2.79,-32.87,-9.4537992516,56.7895104654,,,,,,1.78616,16358295725.1,
600456,宝钛股份,小金属,,31.06,12.420495358642858,69.33333333333334,0.0,50.0,24.58,0.862,,,29.293,1.634,2.0112,-29.1,1.1704325258,20.3494935021,,,,,,0.42529,11743771908.62,
301379,天山电子,光学光电子,,31.05,10.895708657588527,71.11111111111111,0.0,50.0,20.06,0.35,,,27.619,3.862,2.31,-54.73,10.8618438904,16.5006738669,,,,,,2.98051,4386714822.12,净利大幅下滑
301248,杰创智能,IT服务Ⅱ,,31.03,19.329428643785715,20.91168091168091,0.0,100.0,56.1,2.691,-27.350427350427346,,623.333,5.662,-0.21,-117.41,8.7224797159,37.0612001013,首亏,-117.62,-35.28665359326335,-6.108786610878658,,3.00437,6301640070.0,净利大幅下滑
688048,长光华芯,半导体,,31.03,16.849425833214283,3.9024390243902434,60.0,50.0,296.9,2.454,,,2390.499,17.213,1.0,238.04,82.6664389648,30.0891961665,,,,,,4.43235,52337515076.700005,
300272,开能健康,小家电,,30.98,53.264109222357135,20.000000000000004,0.0,50.0,5.99,0.672,,,62.073,2.892,3.16,-39.61,1.4708354276,38.5097529113,,,,,,2.12043,2782187369.8500004,
688271,联影医疗,医疗器械,,30.97,35.3,35.58543417366947,5.928000000000001,50.0,105.1,-0.737,,,46.096,3.932,4.12,-10.12,17.2156693851,47.1614312555,,,,,,0.42801,86619004538.8,
603169,兰石重装,专用设备,,30.96,25.0,13.833333333333334,0.0,100.0,5.87,0.342,-9.969325153374232,,-12.864,3.069,-7.82,-5255.62,-21.8845417204,7.1205315824,首亏,-4214.81,-23.567708333333325,-9.273570324574951,,0.55318,7667932854.26,净利大幅下滑
301333,诺思格,医疗服务,,30.95,19.996911714071427,59.798149705634984,0.0,50.0,65.66,-0.801,,,45.916,3.173,2.23,-27.25,23.257342611,30.1906763997,,,,,,2.23768,6333463402.84,
600429,三元股份,饮料乳品,,30.91,27.177880440521086,38.33333333333334,12.689999999999998,50.0,4.75,-0.21,,,-31.879,1.455,3.8381,1.15,4.1138011647,23.0504294693,,,,,,1.5722,7113397773.5,
600616,金枫酒业,非白酒,,30.91,24.309616189142854,28.571428571428577,25.906666666666666,50.0,5.02,-3.276,27.735368956742978,,1673.333,1.773,-0.3,19.2542775549,-12.4627688267,44.0334626648,减亏,18.4,-6.691449814126404,15.9353348729792,,8.24584,3358404849.0,
600691,潞化科技,农化制品,,30.9,3.6097499999999996,21.727272727272727,37.52799999999999,75.0,2.72,1.493,17.74891774891776,,-7.83,2.015,1.4439,120.0737358366,-8.1567150924,3.3283048873,减亏,61.98,-23.59550561797752,-15.78947368421052,,1.17795,6461593789.44,
300508,维宏股份,计算机设备,,30.9,26.75,51.50537634408602,0.0,50.0,36.81,-0.942,,,45.394,4.667,0.7,-79.4,10.0553483378,52.9813224856,,,,,,1.73585,3047418660.33,净利大幅下滑
300097,智云股份,自动化设备,,30.9,14.447734566203705,10.454545454545457,55.818,50.0,9.93,-0.898,,,-10.453,15.784,-14.2,73.03,-23.2022924119,9.0817461669,,,,,,4.28654,2619836030.88,
603280,南方路机,工程机械,,30.88,20.777523089214288,58.57142857142858,0.0,50.0,27.2,-0.766,,,31.264,2.14,2.31,-44.37,-15.8415865708,31.0035323249,,,,,,1.66503,2948661342.4,
301373,凌玮科技,化学制品,,30.87,46.9735483002381,12.667984189723313,14.442,50.0,132.27,7.958,,,104.15,8.456,4.02,4.07,27.7913680019,46.3521739893,,,,,,11.86702,9213322006.59,当日已大涨
600157,永泰能源,电力,,30.86,31.87530883485714,45.19269776876268,0.0,50.0,1.45,1.399,,,152.632,0.678,0.19,-28.08,-2.3271891675,18.9604323688,,,,,,1.62795,31635758010.25,疑似价值陷阱
600435,北方导航,地面兵装Ⅱ,,30.86,6.421633185285715,35.71428571428572,0.0,100.0,10.87,0.092,-2.423698384201089,,135.875,5.795,-1.64,-141.06,-45.3922525207,18.9902864594,首亏,-145.745,-8.961474036850925,0.1843317972350266,,0.56413,16439328731.63,净利大幅下滑
688679,通源环境,环境治理,,30.86,28.53551729242857,16.111111111111114,33.08278542672,50.0,38.89,2.504,,,-121.531,4.694,-0.6,35.1379757112,-11.1460041617,14.9497242094,,,,,,1.83894,5121411460.75,
601006,大秦铁路,铁路公路,,30.86,9.655148549,57.79411764705882,14.04,50.0,4.67,0.43,,,15.567,0.563,2.57,3.4,6.1999760693,14.5222079686,,,,,,0.38828,92759709273.26,疑似价值陷阱
603123,翠微股份,多元金融,,30.85,13.543253502638889,9.000000000000002,38.14266666666667,75.0,9.22,0.109,12.302070645554195,,-14.406,4.639,-4.44,64.45,-13.6815022803,22.219880043,减亏,64.285,-24.918566775244287,-2.8451001053740765,,1.95502,6013984249.78,
603668,天马科技,饲料,,30.81,26.450000000000003,8.5,3.0,100.0,12.03,0.083,-0.7425742574257432,,-33.417,2.865,0.58,-79.53,5.3356765028,8.4494964839,预减,-78.41,-8.307926829268297,11.388888888888872,,0.84722,6084734685.96,净利大幅下滑
301008,宏昌科技,家电零部件Ⅱ,,30.81,6.616658065428573,15.282051282051281,60.0,50.0,54.5,-1.625,,,201.852,4.59,2.23,113.74,2.8320578217,11.4583212916,,,,,,9.9994,6302420003.0,
300541,先进数通,IT服务Ⅱ,,30.8,0.6977811106428573,82.3741690408357,0.0,50.0,9.36,1.189,,,33.429,2.386,-0.86,-123.76,-5.6555366625,10.9768935549,,,,,,0.96406,3632105056.32,净利大幅下滑
300279,和晶科技,家电零部件Ⅱ,,30.79,32.29165409835714,44.41025641025641,0.0,50.0,5.93,-0.336,,,44.822,2.757,1.55,-63.12,-17.9373528644,14.7833157377,,,,,,1.5335,2889914055.36,净利大幅下滑
600516,方大炭素,冶钢原料,,30.78,2.5892500000000003,20.0,60.0,50.0,5.27,-0.378,,,263.5,1.28,1.0357,213.47,16.5795801532,9.4606895262,,,,,,0.68307,21216863839.36,
300377,赢时胜,软件开发,,30.78,35.24369107721429,27.222222222222225,13.62,50.0,13.43,2.129,,,-1918.571,4.176,-3.19,2.7,8.9023812752,24.3411675081,,,,,,2.4967,9415045523.76,
688456,有研粉材,金属新材料,,30.77,10.75,25.3,44.873999999999995,50.0,69.96,-0.328,,,104.418,5.651,4.3,54.79,46.3870539782,7.4561299345,,,,,,3.20337,7252053600.0,
600860,京城股份,通用设备,,30.76,26.1984029843201,11.621212121212121,0.0,100.0,7.52,1.622,-10.476190476190483,,-75.2,5.169,-7.58,-297.531279779,-4.1481619346,13.7964361349,增亏,-224.295,-20.25450689289502,-10.476190476190483,,1.14775,3339186725.76,净利大幅下滑
300451,创业慧康,软件开发,,30.74,49.09668964057143,24.055555555555557,0.0,50.0,3.51,2.332,,,-13.5,1.424,-5.04,-144.74,-21.1533614447,43.7353654968,,,,,,1.56092,5374313372.61,净利大幅下滑
300421,力星股份,通用设备,,30.74,31.49899521057143,45.16866781017724,0.0,50.0,16.9,-1.63,,,71.793,3.937,1.39,-43.52,2.6235775241,14.2335932948,,,,,,1.78365,3944509804.3,
300342,天银机电,家电零部件Ⅱ,,30.73,39.386773143142854,0.0,35.663999999999994,50.0,29.7,-1.198,,,986.711,8.026,1.59,39.44,5.3409707471,24.5764824004,,,,,,2.35416,12484602543.599998,
600879,航天电子,航天装备Ⅱ,,30.73,9.943135758285715,68.0,3.0,50.0,13.66,-1.301,-36.43259341988925,,197.971,2.161,0.194,-76.63,-22.1914631447,23.2413900616,预减,-86.585,-41.34821811936453,-7.8894133513149,,1.29975,45068428902.44,净利大幅下滑
603778,国晟科技,光伏设备,,30.73,25.0,9.909090909090908,3.0,100.0,8.03,-0.864,-23.23135755258128,,-9.23,22.684,-32.19,10.3725898312,11.9335417228,-19.0581470311,续亏,-8.375,-41.769398114575786,-18.061224489795936,,5.35698,5162142850.26,
600327,大东方,一般零售,,30.69,34.56432969321428,18.293103448275865,3.0,75.0,3.85,1.316,15.963855421686745,,-13.75,1.212,0.87,-58.17,-27.2824455359,20.3450615705,预减,-57.65,-9.198113207547175,-3.749999999999998,,1.09879,3406401144.3,净利大幅下滑
603650,彤程新材,橡胶,,30.69,31.322163151642858,26.666666666666668,18.516,50.0,63.21,-3.496,,,67.245,9.274,9.04,10.86,29.0996907337,22.2110284123,,,,,,2.95522,38940076007.28,
300920,润阳科技,塑料,,30.68,39.71255815457143,35.07507507507508,0.0,50.0,30.83,-1.69,,,114.185,3.407,0.26,-79.44,-6.3437494533,29.6875814164,,,,,,1.48715,2661984070.99,净利大幅下滑
600165,宁科生物,化学制品,,30.65,25.0,14.000000000000002,26.613333333333333,65.0,3.25,-3.561,12.456747404844284,,-58.036,4.883,-5.47,22.5329839581,27.2646342225,7.7667129758,减亏,21.05,-4.692082111436957,2.2012578616352085,,2.64728,2381969349.5,
600113,浙江东日,一般零售,,30.65,45.28309284221429,28.27586206896552,0.0,50.0,27.86,-1.206,,,79.6,4.604,1.73,-35.56,-9.162952917,32.3413299791,,,,,,0.51529,11462472117.6,
300816,艾可蓝,汽车零部件,,30.64,43.20491176414286,25.61904761904762,5.094,50.0,58.27,-0.257,,,48.273,4.774,4.1,-11.51,35.9886579949,21.1368764698,,,,,,2.55743,3400948012.1800003,
301003,江苏博云,塑料,,30.59,26.266376606,38.678678678678686,12.174,50.0,57.26,1.525,,,54.533,4.812,4.86,0.29,13.6117863335,29.7629272484,,,,,,1.85942,4302523786.54,
603878,武进不锈,普钢,,30.58,0.0,42.30769230769231,0.0,100.0,4.92,1.863,-3.529411764705881,,35.143,1.091,-1.89,-165.09,-26.7949799583,5.4582930389,首亏,-190.54,-16.61016949152543,-3.90625,,1.67613,2760857931.12,净利大幅下滑
300792,壹网壹创,互联网电商,,30.55,24.010798246824177,45.14285714285714,8.256,50.0,24.69,3.479,,,54.867,1.974,2.23,-6.24,-19.2425594327,32.5389263194,,,,,,4.22375,5288231378.190001,
600743,华远控股,房地产服务,,30.55,17.031937227968253,15.666666666666668,26.114666666666665,75.0,2.4,4.348,12.149532710280363,,-53.333,10.381,-3.82,6.086695979,1.2019258734,26.0274105136,减亏,19.18,-14.893617021276595,2.564102564102577,,9.09843,5630642097.6,
688212,澳华内镜,医疗器械,,30.54,50.0,22.1624649859944,0.0,50.0,27.83,-0.82,,,309.222,3.065,-6.76,-110.0310022246,7.369603333,71.6266052304,,,,,,1.47467,3747733907.5,净利大幅下滑
601609,金田股份,工业金属,,30.53,10.575000000000001,46.37992831541219,23.063999999999997,50.0,11.32,1.162,,,22.64,1.919,4.23,18.44,33.7407335256,2.1839306886,,,,,,2.22321,19568184344.76,
301051,信濠光电,消费电子,,30.52,0.0,41.982456140350884,40.104,50.0,17.83,3.123,,,-12.047,2.677,-5.87,46.84,-25.2497429405,2.0725732154,,,,,,2.76856,4026675778.28,
603079,圣达生物,化学制品,,30.51,15.797615189857142,63.08300395256916,0.0,50.0,13.17,1.308,,,37.629,1.568,1.29,-45.7,-2.9129403458,27.6016612658,,,,,,1.73602,2489520148.08,
300955,嘉亨家化,化妆品,,30.51,5.0431967785714304,21.000000000000004,54.99000000000001,50.0,27.74,-0.502,,,-74.973,3.248,-1.05,71.65,21.2250415472,17.06047549,,,,,,1.29484,2796192000.0,
688472,阿特斯,光伏设备,,30.51,10.659864498714285,69.24901185770752,0.0,50.0,8.33,1.834,,,29.75,1.335,1.29,-59.02,-39.2724834187,20.4088102982,,,,,,0.59581,30347357132.96,净利大幅下滑
301257,普蕊斯,医疗服务,,30.51,5.033609261857142,75.99663582842724,0.0,50.0,40.4,-0.173,,,29.275,2.522,0.2,-95.21,-4.5453545738,16.3470529666,,,,,,4.23279,3042369874.0,净利大幅下滑
601939,建设银行,银行Ⅱ,,30.49,46.9,10.909090909090905,14.771999999999998,50.0,11.03,0.273,,,8.485,0.806,4.76,4.62,10.7174470481,,,,,,,1.01943,105818043394.18,
300267,尔康制药,化学制药,,30.48,15.9361634605,39.909090909090914,22.895999999999994,50.0,3.23,0.623,,,-17.545,1.656,1.11,18.16,-16.7662906261,28.4256288447,,,,,,1.72508,4594281233.93,
302132,中航成飞,航空装备Ⅱ,,30.48,37.324999999999996,37.14285714285714,0.0,50.0,57.0,-2.946,,,44.375,7.29,4.93,-22.32,-26.7359730193,9.706345238,,,,,,1.30557,33405961443.0,
301656,联合动力,汽车零部件,,30.47,27.319963143214288,49.095238095238095,0.0,50.0,13.68,-0.87,,,26.308,3.542,-0.92,-116.05,3.9822351495,13.2479484005,,,,,,1.23938,4525909804.8,净利大幅下滑
601800,中国交建,基础建设,,30.46,6.13898527557143,74.47963800904978,0.0,50.0,5.83,1.215,,,6.859,0.325,2.41,-23.95,-1.1555700882,10.1595793858,,,,,,0.17353,68344350050.57,疑似价值陷阱
603128,华贸物流,物流,,30.46,8.730314780642857,61.118421052631575,10.260000000000002,50.0,5.34,0.565,,,14.432,1.087,3.49,-2.9,11.727147597,10.0074406929,,,,,,0.76489,6990308277.960001,
688047,龙芯中科,半导体,,30.46,35.675814266289684,12.658536585365853,26.376239529419998,50.0,100.2,0.29,,,-87.895,17.498,-9.32,23.9603992157,11.6410561414,34.870788196,,,,,,0.63653,40180200000.0,
603661,恒林股份,家居用品,,30.45,14.471964860785713,64.42857142857143,0.0,50.0,33.4,0.09,,,28.305,1.241,3.29,-33.07,24.702223334,18.7457508051,,,,,,1.67745,4644838835.400001,
688775,影石创新,消费电子,,30.44,26.325,50.175438596491226,0.0,50.0,90.67,1.059,,,37.16,6.907,0.53,-94.15,50.2876285247,45.2028127714,,,,,,1.21537,23516010804.77,净利大幅下滑
603798,康普顿,炼化及贸易,,30.43,47.78746377142858,23.95604395604396,0.40799999999999975,50.0,13.69,-4.333,,,68.45,2.891,3.56,-19.32,-8.544599689,29.44244928,,,,,,3.20618,3510795708.5,
300386,飞天诚信,计算机设备,,30.43,47.277523049428574,25.0,0.0,50.0,10.78,2.083,,,1078.0,3.217,-4.22,-1101.0,-26.8488482967,41.1885322692,,,,,,1.65171,2772698499.34,净利大幅下滑
600206,有研新材,半导体,,30.43,10.549999999999999,32.51604621309371,36.534,50.0,49.7,-3.738,,,158.786,9.65,4.22,40.89,50.3538965052,6.4187191243,,,,,,10.32802,42073700600.4,
600527,江南高纤,纺织制造,,30.36,27.773247187428574,24.0,24.126,50.0,2.16,0.465,,,180.0,1.84,0.9,20.21,13.2245179899,10.7325460624,,,,,,1.32478,3740603548.32,
605168,三人行,广告营销,,30.36,10.208686953642857,69.17647058823529,0.0,50.0,49.87,-0.736,,,55.411,3.966,2.88,-45.31,19.547296022,14.2121617351,,,,,,1.73623,10513443091.820002,
301202,朗威股份,通信设备,,30.33,14.71628059864286,63.05084745762712,0.6119999999999997,50.0,36.76,1.211,,,75.02,4.168,2.95,-18.98,39.7589068316,20.2777928381,,,,,,1.10905,2926739300.0,
601608,中信重工,专用设备,,30.32,12.459027108523504,52.56565656565657,13.77,50.0,4.56,0.441,,,55.61,2.227,2.25,2.95,1.1076819463,17.8006083897,,,,,,0.39206,20882763672.72,
600830,香溢融通,多元金融,,30.31,30.865,26.42857142857143,17.79,50.0,8.36,0.36,,,47.232,1.662,2.346,9.65,9.18,57.5884343098,,,,,,1.25226,3798138164.92,
301011,华立科技,文娱用品,,30.25,31.77080153707143,42.85714285714286,0.0,50.0,15.66,2.02,,,33.319,2.921,-12.14,-411.24,-30.5866556879,19.4791221519,,,,,,2.23209,2297273078.16,净利大幅下滑
301282,金禄电子,元件,,30.2,10.041121175214286,62.317073170731696,38.449333333333335,10.0,45.49,13.64,47.79077322936973,,75.817,5.473,3.2,6.26,43.466660177,12.8575696453,略增,20.435,-4.6730930427493655,24.323585679147296,,11.43991,8032527533.75,当日已大涨；60日涨幅已高
688170,德龙激光,自动化设备,,30.19,48.77182157085714,22.237762237762237,0.0,50.0,64.55,-2.374,,,258.2,5.472,-3.08,-146.5455607185,-6.6014912337,43.2805501992,,,,,,3.42837,6671888000.0,净利大幅下滑
601636,旗滨集团,玻璃玻纤,,30.18,1.5549558927142852,78.85714285714286,0.0,50.0,5.29,-0.936,-32.78271918678526,,23.131,1.089,-1.13,-118.76,-2.4426595505,12.1769382498,首亏,-185.75,-48.28934506353861,-8.159722222222221,,1.48102,15651278221.12,净利大幅下滑
601236,红塔证券,证券Ⅱ,,30.16,40.125,32.5,0.0,50.0,6.88,0.292,,,26.462,1.325,2.05,-23.93,-14.0010012016,,,,,,,0.20217,32289447897.28,
600597,光明乳业,饮料乳品,,30.12,10.789632666857143,46.333333333333336,21.204000000000004,50.0,6.8,0.443,,,-61.818,0.966,2.64,15.34,-4.8075788024,15.8654857336,,,,,,0.37995,9373496468.4,疑似价值陷阱
300715,凯伦股份,装修建材,,30.09,39.6528923965,32.77777777777778,0.0,50.0,13.76,-2.273,,,229.333,2.883,0.62,-57.14,0.18706388,28.3440493551,,,,,,1.742,4395308997.76,净利大幅下滑
300101,振芯科技,军工电子Ⅱ,,30.09,50.0,20.358974358974358,0.0,50.0,13.86,0.289,,,277.756,4.459,-0.54,-114.6,-29.5554250697,58.746900463,,,,,,1.25105,7839068252.400001,净利大幅下滑
300542,新晨科技,软件开发,,30.09,29.33192241207143,17.444444444444446,27.701999999999998,50.0,12.35,1.064,,,-308.75,6.815,-1.76,26.17,1.6547893014,16.0646913769,,,,,,1.22114,3111601481.9500003,
688280,精进电动,汽车零部件,,30.07,25.0,50.28571428571429,0.0,50.0,5.0,2.669,,,20.0,5.283,-27.7,-597.9,-30.8391053041,1.0440512419,,,,,,2.08239,2602720725.0,净利大幅下滑
300697,电工合金,工业金属,,30.06,22.316973421,15.91397849462366,37.529999999999994,50.0,14.19,1.14,,,37.05,4.723,8.74,42.55,72.0242313948,10.6537627894,,,,,,1.74551,4700295600.0,
688652,京仪装备,半导体,,30.06,28.270363207,33.0808729139923,13.23,50.0,134.68,0.268,,,153.045,9.958,4.09,2.05,28.0572881938,35.2635084898,,,,,,1.90567,16262610000.0,
603130,云中马,纺织制造,,30.03,32.0,22.47619047619047,19.236,50.0,38.66,0.861,,,50.868,3.721,2.8,12.06,0.7949650658,9.2177534926,,,,,,1.03677,5316298972.0,
600359,新农开发,种植业,,30.03,47.572615162642855,12.192307692307693,10.842,50.0,7.25,-2.291,,,-362.5,4.13,2.81,-1.93,-31.1313854207,31.7666612277,,,,,,11.13382,2765967945.0,
603628,清源股份,光伏设备,,30.0,15.002556612071427,46.99604743083004,3.0,65.0,10.32,-1.338,7.724425887265141,,49.143,2.138,1.58,-75.74,-32.1450473586,25.4735792569,预减,-74.65,-4.884792626728107,5.521472392638049,,2.05916,2808832305.36,净利大幅下滑
605577,龙版传媒,出版,,29.98,30.0,43.913043478260875,0.0,50.0,14.8,-0.471,,,29.353,1.681,2.0,-34.46,5.6181281173,46.1438407723,,,,,,8.8838,6577777786.0,
600635,大众公用,燃气Ⅱ,,29.98,34.98503352471428,37.94871794871795,0.0,50.0,4.4,0.228,,,31.294,1.458,2.8,-25.05,4.367846177,14.1790469346,,,,,,0.64326,10642683370.0,
300337,银邦股份,工业金属,,29.97,12.250000000000002,5.161290322580645,60.0,50.0,8.97,1.127,,,159.325,4.087,4.9,95.08,49.0979390991,8.7692600472,,,,,,1.09921,6381371120.67,
688062,迈威生物,化学制药,,29.97,43.351271480965394,12.63636363636364,15.222603870179999,50.0,26.01,0.038,,,-10.704,13.302,-119.41,5.3710064503,209.0399206031,76.1493208559,,,,,,2.22745,5988542400.0,
688122,西部超导,航空装备Ⅱ,,29.97,22.963675738357143,52.32142857142856,0.0,50.0,52.12,5.421,,,40.344,4.687,4.73,-36.77,-4.0705441781,25.5941460337,,,,,,1.99659,33860513583.64,
600106,重庆路桥,铁路公路,,29.97,53.625,15.514705882352938,0.0,50.0,4.45,3.248,,,49.444,1.119,1.45,-42.07,-12.6297307585,90.1741519962,,,,,,1.17172,5914161525.9,
600202,哈空调,通用设备,,29.94,25.0,37.74156660949114,0.0,65.0,5.24,1.748,12.44635193133048,,274.346,2.545,-6.46,-587.3968385127,-17.4468851515,6.6080620978,增亏,-360.43,-0.3802281368821214,0.3831417624521105,,1.52494,2008705121.28,净利大幅下滑
600510,黑牡丹,房地产开发,,29.92,0.4728068171428568,39.11111111111111,0.0,100.0,6.54,2.187,-7.887323943661961,,109.0,0.651,-0.86,-257.76,-16.6885404567,10.661929544,首亏,-249.275,-16.22902523376457,-7.234042553191489,,0.6328,6749446488.78,疑似价值陷阱；净利大幅下滑
601860,紫金银行,银行Ⅱ,,29.9,21.35,40.0,13.998,50.0,2.54,1.195,,,7.471,0.439,4.54,3.33,-7.9372549282,,,,,,,1.48664,9021287420.94,
600141,兴发集团,农化制品,,29.89,11.24652046307143,45.0909090909091,20.982,50.0,26.5,-2.106,,,19.63,1.27,3.45,14.97,19.3705115609,13.6701286483,,,,,,1.77011,31698336910.5,
301315,威士顿,软件开发,,29.86,27.725,46.15873015873016,0.0,50.0,44.1,0.547,,,134.287,3.846,1.09,-30.51,6.3745448474,50.6321796558,,,,,,1.93276,3563280000.0,
688621,阳光诺和,医疗服务,,29.85,25.0,49.41968040370058,0.0,50.0,70.95,-0.644,25.820180883135315,,38.145,6.614,-2.0,-118.79,-27.8105014219,49.3437186404,首亏,-117.295,-5.726813712463463,3.020182953390438,,1.33302,7946400000.0,净利大幅下滑
600316,洪都航空,航空装备Ⅱ,,29.85,0.5499999999999999,18.75,60.0,50.0,32.84,-0.635,,,592.78,4.377,0.22,171.93,79.9664136229,2.22961083,,,,,,0.97103,23550040574.08,
300166,东方国信,IT服务Ⅱ,,29.82,39.26362774135714,20.549382716049386,11.615999999999998,50.0,11.67,-1.102,,,-61.421,2.35,-1.4,-0.64,16.8651455596,29.9690788379,,,,,,2.19785,10869428628.99,
603382,海阳科技,化学纤维,,29.81,34.075,37.142857142857146,1.206000000000001,50.0,18.84,-1.102,,,26.167,1.902,3.63,-17.99,-5.7856861435,9.5861738509,,,,,,1.57338,2175754092.24,
300703,创源股份,文娱用品,,29.8,42.186016007642856,28.57142857142857,0.0,50.0,13.96,2.572,,,41.059,3.301,-1.33,-121.14,8.6169899655,34.0604224107,,,,,,3.60559,2368475698.68,净利大幅下滑
600172,黄河旋风,通用设备,,29.8,1.5203909362857144,9.303030303030303,28.064,100.0,14.9,-9.697,-19.67654986522911,,-21.835,63.594,-49.5,25.7385464348,15.4800187564,12.1285473108,减亏,26.49,-20.32085561497325,3.042876901798053,,15.32002,19135751259.2,
300963,中洲特材,金属新材料,,29.8,16.97658792942857,35.099999999999994,23.747999999999998,50.0,10.72,1.037,,,89.333,4.351,3.47,19.58,18.4546487394,21.6222231012,,,,,,1.05518,3651173908.32,
600156,华升股份,纺织制造,,29.78,25.0,4.500000000000001,4.6306666666666665,100.0,8.17,-1.09,-10.80786026200874,,-93.265,9.464,-6.65,-77.0573767839,-25.7290713344,5.6664241142,续亏,6.115,-14.2707240293809,-5.65819861431871,,14.87374,3285244435.34,净利大幅下滑
603315,福鞍股份,环境治理,,29.76,35.962573108,35.873015873015866,0.0,50.0,10.65,-0.094,,,68.621,1.973,1.96,-37.83,-12.3918859243,18.4876023512,,,,,,1.34977,3411900711.6,
600552,凯盛科技,光学光电子,,29.75,9.588958143214287,41.85185185185185,25.625999999999998,50.0,17.2,-4.071,,,126.285,3.753,1.48,22.71,12.5363131221,18.2445414005,,,,,,7.57202,16247238576.8,
605069,正和生态,环境治理,,29.74,25.0,8.944444444444445,0.0,100.0,12.46,7.137,-10.488505747126432,,-16.838,4.182,-10.21,-387.54,-49.0911463301,-3.3636849289,首亏,-348.56,-24.39320388349514,16.23134328358209,,9.82634,2637754313.88,净利大幅下滑；当日已大涨
688549,中巨芯,电子化学品Ⅱ,,29.74,5.256832151357142,17.0,55.65,50.0,21.72,-1.228,,,-1974.545,10.634,0.47,72.75,40.9816865835,15.7145650119,,,,,,1.73668,32086434720.0,
603301,振德医疗,医疗器械,,29.72,23.828165549642858,30.778711484593842,19.518,50.0,75.8,1.323,,,76.566,3.524,2.51,12.53,5.8976985961,34.5744317695,,,,,,0.62522,20001817855.0,
300836,佰奥智能,专用设备,,29.69,20.330206169142855,38.04040404040404,16.307999999999996,50.0,53.59,-1.308,,,49.451,7.778,3.5,7.18,18.2998116517,26.2122886368,,,,,,2.49986,3400288822.5800004,
300449,汉邦高科,计算机设备,,29.69,26.094318063428574,12.333333333333336,35.118,50.0,6.57,-1.351,,,-32.85,9.46,-6.33,38.53,-8.4595277831,11.5320452888,,,,,,2.94602,2536256447.73,
603200,上海洗霸,环境治理,,29.68,15.390681953428572,17.26984126984127,3.0,100.0,40.67,10.008,-2.842809364548493,,79.325,6.573,-0.6,-106.13,3.9849399693,31.5469547348,预减,-87.635,-10.299955888839884,-3.944260746339168,,2.12869,7136775789.009999,净利大幅下滑；当日已大涨
301137,哈焊华通,通用设备,,29.68,4.4872263485,30.714694110920526,42.63,50.0,30.13,0.904,,,143.476,3.952,1.33,51.05,14.0919234275,11.6271168879,,,,,,0.83996,5478037742.0,
688545,兴福电子,电子化学品Ⅱ,,29.67,22.029840808357143,29.487179487179493,22.746,50.0,71.65,-0.486,,,121.441,8.685,4.11,17.91,43.7110433435,26.4567771317,,,,,,2.60446,13058212500.0,
603219,富佳股份,小家电,,29.66,29.7,0.0,3.0,100.0,12.83,-0.62,-20.655534941249236,,67.526,4.499,1.88,-59.71,-5.8048086553,9.3350836013,预减,-60.22,-23.539928486293217,-6.076134699853586,,0.57655,7202762000.0,净利大幅下滑
601188,龙江交通,铁路公路,,29.65,28.741612380142854,37.132352941176464,6.984,50.0,2.87,1.056,,,22.283,0.818,2.35,-8.36,-6.8661397696,42.0132573322,,,,,,0.88449,3746698656.05,疑似价值陷阱
600318,新力金融,多元金融,,29.64,31.974999999999998,10.714285714285717,29.477999999999998,50.0,6.85,0.884,,,97.857,3.166,2.79,29.13,12.6195878436,81.0064399911,,,,,,2.40338,3512184279.2,
300004,南风股份,专用设备,,29.64,30.770447446357142,41.61616161616162,0.0,50.0,7.64,0.394,,,127.333,2.072,-0.41,-131.3,-22.8835318974,18.0786264249,,,,,,1.80559,3667151088.72,净利大幅下滑
301293,三博脑科,医疗服务,,29.63,35.990690377142855,35.32380151387721,0.0,50.0,48.38,0.186,,,118.0,4.196,1.39,-53.01,17.4239994292,20.521966528,,,,,,1.28245,8331327054.08,净利大幅下滑
601988,中国银行,银行Ⅱ,,29.63,45.824999999999996,8.484848484848486,15.062989514519998,50.0,6.65,0.302,,,8.986,0.779,4.33,5.1049825242,8.4801658344,,,,,,,0.10997,1401590673725.9,
300539,横河精密,塑料,,29.6,35.964049851214284,35.25525525525526,0.0,50.0,17.53,0.805,,,79.682,4.096,1.77,-25.42,-3.2400916464,19.1546697917,,,,,,2.08537,3829686839.61,
605378,野马电池,电池,,29.6,25.39267088407143,35.94626865671642,0.0,65.0,16.58,8.013,19.194823867721045,,66.32,3.603,-0.86,-134.91,-4.9806574622,10.5497392377,首亏,-136.285,-2.067336089781457,13.639479095270724,,6.83314,4333123312.0,净利大幅下滑；当日已大涨
605018,长华集团,汽车零部件,,29.58,28.707877492642858,43.857142857142854,0.0,50.0,11.83,-2.07,,,59.15,2.012,0.63,-46.66,-8.2135351061,12.9860284897,,,,,,2.68986,5560878331.19,
603168,莎普爱思,化学制药,,29.57,43.803888844444444,20.181818181818183,5.513999999999999,50.0,6.04,2.2,,,-9.438,1.641,1.43,-10.81,-16.7665596594,50.7903455833,,,,,,1.67905,2249984590.2000003,
300158,振东制药,中药Ⅱ,,29.56,50.0,18.250000000000004,0.0,50.0,5.14,0.195,,,-17.145,1.566,-2.81,-1269.11,-24.738762592,53.7253128155,,,,,,1.17633,5097262143.88,净利大幅下滑
600612,老凤祥,饰品,,29.55,15.161111262500002,60.0,0.0,50.0,30.79,-1.377,,,9.178,1.216,5.28,-41.34,-40.0802202185,12.7455557675,,,,,,0.31248,9763805507.7,
300420,五洋自控,通用设备,,29.53,36.6237404185,34.16809605488851,0.0,50.0,7.4,-0.538,,,185.0,3.473,-0.14,-114.13,-27.6549955825,26.2732365859,,,,,,2.27572,8260457651.400001,净利大幅下滑
300046,台基股份,半导体,,29.53,17.579837003,54.274711168164316,2.73,50.0,24.36,0.911,,,117.341,5.082,2.91,-15.45,22.2323997991,24.4267718042,,,,,,1.33302,5761904197.56,
600498,烽火通信,通信设备,,29.48,14.471070670285712,60.54237288135593,0.0,50.0,36.28,-1.866,,,100.778,2.8,1.09,-32.72,11.3300147367,26.4444989384,,,,,,5.39536,46134426423.68,
688305,科德数控,通用设备,,29.46,30.72153272693527,40.98341909662665,0.0,50.0,54.9,0.311,,,82.136,3.82,1.83,-28.93,-27.3660608972,43.9382028392,,,,,,0.60464,7258536412.2,
603767,中马传动,汽车零部件,,29.46,29.111455074,23.333333333333332,19.554000000000002,50.0,15.35,2.265,,,-767.5,3.449,0.96,12.59,-0.4742168296,12.3960371036,,,,,,9.06466,4737493525.0,
688680,海优新材,光伏设备,,29.44,0.0,27.181818181818183,50.568551325,50.0,38.57,-0.516,,,-6.482,2.277,-3.23,64.280918875,-3.5093013769,1.528922175,,,,,,1.69629,3763311850.06,
300136,信维通信,消费电子,,29.41,25.89118773428779,38.771929824561404,7.805999999999999,50.0,52.65,-0.284,,,70.757,6.358,1.88,-6.99,8.8809901027,21.7663952123,,,,,,2.94503,43436906176.95,
603052,可川科技,消费电子,,29.4,26.078949360928572,6.315789473684212,0.0,100.0,52.96,0.665,-26.54646324549237,,662.0,9.496,-2.66,-212.18,7.0338073915,11.5105291053,首亏,-238.915,-41.23391034176653,-11.894859424388615,,2.3526,9951040054.72,净利大幅下滑
301079,邵阳液压,工程机械,,29.38,39.648372167785716,5.714285714285716,24.24,50.0,26.69,-1.075,,,533.8,5.998,1.78,20.4,17.3137650275,24.2777210349,,,,,,3.20664,2053352766.28,
688147,微导纳米,半导体,,29.36,49.709862902642854,17.79204107830552,0.0,50.0,107.0,0.982,,,222.917,16.47,3.38,-46.74,13.2678941843,32.7638080637,,,,,,1.06579,49697980021.0,
688085,三友医疗,医疗器械,,29.36,28.275,43.50700280112045,0.0,50.0,13.32,1.293,,,70.105,2.28,1.31,-24.18,9.7135756736,72.7832666936,,,,,,0.6949,4670199432.360001,
301658,首航新能,光伏设备,,29.36,35.69406163564286,34.62450592885376,0.0,50.0,21.66,0.791,,,55.538,2.846,-2.27,-179.04,17.7227922219,24.9716862899,,,,,,2.02812,2110045310.46,净利大幅下滑
603192,汇得科技,化学制品,,29.34,7.239593558642857,67.96442687747034,0.7079999999999999,50.0,19.85,-1.635,,,34.224,1.52,1.95,-18.82,8.5115676385,13.3104309821,,,,,,1.49339,3280543558.3,
600234,科新发展,装修装饰Ⅱ,,29.33,27.34809295092857,4.500000000000001,0.0,100.0,19.63,-0.708,-20.814844695441717,,-280.429,11.399,0.08,-98.47,17.0716765857,13.0073301313,增亏,-378.585,-32.658662092624354,-9.036144578313255,,0.58358,5153286699.99,净利大幅下滑
301236,软通动力,IT服务Ⅱ,,29.29,25.0,47.1604938271605,0.0,50.0,35.6,0.141,,,161.818,2.815,-2.03,-85.6,17.9102560727,7.7839089875,,,,,,0.96027,30899281909.2,净利大幅下滑
301056,森赫股份,专用设备,,29.29,24.773659424142856,47.41414141414141,0.0,50.0,13.03,-0.306,,,46.536,4.568,3.57,-21.04,-5.5512197052,32.1881231938,,,,,,1.57464,2293225664.9,
605377,华旺科技,造纸,,29.29,13.846369234857143,57.94871794871794,2.604,50.0,7.92,0.892,,,16.163,1.125,3.32,-15.66,-10.4176716702,17.7649169288,,,,,,0.68959,4408828522.559999,
688302,海创药业,化学制药,,29.28,27.07279510870371,27.181818181818183,17.466237244859997,50.0,32.29,1.318,,,-23.23,3.173,-5.43,9.1103954081,317.4829665179,99.8177325512,,,,,,1.09979,3197213659.42,
301322,绿通科技,摩托车及其他,,29.28,35.807270935000005,34.16666666666667,0.0,50.0,44.15,1.378,,,142.419,2.21,-0.16,-109.53,47.481185683,25.130179309,,,,,,3.42705,4749032498.25,净利大幅下滑
300686,智动力,消费电子,,29.27,0.0,27.947368421052637,49.152,50.0,14.68,3.819,,,-28.053,4.893,-1.97,61.92,-13.6511436474,3.73380819,,,,,,2.87773,3800766797.6,
600589,大位科技,IT服务Ⅱ,,29.25,26.273889603428568,5.487654320987654,0.0,100.0,7.53,2.449,-18.24104234527688,,-753.0,19.083,-11.28,-202.31,26.056755276,11.7834454448,增亏,-112.915,-28.557874762808343,-7.720588235294112,,2.29671,11132878271.7,净利大幅下滑
600859,王府井,一般零售,,29.22,44.784094099214286,23.120689655172416,0.0,50.0,9.68,0.938,,,-276.571,0.56,0.279,-33.2,-6.9817847426,36.7212317389,,,,,,0.74894,10878655659.52,疑似价值陷阱
300826,测绘股份,工程咨询服务Ⅱ,,29.21,19.87919318092857,52.987012987012996,0.0,50.0,15.0,3.235,,,150.0,2.294,0.22,-53.93,-16.7049178196,37.0608704533,,,,,,2.34819,3323488305.0,净利大幅下滑
600375,汉马科技,商用车,,29.2,27.450000000000003,20.0,23.861999999999995,50.0,3.66,1.385,,,122.0,1.726,0.98,19.77,34.5643042731,6.969274394,,,,,,0.95833,5353429881.599999,
300305,裕兴股份,塑料,,29.18,0.0,46.837837837837846,29.880000000000003,50.0,6.52,1.716,,,-9.577,1.287,-4.49,29.8,-6.1384202934,-7.5010986061,,,,,,6.41422,2096022848.44,
688081,兴图新科,军工电子Ⅱ,,29.16,50.0,7.064102564102565,9.55856176548,50.0,25.4,0.356,,,-38.485,7.177,-8.31,-4.0690637242,-10.1333174389,55.6837186042,,,,,,1.16118,2617216000.0,
600115,中国东航,航空机场,,29.12,25.0,6.5,0.0,100.0,3.32,0.302,-13.766233766233771,,-30.182,7.342,-21.89,-52.2711390636,11.0921552782,8.2514840799,增亏,-70.555,-20.000000000000007,-4.871060171919783,,0.47524,56522883444.76,净利大幅下滑
300916,朗特智能,消费电子,,29.12,3.7638892675714284,68.94736842105263,3.0,50.0,27.29,-0.872,24.328018223234626,,38.437,2.979,0.42,-89.9,-7.7428968607,13.7994449746,预减,-89.565,-3.1238906638267783,6.186770428015564,,2.6283,2802189214.74,净利大幅下滑
300249,依米康,计算机设备,,29.11,18.797637359714287,17.446236559139788,36.444,50.0,12.65,0.797,,,181.492,8.936,5.62,40.74,24.7140056596,16.6466923036,,,,,,1.62603,4732486680.349999,
601288,农业银行,银行Ⅱ,,29.1,47.675,4.242424242424239,14.955056985179999,50.0,6.94,1.166,,,8.897,0.849,5.07,4.9250949753,11.0651273055,,,,,,,0.11108,2215554822792.4,
603678,火炬电子,军工电子Ⅱ,,29.09,15.065180132857142,50.589743589743584,7.692,50.0,43.76,0.713,,,64.353,3.232,3.86,-7.18,75.3564707272,17.581252186,,,,,,2.7797,20810795772.56,
600820,隧道股份,基础建设,,29.07,7.3153302269285705,67.51131221719457,0.0,50.0,5.2,0.0,,,7.879,0.517,1.36,-23.17,-8.3581541147,15.4814623177,,,,,,0.21466,16349299688.8,疑似价值陷阱
603155,新亚强,化学制品,,29.07,16.89904919557143,30.533596837944664,25.452,50.0,14.78,3.647,,,56.846,3.015,3.14,22.42,27.3043331195,22.6686688738,,,,,,2.69161,6767626910.8,
601118,海南橡胶,种植业,,29.06,0.0,33.61538461538462,30.62666666666667,65.0,5.79,-3.339,16.032064128256508,,-240.249,2.608,-1.31,25.8838732609,-25.4000009795,1.9398377357,减亏,36.1,-28.95705521472393,-10.785824345146375,,2.30885,24777886944.63,
600425,青松建化,水泥,,29.06,6.947188029642856,48.0,19.913999999999998,50.0,3.62,1.401,,,21.294,0.904,1.918,13.19,-11.0541790036,13.0130632415,,,,,,0.7578,5809027419.34,疑似价值陷阱
301213,观想科技,军工电子Ⅱ,,29.04,50.0,16.179487179487182,0.0,50.0,42.14,-1.335,,,253.245,5.994,-0.22,-220.29,19.8473015825,68.5974701118,,,,,,2.34071,3050745021.5199995,净利大幅下滑
301070,开勒股份,通用设备,,29.04,50.13378011707144,6.0151515151515165,9.984,50.0,64.55,0.28,,,-6455.0,10.969,1.43,-3.36,7.9116183528,40.1822921639,,,,,,1.90781,5474735308.5,
603759,海天股份,环境治理,,29.04,3.263133669642857,72.25396825396825,0.0,50.0,7.97,0.886,,,20.974,1.269,1.15,-44.9,189.1435222885,10.5433871375,,,,,,0.85312,3680227200.0,
688352,颀中科技,半导体,,29.03,3.082584483714286,72.43902439024392,0.0,50.0,18.23,3.169,,,82.864,3.76,-5.09,-405.92,-3.4580594835,14.3156182772,,,,,,6.04496,6679791608.36,净利大幅下滑
301629,矽电股份,半导体,,29.02,40.054208096357144,28.023106546854944,0.0,50.0,267.21,1.002,,,197.933,9.48,-0.52,-129.08,-30.3055274104,31.0758913349,,,,,,4.39092,5129404310.34,净利大幅下滑
300992,泰福泵业,通用设备,,28.99,29.90913998263815,40.06861063464837,0.0,50.0,27.69,0.0,,,138.45,3.0,0.31,-87.67,2.796277612,18.3061959068,,,,,,2.44742,2159495223.99,净利大幅下滑
301468,博盈特焊,通用设备,,28.99,15.458102909214286,57.40994854202401,0.0,50.0,30.53,-0.844,,,74.463,2.273,0.06,-95.93,-32.180676869,31.4313440729,,,,,,1.77508,2976778435.64,净利大幅下滑
300022,吉峰科技,专业连锁Ⅱ,,28.96,27.81973481342857,9.000000000000002,33.455999999999996,50.0,7.79,0.516,,,-123.259,7.501,1.08,35.76,9.7566252832,10.1676287388,,,,,,1.01387,3850020384.2,
300339,润和软件,IT服务Ⅱ,,28.93,14.633776946857143,23.228869895536562,34.913999999999994,50.0,33.77,0.446,,,281.417,7.343,2.29,38.19,7.5343046057,22.4722877256,,,,,,0.90839,26262478744.59,
300786,国林科技,环保设备Ⅱ,,28.91,30.509437290714285,23.545454545454547,15.479999999999999,50.0,14.32,0.987,,,-130.182,2.386,-0.84,5.8,38.5651981726,17.713212207,,,,,,3.12029,2100851672.08,
301382,蜂助手,通信服务,,28.89,15.475672744285715,43.885714285714286,13.122,50.0,39.97,6.049,,,73.205,5.85,4.05,1.87,36.1385796586,17.490941842,,,,,,11.97252,9447172182.84,
688056,莱伯泰科,通用设备,,28.88,29.099999999999998,40.60034305317324,0.0,50.0,48.31,-6.899,,,80.517,4.035,1.64,-36.6,-1.0744437889,47.0636211727,,,,,,6.13942,3258628342.6,
300740,水羊股份,化妆品,,28.86,59.550000000000004,3.9999999999999996,0.0,50.0,20.68,1.572,,,54.421,4.0,3.82,-29.36,0.3987704924,65.0444605128,,,,,,5.96057,8457643263.96,
300530,领湃科技,电池,,28.85,6.96342364077903,9.597014925373138,57.438,50.0,19.41,4.019,,,-27.338,38.164,-17.84,75.73,20.689433762,12.3056025525,,,,,,4.0438,3337575781.14,
605598,上海港湾,专业工程,,28.81,34.78190026092857,33.50877192982456,0.0,50.0,23.7,0.381,-36.90095846645368,,87.778,3.563,-1.82,-145.58,-9.1033074833,23.6946603653,首亏,-143.76,-43.20632638389648,-11.002628614344722,,0.66327,5708586981.3,净利大幅下滑
301066,万事利,纺织制造,,28.7,28.825,26.190476190476197,14.016,50.0,12.43,0.323,,,77.688,2.277,1.53,3.36,13.1164563521,50.5326402639,,,,,,1.34671,2897640195.67,
600212,绿能慧充,其他电源设备Ⅱ,,28.65,35.15066501871429,12.421052631578947,0.0,75.0,5.71,0.351,10.873786407766971,,237.917,7.003,-4.38,-3975.81,23.8930027573,24.2109310262,首亏,-22622.52,-12.691131498470954,-7.3051948051948035,,1.54422,3909524016.23,净利大幅下滑
301632,广东建科,专业服务,,28.61,10.70121653557143,45.938375350140056,15.672,50.0,13.16,2.095,,,39.879,2.007,1.28,6.12,-7.9624039984,20.5017031498,,,,,,1.48054,2418972500.0,
300650,太龙股份,其他电子Ⅱ,,28.59,2.25,71.64473684210526,0.0,50.0,12.18,0.164,,,67.667,2.063,0.9,-33.54,22.9685887254,5.0857296847,,,,,,1.8033,2074806253.38,
605376,博迁新材,金属新材料,,28.59,33.53369796307143,5.000000000000003,29.099999999999998,50.0,118.55,-1.184,,,141.131,17.0,7.72,28.5,71.6002103122,29.9271771483,,,,,,3.59406,31012680000.0,
300474,景嘉微,军工电子Ⅱ,,28.56,50.0,14.243589743589746,0.0,50.0,51.5,-1.152,,,-160.938,3.972,-1.58,-23.21,72.9550636314,61.686250989,,,,,,1.25842,20933703726.0,
601099,太平洋,证券Ⅱ,,28.54,38.6,4.375,23.483999999999998,50.0,3.46,0.875,,,111.613,2.347,1.44,19.14,11.8528246363,,,,,,,1.33041,23584454640.2,
301027,华蓝集团,工程咨询服务Ⅱ,,28.54,41.489955126285714,14.500000000000002,9.864,50.0,18.42,-1.917,,,-76.75,3.046,-2.07,-3.56,-14.5985400173,33.0859371768,,,,,,2.36102,2329589888.76,
688165,埃夫特,自动化设备,,28.54,3.3525198130714284,20.636363636363637,49.48517628744,50.0,15.0,3.164,,,-15.789,6.726,-4.78,62.4752938124,28.9324727333,14.6935277383,,,,,,0.83331,7826700000.0,
300063,天龙集团,广告营销,,28.53,7.175000000000001,65.52941176470588,0.0,50.0,8.59,4.501,,,57.343,3.623,2.87,-27.8,23.5534234849,5.5381957244,,,,,,5.46868,5383069040.37,
688292,浩瀚深度,计算机设备,,28.52,50.0,14.083333333333334,0.0,50.0,22.7,3.7,,,-1135.0,3.767,-4.72,-1989.69,-2.1464710675,56.3623493092,,,,,,4.76517,3594566587.7,净利大幅下滑
600681,百川能源,燃气Ⅱ,,28.49,12.099374547785713,54.358974358974365,5.082000000000001,50.0,3.48,0.578,,,19.672,1.283,4.01,-11.53,-8.4285178313,12.9041243669,,,,,,1.28823,4662534526.559999,
688004,博汇科技,IT服务Ⅱ,,28.47,50.0,13.882716049382719,0.0,50.0,31.04,1.239,,,-107.034,4.43,-3.63,-22.6987035942,-21.6284431536,49.2364512833,,,,,,9.9583,2485931520.0,
688693,锴威特,半导体,,28.47,41.245783313857146,13.52439024390244,10.8665481735,50.0,72.27,1.304,,,-58.282,6.999,-4.35,-1.8890863775,44.9879256227,32.7440966394,,,,,,2.21426,2811621999.78,
300960,通业科技,轨交设备Ⅱ,,28.44,43.683457749807545,21.333333333333332,0.0,50.0,19.35,2.003,,,52.297,4.28,1.6,-44.69,-5.5433580853,35.4149846973,,,,,,4.74915,2546061390.0,
600602,云赛智联,软件开发,,28.41,9.272102006785714,46.167800453514744,16.326,50.0,16.21,-0.123,,,114.155,4.454,2.0674,7.21,-7.9799978,15.7450428095,,,,,,0.87965,17414451467.899998,
603655,朗博科技,汽车零部件,,28.41,37.77407614682763,17.57142857142857,10.734,50.0,31.03,-2.144,,,72.163,5.871,3.27,-2.11,2.1734915052,36.6277642911,,,,,,0.98347,3289180000.0,
600503,华丽家族,房地产开发,,28.39,33.02589710464285,13.944444444444445,0.0,75.0,2.47,0.816,18.75,,-53.93,1.15,-0.4608,-52.5943390763,4.8156593666,21.2362559465,增亏,-59.905,-15.986394557823123,11.261261261261255,,12.16499,3957656300.0,净利大幅下滑
301365,矩阵股份,工程咨询服务Ⅱ,,28.38,24.159922490271608,44.54545454545455,0.0,50.0,34.07,-1.332,,,97.343,3.496,1.5,-33.01,-6.8937899871,12.0822354028,,,,,,1.7831,4194796862.3,
601616,广电电气,电网设备,,28.37,32.07592248178571,23.007462686567166,0.0,65.0,3.78,0.8,12.5,,-93.103,1.385,-1.19,-1310.8,30.5636034123,19.9062914745,首亏,-2810.485,-4.785894206549124,-2.3255813953488413,,1.07622,3226892705.82,净利大幅下滑
300647,超频三,消费电子,,28.37,16.612171389857142,13.91228070175439,43.919999999999995,44.66536,9.68,1.681,,,-31.226,10.076,4.01,53.2,33.7212198142,19.2220399458,,,,,,17.66732,4420295944.24,
300025,华星创业,通信服务,,28.36,25.100684582642856,13.8,29.502,50.0,5.76,0.174,,,-20.028,7.118,-4.42,29.17,-10.330775143,10.1409584157,,,,,,1.91729,2919638845.44,
300730,科创信息,软件开发,,28.35,28.342166791785715,10.333333333333334,29.046,50.0,11.77,4.809,,,-20.649,21.146,-23.71,28.41,-12.4376575977,14.6790335085,,,,,,3.41008,2433510704.9,
603037,凯众股份,汽车零部件,,28.33,22.52440548092857,45.714285714285715,0.5760000000000005,50.0,10.44,4.192,,,37.286,2.893,2.92,-19.04,10.8667070614,31.3141676733,,,,,,2.96193,2778606803.88,
603602,纵横通信,广告营销,,28.33,8.475165167714286,34.88235294117647,28.266000000000002,50.0,12.71,10.043,,,-17.411,3.219,1.67,27.11,23.3265005279,16.0202312348,,,,,,4.67819,2936740748.74,当日已大涨
301045,天禄科技,光学光电子,,28.3,41.63161009257143,22.22222222222222,1.0079999999999998,50.0,65.68,-1.411,,,226.483,7.037,1.2,-18.32,-9.5444090649,29.0842541296,,,,,,1.94769,5957361677.360001,
600690,海尔智家,白色家电,,28.28,33.0733149503492,30.0,3.438,50.0,20.21,0.248,,,9.533,1.571,8.36,-14.27,-2.7981796409,25.3437866989,,,,,,0.53476,124867220754.25002,
300154,瑞凌股份,通用设备,,28.26,17.308751499357143,51.77815894797027,0.48000000000000037,50.0,14.13,6.642,,,61.435,3.71,2.36,-19.2,5.693721129,25.9722520991,,,,,,4.03338,4456219444.38,
601091,沈鼓集团,专用设备,,28.25,32.725,20.4040404040404,37.333333333333336,20.0,25.19,-9.094,,,96.885,13.905,5.09,-2.28,3.6036532373,,略增,16.25,,,,39.71245,5319200554.580001,换手过热
600475,华光环能,电力,,28.25,17.72422533692857,40.486815415821496,11.256,50.0,14.3,-0.348,,,35.118,1.583,3.3,-1.24,-18.784662123,23.2639154717,,,,,,0.34944,13483265924.7,
605566,福莱蒽特,化学制品,,28.22,11.540452540857144,35.355731225296445,23.682,50.0,32.02,0.031,,,94.176,2.072,1.98,19.47,28.5505025218,19.2266335572,,,,,,2.69619,4269546800.0,
300222,科大智能,电网设备,,28.22,25.20956578857143,17.349253731343282,25.284000000000002,50.0,9.64,0.626,,,96.4,4.156,5.28,22.14,15.9503360685,26.813392104,,,,,,1.39187,6286374226.76,
603138,海量数据,IT服务Ⅱ,,28.2,40.732333887611105,11.907407407407408,0.0,65.0,15.1,-1.948,13.619262603461246,,-88.824,5.815,-11.84,-112.1338009362,-17.366487266,34.3011484696,增亏,-112.05,-4.06607369758577,15.443425076452598,,6.26416,4353977035.0,净利大幅下滑
300984,金沃股份,通用设备,,28.18,10.262656749428572,42.23556317895941,18.162,50.0,32.9,6.507,,,82.25,3.563,2.34,10.27,8.4701895755,16.1777194492,,,,,,5.64999,4080570451.3,
603528,多伦科技,软件开发,,28.16,13.919393642785716,20.944444444444446,22.976,65.0,6.48,0.778,9.644670050761416,,-147.273,2.455,-1.93,-577.76,11.8730595584,29.4871510999,减亏,7.41,-1.669195751138075,0.6211180124223503,,0.90722,4574427248.88,净利大幅下滑
600838,上海九百,一般零售,,28.14,14.523139867000001,39.88505747126436,15.24,50.0,8.15,0.123,,,72.06,2.102,1.6,5.4,-4.0576865682,24.7323958138,,,,,,1.91528,3267188145.15,
688605,先锋精科,半导体,,28.13,19.471554428142856,49.15275994865211,0.0,50.0,83.53,0.53,,,89.817,10.052,3.3,-48.17,1.2501228608,25.7101761994,,,,,,2.39841,9050620006.9,
301325,曼恩斯特,电池,,28.13,43.98398049,19.72388059701493,0.0,50.0,31.78,5.371,,,-41.273,1.758,-3.23,-263.17,-62.1375422018,36.577572686,,,,,,2.63738,4572908734.8,净利大幅下滑
300288,朗玛信息,IT服务Ⅱ,,28.13,29.223716027500004,37.435897435897445,0.0,50.0,9.75,1.141,,,325.0,3.063,-0.46,-134.56,-18.1952039322,15.9132024385,,,,,,1.22578,2513907493.5,净利大幅下滑
600153,建发股份,物流,,28.1,4.199999999999999,44.78947368421053,22.572,50.0,8.65,2.246,,,-2.212,0.605,1.68,17.62,-3.6586401953,4.2319193927,,,,,,0.90705,25081008466.15,疑似价值陷阱
300399,天利科技,IT服务Ⅱ,,28.1,6.2250000000000005,16.40740740740741,48.54,50.0,19.47,2.907,,,-973.5,7.59,2.49,60.9,19.9129510339,9.2395985808,,,,,,1.47268,3846896715.75,
300772,运达股份,风电设备,,28.09,0.0,72.35294117647058,0.0,50.0,10.08,2.335,,,22.909,1.246,-3.2,-273.41,26.8999101392,8.0282211641,,,,,,4.70233,7035493469.76,净利大幅下滑
600449,宁夏建材,水泥,,28.08,26.950000000000003,39.99999999999999,0.0,50.0,12.49,0.564,,,32.868,0.811,0.78,-45.29,-37.95383945,6.99247646,,,,,,0.77636,5972481214.58,疑似价值陷阱
300997,欢乐家,饮料乳品,,28.08,21.79202348292857,19.030303030303028,27.132,50.0,14.92,-1.127,,,141.288,6.646,2.27,25.22,-1.7415086624,32.5638328761,,,,,,1.22685,5887302897.240001,
300593,新雷能,其他电源设备Ⅱ,,28.05,21.25563967500397,21.631578947368425,25.08,50.0,29.7,-1.099,,,-82.5,6.943,-3.22,21.8,31.2205539124,37.1766327282,,,,,,2.74922,13372785884.7,
600684,珠江股份,房地产服务,,28.05,30.98974414257143,35.0,0.0,50.0,3.66,3.977,,,45.75,3.162,1.08,-29.5,3.5300322199,14.6056417996,,,,,,2.57325,3123666246.18,
600488,津药药业,化学制药,,28.05,26.362131162142855,36.03896103896104,4.542,50.0,6.9,10.048,,,106.154,2.492,1.41,-12.43,-17.3333214363,41.971983627,,,,,,12.86849,7534018092.0,当日已大涨
300433,蓝思科技,消费电子,,28.04,5.878284322571428,65.08771929824562,0.0,50.0,31.46,-0.443,,,39.823,3.147,1.05,-49.52,-12.4203656668,14.5545980516,,,,,,0.70045,155784823322.7,
600675,中华企业,房地产开发,,28.03,30.10150000071429,24.0,0.0,65.0,2.49,5.957,16.138059701492537,,124.5,1.067,-2.09,-157.37,-42.9259595485,17.142100001,首亏,-156.05,-0.7968127490039723,9.691629955947146,,1.99665,15054876974.19,净利大幅下滑
600977,中国电影,影视院线,,28.02,0.0,29.090909090909093,3.0,100.0,13.13,1.862,-5.52597496042595,,211.774,2.243,-1.0,0.28,-11.9346171581,0.430619499,续亏,-4.19,-12.861693655428718,4.206349206349214,,1.48505,24513710000.0,
600235,XD民丰特,造纸,,28.01,26.603177353071427,25.128205128205135,3.0,65.0,5.96,0.506,13.523809523809517,,119.2,1.384,0.45,-55.11,1.1286825103,10.6694482943,预减,-55.54,-0.8319467554076532,-0.1675041876046834,,1.47501,2093748000.0,净利大幅下滑
600039,四川路桥,基础建设,,27.99,17.278417147357146,32.48868778280543,18.72,50.0,8.69,0.812,,,10.345,1.498,5.7,11.2,7.6168611679,14.2397840063,,,,,,0.20332,75564682705.05,
300348,长亮科技,软件开发,,27.99,36.63597310278571,28.00907029478458,0.0,50.0,9.3,1.307,,,366.142,3.58,-2.09,-133.68,25.9219172408,26.2903623439,,,,,,1.20304,6793205208.900001,净利大幅下滑
600330,天通股份,电子化学品Ⅱ,,27.96,28.345764842811853,17.833333333333336,0.0,75.0,27.84,0.108,10.960542048624957,,-204.706,4.571,-3.689,-636.67,10.7513837098,20.0299025551,首亏,-8861.5,-21.79775280898877,-2.0408163265306145,,3.96046,34338814141.44,净利大幅下滑
605196,华通线缆,电网设备,,27.93,15.997672820714287,29.355223880597016,23.165999999999997,50.0,33.17,-2.211,,,59.232,4.951,4.78,18.61,41.3535533235,15.666741949,,,,,,1.93003,16830144211.8,
600939,重庆建工,房屋建设Ⅱ,,27.93,25.0,17.0,12.732324600719998,65.0,2.65,2.713,7.72357723577235,,-4.206,0.738,-3.55,1.2205410012,-26.12,5.2240226391,增亏,-0.41,-3.985507246376807,0.7604562737642651,,0.7739,5041558601.599999,疑似价值陷阱
300498,温氏股份,养殖业,,27.92,0.0,71.66666666666667,0.0,50.0,15.08,1.14,,,18.98,2.866,-11.13,-225.65,-6.2349698667,2.7078569373,,,,,,0.57978,89663869932.52,净利大幅下滑
301327,华宝新能,电池,,27.91,22.365910513071427,44.811940298507466,0.0,50.0,41.51,1.491,,,415.1,1.187,0.17,-91.53,34.7066894744,40.7172747183,,,,,,0.50775,5926510343.25,净利大幅下滑
301337,亚华电子,软件开发,,27.9,42.75216129941866,20.277777777777782,0.0,50.0,27.78,2.02,,,-198.429,2.66,-0.66,-52.11,18.9254471937,39.0999132887,,,,,,1.7479,2831720964.0,净利大幅下滑
300655,晶瑞电材,电子化学品Ⅱ,,27.88,12.682437475071428,56.30769230769231,0.0,50.0,12.65,-1.172,,,90.357,5.465,1.83,-29.53,23.5901303485,21.3504124651,,,,,,1.96517,14186874634.9,
600246,万通发展,房地产开发,,27.87,22.01830656045752,5.055555555555556,0.0,100.0,13.13,1.704,-22.35363690124187,,-37.708,5.683,-4.68,-664.23,22.4942909921,3.4949484002,增亏,-675.645,-36.84463684463684,-1.5003750937734428,,3.67768,24821115809.88,净利大幅下滑
688717,艾罗能源,光伏设备,,27.87,16.408570169285717,51.77865612648221,0.0,50.0,41.0,1.31,,,53.947,1.515,-0.81,-124.78,74.5872874645,32.971998237,,,,,,5.26296,4060960128.000001,净利大幅下滑
300461,田中精机,自动化设备,,27.86,35.509740967285715,11.160839160839158,17.663999999999998,50.0,37.11,5.098,,,371.1,10.416,-3.05,9.44,51.2310225881,24.7136373542,,,,,,6.35394,5370234747.27,
600252,中恒集团,中药Ⅱ,,27.84,25.0,21.375000000000004,0.0,75.0,2.17,0.0,11.282051282051286,,-18.969,1.322,-0.92,-288.39,-29.6920994795,52.8522485384,首亏,-259.23,-9.9585062240664,-6.060606060606066,,1.56292,6909633861.9,净利大幅下滑
688382,益方生物,化学制药,,27.82,50.0,8.136363636363637,3.133555743539999,50.0,18.2,3.116,,,-33.218,7.475,-9.31,-14.7774070941,178.2278330158,96.1719276967,,,,,,2.6997,10548574472.8,
600556,天下秀,广告营销,,27.81,5.247420174571428,44.94117647058823,0.0,75.0,4.65,4.26,7.390300230946889,,232.5,2.251,-1.81,-288.14,22.1266709104,17.3463882444,首亏,-264.93,-16.064981949458478,-3.3264033264033155,,2.59376,8406026535.3,净利大幅下滑
600769,祥龙电业,环境治理,,27.8,58.604923138189044,0.8888888888888903,0.0,50.0,14.56,0.345,,,287.179,41.588,7.32,-35.21,1.3118351163,38.2229575107,,,,,,1.80382,5459668032.0,
600714,金瑞矿业,化学原料,,27.79,7.639697277714285,19.006211180124225,3.0,100.0,17.49,-1.742,1.5679442508710784,,165.0,6.539,2.2,-53.69,-15.7941360695,12.9955761888,预减,-53.69,-26.66666666666668,-5.61252023745279,,4.52241,5040203014.77,净利大幅下滑
601136,首创证券,证券Ⅱ,,27.76,21.85,10.625,34.205999999999996,50.0,13.95,0.722,,,35.769,2.754,4.74,37.01,20.2493222459,,,,,,,0.23536,38130006510.0,
000021,深科技,,,27.75,35.0,29.000000000000004,0.0,50.0,33.79,0.327,,,46.594,4.021,,,,,,,,,,2.13768,53543186687.98,
000025,特 力Ａ,,,27.75,35.0,29.000000000000004,0.0,50.0,15.38,2.807,,,46.409,3.469,,,,,,,,,,2.35021,6040930561.6,
000026,飞亚达,,,27.75,35.0,29.000000000000004,0.0,50.0,18.7,-0.32,,,86.856,2.245,,,,,,,,,,1.09627,6814987215.3,
000019,深粮控股,,,27.75,35.0,29.000000000000004,0.0,50.0,6.7,0.601,,,31.754,1.556,,,,,,,,,,3.79187,2788599676.9,
002746,仙坛股份,,,27.75,35.0,29.000000000000004,0.0,50.0,6.21,-1.896,,,22.179,1.158,,,,,,,,,,1.80015,4407089369.67,
002747,埃斯顿,,,27.75,35.0,29.000000000000004,0.0,50.0,28.16,-1.019,,,563.2,8.322,,,,,,,,,,2.34616,22087182036.48,
002748,世龙实业,,,27.75,35.0,29.000000000000004,0.0,50.0,12.0,0.671,,,50.0,1.956,,,,,,,,,,1.303,2880000000.0,
002752,昇兴股份,,,27.75,35.0,29.000000000000004,0.0,50.0,6.03,0.166,,,19.452,1.607,,,,,,,,,,0.51111,5882426718.57,
002755,奥赛康,,,27.75,35.0,29.000000000000004,0.0,50.0,12.32,-1.44,,,49.28,3.546,,,,,,,,,,0.83259,11434827416.320002,
000532,华金资本,,,27.75,35.0,29.000000000000004,0.0,50.0,12.49,0.321,,,26.345,2.617,,,,,,,,,,5.91224,4290936327.54,
002552,宝鼎科技,,,27.75,35.0,29.000000000000004,0.0,50.0,46.59,0.366,,,150.29,11.035,,,,,,,,,,3.20005,17168568234.51,
000530,冰山冷热,,,27.75,35.0,29.000000000000004,0.0,50.0,5.21,0.774,,,74.429,1.391,,,,,,,,,,2.00538,3126608137.25,
000850,华茂股份,,,27.75,35.0,29.000000000000004,0.0,50.0,4.63,-9.922,,,20.13,0.96,,,,,,,,,,1.46298,4367823374.77,
000528,柳 工,,,27.75,35.0,29.000000000000004,0.0,50.0,7.36,-0.942,,,9.225,0.8,,,,,,,,,,1.09058,14997801279.04,
000852,石化机械,,,27.75,35.0,29.000000000000004,0.0,50.0,5.28,1.344,,,463.158,1.603,,,,,,,,,,0.91169,5017366849.44,
000856,冀东装备,,,27.75,35.0,29.000000000000004,0.0,50.0,8.9,0.907,,,77.391,4.793,,,,,,,,,,1.87753,2020300000.0,
000858,五 粮 液,,,27.75,35.0,29.000000000000004,0.0,50.0,68.77,-0.203,,,29.812,2.253,,,,,,,,,,0.28162,266931675899.07,
000862,银星能源,,,27.75,35.0,29.000000000000004,0.0,50.0,5.32,1.527,,,109.917,1.11,,,,,,,,,,1.89472,3794163293.48,
000526,学大教育,,,27.75,35.0,29.000000000000004,0.0,50.0,34.81,-1.611,,,21.204,3.429,,,,,,,,,,1.28661,4228492848.29,
000534,万泽股份,,,27.75,35.0,29.000000000000004,0.0,50.0,21.96,0.734,,,55.245,5.984,,,,,,,,,,1.74412,11079523620.36,
002601,龙佰集团,,,27.75,35.0,29.000000000000004,0.0,50.0,14.62,-0.881,,,28.115,1.527,,,,,,,,,,0.50771,28944383775.44,
002557,洽洽食品,,,27.75,35.0,29.000000000000004,0.0,50.0,18.12,-1.735,,,28.854,1.829,,,,,,,,,,1.14164,9121737014.4,
002556,辉隆股份,,,27.75,35.0,29.000000000000004,0.0,50.0,5.03,-0.593,,,23.952,1.297,,,,,,,,,,0.78124,4698226245.09,
002757,南兴股份,,,27.75,35.0,29.000000000000004,0.0,50.0,18.87,0.533,,,46.455,2.726,,,,,,,,,,7.54716,5362922800.02,
002758,浙农股份,,,27.75,35.0,29.000000000000004,0.0,50.0,8.41,-0.825,,,7.787,0.867,,,,,,,,,,0.83124,4358464006.41,
002761,浙江建投,,,27.75,35.0,29.000000000000004,0.0,50.0,7.39,1.931,,,56.846,1.152,,,,,,,,,,1.20352,7994421515.509999,
002767,先锋电子,,,27.75,35.0,29.000000000000004,0.0,50.0,18.39,0.657,,,96.789,3.168,,,,,,,,,,1.38152,2395920387.69,
002768,国恩股份,,,27.75,35.0,29.000000000000004,0.0,50.0,71.02,1.154,,,22.404,4.354,,,,,,,,,,3.72169,17915382122.34,
002769,普路通,,,27.75,35.0,29.000000000000004,0.0,50.0,6.82,3.177,,,75.778,2.149,,,,,,,,,,2.2718,2543929768.6,
002772,众兴菌业,,,27.75,35.0,29.000000000000004,0.0,50.0,10.39,1.267,,,11.631,1.093,,,,,,,,,,2.53,3861304554.53,
002724,海洋王,,,27.75,35.0,29.000000000000004,0.0,50.0,7.15,2.143,,,50.105,2.033,,,,,,,,,,7.70105,4050319766.35,
002725,跃岭股份,,,27.75,35.0,29.000000000000004,0.0,50.0,11.02,2.894,,,193.673,2.931,,,,,,,,,,1.49259,2743577020.6400003,
000533,顺钠股份,,,27.75,35.0,29.000000000000004,0.0,50.0,10.02,-0.199,,,67.886,6.781,,,,,,,,,,2.19273,6862722047.999999,
002728,特一药业,,,27.75,35.0,29.000000000000004,0.0,50.0,9.72,0.517,,,60.75,2.804,,,,,,,,,,3.14044,4872722624.64,
002729,好利科技,,,27.75,35.0,29.000000000000004,0.0,50.0,13.79,2.452,,,53.038,4.451,,,,,,,,,,2.08086,2419611892.39,
002730,电光科技,,,27.75,35.0,29.000000000000004,0.0,50.0,20.72,-1.239,,,109.053,4.602,,,,,,,,,,1.63148,7169739113.6,
002555,三七互娱,,,27.75,35.0,29.000000000000004,0.0,50.0,17.06,0.059,,,12.924,2.679,,,,,,,,,,0.60435,27871990365.44,
002553,南方精工,,,27.75,35.0,29.000000000000004,0.0,50.0,16.94,-2.307,,,17.08,3.758,,,,,,,,,,9.23735,4340191284.66,
002733,雄韬股份,,,27.75,35.0,29.000000000000004,0.0,50.0,17.35,2.602,,,82.619,2.478,,,,,,,,,,2.97879,6399768868.65,
002734,利民股份,,,27.75,35.0,29.000000000000004,0.0,50.0,18.64,0.539,,,15.932,2.184,,,,,,,,,,5.35136,8045125289.76,
002792,通宇通讯,,,27.75,35.0,29.000000000000004,0.0,50.0,30.27,-0.428,,,378.375,5.656,,,,,,,,,,4.70456,10261361365.83,
000009,中国宝安,,,27.75,35.0,29.000000000000004,0.0,50.0,6.86,1.479,,,87.166,1.814,,,,,,,,,,0.5089,17671500389.9,
000011,深物业A,,,27.75,35.0,29.000000000000004,0.0,50.0,11.13,9.98,,,195.606,2.003,,,,,,,,,,8.00462,5859672793.59,当日已大涨
000012,南 玻Ａ,,,27.75,35.0,29.000000000000004,0.0,50.0,3.67,0.0,,,91.75,0.883,,,,,,,,,,0.59922,7190691914.660001,
000017,深中华A,,,27.75,35.0,29.000000000000004,0.0,50.0,7.5,1.902,,,125.628,13.116,,,,,,,,,,8.83744,3306164632.4999995,
002727,一心堂,,,27.75,35.0,29.000000000000004,0.0,50.0,10.64,-0.375,,,23.277,0.837,,,,,,,,,,0.72068,4228954003.12,
002539,云图控股,,,27.75,35.0,29.000000000000004,0.0,50.0,11.58,-1.614,,,16.783,1.416,,,,,,,,,,1.0945,10303810177.5,
002837,英维克,,,27.75,35.0,29.000000000000004,0.0,50.0,55.58,2.244,,,102.926,19.829,,,,,,,,,,2.0573,63079851149.84,
002838,道恩股份,,,27.75,35.0,29.000000000000004,0.0,50.0,24.13,-1.43,,,58.854,3.01,,,,,,,,,,0.82965,10150028022.23,
002839,张家港行,,,27.75,35.0,29.000000000000004,0.0,50.0,4.25,0.711,,,5.519,0.54,,,,,,,,,,0.74116,10378852197.5,
002841,视源股份,,,27.75,35.0,29.000000000000004,0.0,50.0,44.48,0.862,,,30.054,2.168,,,,,,,,,,1.18029,23189445438.08,
002842,翔鹭钨业,,,27.75,35.0,29.000000000000004,0.0,50.0,31.09,0.909,,,67.587,6.482,,,,,,,,,,4.18246,8346485414.309999,
002537,海联金汇,,,27.75,35.0,29.000000000000004,0.0,50.0,5.65,1.436,,,20.179,1.48,,,,,,,,,,1.10951,6613393336.75,
002797,第一创业,,,27.75,35.0,29.000000000000004,0.0,50.0,6.11,0.164,,,30.55,1.485,,,,,,,,,,0.4499,25676664000.0,
002866,传艺科技,,,27.75,35.0,29.000000000000004,0.0,50.0,15.36,10.029,,,51.2,2.12,,,,,,,,,,6.79803,2822690211.84,当日已大涨
002867,周大生,,,27.75,35.0,29.000000000000004,0.0,50.0,10.05,0.1,,,9.853,1.753,,,,,,,,,,0.50782,10845375130.2,
002536,飞龙股份,,,27.75,35.0,29.000000000000004,0.0,50.0,46.52,0.043,,,84.367,8.03,,,,,,,,,,3.36896,25368410561.88,
002534,西子洁能,,,27.75,35.0,29.000000000000004,0.0,50.0,17.03,1.976,,,29.877,2.601,,,,,,,,,,0.95686,14055966222.48,
002589,瑞康医药,,,27.75,35.0,29.000000000000004,0.0,50.0,3.24,-0.308,,,324.0,0.918,,,,,,,,,,6.59635,4424516615.52,
000060,中金岭南,,,27.75,35.0,29.000000000000004,0.0,50.0,5.83,1.568,,,27.762,1.279,,,,,,,,,,0.90224,25891620042.64,
000061,农 产 品,,,27.75,35.0,29.000000000000004,0.0,50.0,5.84,-0.511,,,27.73,1.341,,,,,,,,,,0.5858,10478790769.92,
000062,深圳华强,,,27.75,35.0,29.000000000000004,0.0,50.0,21.96,0.549,,,49.616,3.329,,,,,,,,,,0.78809,22942970840.88,
002533,金杯电工,,,27.75,35.0,29.000000000000004,0.0,50.0,10.91,1.867,,,13.224,1.795,,,,,,,,,,0.71459,7049430854.530001,
002532,天山铝业,,,27.75,35.0,29.000000000000004,0.0,50.0,12.21,3.915,,,11.629,1.76,,,,,,,,,,1.47692,50144729488.92,
002568,百润股份,,,27.75,35.0,29.000000000000004,0.0,50.0,18.91,-2.576,,,30.5,3.946,,,,,,,,,,1.95597,14411472321.21,
002823,凯中精密,,,27.75,35.0,29.000000000000004,0.0,50.0,12.75,0.711,,,17.708,2.002,,,,,,,,,,1.06895,2843756340.75,
002824,和胜股份,,,27.75,35.0,29.000000000000004,0.0,50.0,25.23,0.119,,,46.722,3.344,,,,,,,,,,4.1465,5706423759.9,
002826,易明医药,,,27.75,35.0,29.000000000000004,0.0,50.0,17.66,0.684,,,35.32,3.899,,,,,,,,,,1.88709,3262319632.26,
002827,高争民爆,,,27.75,35.0,29.000000000000004,0.0,50.0,62.04,-9.996,,,86.167,16.123,,,,,,,,,,8.43192,17122970205.000002,
002828,贝肯能源,,,27.75,35.0,29.000000000000004,0.0,50.0,10.83,0.932,,,98.455,3.608,,,,,,,,,,2.49192,2176695708.0,
002881,美格智能,,,27.75,35.0,29.000000000000004,0.0,50.0,41.95,-1.526,,,77.114,4.548,,,,,,,,,,2.73769,7701003132.0,
002882,金龙羽,,,27.75,35.0,29.000000000000004,0.0,50.0,24.51,10.009,,,99.15,5.027,,,,,,,,,,7.47523,6053725831.38,当日已大涨
000058,深 赛 格,,,27.75,35.0,29.000000000000004,0.0,50.0,7.29,2.388,,,129.255,4.411,,,,,,,,,,1.84506,7178749343.91,
002602,世纪华通,,,27.75,35.0,29.000000000000004,0.0,50.0,13.88,0.072,,,17.795,2.99,,,,,,,,,,0.75546,94339988282.76,
002803,吉宏股份,,,27.75,35.0,29.000000000000004,0.0,50.0,21.19,4.849,,,31.627,3.498,,,,,,,,,,7.04851,6305384889.44,
002807,江阴银行,,,27.75,35.0,29.000000000000004,0.0,50.0,4.16,0.241,,,4.996,0.555,,,,,,,,,,1.31193,11246586482.56,
002810,山东赫达,,,27.75,35.0,29.000000000000004,0.0,50.0,20.07,-1.521,,,48.951,3.071,,,,,,,,,,0.88549,6484180798.62,
002811,郑中设计,,,27.75,35.0,29.000000000000004,0.0,50.0,16.42,3.466,,,30.981,3.377,,,,,,,,,,3.71435,4647899205.38,
002812,恩捷股份,,,27.75,35.0,29.000000000000004,0.0,50.0,45.59,1.109,,,303.933,1.717,,,,,,,,,,1.44829,37363415480.07,
002815,崇达技术,,,27.75,35.0,29.000000000000004,0.0,50.0,24.44,9.991,,,84.276,3.394,,,,,,,,,,10.49963,18993253673.16,当日已大涨
002588,史丹利,,,27.75,35.0,29.000000000000004,0.0,50.0,7.36,0.0,,,8.178,1.087,,,,,,,,,,0.74983,6319565155.2,
002818,富森美,,,27.75,35.0,29.000000000000004,0.0,50.0,11.13,2.016,,,15.041,1.393,,,,,,,,,,2.96585,3320715535.83,
002821,凯莱英,,,27.75,35.0,29.000000000000004,0.0,50.0,179.12,-0.781,,,56.684,3.655,,,,,,,,,,2.38336,56758866376.96,
002773,康弘药业,,,27.75,35.0,29.000000000000004,0.0,50.0,22.35,5.924,,,17.738,2.235,,,,,,,,,,3.79796,15350861238.150002,
002774,快意电梯,,,27.75,35.0,29.000000000000004,0.0,50.0,16.76,0.721,,,78.722,4.983,,,,,,,,,,2.17293,4722497630.6,
002836,新宏泽,,,27.75,35.0,29.000000000000004,0.0,50.0,12.23,5.704,,,64.368,7.815,,,,,,,,,,7.40477,2817792000.0,
002582,好想你,,,27.75,35.0,29.000000000000004,0.0,50.0,9.28,-0.322,,,4.64,0.924,,,,,,,,,,1.44645,3193940083.84,
002777,久远银海,,,27.75,35.0,29.000000000000004,0.0,50.0,12.7,1.844,,,66.842,3.097,,,,,,,,,,1.16358,5137295935.7,
002779,中坚科技,,,27.75,35.0,29.000000000000004,0.0,50.0,76.35,-0.144,,,81.763,16.179,,,,,,,,,,1.20949,12659466377.25,
002782,可立克,,,27.75,35.0,29.000000000000004,0.0,50.0,14.35,1.485,,,23.307,3.24,,,,,,,,,,1.32141,7027606845.0,
002783,凯龙股份,,,27.75,35.0,29.000000000000004,0.0,50.0,8.05,0.374,,,27.759,1.498,,,,,,,,,,1.19975,3711988517.3,
002787,华源控股,,,27.75,35.0,29.000000000000004,0.0,50.0,25.4,1.155,,,74.706,4.633,,,,,,,,,,4.38833,6301314245.2,
002580,圣阳股份,,,27.75,35.0,29.000000000000004,0.0,50.0,18.7,2.691,,,45.61,3.473,,,,,,,,,,9.90798,8458735560.0,
002576,通达动力,,,27.75,35.0,29.000000000000004,0.0,50.0,14.66,0.895,,,29.32,1.854,,,,,,,,,,1.41233,2375324190.86,
002541,鸿路钢构,,,27.75,35.0,29.000000000000004,0.0,50.0,18.44,0.986,,,20.043,1.38,,,,,,,,,,2.10621,10162870723.92,
002788,鹭燕医药,,,27.75,35.0,29.000000000000004,0.0,50.0,10.57,-1.123,,,14.681,1.239,,,,,,,,,,2.6488,4036175016.37,
002831,裕同科技,,,27.75,35.0,29.000000000000004,0.0,50.0,27.82,1.2,,,15.897,3.147,,,,,,,,,,0.59698,19869655094.12,
002832,比音勒芬,,,27.75,35.0,29.000000000000004,0.0,50.0,25.28,1.241,,,26.333,2.66,,,,,,,,,,1.41221,9781777927.04,
002833,弘亚数控,,,27.75,35.0,29.000000000000004,0.0,50.0,18.78,1.678,,,18.594,2.744,,,,,,,,,,1.6992,5503790898.24,
002587,奥拓电子,,,27.75,35.0,29.000000000000004,0.0,50.0,5.29,1.927,,,264.5,2.648,,,,,,,,,,2.11636,2818050272.9300003,
002627,三峡旅游,,,27.75,35.0,29.000000000000004,0.0,50.0,6.53,0.462,,,74.036,1.475,,,,,,,,,,0.7996,4558972680.32,
002626,金达威,,,27.75,35.0,29.000000000000004,0.0,50.0,15.96,-0.375,,,28.5,2.361,,,,,,,,,,0.38767,9733382070.72,
002625,光启技术,,,27.75,35.0,29.000000000000004,0.0,50.0,22.9,1.914,,,71.563,5.021,,,,,,,,,,1.98988,49339704799.8,
002668,TCL智家,,,27.75,35.0,29.000000000000004,0.0,50.0,8.67,-1.027,,,8.337,2.455,,,,,,,,,,0.68465,9399246080.76,
002669,康达新材,,,27.75,35.0,29.000000000000004,0.0,50.0,14.03,-4.946,,,32.934,1.555,,,,,,,,,,13.32555,4247130734.0,
002670,国盛证券,,,27.75,35.0,29.000000000000004,0.0,50.0,11.23,1.813,,,79.589,1.885,,,,,,,,,,0.86234,18230227619.82,
002673,西部证券,,,27.75,35.0,29.000000000000004,0.0,50.0,6.59,0.919,,,16.773,0.973,,,,,,,,,,0.35427,29454543435.95,
002624,完美世界,,,27.75,35.0,29.000000000000004,0.0,50.0,9.57,2.134,,,24.538,2.851,,,,,,,,,,2.08817,17491405202.37,
002674,兴业科技,,,27.75,35.0,29.000000000000004,0.0,50.0,19.32,-0.923,,,56.277,2.343,,,,,,,,,,2.27014,5652329756.64,
002675,东诚药业,,,27.75,35.0,29.000000000000004,0.0,50.0,12.75,0.791,,,53.752,2.39,,,,,,,,,,0.75541,9478145923.5,
002636,金安国纪,,,27.75,35.0,29.000000000000004,0.0,50.0,83.03,4.704,,,201.041,14.099,,,,,,,,,,6.24202,60216254826.39,
002637,赞宇科技,,,27.75,35.0,29.000000000000004,0.0,50.0,10.08,-0.982,,,25.2,1.284,,,,,,,,,,2.5944,4684890571.2,
002705,新宝股份,,,27.75,35.0,29.000000000000004,0.0,50.0,11.56,-3.506,,,9.332,1.118,,,,,,,,,,1.75154,9341675304.0,
002642,荣联科技,,,27.75,35.0,29.000000000000004,0.0,50.0,6.99,1.599,,,230.693,3.88,,,,,,,,,,1.79556,4624446387.87,
002643,万润股份,,,27.75,35.0,29.000000000000004,0.0,50.0,12.67,0.876,,,40.871,1.634,,,,,,,,,,1.17232,11431063669.9,
002645,华宏科技,,,27.75,35.0,29.000000000000004,0.0,50.0,17.19,0.762,,,49.114,2.984,,,,,,,,,,2.14275,11692869841.53,
002646,天佑德酒,,,27.75,35.0,29.000000000000004,0.0,50.0,7.06,-0.282,,,784.444,1.183,,,,,,,,,,2.07785,3360568817.94,
002617,露笑科技,,,27.75,35.0,29.000000000000004,0.0,50.0,6.78,0.444,,,61.357,1.995,,,,,,,,,,3.8448,12730275885.36,
002613,北玻股份,,,27.75,35.0,29.000000000000004,0.0,50.0,3.35,1.824,,,117.544,1.665,,,,,,,,,,3.69677,2591800918.6,
000828,东莞控股,,,27.75,35.0,29.000000000000004,0.0,50.0,9.91,1.329,,,12.509,0.993,,,,,,,,,,0.42365,10301613390.72,
002647,仁东控股,,,27.75,35.0,29.000000000000004,0.0,50.0,11.34,-1.477,,,32.4,20.581,,,,,,,,,,1.18673,11513407390.38,
002648,卫星化学,,,27.75,35.0,29.000000000000004,0.0,50.0,25.9,-3.322,,,16.392,2.293,,,,,,,,,,1.31466,87191896361.5,
002649,博彦科技,,,27.75,35.0,29.000000000000004,0.0,50.0,9.19,1.547,,,51.056,1.317,,,,,,,,,,0.97409,5377682726.58,
002687,乔治白,,,27.75,35.0,29.000000000000004,0.0,50.0,5.64,-1.053,,,33.176,1.868,,,,,,,,,,2.82182,2332797415.32,
002690,美亚光电,,,27.75,35.0,29.000000000000004,0.0,50.0,15.32,-0.455,,,18.795,5.252,,,,,,,,,,0.92281,6542135173.04,
002639,雪人集团,,,27.75,35.0,29.000000000000004,0.0,50.0,13.85,-2.807,,,292.812,4.148,,,,,,,,,,11.87703,9142455025.6,
002595,豪迈科技,,,27.75,35.0,29.000000000000004,0.0,50.0,38.37,0.34,,,12.788,3.601,,,,,,,,,,0.42627,44206780053.51,
002594,比亚迪,,,27.75,35.0,29.000000000000004,0.0,50.0,82.02,-1.596,,,22.911,3.116,,,,,,,,,,0.61959,286009376578.44,
002597,金禾实业,,,27.75,35.0,29.000000000000004,0.0,50.0,21.24,1.578,,,33.714,1.516,,,,,,,,,,0.70736,12021336484.56,
002599,盛通股份,,,27.75,35.0,29.000000000000004,0.0,50.0,5.57,1.089,,,557.0,2.47,,,,,,,,,,1.53864,2302476949.02,
002600,领益智造,,,27.75,35.0,29.000000000000004,0.0,50.0,11.98,-0.25,,,36.303,3.086,,,,,,,,,,0.67501,86256008014.62,
002651,利君股份,,,27.75,35.0,29.000000000000004,0.0,50.0,7.87,-0.882,,,145.203,2.97,,,,,,,,,,1.20149,4450198854.67,
002653,海思科,,,27.75,35.0,29.000000000000004,0.0,50.0,61.93,2.01,,,269.261,14.672,,,,,,,,,,0.66164,33255580633.44,
002654,万润科技,,,27.75,35.0,29.000000000000004,0.0,50.0,12.65,1.2,,,316.25,6.749,,,,,,,,,,3.07683,10692318181.6,
002593,日上集团,,,27.75,35.0,29.000000000000004,0.0,50.0,4.6,0.218,,,32.857,1.489,,,,,,,,,,1.65562,2578319913.4,
002590,万安科技,,,27.75,35.0,29.000000000000004,0.0,50.0,9.57,1.056,,,23.341,1.604,,,,,,,,,,0.90086,4730935165.440001,
002635,安洁科技,,,27.75,35.0,29.000000000000004,0.0,50.0,14.76,0.272,,,86.824,1.66,,,,,,,,,,9.43854,5838068688.84,
002633,申科股份,,,27.75,35.0,29.000000000000004,0.0,50.0,15.18,-0.589,,,441.279,6.419,,,,,,,,,,3.41191,2270382476.34,
000848,承德露露,,,27.75,35.0,29.000000000000004,0.0,50.0,7.94,-0.998,,,13.233,2.511,,,,,,,,,,0.7369,8024275747.559999,
002611,东方精工,,,27.75,35.0,29.000000000000004,0.0,50.0,14.43,-1.903,,,23.656,1.854,,,,,,,,,,1.82713,14487177432.0,
002612,朗姿股份,,,27.75,35.0,29.000000000000004,0.0,50.0,17.13,0.824,,,7.584,2.699,,,,,,,,,,3.70421,4477083558.51,
000801,四川九洲,,,27.75,35.0,29.000000000000004,0.0,50.0,11.52,-0.173,,,65.641,4.013,,,,,,,,,,0.63299,11703628488.96,
000803,山高环能,,,27.75,35.0,29.000000000000004,0.0,50.0,6.86,-0.291,,,114.333,2.117,,,,,,,,,,1.06986,3189135988.08,
000807,云铝股份,,,27.75,35.0,29.000000000000004,0.0,50.0,26.47,4.336,,,15.126,2.406,,,,,,,,,,1.97359,91795850367.47,
000514,渝 开 发,,,27.75,35.0,29.000000000000004,0.0,50.0,4.55,4.839,,,568.75,1.059,,,,,,,,,,2.07337,3839157890.75,
000519,中兵红箭,,,27.75,35.0,29.000000000000004,0.0,50.0,14.4,-0.415,,,481.605,1.932,,,,,,,,,,1.39879,20052849340.8,
000523,红棉股份,,,27.75,35.0,29.000000000000004,0.0,50.0,3.17,-0.314,,,72.706,2.917,,,,,,,,,,4.63622,5689573231.179999,
000524,岭南控股,,,27.75,35.0,29.000000000000004,0.0,50.0,8.75,-0.114,,,87.5,2.559,,,,,,,,,,0.60534,5862574436.25,
000833,粤桂股份,,,27.75,35.0,29.000000000000004,0.0,50.0,18.41,-0.217,,,30.765,3.53,,,,,,,,,,1.92003,8352739463.32,
000837,秦川机床,,,27.75,35.0,29.000000000000004,0.0,50.0,9.51,0.422,,,182.885,1.963,,,,,,,,,,0.62425,9580350101.37,
000839,国安股份,,,27.75,35.0,29.000000000000004,0.0,50.0,2.89,2.12,,,120.417,9.284,,,,,,,,,,2.49256,11328298157.28,
002632,道明光学,,,27.75,35.0,29.000000000000004,0.0,50.0,9.02,-1.096,,,25.771,2.599,,,,,,,,,,2.30979,5182111869.22,
002718,友邦吊顶,,,27.75,35.0,29.000000000000004,0.0,50.0,81.18,1.235,,,811.8,11.44,,,,,,,,,,1.13369,7810756673.94,
002721,金一文化,,,27.75,35.0,29.000000000000004,0.0,50.0,2.58,0.781,,,236.697,3.183,,,,,,,,,,1.16739,6861196826.7,
002607,中公教育,,,27.75,35.0,29.000000000000004,0.0,50.0,1.84,0.546,,,184.0,13.66,,,,,,,,,,1.79726,10524994315.04,
002606,大连电瓷,,,27.75,35.0,29.000000000000004,0.0,50.0,11.84,0.0,,,24.163,2.538,,,,,,,,,,1.58024,4988689647.04,
002722,物产金轮,,,27.75,35.0,29.000000000000004,0.0,50.0,13.19,-0.076,,,18.068,0.982,,,,,,,,,,1.37145,2932888961.9,
002676,顺威股份,,,27.75,35.0,29.000000000000004,0.0,50.0,5.19,-0.954,,,46.883,2.942,,,,,,,,,,1.19376,3736668096.15,
002677,浙江美大,,,27.75,35.0,29.000000000000004,0.0,50.0,6.09,-1.456,,,304.5,2.716,,,,,,,,,,1.28439,3324422750.25,
002679,福建金森,,,27.75,35.0,29.000000000000004,0.0,50.0,11.29,-4.806,,,282.25,3.568,,,,,,,,,,11.49995,2661685239.9999995,
002683,广东宏大,,,27.75,35.0,29.000000000000004,0.0,50.0,27.0,-0.222,,,21.258,2.897,,,,,,,,,,0.52264,18001585017.0,
002685,华东重机,,,27.75,35.0,29.000000000000004,0.0,50.0,5.26,0.382,,,79.456,3.198,,,,,,,,,,1.67883,5299919802.16,
002686,亿利达,,,27.75,35.0,29.000000000000004,0.0,50.0,6.2,-0.482,,,115.028,2.175,,,,,,,,,,1.29806,3240942169.6,
002736,国信证券,,,27.75,35.0,29.000000000000004,0.0,50.0,9.72,0.413,,,9.624,1.023,,,,,,,,,,0.10033,99549742543.2,
002692,远程股份,,,27.75,35.0,29.000000000000004,0.0,50.0,4.29,1.179,,,1716.0,2.786,,,,,,,,,,1.25625,3079626585.75,
002739,儒意电影,,,27.75,35.0,29.000000000000004,0.0,50.0,8.29,1.221,,,34.101,2.438,,,,,,,,,,1.63912,17408274193.92,
002741,光华科技,,,27.75,35.0,29.000000000000004,0.0,50.0,26.5,2.953,,,120.455,6.259,,,,,,,,,,8.40546,11395704767.5,
000027,深圳能源,,,27.75,35.0,29.000000000000004,0.0,50.0,6.24,0.971,,,20.129,0.886,,,,,,,,,,0.34049,29686113075.84,
000028,国药一致,,,27.75,35.0,29.000000000000004,0.0,50.0,19.37,-0.462,,,9.495,0.628,,,,,,,,,,0.31751,10185890418.34,
000029,深深房Ａ,,,27.75,35.0,29.000000000000004,0.0,50.0,22.12,2.55,,,223.887,6.26,,,,,,,,,,0.93998,19723519200.0,
000001,平安银行,,,27.75,35.0,29.000000000000004,0.0,50.0,11.35,0.442,,,5.483,0.47,,,,,,,,,,0.35607,220254524647.85,
000007,全新好,,,27.75,35.0,29.000000000000004,0.0,50.0,11.08,1.558,,,1978.571,21.506,,,,,,,,,,2.01984,3838644327.52,
002701,奥瑞金,,,27.75,35.0,29.000000000000004,0.0,50.0,4.22,-0.472,,,10.821,1.065,,,,,,,,,,0.68954,10792048371.48,
002703,浙江世宝,,,27.75,35.0,29.000000000000004,0.0,50.0,15.17,-0.59,,,69.143,5.73,,,,,,,,,,4.53439,8890349282.58,
002605,姚记科技,,,27.75,35.0,29.000000000000004,0.0,50.0,16.43,0.983,,,14.643,1.825,,,,,,,,,,0.64346,5560790331.370001,
002603,以岭药业,,,27.75,35.0,29.000000000000004,0.0,50.0,15.02,-0.858,,,19.506,2.3,,,,,,,,,,0.76717,20671616885.24,
002756,永兴材料,,,27.75,35.0,29.000000000000004,0.0,50.0,38.65,2.06,,,30.92,1.548,,,,,,,,,,2.15125,15217836569.8,
002738,中矿资源,,,27.75,35.0,29.000000000000004,0.0,50.0,43.31,6.596,,,68.28,2.429,,,,,,,,,,4.29316,30794071083.84,
002693,双成药业,,,27.75,35.0,29.000000000000004,0.0,50.0,8.96,-1.538,,,179.2,8.72,,,,,,,,,,2.94271,3682395100.16,
002695,煌上煌,,,27.75,35.0,29.000000000000004,0.0,50.0,10.57,0.285,,,72.397,2.115,,,,,,,,,,1.68649,5406064382.879999,
002696,百洋股份,,,27.75,35.0,29.000000000000004,0.0,50.0,6.59,1.541,,,56.181,1.78,,,,,,,,,,3.93785,2202766269.62,
002697,红旗连锁,,,27.75,35.0,29.000000000000004,0.0,50.0,4.67,1.302,,,13.343,1.294,,,,,,,,,,1.05112,5361591391.25,
002698,博实股份,,,27.75,35.0,29.000000000000004,0.0,50.0,11.02,-0.899,,,19.87,2.721,,,,,,,,,,0.65501,9302404341.5,
000825,太钢不锈,,,27.75,35.0,29.000000000000004,0.0,50.0,3.35,1.515,,,372.222,0.583,,,,,,,,,,0.51845,19082430116.6,
002655,共达电声,,,27.75,35.0,29.000000000000004,0.0,50.0,34.37,-0.435,,,166.845,14.404,,,,,,,,,,3.47399,12558241618.44,
002658,雪迪龙,,,27.75,35.0,29.000000000000004,0.0,50.0,7.25,-0.275,,,30.208,1.772,,,,,,,,,,1.37586,2600268680.25,
002661,克明食品,,,27.75,35.0,29.000000000000004,0.0,50.0,7.51,-0.661,,,25.033,1.117,,,,,,,,,,1.35719,2316214681.51,
002664,信质集团,,,27.75,35.0,29.000000000000004,0.0,50.0,14.32,-0.209,,,43.394,1.641,,,,,,,,,,0.79497,5770205880.16,
002666,德联集团,,,27.75,35.0,29.000000000000004,0.0,50.0,4.22,1.199,,,70.333,0.934,,,,,,,,,,1.69954,2113349945.72,
002706,良信股份,,,27.75,35.0,29.000000000000004,0.0,50.0,8.43,0.357,,,33.72,2.244,,,,,,,,,,0.9999,7713362243.7,
002716,湖南白银,,,27.75,35.0,29.000000000000004,0.0,50.0,8.73,2.345,,,72.75,6.062,,,,,,,,,,4.00221,20275212634.02,
002708,光洋股份,,,27.75,35.0,29.000000000000004,0.0,50.0,17.04,0.176,,,93.319,5.283,,,,,,,,,,7.30074,8684101181.039999,
002709,天赐材料,,,27.75,35.0,29.000000000000004,0.0,50.0,31.08,2.002,,,43.775,3.124,,,,,,,,,,2.39025,46900062470.52,
000815,美利云,,,27.75,35.0,29.000000000000004,0.0,50.0,14.46,-0.823,,,150.939,7.093,,,,,,,,,,2.27478,10053503486.1,
000811,冰轮环境,,,27.75,35.0,29.000000000000004,0.0,50.0,37.88,-0.053,,,66.456,5.779,,,,,,,,,,2.37237,37318639347.64,
002885,京泉华,,,27.75,35.0,29.000000000000004,0.0,50.0,26.53,0.951,,,85.581,4.565,,,,,,,,,,4.29621,6314232881.53,
000810,创维数字,,,27.75,35.0,29.000000000000004,0.0,50.0,9.1,0.887,,,57.741,1.591,,,,,,,,,,0.80616,10175239392.5,
002572,索菲亚,,,27.75,35.0,29.000000000000004,0.0,50.0,7.63,2.83,,,8.117,1.098,,,,,,,,,,1.46734,5564154640.52,
002570,贝因美,,,27.75,35.0,29.000000000000004,0.0,50.0,4.4,0.686,,,29.333,2.841,,,,,,,,,,2.82113,4751979465.2,
002713,东易日盛,,,27.75,35.0,29.000000000000004,0.0,50.0,9.89,-1.494,,,247.25,8.981,,,,,,,,,,2.56955,5183507823.51,
002714,牧原股份,,,27.75,35.0,29.000000000000004,0.0,50.0,42.29,1.391,,,14.684,3.084,,,,,,,,,,0.95403,138732316242.8,
002609,捷顺科技,,,27.75,35.0,29.000000000000004,0.0,50.0,7.96,0.759,,,80.0,2.149,,,,,,,,,,1.30113,3658205187.36,
002608,江苏国信,,,27.75,35.0,29.000000000000004,0.0,50.0,7.22,-0.414,,,7.872,0.729,,,,,,,,,,0.20699,27277735462.88,
002707,众信旅游,,,27.75,35.0,29.000000000000004,0.0,50.0,5.02,0.0,,,717.143,5.316,,,,,,,,,,1.38536,4343695720.64,
000997,新 大 陆,,,27.75,35.0,29.000000000000004,0.0,50.0,19.31,0.625,,,19.206,2.544,,,,,,,,,,0.70038,19453654447.11,
003033,征和工业,,,27.75,35.0,29.000000000000004,0.0,50.0,86.59,-0.927,,,40.463,4.962,,,,,,,,,,2.7059,7011273521.42,
003035,南网能源,,,27.75,35.0,29.000000000000004,0.0,50.0,5.26,0.766,,,57.486,2.805,,,,,,,,,,0.44459,19924242419.62,
000063,中兴通讯,,,27.75,35.0,29.000000000000004,0.0,50.0,30.72,-0.227,,,26.256,1.941,,,,,,,,,,0.79453,123728524247.04,
000065,北方国际,,,27.75,35.0,29.000000000000004,0.0,50.0,9.61,0.313,,,14.132,1.003,,,,,,,,,,0.94621,10234828486.53,
000088,盐 田 港,,,27.75,35.0,29.000000000000004,0.0,50.0,4.63,1.313,,,16.536,1.33,,,,,,,,,,0.80456,14644323035.46,
000089,深圳机场,,,27.75,35.0,29.000000000000004,0.0,50.0,6.59,0.457,,,25.732,1.123,,,,,,,,,,0.61647,13514571064.31,
000090,天健集团,,,27.75,35.0,29.000000000000004,0.0,50.0,3.64,2.247,,,52.374,0.616,,,,,,,,,,2.41623,6801194159.76,
003041,真爱美家,,,27.75,35.0,29.000000000000004,0.0,50.0,39.18,1.293,,,24.124,3.8,,,,,,,,,,1.32122,5360477835.839999,
003043,华亚智能,,,27.75,35.0,29.000000000000004,0.0,50.0,59.42,-0.834,,,94.317,4.37,,,,,,,,,,3.64125,5586501667.48,
003816,中国广核,,,27.75,35.0,29.000000000000004,0.0,50.0,4.21,-1.174,,,21.813,1.719,,,,,,,,,,0.23199,165601187924.72,
000950,重药控股,,,27.75,35.0,29.000000000000004,0.0,50.0,5.2,-0.192,,,23.636,0.759,,,,,,,,,,0.65383,8906446099.199999,
000426,兴业银锡,,,27.75,35.0,29.000000000000004,0.0,50.0,31.57,1.283,,,32.892,4.858,,,,,,,,,,1.75874,56042289398.48,
002530,金财互联,,,27.75,35.0,29.000000000000004,0.0,50.0,7.07,1.873,,,88.375,4.065,,,,,,,,,,1.04029,4996097222.13,
000880,潍柴重机,,,27.75,35.0,29.000000000000004,0.0,50.0,23.59,-0.548,,,45.365,4.92,,,,,,,,,,3.3396,5355562212.0,
000883,湖北能源,,,27.75,35.0,29.000000000000004,0.0,50.0,4.33,-0.23,,,14.931,0.823,,,,,,,,,,0.24151,28056281456.57,
000886,海南高速,,,27.75,35.0,29.000000000000004,0.0,50.0,4.69,2.851,,,30.064,1.426,,,,,,,,,,1.41021,4594497051.62,
000887,中鼎股份,,,27.75,35.0,29.000000000000004,0.0,50.0,18.45,-0.539,,,15.248,1.645,,,,,,,,,,1.20042,24250137717.6,
000888,峨眉山Ａ,,,27.75,35.0,29.000000000000004,0.0,50.0,9.08,-0.656,,,21.743,1.766,,,,,,,,,,0.86417,4784370966.16,
000893,亚钾国际,,,27.75,35.0,29.000000000000004,0.0,50.0,35.95,-0.937,,,19.635,2.274,,,,,,,,,,1.47114,29160422747.8,
000895,双汇发展,,,27.75,35.0,29.000000000000004,0.0,50.0,23.41,-0.679,,,15.889,3.881,,,,,,,,,,0.31563,81097206829.47,
000429,粤高速Ａ,,,27.75,35.0,29.000000000000004,0.0,50.0,12.28,-0.808,,,14.279,2.427,,,,,,,,,,0.35723,16004891245.68,
000498,山东路桥,,,27.75,35.0,29.000000000000004,0.0,50.0,5.61,-2.604,,,4.831,0.483,,,,,,,,,,3.11098,8130841040.19,
000506,招金黄金,,,27.75,35.0,29.000000000000004,0.0,50.0,16.58,1.221,,,97.529,17.077,,,,,,,,,,3.46371,15397961413.38,
000513,丽珠集团,,,27.75,35.0,29.000000000000004,0.0,50.0,32.23,6.229,,,14.198,2.141,,,,,,,,,,11.16717,18295417127.24,
000922,佳电股份,,,27.75,35.0,29.000000000000004,0.0,50.0,11.99,1.267,,,32.405,2.119,,,,,,,,,,0.80136,8452101143.97,
000923,河钢资源,,,27.75,35.0,29.000000000000004,0.0,50.0,15.45,2.726,,,17.779,1.037,,,,,,,,,,1.66964,9701075919.3,
000927,中国铁物,,,27.75,35.0,29.000000000000004,0.0,50.0,2.43,0.413,,,25.525,1.506,,,,,,,,,,0.52334,14702351911.830002,
000878,云南铜业,,,27.75,35.0,29.000000000000004,0.0,50.0,15.95,2.178,,,27.696,2.029,,,,,,,,,,1.29172,31957751919.5,
000423,东阿阿胶,,,27.75,35.0,29.000000000000004,0.0,50.0,45.24,-0.088,,,16.756,2.849,,,,,,,,,,0.54231,28894801255.32,
000425,徐工机械,,,27.75,35.0,29.000000000000004,0.0,50.0,7.05,-0.142,,,12.368,1.279,,,,,,,,,,1.12085,63436498502.700005,
003036,泰坦股份,,,27.75,35.0,29.000000000000004,0.0,50.0,46.46,-8.723,,,211.182,7.08,,,,,,,,,,6.59337,10063277581.7,
003039,顺控发展,,,27.75,35.0,29.000000000000004,0.0,50.0,12.49,-0.08,,,25.386,2.666,,,,,,,,,,0.56285,7712808937.7,
003040,楚天龙,,,27.75,35.0,29.000000000000004,0.0,50.0,14.2,1.068,,,710.0,4.727,,,,,,,,,,6.21278,6487273663.599999,
003019,宸展光电,,,27.75,35.0,29.000000000000004,0.0,50.0,26.66,2.146,,,23.593,2.769,,,,,,,,,,1.52335,4610264052.440001,
003020,立方制药,,,27.75,35.0,29.000000000000004,0.0,50.0,16.95,0.059,,,19.483,2.102,,,,,,,,,,1.31982,2856892922.25,
003021,兆威机电,,,27.75,35.0,29.000000000000004,0.0,50.0,69.09,0.261,,,65.179,3.651,,,,,,,,,,0.88998,14384483626.17,
003022,联泓新科,,,27.75,35.0,29.000000000000004,0.0,50.0,18.28,-0.109,,,79.478,3.129,,,,,,,,,,0.44373,24393413761.0,
003023,彩虹集团,,,27.75,35.0,29.000000000000004,0.0,50.0,25.19,-1.984,,,41.678,1.707,,,,,,,,,,1.6542,2647980709.6600003,
003025,思进智能,,,27.75,35.0,29.000000000000004,0.0,50.0,12.24,2.17,,,22.667,2.742,,,,,,,,,,1.55264,2771330970.96,
003026,中晶科技,,,27.75,35.0,29.000000000000004,0.0,50.0,33.32,-1.508,,,100.97,9.247,,,,,,,,,,11.6278,4803440521.6,
003030,祖名股份,,,27.75,35.0,29.000000000000004,0.0,50.0,25.83,-1.487,,,129.15,3.316,,,,,,,,,,2.96635,2107169839.53,
000995,皇台酒业,,,27.75,35.0,29.000000000000004,0.0,50.0,11.28,-0.441,,,141.0,13.03,,,,,,,,,,6.20564,2001162240.0,
000973,佛塑科技,,,27.75,35.0,29.000000000000004,0.0,50.0,11.4,2.151,,,102.059,2.957,,,,,,,,,,2.0088,11533895006.4,
000975,山金国际,,,27.75,35.0,29.000000000000004,0.0,50.0,22.27,0.633,,,20.803,3.878,,,,,,,,,,1.38054,56191993974.59,
000977,浪潮信息,,,27.75,35.0,29.000000000000004,0.0,50.0,67.18,0.194,,,40.988,4.021,,,,,,,,,,1.92017,98547394307.52,
000951,中国重汽,,,27.75,35.0,29.000000000000004,0.0,50.0,19.92,0.0,,,14.028,1.407,,,,,,,,,,0.61658,23286379423.92,
000955,欣龙控股,,,27.75,35.0,29.000000000000004,0.0,50.0,4.09,1.995,,,3146.154,3.41,,,,,,,,,,1.74436,2201699658.75,
000957,中通客车,,,27.75,35.0,29.000000000000004,0.0,50.0,9.86,1.44,,,15.251,1.731,,,,,,,,,,2.30885,5846032808.96,
000958,电投产融,,,27.75,35.0,29.000000000000004,0.0,50.0,4.92,-1.006,,,19.362,1.772,,,,,,,,,,0.20095,26486419118.4,
000959,首钢股份,,,27.75,35.0,29.000000000000004,0.0,50.0,3.45,2.071,,,26.869,0.532,,,,,,,,,,0.28281,25708045543.8,
000981,山子高科,,,27.75,35.0,29.000000000000004,0.0,50.0,2.76,2.602,,,25.091,9.553,,,,,,,,,,4.94094,26256862816.68,
000983,山西焦煤,,,27.75,35.0,29.000000000000004,0.0,50.0,6.37,-1.698,,,30.118,0.973,,,,,,,,,,0.97195,36162947423.33,
000985,大庆华科,,,27.75,35.0,29.000000000000004,0.0,50.0,17.24,-0.634,,,300.873,3.666,,,,,,,,,,1.52724,2234984980.0,
000987,越秀资本,,,27.75,35.0,29.000000000000004,0.0,50.0,7.14,0.14,,,10.215,1.057,,,,,,,,,,0.24538,35789589742.62,
000988,华工科技,,,27.75,35.0,29.000000000000004,0.0,50.0,94.25,1.771,,,64.116,7.925,,,,,,,,,,3.04969,94719898172.25,
000989,九芝堂,,,27.75,35.0,29.000000000000004,0.0,50.0,8.55,-0.117,,,32.51,1.99,,,,,,,,,,1.16869,6277839663.15,
003031,中瓷电子,,,27.75,35.0,29.000000000000004,0.0,50.0,118.57,1.351,,,94.856,8.397,,,,,,,,,,1.45,53481337491.63,
000672,上峰材料,,,27.75,35.0,29.000000000000004,0.0,50.0,14.65,-0.408,,,21.672,1.426,,,,,,,,,,1.43514,14201643342.5,
000676,智度股份,,,27.75,35.0,29.000000000000004,0.0,50.0,6.65,4.396,,,58.85,1.944,,,,,,,,,,7.06734,8372538407.799999,
000680,山推股份,,,27.75,35.0,29.000000000000004,0.0,50.0,8.82,-1.121,,,10.897,1.984,,,,,,,,,,0.80552,11594512224.54,
000681,视觉中国,,,27.75,35.0,29.000000000000004,0.0,50.0,15.86,1.667,,,133.502,3.032,,,,,,,,,,2.20084,10723501781.98,
000682,东方电子,,,27.75,35.0,29.000000000000004,0.0,50.0,10.24,-0.292,,,15.054,2.196,,,,,,,,,,0.36286,13727744194.56,
000683,博源化工,,,27.75,35.0,29.000000000000004,0.0,50.0,5.58,1.639,,,22.32,1.681,,,,,,,,,,0.92942,18629197013.34,
000685,中山公用,,,27.75,35.0,29.000000000000004,0.0,50.0,10.62,-0.094,,,8.297,0.805,,,,,,,,,,0.38415,13238700202.8,
000686,东北证券,,,27.75,35.0,29.000000000000004,0.0,50.0,7.51,0.133,,,12.113,0.86,,,,,,,,,,0.32658,17576801391.65,
000688,国城矿业,,,27.75,35.0,29.000000000000004,0.0,50.0,24.15,1.004,,,24.969,8.454,,,,,,,,,,0.74461,28619280771.9,
001270,铖昌科技,,,27.75,35.0,29.000000000000004,0.0,50.0,93.99,-2.094,,,163.319,12.246,,,,,,,,,,1.76965,19249458031.44,
001280,中国铀业,,,27.75,35.0,29.000000000000004,0.0,50.0,60.21,-0.083,,,67.652,7.192,,,,,,,,,,1.07707,10460119107.33,
001282,三联锻造,,,27.75,35.0,29.000000000000004,0.0,50.0,16.35,-2.154,,,33.367,2.205,,,,,,,,,,1.96452,2497089720.0,
001283,豪鹏科技,,,27.75,35.0,29.000000000000004,0.0,50.0,46.27,0.087,,,18.733,1.653,,,,,,,,,,3.15833,4784267010.46,
000928,中钢国际,,,27.75,35.0,29.000000000000004,0.0,50.0,5.29,0.762,,,15.642,0.894,,,,,,,,,,0.61576,7589177205.59,
000933,神火股份,,,27.75,35.0,29.000000000000004,0.0,50.0,26.1,3.777,,,14.42,2.121,,,,,,,,,,1.72194,58661562879.9,
000935,四川双马,,,27.75,35.0,29.000000000000004,0.0,50.0,19.2,-0.312,,,49.231,1.892,,,,,,,,,,0.48379,14658054393.6,
000936,华西股份,,,27.75,35.0,29.000000000000004,0.0,50.0,5.44,2.642,,,68.0,0.982,,,,,,,,,,1.65642,4819227113.28,
000869,张 裕Ａ,,,27.75,35.0,29.000000000000004,0.0,50.0,16.76,-1.701,,,152.364,1.049,,,,,,,,,,0.52639,7624726019.200001,
000875,电投绿能,,,27.75,35.0,29.000000000000004,0.0,50.0,4.6,0.877,,,32.857,0.945,,,,,,,,,,0.49666,15375223388.2,
000899,赣能股份,,,27.75,35.0,29.000000000000004,0.0,50.0,8.99,0.0,,,8.728,1.443,,,,,,,,,,0.51534,8771343062.4,
000900,现代投资,,,27.75,35.0,29.000000000000004,0.0,50.0,3.56,1.136,,,14.864,0.493,,,,,,,,,,0.64092,5403199199.04,
000901,航天科技,,,27.75,35.0,29.000000000000004,0.0,50.0,13.81,-0.433,,,156.932,2.607,,,,,,,,,,0.81005,11023049555.86,
000902,新洋丰,,,27.75,35.0,29.000000000000004,0.0,50.0,13.36,-1.765,,,10.438,1.339,,,,,,,,,,0.40101,15267586811.84,
000905,厦门港务,,,27.75,35.0,29.000000000000004,0.0,50.0,9.17,-2.654,,,33.069,1.523,,,,,,,,,,3.95056,6802380249.49,
000906,浙商中拓,,,27.75,35.0,29.000000000000004,0.0,50.0,6.17,-0.323,,,23.731,0.893,,,,,,,,,,0.71138,4341838285.85,
000910,大亚圣象,,,27.75,35.0,29.000000000000004,0.0,50.0,6.44,-5.848,,,322.0,0.555,,,,,,,,,,14.80505,3524194205.0,
000912,泸天化,,,27.75,35.0,29.000000000000004,0.0,50.0,3.88,1.042,,,194.0,0.957,,,,,,,,,,1.41392,6083840000.0,
000713,国投丰乐,,,27.75,35.0,29.000000000000004,0.0,50.0,6.06,-0.818,,,56.372,1.564,,,,,,,,,,2.51407,3720930778.8,
000709,河钢股份,,,27.75,35.0,29.000000000000004,0.0,50.0,2.0,0.503,,,25.707,0.398,,,,,,,,,,0.61795,20670824796.0,
000930,中粮科技,,,27.75,35.0,29.000000000000004,0.0,50.0,5.02,-1.375,,,242.512,0.904,,,,,,,,,,1.51425,9318640894.34,
000960,锡业股份,,,27.75,35.0,29.000000000000004,0.0,50.0,30.6,0.857,,,26.468,2.345,,,,,,,,,,1.08843,50350217731.2,
000962,东方钽业,,,27.75,35.0,29.000000000000004,0.0,50.0,55.45,-0.126,,,107.775,7.271,,,,,,,,,,2.01045,28529178541.05,
000963,华东医药,,,27.75,35.0,29.000000000000004,0.0,50.0,26.85,-0.629,,,13.781,1.851,,,,,,,,,,1.14127,47068401681.3,
000965,天保基建,,,27.75,35.0,29.000000000000004,0.0,50.0,3.49,5.758,,,201.734,0.706,,,,,,,,,,3.91977,3873309823.55,
000967,盈峰环境,,,27.75,35.0,29.000000000000004,0.0,50.0,8.1,6.719,,,47.647,1.456,,,,,,,,,,2.26228,27197115271.2,
000968,蓝焰控股,,,27.75,35.0,29.000000000000004,0.0,50.0,6.83,-0.727,,,19.514,1.033,,,,,,,,,,0.91883,6608043167.8,
000969,安泰科技,,,27.75,35.0,29.000000000000004,0.0,50.0,16.25,0.806,,,46.309,2.923,,,,,,,,,,0.85184,16912881716.25,
000970,中科三环,,,27.75,35.0,29.000000000000004,0.0,50.0,10.99,0.549,,,144.796,2.043,,,,,,,,,,0.83166,13360826245.27,
000937,冀中能源,,,27.75,35.0,29.000000000000004,0.0,50.0,4.36,-0.457,,,25.144,0.885,,,,,,,,,,0.57285,16466557998.96,
000938,紫光股份,,,27.75,35.0,29.000000000000004,0.0,50.0,31.53,0.223,,,53.504,5.046,,,,,,,,,,2.12843,90178091411.22,
000948,南天信息,,,27.75,35.0,29.000000000000004,0.0,50.0,13.22,0.993,,,141.542,1.885,,,,,,,,,,0.95088,5143816876.42,
000949,新乡化纤,,,27.75,35.0,29.000000000000004,0.0,50.0,6.41,-2.584,,,53.64,1.516,,,,,,,,,,2.36883,10618174922.68,
000400,许继电气,,,27.75,35.0,29.000000000000004,0.0,50.0,21.03,2.137,,,18.238,1.733,,,,,,,,,,1.82632,21346829757.27,
000668,荣丰控股,,,27.75,35.0,29.000000000000004,0.0,50.0,17.0,-1.048,,,94.444,3.472,,,,,,,,,,2.5996,2496312130.0,
000403,派林生物,,,27.75,35.0,29.000000000000004,0.0,50.0,9.74,-0.612,,,22.136,1.149,,,,,,,,,,0.43034,9162250345.38,
000407,胜利股份,,,27.75,35.0,29.000000000000004,0.0,50.0,4.2,0.719,,,23.729,1.185,,,,,,,,,,1.27144,3678285290.4,
000408,藏格矿业,,,27.75,35.0,29.000000000000004,0.0,50.0,69.8,-0.143,,,28.374,6.368,,,,,,,,,,0.38505,109509098129.2,
000411,英特集团,,,27.75,35.0,29.000000000000004,0.0,50.0,9.98,-1.188,,,10.396,1.021,,,,,,,,,,0.89459,5626084641.28,
000417,合百集团,,,27.75,35.0,29.000000000000004,0.0,50.0,5.66,-0.702,,,27.556,0.927,,,,,,,,,,2.15182,4409295372.66,
000920,沃顿科技,,,27.75,35.0,29.000000000000004,0.0,50.0,12.16,-0.654,,,25.872,2.84,,,,,,,,,,1.93736,5746790074.88,
000921,海信家电,,,27.75,35.0,29.000000000000004,0.0,50.0,26.5,0.0,,,11.373,2.102,,,,,,,,,,0.4039,24479717406.5,
000158,常山北明,,,27.75,35.0,29.000000000000004,0.0,50.0,12.19,-0.082,,,609.5,3.714,,,,,,,,,,0.75736,19389946032.55,
000159,国际实业,,,27.75,35.0,29.000000000000004,0.0,50.0,5.5,0.182,,,69.532,1.285,,,,,,,,,,1.81741,2643676711.5,
000166,申万宏源,,,27.75,35.0,29.000000000000004,0.0,50.0,4.36,0.461,,,11.474,0.949,,,,,,,,,,0.21742,98254811897.76,
000301,东方盛虹,,,27.75,35.0,29.000000000000004,0.0,50.0,12.8,-3.25,,,640.0,2.234,,,,,,,,,,0.39256,84587174694.4,
000333,美的集团,,,27.75,35.0,29.000000000000004,0.0,50.0,81.66,-0.415,,,14.079,2.942,,,,,,,,,,0.32976,562303281740.52,
000338,潍柴动力,,,27.75,35.0,29.000000000000004,0.0,50.0,25.0,1.543,,,19.685,2.248,,,,,,,,,,1.10544,123909813575.0,
000931,中 关 村,,,27.75,35.0,29.000000000000004,0.0,50.0,4.52,0.0,,,71.069,2.14,,,,,,,,,,1.70132,3394653484.64,
000401,金隅冀东,,,27.75,35.0,29.000000000000004,0.0,50.0,3.59,2.279,,,43.78,0.367,,,,,,,,,,0.43812,9446563329.92,
000035,中国天楹,,,27.75,35.0,29.000000000000004,0.0,50.0,4.66,-0.851,,,38.833,1.028,,,,,,,,,,0.86292,10779160743.18,
000036,华联控股,,,27.75,35.0,29.000000000000004,0.0,50.0,4.21,9.922,,,84.2,1.149,,,,,,,,,,3.49079,5906550982.51,当日已大涨
000037,深南电A,,,27.75,35.0,29.000000000000004,0.0,50.0,9.0,0.446,,,33.683,3.233,,,,,,,,,,4.55941,3050173350.0,
000039,中集集团,,,27.75,35.0,29.000000000000004,0.0,50.0,8.55,-0.233,,,285.0,0.896,,,,,,,,,,0.66735,19677031055.55,
000045,深纺织Ａ,,,27.75,35.0,29.000000000000004,0.0,50.0,11.21,-0.356,,,80.071,1.889,,,,,,,,,,1.40052,5123214927.29,
000048,京基智农,,,27.75,35.0,29.000000000000004,0.0,50.0,17.92,-0.223,,,60.438,2.729,,,,,,,,,,1.61388,9485105280.0,
000049,德赛电池,,,27.75,35.0,29.000000000000004,0.0,50.0,21.99,1.57,,,28.938,1.238,,,,,,,,,,1.12997,8455921615.38,
000050,深天马Ａ,,,27.75,35.0,29.000000000000004,0.0,50.0,6.29,0.479,,,92.229,0.58,,,,,,,,,,0.59991,15320892496.46,
002896,中大力德,,,27.75,35.0,29.000000000000004,0.0,50.0,60.86,-3.87,,,190.188,10.008,,,,,,,,,,4.21545,11960369696.2,
002897,意华股份,,,27.75,35.0,29.000000000000004,0.0,50.0,58.46,-1.15,,,35.646,4.014,,,,,,,,,,3.69087,10777579670.48,
002947,恒铭达,,,27.75,35.0,29.000000000000004,0.0,50.0,57.95,-0.515,,,27.861,4.571,,,,,,,,,,2.28813,11491702196.6,
002948,青岛银行,,,27.75,35.0,29.000000000000004,0.0,50.0,6.05,-0.165,,,7.118,0.806,,,,,,,,,,0.89202,21309278273.800003,
002949,华阳国际,,,27.75,35.0,29.000000000000004,0.0,50.0,13.74,4.091,,,29.734,1.846,,,,,,,,,,5.52485,2087458238.64,
000422,湖北宜化,,,27.75,35.0,29.000000000000004,0.0,50.0,11.48,-0.52,,,15.405,2.036,,,,,,,,,,0.66845,12251058929.76,
002952,亚世光电,,,27.75,35.0,29.000000000000004,0.0,50.0,19.28,0.837,,,275.429,3.6,,,,,,,,,,1.83584,2584960832.96,
002916,深南电路,,,27.75,35.0,29.000000000000004,0.0,50.0,375.6,1.245,,,76.497,14.19,,,,,,,,,,0.89711,249781965349.2,
002918,蒙娜丽莎,,,27.75,35.0,29.000000000000004,0.0,50.0,10.52,-0.473,,,80.923,1.32,,,,,,,,,,5.58988,2253436221.28,
002919,名臣健康,,,27.75,35.0,29.000000000000004,0.0,50.0,16.1,2.417,,,151.601,5.43,,,,,,,,,,1.31203,4253751859.0,
002920,德赛西威,,,27.75,35.0,29.000000000000004,0.0,50.0,79.25,-0.938,,,18.218,2.943,,,,,,,,,,0.91345,47282277174.5,
002922,伊戈尔,,,27.75,35.0,29.000000000000004,0.0,50.0,21.48,0.609,,,42.96,2.415,,,,,,,,,,2.15662,8208042336.48,
002925,盈趣科技,,,27.75,35.0,29.000000000000004,0.0,50.0,22.5,1.718,,,29.221,3.319,,,,,,,,,,1.11033,16449050092.499998,
002926,华西证券,,,27.75,35.0,29.000000000000004,0.0,50.0,8.15,0.866,,,14.554,0.845,,,,,,,,,,0.3774,21393750000.0,
002928,华夏航空,,,27.75,35.0,29.000000000000004,0.0,50.0,6.12,0.658,,,12.454,2.01,,,,,,,,,,1.16086,7822799271.0,
002929,润建股份,,,27.75,35.0,29.000000000000004,0.0,50.0,47.39,-0.65,,,338.5,2.077,,,,,,,,,,1.91982,10263240879.01,
002931,锋龙股份,,,27.75,35.0,29.000000000000004,0.0,50.0,38.99,0.335,,,389.9,8.344,,,,,,,,,,1.64586,7898432703.419999,
002933,新兴装备,,,27.75,35.0,29.000000000000004,0.0,50.0,27.94,2.91,,,82.176,2.101,,,,,,,,,,1.24878,3266026071.44,
002965,祥鑫科技,,,27.75,35.0,29.000000000000004,0.0,50.0,30.0,-1.445,,,51.361,1.901,,,,,,,,,,3.22729,7138282380.0,
002966,苏州银行,,,27.75,35.0,29.000000000000004,0.0,50.0,9.23,-0.646,,,8.096,0.779,,,,,,,,,,0.62544,40572888041.14,
002950,奥美医疗,,,27.75,35.0,29.000000000000004,0.0,50.0,8.42,-0.824,,,20.935,1.444,,,,,,,,,,1.23454,3617444647.1,
002886,沃特股份,,,27.75,35.0,29.000000000000004,0.0,50.0,24.74,2.316,,,100.569,3.514,,,,,,,,,,7.58364,5172593777.36,
002891,中宠股份,,,27.75,35.0,29.000000000000004,0.0,50.0,27.32,-1.762,,,22.237,2.602,,,,,,,,,,1.09296,8794246420.72,
002893,京能热力,,,27.75,35.0,29.000000000000004,0.0,50.0,10.29,1.081,,,42.875,2.055,,,,,,,,,,4.60512,2086591979.22,
002895,川恒股份,,,27.75,35.0,29.000000000000004,0.0,50.0,29.98,-0.167,,,13.691,2.455,,,,,,,,,,0.401,17968473516.34,
002845,同兴达,,,27.75,35.0,29.000000000000004,0.0,50.0,13.86,0.873,,,106.615,1.802,,,,,,,,,,1.82759,3468251569.86,
002846,英联股份,,,27.75,35.0,29.000000000000004,0.0,50.0,11.88,10.0,,,141.429,3.482,,,,,,,,,,8.41961,3224134595.88,当日已大涨
002847,盐津铺子,,,27.75,35.0,29.000000000000004,0.0,50.0,42.85,-1.29,,,15.414,5.512,,,,,,,,,,0.60268,10445774475.95,
002850,科达利,,,27.75,35.0,29.000000000000004,0.0,50.0,158.17,-2.963,,,24.522,2.995,,,,,,,,,,3.32898,33162062496.79,
002851,麦格米特,,,27.75,35.0,29.000000000000004,0.0,50.0,118.5,2.686,,,442.66,7.589,,,,,,,,,,5.46752,58265160957.00001,
002852,道道全,,,27.75,35.0,29.000000000000004,0.0,50.0,8.6,-3.371,,,12.666,1.342,,,,,,,,,,7.78126,2458041215.6,
002859,洁美科技,,,27.75,35.0,29.000000000000004,0.0,50.0,59.78,-0.333,,,117.216,7.099,,,,,,,,,,1.61916,25604682656.0,
002863,今飞凯达,,,27.75,35.0,29.000000000000004,0.0,50.0,4.8,1.053,,,48.0,1.018,,,,,,,,,,1.27371,2877521059.2,
002899,英派斯,,,27.75,35.0,29.000000000000004,0.0,50.0,20.48,-0.631,,,47.628,1.744,,,,,,,,,,1.8658,3026882068.48,
000034,神州数码,,,27.75,35.0,29.000000000000004,0.0,50.0,23.68,4.317,,,30.709,2.107,,,,,,,,,,3.63857,20107820874.88,
002905,金逸影视,,,27.75,35.0,29.000000000000004,0.0,50.0,8.85,1.027,,,110.625,100.34,,,,,,,,,,1.22103,3092544000.0,
002906,华阳集团,,,27.75,35.0,29.000000000000004,0.0,50.0,26.71,0.15,,,17.926,1.966,,,,,,,,,,0.6324,14014772604.429998,
002907,华森制药,,,27.75,35.0,29.000000000000004,0.0,50.0,14.42,-0.483,,,92.495,3.465,,,,,,,,,,2.60962,4889038287.42,
002908,德生科技,,,27.75,35.0,29.000000000000004,0.0,50.0,7.13,2.149,,,341.148,2.905,,,,,,,,,,1.42406,2319019067.08,
002911,佛燃能源,,,27.75,35.0,29.000000000000004,0.0,50.0,11.13,-1.33,,,15.458,3.267,,,,,,,,,,0.39583,14215063574.04,
002913,奥士康,,,27.75,35.0,29.000000000000004,0.0,50.0,91.08,10.0,,,93.897,6.57,,,,,,,,,,2.94511,27819377197.92,当日已大涨
002915,中欣氟材,,,27.75,35.0,29.000000000000004,0.0,50.0,16.27,0.432,,,281.488,3.634,,,,,,,,,,1.20479,4897177521.32,
002870,香山股份,,,27.75,35.0,29.000000000000004,0.0,50.0,46.62,0.778,,,64.75,4.442,,,,,,,,,,1.65363,6048133532.28,
002871,伟隆股份,,,27.75,35.0,29.000000000000004,0.0,50.0,17.44,-0.909,,,29.559,3.947,,,,,,,,,,1.29418,2588824172.32,
002873,新天药业,,,27.75,35.0,29.000000000000004,0.0,50.0,8.55,1.303,,,220.93,1.632,,,,,,,,,,2.16587,2049354185.4,
002876,三利谱,,,27.75,35.0,29.000000000000004,0.0,50.0,31.33,-0.666,,,116.037,2.236,,,,,,,,,,1.57628,4666335941.8,
002879,长缆科技,,,27.75,35.0,29.000000000000004,0.0,50.0,17.16,-1.436,,,22.0,1.79,,,,,,,,,,8.62745,2353305600.36,
002880,卫光生物,,,27.75,35.0,29.000000000000004,0.0,50.0,21.73,-1.092,,,20.007,2.044,,,,,,,,,,0.9056,4928364000.0,
002935,天奥电子,,,27.75,35.0,29.000000000000004,0.0,50.0,18.11,-0.821,,,117.904,4.749,,,,,,,,,,3.84346,7517295891.13,
002901,大博医疗,,,27.75,35.0,29.000000000000004,0.0,50.0,40.56,-1.792,,,27.592,4.775,,,,,,,,,,0.51605,11697999764.88,
003005,竞业达,,,27.75,35.0,29.000000000000004,0.0,50.0,15.15,2.227,,,408.356,2.004,,,,,,,,,,8.76571,2033049326.25,
003006,百亚股份,,,27.75,35.0,29.000000000000004,0.0,50.0,21.71,-3.468,,,45.229,6.481,,,,,,,,,,11.83988,9304319070.15,
003007,直真科技,,,27.75,35.0,29.000000000000004,0.0,50.0,40.55,2.193,,,238.529,3.197,,,,,,,,,,2.04071,2943429491.35,
003010,若羽臣,,,27.75,35.0,29.000000000000004,0.0,50.0,27.83,-0.572,,,44.175,10.888,,,,,,,,,,2.27307,6293536897.2300005,
003012,东鹏控股,,,27.75,35.0,29.000000000000004,0.0,50.0,4.63,1.758,,,14.935,0.729,,,,,,,,,,0.82308,5253132962.39,
003013,地铁设计,,,27.75,35.0,29.000000000000004,0.0,50.0,16.0,3.226,,,13.913,2.209,,,,,,,,,,1.72924,6451819728.0,
003015,日久光电,,,27.75,35.0,29.000000000000004,0.0,50.0,12.28,1.237,,,32.316,3.039,,,,,,,,,,1.84365,3033685792.76,
003018,金富科技,,,27.75,35.0,29.000000000000004,0.0,50.0,44.95,-0.022,,,115.256,8.812,,,,,,,,,,2.15027,12788794307.35,
002971,和远气体,,,27.75,35.0,29.000000000000004,0.0,50.0,40.82,3.525,,,140.759,4.032,,,,,,,,,,12.82932,6572205567.72,
002973,侨银股份,,,27.75,35.0,29.000000000000004,0.0,50.0,12.19,-0.082,,,27.089,1.957,,,,,,,,,,1.3766,3872191020.82,
002975,博杰股份,,,27.75,35.0,29.000000000000004,0.0,50.0,102.05,2.05,,,106.302,8.598,,,,,,,,,,5.80557,14109751293.95,
002976,瑞玛精密,,,27.75,35.0,29.000000000000004,0.0,50.0,22.8,0.396,,,380.0,3.093,,,,,,,,,,4.58988,2775431414.4,
002978,安宁股份,,,27.75,35.0,29.000000000000004,0.0,50.0,24.65,1.524,,,16.129,1.296,,,,,,,,,,0.39569,9102741104.7,
002967,广电计量,,,27.75,35.0,29.000000000000004,0.0,50.0,17.65,-1.999,,,23.224,2.303,,,,,,,,,,0.92163,10703294202.75,
002980,华盛昌,,,27.75,35.0,29.000000000000004,0.0,50.0,106.62,6.322,,,226.851,16.988,,,,,,,,,,9.3347,10799200641.78,
000099,中信海直,,,27.75,35.0,29.000000000000004,0.0,50.0,12.56,-1.413,,,31.4,1.758,,,,,,,,,,0.69184,9743672920.72,
000100,TCL科技,,,27.75,35.0,29.000000000000004,0.0,50.0,4.77,-0.625,,,20.446,1.673,,,,,,,,,,1.13959,95948455725.72,
000151,中成股份,,,27.75,35.0,29.000000000000004,0.0,50.0,10.06,-0.789,,,9.402,4.001,,,,,,,,,,2.52095,3097823031.7000003,
000153,丰原药业,,,27.75,35.0,29.000000000000004,0.0,50.0,6.08,-0.328,,,28.424,1.306,,,,,,,,,,1.60487,2802004005.76,
000155,川能动力,,,27.75,35.0,29.000000000000004,0.0,50.0,10.77,-1.102,,,39.889,1.778,,,,,,,,,,1.05968,19883233043.34,
000156,华数传媒,,,27.75,35.0,29.000000000000004,0.0,50.0,7.06,2.616,,,28.24,0.873,,,,,,,,,,0.5837,12001123691.62,
000157,中联重科,,,27.75,35.0,29.000000000000004,0.0,50.0,5.86,-0.678,,,10.464,0.88,,,,,,,,,,0.70941,41432645747.18,
002997,瑞鹄模具,,,27.75,35.0,29.000000000000004,0.0,50.0,25.7,0.943,,,13.743,2.03,,,,,,,,,,0.61439,5379558052.5,
002998,优彩资源,,,27.75,35.0,29.000000000000004,0.0,50.0,7.99,-0.125,,,49.938,1.621,,,,,,,,,,2.68494,2161272979.56,
002999,天禾股份,,,27.75,35.0,29.000000000000004,0.0,50.0,6.36,0.792,,,37.412,1.798,,,,,,,,,,2.4886,2192362958.52,
000830,鲁西化工,,,27.75,35.0,29.000000000000004,0.0,50.0,11.22,-0.883,,,23.571,1.093,,,,,,,,,,0.84991,21364879605.96,
000831,中国稀土,,,27.75,35.0,29.000000000000004,0.0,50.0,53.23,1.798,,,327.368,11.158,,,,,,,,,,1.58405,56488783556.61,
000420,吉林化纤,,,27.75,35.0,29.000000000000004,0.0,50.0,3.47,0.0,,,377.174,1.919,,,,,,,,,,0.80132,8531950440.21,
002979,雷赛智能,,,27.75,35.0,29.000000000000004,0.0,50.0,51.76,-0.462,,,71.889,7.992,,,,,,,,,,1.8305,11598193584.08,
002968,新大正,,,27.75,35.0,29.000000000000004,0.0,50.0,9.89,1.644,,,23.548,1.742,,,,,,,,,,2.48042,2107957339.53,
002969,嘉美包装,,,27.75,35.0,29.000000000000004,0.0,50.0,10.73,0.374,,,117.912,3.616,,,,,,,,,,1.20219,11725033073.12,
002970,锐明技术,,,27.75,35.0,29.000000000000004,0.0,50.0,40.65,1.88,,,18.907,3.403,,,,,,,,,,2.07822,5347314778.35,
002936,郑州银行,,,27.75,35.0,29.000000000000004,0.0,50.0,1.71,0.588,,,10.688,0.331,,,,,,,,,,0.82987,12053335278.51,
002937,兴瑞科技,,,27.75,35.0,29.000000000000004,0.0,50.0,26.18,-3.856,,,53.429,4.219,,,,,,,,,,4.81478,8251535681.620001,
002938,鹏鼎控股,,,27.75,35.0,29.000000000000004,0.0,50.0,79.95,0.364,,,49.658,5.389,,,,,,,,,,0.63277,184750559886.75,
002939,长城证券,,,27.75,35.0,29.000000000000004,0.0,50.0,7.69,0.261,,,13.259,0.961,,,,,,,,,,0.22564,27704452562.39,
002940,昂利康,,,27.75,35.0,29.000000000000004,0.0,50.0,22.23,-1.024,,,35.855,2.71,,,,,,,,,,1.92775,4105199761.65,
002941,新疆交建,,,27.75,35.0,29.000000000000004,0.0,50.0,10.46,1.161,,,14.943,1.565,,,,,,,,,,0.86196,7633197259.120001,
002942,新农股份,,,27.75,35.0,29.000000000000004,0.0,50.0,16.53,0.303,,,26.661,2.007,,,,,,,,,,1.80235,2293671111.99,
002943,宇晶股份,,,27.75,35.0,29.000000000000004,0.0,50.0,28.76,-0.759,,,445.201,9.444,,,,,,,,,,2.81541,5431389847.2,
002945,华林证券,,,27.75,35.0,29.000000000000004,0.0,50.0,14.13,0.426,,,74.368,5.18,,,,,,,,,,0.26931,38151000000.0,
002946,新乳业,,,27.75,35.0,29.000000000000004,0.0,50.0,14.25,-1.994,,,16.765,3.469,,,,,,,,,,0.47096,12122685543.75,
002981,朝阳科技,,,27.75,35.0,29.000000000000004,0.0,50.0,23.62,1.81,,,43.741,3.088,,,,,,,,,,2.48041,2871834180.62,
003002,壶化股份,,,27.75,35.0,29.000000000000004,0.0,50.0,15.88,2.188,,,18.465,2.472,,,,,,,,,,2.60112,2905339295.0000005,
002985,北摩高科,,,27.75,35.0,29.000000000000004,0.0,50.0,26.1,-3.01,,,43.5,3.152,,,,,,,,,,1.5454,8639672660.1,
002987,京北方,,,27.75,35.0,29.000000000000004,0.0,50.0,10.59,0.857,,,27.868,3.804,,,,,,,,,,0.54011,10737469276.47,
002988,豪美新材,,,27.75,35.0,29.000000000000004,0.0,50.0,31.08,1.436,,,66.128,2.844,,,,,,,,,,1.19317,7763923735.68,
002990,盛视科技,,,27.75,35.0,29.000000000000004,0.0,50.0,54.1,6.058,,,163.939,5.503,,,,,,,,,,9.80873,7466804258.299999,
002992,宝明科技,,,27.75,35.0,29.000000000000004,0.0,50.0,33.1,1.815,,,472.857,8.22,,,,,,,,,,0.77371,5237625071.7,
002993,奥海科技,,,27.75,35.0,29.000000000000004,0.0,50.0,32.84,1.077,,,21.325,1.941,,,,,,,,,,1.25805,7830597279.72,
002953,日丰股份,,,27.75,35.0,29.000000000000004,0.0,50.0,9.94,0.0,,,29.235,2.201,,,,,,,,,,1.67737,2796010353.92,
002955,鸿合科技,,,27.75,35.0,29.000000000000004,0.0,50.0,36.03,-0.716,,,163.773,2.66,,,,,,,,,,1.58294,7409804271.48,
002956,西麦食品,,,27.75,35.0,29.000000000000004,0.0,50.0,17.45,-2.241,,,22.372,3.314,,,,,,,,,,1.46564,5453312866.7,
002957,科瑞技术,,,27.75,35.0,29.000000000000004,0.0,50.0,36.35,-2.442,,,55.573,4.617,,,,,,,,,,3.82721,15225653219.95,
002958,青农商行,,,27.75,35.0,29.000000000000004,0.0,50.0,2.91,1.042,,,5.596,0.417,,,,,,,,,,0.98571,15829756278.9,
002959,小熊电器,,,27.75,35.0,29.000000000000004,0.0,50.0,35.55,5.24,,,14.229,1.912,,,,,,,,,,4.76015,4969690564.5,
002960,青鸟智控,,,27.75,35.0,29.000000000000004,0.0,50.0,8.45,0.118,,,23.094,1.433,,,,,,,,,,0.46831,8183393669.75,
002961,瑞达期货,,,27.75,35.0,29.000000000000004,0.0,50.0,13.53,3.204,,,11.0,2.273,,,,,,,,,,1.96757,9550260769.5,
002984,森麒麟,,,27.75,35.0,29.000000000000004,0.0,50.0,12.84,0.943,,,11.78,0.984,,,,,,,,,,0.70967,9166735226.76,
002093,国脉科技,,,27.75,35.0,29.000000000000004,0.0,50.0,7.98,-2.206,,,44.907,2.139,,,,,,,,,,4.09215,8039850000.0,
002094,青岛金王,,,27.75,35.0,29.000000000000004,0.0,50.0,5.05,-0.198,,,164.495,2.375,,,,,,,,,,3.1853,3486790422.4500003,
002097,山河智能,,,27.75,35.0,29.000000000000004,0.0,50.0,6.78,0.743,,,86.59,1.578,,,,,,,,,,0.78848,7274943695.099999,
002133,广宇集团,,,27.75,35.0,29.000000000000004,0.0,50.0,2.93,3.534,,,58.954,0.792,,,,,,,,,,2.26061,2255719688.9300003,
002134,天津普林,,,27.75,35.0,29.000000000000004,0.0,50.0,25.16,3.539,,,1258.0,11.004,,,,,,,,,,6.25265,6207137552.8,
002135,东南网架,,,27.75,35.0,29.000000000000004,0.0,50.0,5.94,1.193,,,148.5,1.069,,,,,,,,,,0.89581,6200610746.22,
002137,实益达,,,27.75,35.0,29.000000000000004,0.0,50.0,7.9,2.067,,,105.898,2.988,,,,,,,,,,10.16184,3132025752.4,
002138,顺络电子,,,27.75,35.0,29.000000000000004,0.0,50.0,48.88,2.067,,,37.6,6.004,,,,,,,,,,2.33969,37458933237.44,
002139,拓邦股份,,,27.75,35.0,29.000000000000004,0.0,50.0,9.58,-0.208,,,31.933,1.709,,,,,,,,,,0.73919,10261040734.26,
002140,东华科技,,,27.75,35.0,29.000000000000004,0.0,50.0,8.95,-0.556,,,11.889,1.299,,,,,,,,,,0.9594,6326834431.25,
002142,宁波银行,,,27.75,35.0,29.000000000000004,0.0,50.0,34.81,0.753,,,8.114,0.947,,,,,,,,,,0.29157,229724565846.93,
000690,宝新能源,,,27.75,35.0,29.000000000000004,0.0,50.0,5.15,-0.962,,,10.957,0.863,,,,,,,,,,1.69033,11198511358.75,
000700,模塑科技,,,27.75,35.0,29.000000000000004,0.0,50.0,12.25,1.24,,,23.289,2.713,,,,,,,,,,6.23592,11245688515.25,
000913,钱江摩托,,,27.75,35.0,29.000000000000004,0.0,50.0,10.5,-0.285,,,5.623,1.064,,,,,,,,,,0.65522,5461078087.5,
000625,长安汽车,,,27.75,35.0,29.000000000000004,0.0,50.0,7.06,0.142,,,17.22,0.92,,,,,,,,,,0.54989,58365170490.96001,
000628,高新发展,,,27.75,35.0,29.000000000000004,0.0,50.0,54.66,-0.164,,,176.323,8.677,,,,,,,,,,2.80468,10507761056.1,
000630,铜陵有色,,,27.75,35.0,29.000000000000004,0.0,50.0,5.79,1.757,,,30.474,2.04,,,,,,,,,,1.01523,64517979732.990005,
000631,顺发恒能,,,27.75,35.0,29.000000000000004,0.0,50.0,3.04,2.703,,,101.333,1.265,,,,,,,,,,0.53025,6992000258.400001,
000633,合金投资,,,27.75,35.0,29.000000000000004,0.0,50.0,5.34,1.521,,,271.066,10.267,,,,,,,,,,1.57372,2056468031.82,
000636,风华高科,,,27.75,35.0,29.000000000000004,0.0,50.0,51.21,1.567,,,204.84,4.644,,,,,,,,,,5.41969,58762961312.490005,
002158,汉钟精机,,,27.75,35.0,29.000000000000004,0.0,50.0,24.84,0.73,,,28.337,3.046,,,,,,,,,,1.90962,13254304781.16,
002160,常铝股份,,,27.75,35.0,29.000000000000004,0.0,50.0,3.9,2.632,,,57.949,1.07,,,,,,,,,,1.32185,4019845007.1,
002161,远 望 谷,,,27.75,35.0,29.000000000000004,0.0,50.0,6.44,2.548,,,309.615,3.273,,,,,,,,,,3.64079,4763084214.0,
002162,悦心健康,,,27.75,35.0,29.000000000000004,0.0,50.0,4.18,1.211,,,572.603,4.641,,,,,,,,,,1.93811,3838584375.78,
002128,电投能源,,,27.75,35.0,29.000000000000004,0.0,50.0,28.14,1.442,,,11.628,1.665,,,,,,,,,,0.62937,63077878093.02,
002130,沃尔核材,,,27.75,35.0,29.000000000000004,0.0,50.0,15.66,-0.128,,,17.022,2.385,,,,,,,,,,1.06274,18079499894.94,
002131,利欧股份,,,27.75,35.0,29.000000000000004,0.0,50.0,4.25,1.19,,,817.308,2.174,,,,,,,,,,2.60995,24882887054.5,
002132,恒星科技,,,27.75,35.0,29.000000000000004,0.0,50.0,3.97,-0.501,,,397.0,1.552,,,,,,,,,,1.41907,5554770051.67,
000623,吉林敖东,,,27.75,35.0,29.000000000000004,0.0,50.0,17.2,0.0,,,8.425,0.643,,,,,,,,,,0.48789,20485601069.6,
002047,宝鹰股份,,,27.75,35.0,29.000000000000004,0.0,50.0,3.12,0.322,,,78.0,151.456,,,,,,,,,,0.92323,4730455741.440001,
002048,宁波华翔,,,27.75,35.0,29.000000000000004,0.0,50.0,17.79,-0.392,,,34.882,1.234,,,,,,,,,,1.47307,12598350384.18,
002049,紫光国微,,,27.75,35.0,29.000000000000004,0.0,50.0,58.41,-0.375,,,34.216,3.479,,,,,,,,,,0.77838,49246631256.24,
002050,三花智控,,,27.75,35.0,29.000000000000004,0.0,50.0,35.65,0.593,,,34.612,4.616,,,,,,,,,,0.83584,131585753964.8,
002051,中工国际,,,27.75,35.0,29.000000000000004,0.0,50.0,8.59,0.94,,,34.36,0.918,,,,,,,,,,1.16053,10534878435.75,
002052,同洲电子,,,27.75,35.0,29.000000000000004,0.0,50.0,8.03,0.125,,,33.458,21.545,,,,,,,,,,0.64108,5535778846.62,
002053,云南能投,,,27.75,35.0,29.000000000000004,0.0,50.0,9.57,1.7,,,37.295,1.157,,,,,,,,,,0.61745,8811297711.48,
002098,浔兴股份,,,27.75,35.0,29.000000000000004,0.0,50.0,8.28,-0.481,,,14.4,1.881,,,,,,,,,,1.32616,2964240000.0,
002100,天康生物,,,27.75,35.0,29.000000000000004,0.0,50.0,7.87,0.127,,,52.467,1.694,,,,,,,,,,1.46223,10744529423.05,
002103,广博股份,,,27.75,35.0,29.000000000000004,0.0,50.0,6.74,2.276,,,21.742,2.775,,,,,,,,,,1.545,2616033863.12,
002104,恒宝股份,,,27.75,35.0,29.000000000000004,0.0,50.0,10.16,-0.49,,,122.262,3.421,,,,,,,,,,2.97266,6173435923.36,
002063,远光软件,,,27.75,35.0,29.000000000000004,0.0,50.0,5.24,0.769,,,33.291,2.513,,,,,,,,,,0.64505,9270131909.32,
002064,华峰化学,,,27.75,35.0,29.000000000000004,0.0,50.0,9.4,-1.364,,,25.405,1.621,,,,,,,,,,0.73802,46548711376.8,
002091,江苏国泰,,,27.75,35.0,29.000000000000004,0.0,50.0,7.46,-0.401,,,9.443,0.775,,,,,,,,,,0.4489,11953695649.66,
002067,景兴纸业,,,27.75,35.0,29.000000000000004,0.0,50.0,3.95,0.0,,,98.75,0.858,,,,,,,,,,1.31526,5283535219.349999,
002073,软控股份,,,27.75,35.0,29.000000000000004,0.0,50.0,5.64,1.075,,,14.271,0.895,,,,,,,,,,0.87005,5719734670.919999,
002106,莱宝高科,,,27.75,35.0,29.000000000000004,0.0,50.0,12.06,-0.822,,,34.725,1.519,,,,,,,,,,5.15123,8502249854.52,
002107,沃华医药,,,27.75,35.0,29.000000000000004,0.0,50.0,7.1,-0.141,,,41.765,5.795,,,,,,,,,,2.0323,4056914376.1,
002108,沧州明珠,,,27.75,35.0,29.000000000000004,0.0,50.0,4.25,0.236,,,45.946,1.38,,,,,,,,,,0.67872,7003992375.5,
002110,三钢闽光,,,27.75,35.0,29.000000000000004,0.0,50.0,2.87,1.056,,,287.0,0.364,,,,,,,,,,1.0526,6971448771.49,
002111,威海广泰,,,27.75,35.0,29.000000000000004,0.0,50.0,9.2,-1.288,,,36.8,1.601,,,,,,,,,,1.32912,4496514692.4,
002112,三变科技,,,27.75,35.0,29.000000000000004,0.0,50.0,13.87,-0.144,,,277.4,4.691,,,,,,,,,,2.07066,3635049600.0,
002117,东港股份,,,27.75,35.0,29.000000000000004,0.0,50.0,7.83,0.256,,,28.442,2.986,,,,,,,,,,1.11805,4099433144.4,
002120,韵达股份,,,27.75,35.0,29.000000000000004,0.0,50.0,6.8,0.443,,,16.585,0.932,,,,,,,,,,0.75664,19142883408.4,
002125,湘潭电化,,,27.75,35.0,29.000000000000004,0.0,50.0,11.91,2.232,,,33.083,2.163,,,,,,,,,,1.58604,7497617750.91,
002126,银轮股份,,,27.75,35.0,29.000000000000004,0.0,50.0,34.2,-0.495,,,29.739,3.883,,,,,,,,,,1.46392,27194044705.2,
002085,万丰奥威,,,27.75,35.0,29.000000000000004,0.0,50.0,9.18,-1.078,,,19.532,2.837,,,,,,,,,,0.84795,19491871233.6,
002090,金智科技,,,27.75,35.0,29.000000000000004,0.0,50.0,8.94,1.017,,,54.248,2.292,,,,,,,,,,0.90035,3559806808.1400003,
002065,东华软件,,,27.75,35.0,29.000000000000004,0.0,50.0,6.5,0.619,,,43.653,1.661,,,,,,,,,,0.45048,19147305963.5,
002201,九鼎新材,,,27.75,35.0,29.000000000000004,0.0,50.0,9.3,-0.322,,,66.429,5.066,,,,,,,,,,4.21133,5598817806.000001,
002202,金风科技,,,27.75,35.0,29.000000000000004,0.0,50.0,17.09,-0.813,,,26.833,1.832,,,,,,,,,,1.40285,57484010834.29,
002164,宁波东力,,,27.75,35.0,29.000000000000004,0.0,50.0,12.05,-2.112,,,32.568,4.162,,,,,,,,,,6.04484,5781290473.15,
002215,诺 普 信,,,27.75,35.0,29.000000000000004,0.0,50.0,9.26,-0.75,,,14.011,2.028,,,,,,,,,,1.56594,7482653879.240001,
002216,三全食品,,,27.75,35.0,29.000000000000004,0.0,50.0,11.33,-1.307,,,18.274,2.298,,,,,,,,,,0.61005,7143592067.37,
002219,新里程,,,27.75,35.0,29.000000000000004,0.0,50.0,2.08,0.483,,,221.277,3.634,,,,,,,,,,1.70475,6806005065.6,
002222,福晶科技,,,27.75,35.0,29.000000000000004,0.0,50.0,62.15,0.697,,,104.912,15.408,,,,,,,,,,3.3313,29095629025.1,
002223,鱼跃医疗,,,27.75,35.0,29.000000000000004,0.0,50.0,25.67,-2.507,,,17.345,1.915,,,,,,,,,,1.32963,23987669445.55,
000651,格力电器,,,27.75,35.0,29.000000000000004,0.0,50.0,38.1,-0.781,,,7.327,1.437,,,,,,,,,,0.38956,210041222957.1,
000655,金岭矿业,,,27.75,35.0,29.000000000000004,0.0,50.0,7.21,2.27,,,16.012,1.213,,,,,,,,,,1.26476,4292403058.3,
000656,金科股份,,,27.75,35.0,29.000000000000004,0.0,50.0,1.26,4.132,,,0.455,3.196,,,,,,,,,,2.88566,9559741756.32,
000657,中钨高新,,,27.75,35.0,29.000000000000004,0.0,50.0,53.69,0.826,,,92.569,10.846,,,,,,,,,,2.28838,78035838255.83,
000591,太阳能,,,27.75,35.0,29.000000000000004,0.0,50.0,4.15,0.242,,,19.771,0.669,,,,,,,,,,0.48254,16199093507.9,
000650,仁和药业,,,27.75,35.0,29.000000000000004,0.0,50.0,5.14,0.0,,,18.357,1.105,,,,,,,,,,0.64064,6843323186.76,
000595,新能股份,,,27.75,35.0,29.000000000000004,0.0,50.0,5.45,0.184,,,77.857,12.108,,,,,,,,,,1.45121,6205677194.7,
000766,通化金马,,,27.75,35.0,29.000000000000004,0.0,50.0,15.17,-0.066,,,379.25,6.326,,,,,,,,,,0.63185,14648357644.52,
000768,中航西飞,,,27.75,35.0,29.000000000000004,0.0,50.0,22.5,-1.832,,,54.23,2.793,,,,,,,,,,1.03094,62469315202.5,
000776,广发证券,,,27.75,35.0,29.000000000000004,0.0,50.0,19.74,-0.353,,,11.75,1.118,,,,,,,,,,0.4482,116545933399.14,
000777,中核科技,,,27.75,35.0,29.000000000000004,0.0,50.0,16.1,0.374,,,36.591,2.443,,,,,,,,,,0.53226,6172914314.7,
301172,君逸数码,IT服务Ⅱ,,27.75,13.488621240928572,54.795821462488135,0.0,50.0,17.68,1.318,,,87.611,2.67,1.08,-27.67,21.1325825841,25.1040697373,,,,,,3.74274,2939969258.72,
002203,海亮股份,,,27.75,35.0,29.000000000000004,0.0,50.0,17.48,2.282,,,37.191,2.372,,,,,,,,,,0.59571,39336943527.96,
002204,大连重工,,,27.75,35.0,29.000000000000004,0.0,50.0,5.27,1.152,,,17.284,1.268,,,,,,,,,,0.94788,10178320068.64,
002209,达 意 隆,,,27.75,35.0,29.000000000000004,0.0,50.0,13.39,1.209,,,21.741,2.901,,,,,,,,,,1.88003,2113595271.32,
002210,飞马国际,,,27.75,35.0,29.000000000000004,0.0,50.0,2.08,0.483,,,358.621,5.871,,,,,,,,,,1.12787,5526058772.0,
000718,苏宁环球,,,27.75,35.0,29.000000000000004,0.0,50.0,2.11,3.431,,,345.902,0.698,,,,,,,,,,2.16624,4815216487.42,
000596,古井贡酒,,,27.75,35.0,29.000000000000004,0.0,50.0,89.03,1.286,,,13.268,1.891,,,,,,,,,,0.48457,36377658000.0,
000597,东北制药,,,27.75,35.0,29.000000000000004,0.0,50.0,4.69,-0.846,,,26.056,1.209,,,,,,,,,,0.61657,6609165526.53,
000598,兴蓉环境,,,27.75,35.0,29.000000000000004,0.0,50.0,7.01,0.286,,,10.421,1.044,,,,,,,,,,0.33385,20914175143.96,
000593,德龙汇能,,,27.75,35.0,29.000000000000004,0.0,50.0,20.0,-6.629,,,350.877,7.99,,,,,,,,,,4.63856,7169660379.999999,
000719,中原传媒,,,27.75,35.0,29.000000000000004,0.0,50.0,11.88,0.169,,,8.866,1.007,,,,,,,,,,0.74691,7925712810.84,
000722,湖南发展,,,27.75,35.0,29.000000000000004,0.0,50.0,12.88,-0.923,,,80.5,2.175,,,,,,,,,,2.19233,5978358672.16,
000725,京东方Ａ,,,27.75,35.0,29.000000000000004,0.0,50.0,5.71,-1.552,,,35.688,1.589,,,,,,,,,,2.48637,201946335808.07,
000728,国元证券,,,27.75,35.0,29.000000000000004,0.0,50.0,7.2,0.279,,,12.857,0.814,,,,,,,,,,0.43112,31419200815.2,
000729,燕京啤酒,,,27.75,35.0,29.000000000000004,0.0,50.0,10.81,-0.369,,,18.138,1.805,,,,,,,,,,0.49136,27128848070.27,
000733,振华科技,,,27.75,35.0,29.000000000000004,0.0,50.0,39.04,-0.23,,,21.098,1.371,,,,,,,,,,0.92928,21631442522.24,
000735,罗 牛 山,,,27.75,35.0,29.000000000000004,0.0,50.0,5.76,1.587,,,43.146,1.665,,,,,,,,,,4.65451,6629169697.92,
000737,北方铜业,,,27.75,35.0,29.000000000000004,0.0,50.0,13.43,2.912,,,32.361,3.237,,,,,,,,,,2.35648,25578006916.550003,
002165,红 宝 丽,,,27.75,35.0,29.000000000000004,0.0,50.0,6.77,0.148,,,286.864,2.496,,,,,,,,,,3.27547,4926971730.92,
002166,莱茵生物,,,27.75,35.0,29.000000000000004,0.0,50.0,6.66,-0.745,,,34.242,1.586,,,,,,,,,,0.91808,4918769140.5,
002167,东方锆业,,,27.75,35.0,29.000000000000004,0.0,50.0,15.59,2.566,,,222.714,6.587,,,,,,,,,,3.67518,11882646911.57,
002169,智光电气,,,27.75,35.0,29.000000000000004,0.0,50.0,12.13,-1.06,,,69.156,3.385,,,,,,,,,,2.35895,9230007719.71,
002170,芭田股份,,,27.75,35.0,29.000000000000004,0.0,50.0,10.52,0.286,,,11.145,2.667,,,,,,,,,,1.24376,8314052889.2,
002196,方正电机,,,27.75,35.0,29.000000000000004,0.0,50.0,10.16,-0.975,,,240.189,3.503,,,,,,,,,,4.25523,4980220875.2,
002177,御银股份,,,27.75,35.0,29.000000000000004,0.0,50.0,5.49,1.855,,,322.941,2.433,,,,,,,,,,2.08154,3750549239.97,
002178,延华智能,,,27.75,35.0,29.000000000000004,0.0,50.0,4.99,1.837,,,499.0,8.333,,,,,,,,,,6.29411,3552036355.67,
002179,中航光电,,,27.75,35.0,29.000000000000004,0.0,50.0,32.9,-1.112,,,32.135,2.847,,,,,,,,,,0.77378,68972308277.59999,
002145,钛能化学,,,27.75,35.0,29.000000000000004,0.0,50.0,4.6,-0.862,,,46.701,1.324,,,,,,,,,,1.31249,17509781586.8,
002149,西部材料,,,27.75,35.0,29.000000000000004,0.0,50.0,31.55,0.0,,,149.032,2.331,,,,,,,,,,2.06779,15400789362.2,
002150,正泰电源,,,27.75,35.0,29.000000000000004,0.0,50.0,19.61,-2.243,,,25.141,3.266,,,,,,,,,,1.45106,7030273186.17,
002152,广电运通,,,27.75,35.0,29.000000000000004,0.0,50.0,8.94,0.676,,,25.543,1.794,,,,,,,,,,0.3204,22190208344.22,
002154,报 喜 鸟,,,27.75,35.0,29.000000000000004,0.0,50.0,3.82,0.262,,,16.609,1.19,,,,,,,,,,1.52277,4508085678.62,
002155,湖南黄金,,,27.75,35.0,29.000000000000004,0.0,50.0,23.08,1.809,,,24.295,4.192,,,,,,,,,,1.8887,36062475004.36,
002156,通富微电,,,27.75,35.0,29.000000000000004,0.0,50.0,60.36,2.479,,,75.45,5.712,,,,,,,,,,4.34398,91593416119.92,
002181,粤 传 媒,,,27.75,35.0,29.000000000000004,0.0,50.0,9.0,3.567,,,113.493,2.532,,,,,,,,,,7.29419,10210833936.0,
002185,华天科技,,,27.75,35.0,29.000000000000004,0.0,50.0,17.02,0.177,,,77.364,2.977,,,,,,,,,,4.37124,56608971574.64001,
002192,融捷股份,,,27.75,35.0,29.000000000000004,0.0,50.0,56.97,1.569,,,53.064,3.253,,,,,,,,,,3.55661,14761932007.77,
002195,岩山科技,,,27.75,35.0,29.000000000000004,0.0,50.0,5.95,1.19,,,365.031,3.406,,,,,,,,,,1.01518,33414208950.15,
002171,楚江新材,,,27.75,35.0,29.000000000000004,0.0,50.0,9.64,-0.31,,,38.56,1.745,,,,,,,,,,1.54546,15570927770.8,
001318,阳光乳业,,,27.75,35.0,29.000000000000004,0.0,50.0,11.85,0.339,,,32.062,2.325,,,,,,,,,,0.98567,3349521000.0,
001322,箭牌家居,,,27.75,35.0,29.000000000000004,0.0,50.0,6.51,2.52,,,130.2,1.356,,,,,,,,,,0.93105,5114333957.25,
001324,长青科技,,,27.75,35.0,29.000000000000004,0.0,50.0,20.5,2.244,,,66.928,2.454,,,,,,,,,,2.2937,2829000000.0,
001326,联域股份,,,27.75,35.0,29.000000000000004,0.0,50.0,103.79,0.222,,,296.543,6.172,,,,,,,,,,8.71038,2492758576.9100003,
001236,弘业期货,,,27.75,35.0,29.000000000000004,0.0,50.0,7.85,2.48,,,1962.5,4.219,,,,,,,,,,1.19938,5950910557.3,
001248,华润新能,,,27.75,35.0,29.000000000000004,0.0,50.0,11.5,-0.087,,,20.536,1.327,,,,,,,,,,1.85937,12217643596.5,
001255,博菲电气,,,27.75,35.0,29.000000000000004,0.0,50.0,27.39,0.22,,,144.158,2.583,,,,,,,,,,1.84417,2114885543.76,
001257,盛龙股份,,,27.75,35.0,29.000000000000004,0.0,50.0,21.26,-0.188,,,38.655,5.072,,,,,,,,,,2.89392,2911509972.88,
001258,立新能源,,,27.75,35.0,29.000000000000004,0.0,50.0,10.12,-1.172,,,112.444,3.057,,,,,,,,,,3.19523,9445214683.08,
001259,利仁科技,,,27.75,35.0,29.000000000000004,0.0,50.0,44.9,2.535,,,350.507,4.585,,,,,,,,,,2.11171,2134748005.1,
001266,宏英智能,,,27.75,35.0,29.000000000000004,0.0,50.0,36.33,0.721,,,242.2,3.908,,,,,,,,,,7.13118,2112504015.51,
001267,汇绿生态,,,27.75,35.0,29.000000000000004,0.0,50.0,33.37,0.482,,,303.364,16.122,,,,,,,,,,4.16647,20307532340.46,
001268,联合精密,,,27.75,35.0,29.000000000000004,0.0,50.0,25.4,-0.392,,,51.837,3.916,,,,,,,,,,4.30154,2396175471.8,
002046,国机精工,,,27.75,35.0,29.000000000000004,0.0,50.0,60.45,-1.675,,,123.696,7.491,,,,,,,,,,1.73375,32397683986.2,
001367,海森药业,,,27.75,35.0,29.000000000000004,0.0,50.0,22.21,3.495,,,24.407,2.186,,,,,,,,,,1.87902,2701032992.12,
001368,通达创智,,,27.75,35.0,29.000000000000004,0.0,50.0,37.62,-10.0,,,43.241,3.003,,,,,,,,,,1.6298,4065992134.38,
001369,双欣材料,,,27.75,35.0,29.000000000000004,0.0,50.0,11.96,0.084,,,19.29,1.949,,,,,,,,,,1.48298,2481143058.68,
001376,百通能源,,,27.75,35.0,29.000000000000004,0.0,50.0,12.3,-2.381,,,27.955,4.515,,,,,,,,,,8.20933,2632388349.9,
001380,华纬科技,,,27.75,35.0,29.000000000000004,0.0,50.0,18.84,0.803,,,18.471,2.524,,,,,,,,,,0.9027,4384677756.599999,
001388,信通电子,,,27.75,35.0,29.000000000000004,0.0,50.0,19.68,-0.556,,,19.68,3.045,,,,,,,,,,1.93347,2462333496.96,
001389,广合科技,,,27.75,35.0,29.000000000000004,0.0,50.0,191.84,8.024,,,79.933,11.438,,,,,,,,,,9.75693,29231542112.96,当日已大涨
001390,古麒绒材,,,27.75,35.0,29.000000000000004,0.0,50.0,17.15,-1.55,,,17.15,2.046,,,,,,,,,,1.54807,2019571137.5,
001288,运机集团,,,27.75,35.0,29.000000000000004,0.0,50.0,32.16,-4.286,,,38.286,3.298,,,,,,,,,,3.48937,4883796020.639999,
001289,龙源电力,,,27.75,35.0,29.000000000000004,0.0,50.0,14.81,-0.537,,,27.355,1.607,,,,,,,,,,0.04174,74671044968.84,
001298,好上好,,,27.75,35.0,29.000000000000004,0.0,50.0,16.36,0.677,,,62.923,4.055,,,,,,,,,,1.05434,6665382169.28,
001299,美能能源,,,27.75,35.0,29.000000000000004,0.0,50.0,9.99,-0.399,,,23.233,2.797,,,,,,,,,,1.20693,2820553403.22,
001301,尚太科技,,,27.75,35.0,29.000000000000004,0.0,50.0,46.09,-1.496,,,12.697,2.336,,,,,,,,,,1.7757,11989160927.37,
001309,德明利,,,27.75,35.0,29.000000000000004,0.0,50.0,372.2,0.248,,,120.844,8.635,,,,,,,,,,4.3122,61672843613.8,
001360,南矿集团,,,27.75,35.0,29.000000000000004,0.0,50.0,19.01,-2.862,,,79.208,2.757,,,,,,,,,,3.14844,2385457569.54,
000932,华菱钢铁,,,27.75,35.0,29.000000000000004,0.0,50.0,3.44,1.176,,,9.069,0.431,,,,,,,,,,0.7307,23572975510.4,
001286,陕西能源,,,27.75,35.0,29.000000000000004,0.0,50.0,9.42,-0.738,,,11.775,1.331,,,,,,,,,,0.7993,12717000000.0,
000919,金陵药业,,,27.75,35.0,29.000000000000004,0.0,50.0,6.43,-0.464,,,74.164,1.062,,,,,,,,,,1.24706,3997646598.54,
000917,电广传媒,,,27.75,35.0,29.000000000000004,0.0,50.0,6.81,2.252,,,70.206,0.938,,,,,,,,,,1.10704,9652898262.03,
000661,长春高新,,,27.75,35.0,29.000000000000004,0.0,50.0,70.55,0.071,,,180.897,1.284,,,,,,,,,,0.91231,27851554812.05,
000712,锦龙股份,,,27.75,35.0,29.000000000000004,0.0,50.0,9.82,0.718,,,30.688,3.281,,,,,,,,,,3.15675,8796109107.5,
000998,隆平高科,,,27.75,35.0,29.000000000000004,0.0,50.0,8.38,-0.593,,,69.833,1.863,,,,,,,,,,1.04121,11020123575.48,
000999,华润三九,,,27.75,35.0,29.000000000000004,0.0,50.0,23.44,-0.213,,,11.379,1.709,,,,,,,,,,0.26536,38970425409.84,
001203,大中矿业,,,27.75,35.0,29.000000000000004,0.0,50.0,21.62,-0.826,,,43.24,4.605,,,,,,,,,,1.08822,28234825407.64,
001207,联科科技,,,27.75,35.0,29.000000000000004,0.0,50.0,19.08,2.032,,,13.222,2.395,,,,,,,,,,1.89684,5583229515.36,
001208,华菱线缆,,,27.75,35.0,29.000000000000004,0.0,50.0,13.06,-1.285,,,65.3,2.847,,,,,,,,,,1.75689,4162661560.42,
000703,恒逸石化,,,27.75,35.0,29.000000000000004,0.0,50.0,15.69,-9.096,,,196.125,2.164,,,,,,,,,,3.22223,64186281296.67,
000708,中信特钢,,,27.75,35.0,29.000000000000004,0.0,50.0,12.8,0.078,,,10.94,1.473,,,,,,,,,,0.19574,64603347916.8,
001316,润贝航科,,,27.75,35.0,29.000000000000004,0.0,50.0,27.54,-0.217,,,17.076,3.27,,,,,,,,,,1.29179,4141134114.12,
001230,劲旅环境,,,27.75,35.0,29.000000000000004,0.0,50.0,19.17,-0.93,,,15.214,1.782,,,,,,,,,,2.89414,2108320012.26,
001232,嘉立创,,,27.75,35.0,29.000000000000004,0.0,50.0,188.4,-1.464,,,72.462,12.71,,,,,,,,,,5.57334,8328513831.599999,
001287,中电港,,,27.75,35.0,29.000000000000004,0.0,50.0,23.37,1.344,,,62.487,3.054,,,,,,,,,,1.26065,17758865266.89,
001210,金房能源,,,27.75,35.0,29.000000000000004,0.0,50.0,27.22,1.757,,,31.755,4.198,,,,,,,,,,2.93643,3631689433.02,
001211,双枪科技,,,27.75,35.0,29.000000000000004,0.0,50.0,27.66,1.356,,,922.0,3.197,,,,,,,,,,7.54469,2581787774.52,
001215,千味央厨,,,27.75,35.0,29.000000000000004,0.0,50.0,32.3,-0.981,,,48.939,1.68,,,,,,,,,,1.19559,3129923036.6,
001218,丽臣实业,,,27.75,35.0,29.000000000000004,0.0,50.0,23.59,0.426,,,18.724,1.303,,,,,,,,,,1.07651,2824632630.4,
001221,悍高集团,,,27.75,35.0,29.000000000000004,0.0,50.0,32.43,-1.488,,,17.342,4.266,,,,,,,,,,2.44565,2492879636.2200003,
001223,欧克科技,,,27.75,35.0,29.000000000000004,0.0,50.0,41.93,-0.922,,,95.796,2.891,,,,,,,,,,1.66624,2928173164.0,
001225,和泰机电,,,27.75,35.0,29.000000000000004,0.0,50.0,33.35,-0.299,,,62.925,2.213,,,,,,,,,,1.47774,3001433967.0,
001227,兰州银行,,,27.75,35.0,29.000000000000004,0.0,50.0,2.09,1.456,,,7.326,0.383,,,,,,,,,,1.24838,8813173508.699999,
001228,永泰运,,,27.75,35.0,29.000000000000004,0.0,50.0,37.67,2.839,,,36.573,2.287,,,,,,,,,,4.47871,3008499821.03,
001313,粤海饲料,,,27.75,35.0,29.000000000000004,0.0,50.0,7.16,-0.279,,,238.667,1.92,,,,,,,,,,0.83319,5005878565.16,
001314,亿道信息,,,27.75,35.0,29.000000000000004,0.0,50.0,50.69,-0.53,,,110.196,3.219,,,,,,,,,,2.11202,6290597927.03,
001229,魅视科技,,,27.75,35.0,29.000000000000004,0.0,50.0,38.43,2.754,,,55.696,5.517,,,,,,,,,,4.09977,2834258846.5800004,
002043,兔 宝 宝,,,27.75,35.0,29.000000000000004,0.0,50.0,11.37,0.176,,,13.221,2.868,,,,,,,,,,1.32292,9165420353.64,
002044,美年健康,,,27.75,35.0,29.000000000000004,0.0,50.0,4.47,1.361,,,63.857,2.201,,,,,,,,,,1.12027,17317797492.69,
002009,天奇股份,,,27.75,35.0,29.000000000000004,0.0,50.0,15.37,0.065,,,109.786,2.999,,,,,,,,,,2.23823,5444535373.03,
002010,传化智联,,,27.75,35.0,29.000000000000004,0.0,50.0,4.57,2.237,,,21.425,0.7,,,,,,,,,,0.52888,12602987562.67,
002011,盾安环境,,,27.75,35.0,29.000000000000004,0.0,50.0,12.5,-2.572,,,12.255,1.918,,,,,,,,,,3.65328,13268943775.0,
002012,凯恩股份,,,27.75,35.0,29.000000000000004,0.0,50.0,6.89,-0.577,,,98.429,2.067,,,,,,,,,,1.20135,3221939488.3,
002015,协鑫能科,,,27.75,35.0,29.000000000000004,0.0,50.0,14.55,0.207,,,56.925,1.909,,,,,,,,,,1.66182,23619373133.7,
002016,世荣兆业,,,27.75,35.0,29.000000000000004,0.0,50.0,4.84,4.989,,,28.504,0.791,,,,,,,,,,1.92801,3916022858.88,
002017,东信和平,,,27.75,35.0,29.000000000000004,0.0,50.0,13.86,0.8,,,49.306,4.414,,,,,,,,,,1.34572,8041189311.54,
002019,亿帆医药,,,27.75,35.0,29.000000000000004,0.0,50.0,9.23,-1.599,,,27.97,1.269,,,,,,,,,,0.91827,7776443955.15,
002054,德美化工,,,27.75,35.0,29.000000000000004,0.0,50.0,7.06,1.001,,,28.353,1.292,,,,,,,,,,1.40529,2713692223.1400003,
002056,横店东磁,,,27.75,35.0,29.000000000000004,0.0,50.0,19.55,0.929,,,16.853,2.998,,,,,,,,,,0.83054,31769120061.95,
002057,中钢天源,,,27.75,35.0,29.000000000000004,0.0,50.0,8.79,1.736,,,37.709,1.995,,,,,,,,,,1.07193,6621128361.96,
001311,多利科技,,,27.75,35.0,29.000000000000004,0.0,50.0,16.87,0.476,,,22.493,1.421,,,,,,,,,,1.67086,3068175393.43,
002060,广东建工,,,27.75,35.0,29.000000000000004,0.0,50.0,3.02,0.667,,,10.223,0.804,,,,,,,,,,0.83577,4719727453.2,
002061,浙江交科,,,27.75,35.0,29.000000000000004,0.0,50.0,3.3,1.227,,,9.167,0.546,,,,,,,,,,0.54384,8577155070.0,
002062,宏润建设,,,27.75,35.0,29.000000000000004,0.0,50.0,8.96,1.818,,,38.957,2.27,,,,,,,,,,1.52518,10077320601.6,
002029,七 匹 狼,,,27.75,35.0,29.000000000000004,0.0,50.0,8.96,1.129,,,18.286,0.947,,,,,,,,,,5.91815,5962037392.639999,
002032,苏 泊 尔,,,27.75,35.0,29.000000000000004,0.0,50.0,39.51,-0.378,,,15.0,6.235,,,,,,,,,,0.22905,31473393381.0,
002033,丽江股份,,,27.75,35.0,29.000000000000004,0.0,50.0,8.18,-0.122,,,21.055,1.798,,,,,,,,,,1.3294,4494747880.58,
002074,国轩高科,,,27.75,35.0,29.000000000000004,0.0,50.0,28.68,10.012,,,21.727,1.727,,,,,,,,,,2.65706,49807342549.200005,当日已大涨
002075,沙钢股份,,,27.75,35.0,29.000000000000004,0.0,50.0,3.48,0.578,,,29.0,1.148,,,,,,,,,,0.79771,7634500281.599999,
002077,大港股份,,,27.75,35.0,29.000000000000004,0.0,50.0,14.35,-2.975,,,159.444,2.449,,,,,,,,,,8.61957,8328001161.55,
002078,太阳纸业,,,27.75,35.0,29.000000000000004,0.0,50.0,13.55,0.074,,,11.681,1.227,,,,,,,,,,0.57256,37622627672.4,
002079,苏州固锝,,,27.75,35.0,29.000000000000004,0.0,50.0,8.58,0.351,,,94.493,1.927,,,,,,,,,,1.53939,6959464323.240001,
002080,中材科技,,,27.75,35.0,29.000000000000004,0.0,50.0,54.81,3.925,,,50.6,4.506,,,,,,,,,,2.76932,91977953639.04,
002081,金 螳 螂,,,27.75,35.0,29.000000000000004,0.0,50.0,4.78,0.42,,,28.606,0.927,,,,,,,,,,4.92867,12679191734.160002,
002083,孚日股份,,,27.75,35.0,29.000000000000004,0.0,50.0,9.25,0.434,,,19.681,1.811,,,,,,,,,,1.55511,8753351886.0,
002058,紫竹高科,,,27.75,35.0,29.000000000000004,0.0,50.0,18.36,10.006,,,13.021,36.356,,,,,,,,,,3.56849,2632196675.5200005,当日已大涨
002005,德豪润达,,,27.75,35.0,29.000000000000004,0.0,50.0,2.71,-2.166,,,138.265,15.656,,,,,,,,,,1.70411,4747901458.18,
002006,精工科技,,,27.75,35.0,29.000000000000004,0.0,50.0,13.29,1.373,,,36.703,2.793,,,,,,,,,,0.66735,6906593156.82,
002007,华兰生物,,,27.75,35.0,29.000000000000004,0.0,50.0,13.02,-1.289,,,25.277,2.167,,,,,,,,,,0.48175,20487530563.08,
002008,大族激光,,,27.75,35.0,29.000000000000004,0.0,50.0,81.76,-0.293,,,71.096,3.922,,,,,,,,,,3.14524,78222236869.28,
001331,胜通能源,,,27.75,35.0,29.000000000000004,0.0,50.0,38.5,-5.498,,,590.491,10.888,,,,,,,,,,2.97658,11004614775.0,
001337,四川黄金,,,27.75,35.0,29.000000000000004,0.0,50.0,44.55,1.945,,,40.135,9.09,,,,,,,,,,1.59269,18711000000.0,
001338,永顺泰,,,27.75,35.0,29.000000000000004,0.0,50.0,9.07,-2.157,,,19.298,1.251,,,,,,,,,,1.48593,4550698664.38,
001339,智微智能,,,27.75,35.0,29.000000000000004,0.0,50.0,70.42,1.572,,,103.559,8.473,,,,,,,,,,2.66899,11400974902.24,
001359,平安电工,,,27.75,35.0,29.000000000000004,0.0,50.0,82.51,1.864,,,63.343,9.639,,,,,,,,,,4.34603,4974592422.820001,
002020,京新药业,,,27.75,35.0,29.000000000000004,0.0,50.0,11.34,-0.088,,,12.326,1.627,,,,,,,,,,1.46201,8209800918.900001,
002025,航天电器,,,27.75,35.0,29.000000000000004,0.0,50.0,68.1,-0.671,,,170.25,4.633,,,,,,,,,,1.03516,30908635461.9,
002026,山东威达,,,27.75,35.0,29.000000000000004,0.0,50.0,11.09,1.837,,,19.456,1.255,,,,,,,,,,2.00375,4885077506.26,
002027,分众传媒,,,27.75,35.0,29.000000000000004,0.0,50.0,4.65,-0.641,,,22.794,4.8,,,,,,,,,,0.8962,67156228725.9,
002028,思源电气,,,27.75,35.0,29.000000000000004,0.0,50.0,120.81,-0.215,,,29.903,5.746,,,,,,,,,,1.41812,73787747200.41,
002042,华孚时尚,,,27.75,35.0,29.000000000000004,0.0,50.0,3.65,-0.545,,,121.667,1.019,,,,,,,,,,1.76792,6207486945.75,
001696,宗申动力,,,27.75,35.0,29.000000000000004,0.0,50.0,15.33,-3.281,,,26.376,3.171,,,,,,,,,,3.30758,13666902246.27,
001872,招商港口,,,27.75,35.0,29.000000000000004,0.0,50.0,24.4,1.161,,,13.161,0.928,,,,,,,,,,0.17828,56174969662.0,
001896,豫能控股,,,27.75,35.0,29.000000000000004,0.0,50.0,10.29,-2.372,,,40.227,4.345,,,,,,,,,,2.12207,15700289885.7,
001914,招商积余,,,27.75,35.0,29.000000000000004,0.0,50.0,9.36,3.311,,,15.133,0.901,,,,,,,,,,1.72484,9862814360.88,
001965,招商公路,,,27.75,35.0,29.000000000000004,0.0,50.0,10.0,1.523,,,15.251,0.989,,,,,,,,,,0.1827,67950949920.0,
001979,招商蛇口,,,27.75,35.0,29.000000000000004,0.0,50.0,7.59,5.563,,,94.875,0.702,,,,,,,,,,1.96698,67321126793.25001,
002001,新 和 成,,,27.75,35.0,29.000000000000004,0.0,50.0,25.33,-0.822,,,11.462,2.232,,,,,,,,,,0.75927,76923484666.24,
002003,伟星股份,,,27.75,35.0,29.000000000000004,0.0,50.0,11.39,0.352,,,20.709,2.986,,,,,,,,,,1.22343,11792526483.99,
002004,华邦健康,,,27.75,35.0,29.000000000000004,0.0,50.0,4.26,-0.93,,,11.784,0.835,,,,,,,,,,0.82352,8031580047.54,
002034,旺能环境,,,27.75,35.0,29.000000000000004,0.0,50.0,13.97,0.939,,,8.266,0.812,,,,,,,,,,0.88665,7188227387.55,
002035,华帝股份,,,27.75,35.0,29.000000000000004,0.0,50.0,4.81,0.208,,,13.28,1.062,,,,,,,,,,2.99774,3761601178.27,
002039,黔源电力,,,27.75,35.0,29.000000000000004,0.0,50.0,19.09,-2.002,,,13.601,1.807,,,,,,,,,,1.76536,8162084625.34,
002040,南 京 港,,,27.75,35.0,29.000000000000004,0.0,50.0,8.78,-1.68,,,23.069,1.211,,,,,,,,,,2.31004,4267742407.1,
002041,登海种业,,,27.75,35.0,29.000000000000004,0.0,50.0,9.3,-1.064,,,89.251,2.206,,,,,,,,,,1.79954,8184000000.0,
001391,国货航,,,27.75,35.0,29.000000000000004,0.0,50.0,3.8,-0.262,,,18.095,1.738,,,,,,,,,,0.16189,27707723936.2,
002436,兴森科技,,,27.75,35.0,29.000000000000004,0.0,50.0,42.2,2.577,,,527.5,12.721,,,,,,,,,,5.64077,64056585063.2,
002437,誉衡药业,,,27.75,35.0,29.000000000000004,0.0,50.0,3.47,0.58,,,20.186,3.131,,,,,,,,,,9.04528,7296286830.400001,
002438,江苏神通,,,27.75,35.0,29.000000000000004,0.0,50.0,13.65,-2.08,,,24.275,1.838,,,,,,,,,,1.1308,6400221104.549999,
002400,省广集团,,,27.75,35.0,29.000000000000004,0.0,50.0,6.48,3.514,,,125.581,2.251,,,,,,,,,,3.5792,11185546724.64,
002402,和而泰,,,27.75,35.0,29.000000000000004,0.0,50.0,17.81,0.0,,,24.633,2.271,,,,,,,,,,1.42275,14577103705.71,
002405,四维图新,,,27.75,35.0,29.000000000000004,0.0,50.0,5.91,0.34,,,133.409,1.686,,,,,,,,,,0.73607,13922555789.91,
002406,远东传动,,,27.75,35.0,29.000000000000004,0.0,50.0,6.42,0.156,,,30.571,1.186,,,,,,,,,,1.03509,3609139816.62,
002407,多氟多,,,27.75,35.0,29.000000000000004,0.0,50.0,29.78,0.101,,,165.444,4.083,,,,,,,,,,3.00386,32189746854.88,
002409,雅克科技,,,27.75,35.0,29.000000000000004,0.0,50.0,124.55,-0.12,,,59.259,7.409,,,,,,,,,,2.79573,39672008138.85,
002410,广联达,,,27.75,35.0,29.000000000000004,0.0,50.0,8.46,1.805,,,34.293,2.382,,,,,,,,,,0.92623,13435315712.64,
002451,摩恩电气,,,27.75,35.0,29.000000000000004,0.0,50.0,7.52,0.804,,,312.033,4.286,,,,,,,,,,1.63849,3302400480.0,
002452,长高电气,,,27.75,35.0,29.000000000000004,0.0,50.0,11.35,1.159,,,20.55,2.263,,,,,,,,,,1.39552,5877940258.65,
002454,松芝股份,,,27.75,35.0,29.000000000000004,0.0,50.0,5.1,-0.196,,,13.077,1.119,,,,,,,,,,0.73418,4474504563.6,
000600,建投能源,,,27.75,35.0,29.000000000000004,0.0,50.0,6.97,-1.135,,,6.708,1.154,,,,,,,,,,0.89994,7597654605.72,
002457,青龙管业,,,27.75,35.0,29.000000000000004,0.0,50.0,11.11,2.208,,,28.487,1.47,,,,,,,,,,3.71517,3705038348.0,
688479,友车科技,软件开发,,27.75,16.898082187285713,50.72108843537415,0.0,50.0,34.71,-0.144,,,115.7,3.782,0.62,-28.04,-6.5274515975,31.4873150622,,,,,,1.71173,3003260535.6,
002420,毅昌科技,,,27.75,35.0,29.000000000000004,0.0,50.0,6.1,1.329,,,12.708,3.004,,,,,,,,,,1.4373,2463592970.0,
002422,科伦药业,,,27.75,35.0,29.000000000000004,0.0,50.0,39.22,1.606,,,36.654,2.534,,,,,,,,,,1.28418,50929390479.52,
002423,中粮资本,,,27.75,35.0,29.000000000000004,0.0,50.0,9.11,0.663,,,18.531,0.909,,,,,,,,,,0.36947,20990401788.25,
002463,沪电股份,,,27.75,35.0,29.000000000000004,0.0,50.0,119.07,1.596,,,59.909,12.737,,,,,,,,,,1.34022,228953956205.52,
002466,天齐锂业,,,27.75,35.0,29.000000000000004,0.0,50.0,40.55,2.893,,,144.821,1.438,,,,,,,,,,1.89158,59846180337.7,
002468,申通快递,,,27.75,35.0,29.000000000000004,0.0,50.0,14.69,0.548,,,15.967,1.913,,,,,,,,,,0.65426,21686694679.39,
002470,金正大,,,27.75,35.0,29.000000000000004,0.0,50.0,1.97,1.026,,,187.619,3.966,,,,,,,,,,2.5831,6472918963.99,
002472,双环传动,,,27.75,35.0,29.000000000000004,0.0,50.0,38.7,-0.232,,,25.8,3.165,,,,,,,,,,2.33889,29294656259.4,
002475,立讯精密,,,27.75,35.0,29.000000000000004,0.0,50.0,50.4,0.962,,,22.009,4.191,,,,,,,,,,0.73746,369307778515.2,
002478,常宝股份,,,27.75,35.0,29.000000000000004,0.0,50.0,6.3,-1.716,,,11.667,0.953,,,,,,,,,,1.69202,4573206936.9,
002479,富春环保,,,27.75,35.0,29.000000000000004,0.0,50.0,5.71,-1.552,,,23.792,1.12,,,,,,,,,,1.0784,4928145939.24,
002440,闰土股份,,,27.75,35.0,29.000000000000004,0.0,50.0,12.99,-1.591,,,21.295,1.407,,,,,,,,,,3.49294,12293151488.97,
002456,欧菲光,,,27.75,35.0,29.000000000000004,0.0,50.0,6.48,-0.461,,,514.286,5.087,,,,,,,,,,1.1053,21498145271.28,
002367,康力电梯,,,27.75,35.0,29.000000000000004,0.0,50.0,6.17,7.304,,,14.914,1.372,,,,,,,,,,4.96432,4904188905.27,当日已大涨
002370,亚太药业,,,27.75,35.0,29.000000000000004,0.0,50.0,5.1,0.196,,,39.231,3.396,,,,,,,,,,1.78467,3802674903.0,
002371,北方华创,,,27.75,35.0,29.000000000000004,0.0,50.0,628.96,-0.784,,,82.275,11.257,,,,,,,,,,0.58098,456049891179.68,
002372,伟星新材,,,27.75,35.0,29.000000000000004,0.0,50.0,8.27,2.225,,,17.596,2.791,,,,,,,,,,0.67352,12157794061.429998,
002373,千方科技,,,27.75,35.0,29.000000000000004,0.0,50.0,7.37,1.515,,,43.353,1.019,,,,,,,,,,0.62326,10152868708.62,
002412,汉森制药,,,27.75,35.0,29.000000000000004,0.0,50.0,8.82,-0.226,,,22.403,1.896,,,,,,,,,,8.92158,4390992900.0,
002414,高德红外,,,27.75,35.0,29.000000000000004,0.0,50.0,11.27,-0.88,,,70.131,5.732,,,,,,,,,,0.74807,38302362097.37,
002415,海康威视,,,27.75,35.0,29.000000000000004,0.0,50.0,32.11,-0.155,,,20.77,3.489,,,,,,,,,,0.29154,290470069028.1,
002416,爱施德,,,27.75,35.0,29.000000000000004,0.0,50.0,8.9,1.136,,,29.46,2.09,,,,,,,,,,0.66443,10887209559.7,
002418,康盛股份,,,27.75,35.0,29.000000000000004,0.0,50.0,4.36,1.869,,,197.285,3.395,,,,,,,,,,5.21383,4954704000.0,
002419,天虹股份,,,27.75,35.0,29.000000000000004,0.0,50.0,4.63,1.535,,,65.028,1.323,,,,,,,,,,0.82026,5283939797.11,
002380,科远智慧,,,27.75,35.0,29.000000000000004,0.0,50.0,26.85,0.864,,,46.293,2.607,,,,,,,,,,1.37345,3818177131.500001,
002384,东山精密,,,27.75,35.0,29.000000000000004,0.0,50.0,171.21,1.741,,,216.722,12.87,,,,,,,,,,2.60638,237352142194.83,
002434,万里扬,,,27.75,35.0,29.000000000000004,0.0,50.0,6.16,-0.324,,,34.222,1.381,,,,,,,,,,0.79707,8077860868.000001,
000589,贵州轮胎,,,27.75,35.0,29.000000000000004,0.0,50.0,4.18,0.481,,,10.45,0.705,,,,,,,,,,0.6901,6454382742.719999,
000792,盐湖股份,,,27.75,35.0,29.000000000000004,0.0,50.0,23.5,1.6,,,14.672,2.604,,,,,,,,,,0.7488,124350675256.0,
000795,英洛华,,,27.75,35.0,29.000000000000004,0.0,50.0,8.18,-0.728,,,35.909,3.457,,,,,,,,,,0.6254,9130917040.86,
000796,凯撒旅业,,,27.75,35.0,29.000000000000004,0.0,50.0,3.49,-0.286,,,174.5,6.322,,,,,,,,,,1.96714,4644383209.72,
000798,中水渔业,,,27.75,35.0,29.000000000000004,0.0,50.0,9.6,-1.538,,,41.94,6.435,,,,,,,,,,3.23202,3512027635.2,
000800,一汽解放,,,27.75,35.0,29.000000000000004,0.0,50.0,5.84,0.0,,,39.674,1.089,,,,,,,,,,0.18032,28736508592.72,
000537,绿发电力,,,27.75,35.0,29.000000000000004,0.0,50.0,7.29,0.137,,,18.692,0.754,,,,,,,,,,0.42758,14986183483.71,
000538,云南白药,,,27.75,35.0,29.000000000000004,0.0,50.0,50.24,-0.179,,,17.384,2.188,,,,,,,,,,0.26089,89634811424.32,
000539,粤电力Ａ,,,27.75,35.0,29.000000000000004,0.0,50.0,5.04,2.231,,,44.094,1.163,,,,,,,,,,1.62243,12879149970.96,
002427,尤夫股份,,,27.75,35.0,29.000000000000004,0.0,50.0,4.53,1.116,,,113.25,4.58,,,,,,,,,,0.80692,4459866476.58,
002428,云南锗业,,,27.75,35.0,29.000000000000004,0.0,50.0,87.16,-0.695,,,2905.333,37.089,,,,,,,,,,3.86129,56916133700.0,
002429,兆驰股份,,,27.75,35.0,29.000000000000004,0.0,50.0,8.14,1.37,,,28.069,2.209,,,,,,,,,,1.09497,36828049399.02,
002430,杭氧股份,,,27.75,35.0,29.000000000000004,0.0,50.0,24.22,0.415,,,24.969,2.35,,,,,,,,,,0.7838,23685654509.02,
002432,九安医疗,,,27.75,35.0,29.000000000000004,0.0,50.0,60.34,1.96,,,11.539,1.216,,,,,,,,,,1.9861,28092041793.06,
000582,北部湾港,,,27.75,35.0,29.000000000000004,0.0,50.0,8.97,-1.967,,,20.157,1.099,,,,,,,,,,1.13535,19346928560.31,
002484,江海股份,,,27.75,35.0,29.000000000000004,0.0,50.0,52.84,1.304,,,66.058,6.857,,,,,,,,,,4.05323,43353635592.6,
002543,万和电气,,,27.75,35.0,29.000000000000004,0.0,50.0,7.4,0.407,,,25.517,1.189,,,,,,,,,,1.80113,4892703887.400001,
002544,普天科技,,,27.75,35.0,29.000000000000004,0.0,50.0,15.41,0.983,,,417.615,2.824,,,,,,,,,,0.96899,10486020031.89,
002545,东方铁塔,,,27.75,35.0,29.000000000000004,0.0,50.0,13.79,-0.217,,,14.222,1.655,,,,,,,,,,1.69684,15584957533.32,
002546,新联电子,,,27.75,35.0,29.000000000000004,0.0,50.0,7.28,0.275,,,10.551,1.464,,,,,,,,,,0.62243,5832935260.88,
002549,凯美特气,,,27.75,35.0,29.000000000000004,0.0,50.0,12.4,-1.195,,,125.761,4.199,,,,,,,,,,1.27622,8585258122.4,
002550,千红制药,,,27.75,35.0,29.000000000000004,0.0,50.0,6.33,-0.315,,,19.781,2.958,,,,,,,,,,0.7544,6036078356.73,
002507,涪陵榨菜,,,27.75,35.0,29.000000000000004,0.0,50.0,11.08,-0.09,,,16.537,1.436,,,,,,,,,,0.30455,12783200293.04,
002508,老板电器,,,27.75,35.0,29.000000000000004,0.0,50.0,16.6,0.302,,,12.481,1.351,,,,,,,,,,0.48002,15497856064.2,
000543,皖能电力,,,27.75,35.0,29.000000000000004,0.0,50.0,7.06,-1.534,,,7.432,0.892,,,,,,,,,,1.05265,16004055116.86,
000550,江铃汽车,,,27.75,35.0,29.000000000000004,0.0,50.0,16.28,0.993,,,11.797,1.175,,,,,,,,,,1.05107,8440580244.8,
000778,新兴铸管,,,27.75,35.0,29.000000000000004,0.0,50.0,3.53,0.857,,,14.776,0.534,,,,,,,,,,0.69484,13743883053.7,
000779,甘咨询,,,27.75,35.0,29.000000000000004,0.0,50.0,8.45,1.077,,,26.365,0.978,,,,,,,,,,3.30946,3927388397.4,
002441,众业达,,,27.75,35.0,29.000000000000004,0.0,50.0,8.25,1.351,,,23.571,1.012,,,,,,,,,,1.02466,3291455301.75,
000786,北新建材,,,27.75,35.0,29.000000000000004,0.0,50.0,16.24,2.461,,,9.458,1.011,,,,,,,,,,1.06529,27437607354.08,
000788,北大医药,,,27.75,35.0,29.000000000000004,0.0,50.0,5.44,0.741,,,39.109,2.137,,,,,,,,,,2.01402,3242171592.0,
000791,甘肃能源,,,27.75,35.0,29.000000000000004,0.0,50.0,7.0,-1.269,,,11.069,1.497,,,,,,,,,,0.59338,13549426002.0,
000551,创元科技,,,27.75,35.0,29.000000000000004,0.0,50.0,11.69,0.516,,,19.148,1.85,,,,,,,,,,1.27978,5662191511.13,
000554,泰山石油,,,27.75,35.0,29.000000000000004,0.0,50.0,6.19,-0.801,,,19.242,2.439,,,,,,,,,,1.86972,2224096693.43,
000555,神州信息,,,27.75,35.0,29.000000000000004,0.0,50.0,10.05,2.866,,,171.21,1.792,,,,,,,,,,2.24558,9797914714.35,
000559,万向钱潮,,,27.75,35.0,29.000000000000004,0.0,50.0,10.76,-1.375,,,34.71,4.333,,,,,,,,,,1.23527,35799370728.64,
002558,巨人网络,,,27.75,35.0,29.000000000000004,0.0,50.0,22.12,-0.271,,,23.532,2.499,,,,,,,,,,2.18576,42040264898.52,
002559,亚威股份,,,27.75,35.0,29.000000000000004,0.0,50.0,8.72,0.461,,,44.856,2.322,,,,,,,,,,1.85095,4461983321.2,
002560,通达股份,,,27.75,35.0,29.000000000000004,0.0,50.0,6.51,0.154,,,21.0,1.787,,,,,,,,,,4.3196,4123082329.8,
002562,兄弟科技,,,27.75,35.0,29.000000000000004,0.0,50.0,4.84,1.044,,,53.778,1.517,,,,,,,,,,1.39268,3937716145.44,
002563,森马服饰,,,27.75,35.0,29.000000000000004,0.0,50.0,5.39,-0.37,,,16.333,1.267,,,,,,,,,,0.50616,11930721680.57,
002564,天沃科技,,,27.75,35.0,29.000000000000004,0.0,50.0,5.15,0.98,,,103.0,40.456,,,,,,,,,,3.50551,4423358056.55,
002565,顺灏股份,,,27.75,35.0,29.000000000000004,0.0,50.0,8.29,-2.814,,,138.167,4.731,,,,,,,,,,7.22171,8787028375.88,
000783,长江证券,,,27.75,35.0,29.000000000000004,0.0,50.0,7.94,0.253,,,12.603,1.19,,,,,,,,,,0.73132,43908779207.12,
002442,龙星科技,,,27.75,35.0,29.000000000000004,0.0,50.0,5.32,1.721,,,66.087,1.433,,,,,,,,,,3.93808,2614837280.44,
002443,金洲管道,,,27.75,35.0,29.000000000000004,0.0,50.0,12.85,3.462,,,45.455,1.96,,,,,,,,,,6.41349,6688881432.000001,
002444,巨星科技,,,27.75,35.0,29.000000000000004,0.0,50.0,26.58,-1.409,,,12.651,1.649,,,,,,,,,,0.89558,30491472345.24,
002445,中南文化,,,27.75,35.0,29.000000000000004,0.0,50.0,3.1,0.649,,,103.333,3.218,,,,,,,,,,1.05285,7335388091.299999,
002446,盛路通信,,,27.75,35.0,29.000000000000004,0.0,50.0,7.74,-0.129,,,96.75,2.906,,,,,,,,,,1.84779,6561796271.04,
002448,中原内配,,,27.75,35.0,29.000000000000004,0.0,50.0,10.77,0.279,,,15.386,1.663,,,,,,,,,,1.21858,6252087390.39,
002486,嘉麟杰,,,27.75,35.0,29.000000000000004,0.0,50.0,2.69,0.373,,,47.95,2.055,,,,,,,,,,2.78965,2206956581.64,
002488,金固股份,,,27.75,35.0,29.000000000000004,0.0,50.0,7.19,0.0,,,158.022,2.056,,,,,,,,,,0.9933,6615403952.809999,
002489,浙江永强,,,27.75,35.0,29.000000000000004,0.0,50.0,2.9,-0.685,,,13.81,1.478,,,,,,,,,,1.058,5547824563.700001,
002490,山东墨龙,,,27.75,35.0,29.000000000000004,0.0,50.0,6.94,-0.287,,,694.0,11.835,,,,,,,,,,1.97832,3759550680.000001,
002493,荣盛石化,,,27.75,35.0,29.000000000000004,0.0,50.0,13.25,-3.214,,,147.222,2.778,,,,,,,,,,0.59278,124049130178.0,
002497,雅化集团,,,27.75,35.0,29.000000000000004,0.0,50.0,15.72,1.813,,,28.422,1.489,,,,,,,,,,1.85001,16656717307.8,
002498,汉缆股份,,,27.75,35.0,29.000000000000004,0.0,50.0,6.06,-0.656,,,36.418,2.282,,,,,,,,,,0.72957,20160383760.0,
002483,润邦股份,,,27.75,35.0,29.000000000000004,0.0,50.0,5.87,0.171,,,14.317,1.148,,,,,,,,,,0.94732,5196422190.13,
002458,益生股份,,,27.75,35.0,29.000000000000004,0.0,50.0,8.05,-0.862,,,53.667,2.484,,,,,,,,,,1.88445,7779403886.8,
002460,赣锋锂业,,,27.75,35.0,29.000000000000004,0.0,50.0,43.38,3.532,,,54.225,1.887,,,,,,,,,,2.90266,52549198628.94,
002461,珠江啤酒,,,27.75,35.0,29.000000000000004,0.0,50.0,8.31,0.241,,,20.353,1.629,,,,,,,,,,0.18469,18392759668.8,
002510,天汽模,,,27.75,35.0,29.000000000000004,0.0,50.0,5.68,1.248,,,94.667,2.279,,,,,,,,,,1.54718,5765746927.200001,
002511,中顺洁柔,,,27.75,35.0,29.000000000000004,0.0,50.0,6.91,0.729,,,27.64,1.599,,,,,,,,,,0.4213,8741177177.029999,
002515,金字火腿,,,27.75,35.0,29.000000000000004,0.0,50.0,7.25,2.401,,,362.5,3.384,,,,,,,,,,4.2192,7988426449.0,
002516,旷达科技,,,27.75,35.0,29.000000000000004,0.0,50.0,5.54,-0.894,,,42.615,2.159,,,,,,,,,,0.74913,8091162698.28,
002517,恺英网络,,,27.75,35.0,29.000000000000004,0.0,50.0,15.87,1.212,,,17.831,3.232,,,,,,,,,,1.05477,29823565350.51,
002518,科士达,,,27.75,35.0,29.000000000000004,0.0,50.0,34.33,1.268,,,32.695,4.1,,,,,,,,,,1.54298,19401678356.01,
002522,浙江众成,,,27.75,35.0,29.000000000000004,0.0,50.0,5.34,1.714,,,89.0,2.058,,,,,,,,,,3.29976,4833820097.04,
002523,天桥起重,,,27.75,35.0,29.000000000000004,0.0,50.0,3.44,1.176,,,40.952,1.914,,,,,,,,,,1.51385,4855706829.52,
002526,山东矿机,,,27.75,35.0,29.000000000000004,0.0,50.0,2.59,1.172,,,37.0,1.432,,,,,,,,,,0.80431,4587497194.42,
002527,新时达,,,27.75,35.0,29.000000000000004,0.0,50.0,10.63,1.528,,,1063.0,5.712,,,,,,,,,,0.67655,5938808060.530001,
002481,双塔食品,,,27.75,35.0,29.000000000000004,0.0,50.0,4.22,-0.706,,,140.667,2.127,,,,,,,,,,0.86823,4718603972.0,
002500,山西证券,,,27.75,35.0,29.000000000000004,0.0,50.0,5.15,1.179,,,19.808,0.989,,,,,,,,,,0.46077,18487323467.05,
002244,滨江集团,,,27.75,35.0,29.000000000000004,0.0,50.0,9.46,10.0,,,13.912,0.959,,,,,,,,,,3.01883,26086416756.4,当日已大涨
002245,蔚蓝锂芯,,,27.75,35.0,29.000000000000004,0.0,50.0,16.2,-0.246,,,26.282,3.481,,,,,,,,,,2.98611,26067399555.6,
002246,北化股份,,,27.75,35.0,29.000000000000004,0.0,50.0,25.07,0.562,,,52.229,4.218,,,,,,,,,,4.46006,13764302285.58,
002248,华东数控,,,27.75,35.0,29.000000000000004,0.0,50.0,9.34,0.538,,,84.909,23.973,,,,,,,,,,2.39678,2872008903.9999995,
002249,大洋电机,,,27.75,35.0,29.000000000000004,0.0,50.0,6.4,-0.156,,,14.545,1.622,,,,,,,,,,1.05509,11978170246.4,
002250,联化科技,,,27.75,35.0,29.000000000000004,0.0,50.0,13.92,-1.556,,,35.01,1.811,,,,,,,,,,1.48885,12463547003.52,
002251,步步高,,,27.75,35.0,29.000000000000004,0.0,50.0,3.39,1.194,,,84.75,1.069,,,,,,,,,,2.30557,7534180483.41,
002252,上海莱士,,,27.75,35.0,29.000000000000004,0.0,50.0,5.17,1.772,,,21.542,1.052,,,,,,,,,,0.9687,34061160784.2,
002254,泰和新材,,,27.75,35.0,29.000000000000004,0.0,50.0,11.57,-0.516,,,231.4,1.387,,,,,,,,,,1.24309,9841128545.56,
002256,兆新股份,,,27.75,35.0,29.000000000000004,0.0,50.0,3.13,0.321,,,156.5,4.691,,,,,,,,,,0.94414,6317111923.73,
002290,禾盛新材,,,27.75,35.0,29.000000000000004,0.0,50.0,69.9,0.431,,,105.909,16.483,,,,,,,,,,2.66873,17288144578.2,
002292,奥飞娱乐,,,27.75,35.0,29.000000000000004,0.0,50.0,8.56,0.117,,,171.2,4.176,,,,,,,,,,3.31326,8713082597.36,
002293,罗莱生活,,,27.75,35.0,29.000000000000004,0.0,50.0,10.59,-0.657,,,16.928,2.163,,,,,,,,,,0.53838,8794819608.42,
002365,永安药业,,,27.75,35.0,29.000000000000004,0.0,50.0,13.0,-1.366,,,167.31,1.913,,,,,,,,,,5.22394,3193353813.0,
002296,辉煌科技,,,27.75,35.0,29.000000000000004,0.0,50.0,9.58,-1.744,,,19.958,1.497,,,,,,,,,,3.99627,3328239953.52,
002297,博云新材,,,27.75,35.0,29.000000000000004,0.0,50.0,20.15,-1.129,,,186.747,5.026,,,,,,,,,,8.65276,11548062102.85,
002299,圣农发展,,,27.75,35.0,29.000000000000004,0.0,50.0,15.51,-1.835,,,13.845,1.679,,,,,,,,,,0.65661,18900481905.36,
002300,太阳电缆,,,27.75,35.0,29.000000000000004,0.0,50.0,7.77,-0.766,,,67.507,2.953,,,,,,,,,,4.62539,5612207363.700001,
002301,齐心集团,,,27.75,35.0,29.000000000000004,0.0,50.0,8.82,4.009,,,80.182,2.039,,,,,,,,,,4.34995,6332660536.860001,
002264,新 华 都,,,27.75,35.0,29.000000000000004,0.0,50.0,7.57,-0.916,,,31.542,2.597,,,,,,,,,,8.59348,4927372591.04,
002265,建设工业,,,27.75,35.0,29.000000000000004,0.0,50.0,18.9,-0.264,,,82.174,4.962,,,,,,,,,,0.60055,19524463692.3,
002266,浙富控股,,,27.75,35.0,29.000000000000004,0.0,50.0,4.54,0.221,,,20.636,1.811,,,,,,,,,,0.99485,21985336939.66,
002268,电科网安,,,27.75,35.0,29.000000000000004,0.0,50.0,15.08,1.617,,,221.114,2.335,,,,,,,,,,2.24396,12744248364.64,
002270,华明装备,,,27.75,35.0,29.000000000000004,0.0,50.0,17.02,0.0,,,21.544,4.529,,,,,,,,,,0.92542,15253756835.62,
002271,东方雨虹,,,27.75,35.0,29.000000000000004,0.0,50.0,10.43,3.063,,,208.6,1.213,,,,,,,,,,1.7995,20345517168.41,
002273,水晶光电,,,27.75,35.0,29.000000000000004,0.0,50.0,23.51,-1.426,,,27.337,3.203,,,,,,,,,,2.06922,32116573173.27,
002303,美盈森,,,27.75,35.0,29.000000000000004,0.0,50.0,6.7,10.016,,,39.319,2.325,,,,,,,,,,13.71872,7151335617.5,当日已大涨
002304,洋河股份,,,27.75,35.0,29.000000000000004,0.0,50.0,36.9,-0.297,,,25.198,1.178,,,,,,,,,,0.23515,55586528040.6,
002294,信立泰,,,27.75,35.0,29.000000000000004,0.0,50.0,29.95,0.301,,,51.638,3.898,,,,,,,,,,0.55063,33381243793.2,
000601,韶能股份,,,27.75,35.0,29.000000000000004,0.0,50.0,6.02,1.007,,,60.2,1.509,,,,,,,,,,2.03425,6344843660.82,
000603,盛达资源,,,27.75,35.0,29.000000000000004,0.0,50.0,31.08,3.393,,,40.364,5.709,,,,,,,,,,3.31125,20721544437.72,
000612,焦作万方,,,27.75,35.0,29.000000000000004,0.0,50.0,10.63,4.318,,,11.837,1.565,,,,,,,,,,3.36083,12673079558.22,
000617,中油资本,,,27.75,35.0,29.000000000000004,0.0,50.0,6.56,0.306,,,19.294,0.775,,,,,,,,,,0.26822,82932038758.23999,
000738,航发控制,,,27.75,35.0,29.000000000000004,0.0,50.0,18.67,-0.797,,,74.68,1.951,,,,,,,,,,0.6189,24554485298.67,
000739,普洛药业,,,27.75,35.0,29.000000000000004,0.0,50.0,26.56,-0.932,,,34.391,4.685,,,,,,,,,,1.53432,30755941442.88,
000750,国海证券,,,27.75,35.0,29.000000000000004,0.0,50.0,3.59,1.127,,,29.917,1.0,,,,,,,,,,0.50197,20808372277.43,
002258,利尔化学,,,27.75,35.0,29.000000000000004,0.0,50.0,13.83,-0.718,,,23.123,1.388,,,,,,,,,,1.53283,11051288777.85,
002259,升达林业,,,27.75,35.0,29.000000000000004,0.0,50.0,4.89,1.663,,,27.911,7.815,,,,,,,,,,4.98765,3678885225.63,
002261,拓维信息,,,27.75,35.0,29.000000000000004,0.0,50.0,24.08,-0.083,,,474.951,11.615,,,,,,,,,,1.23831,27598219982.480003,
002262,恩华药业,,,27.75,35.0,29.000000000000004,0.0,50.0,21.5,-0.232,,,20.476,2.595,,,,,,,,,,0.40892,19001190557.5,
002263,大东南,,,27.75,35.0,29.000000000000004,0.0,50.0,3.21,3.883,,,321.0,2.166,,,,,,,,,,3.29313,6029487770.999999,
002225,濮耐股份,,,27.75,35.0,29.000000000000004,0.0,50.0,3.41,1.187,,,42.625,0.971,,,,,,,,,,1.47786,3324508070.73,
002243,力合科创,,,27.75,35.0,29.000000000000004,0.0,50.0,6.94,1.909,,,47.502,1.139,,,,,,,,,,0.5581,8342994897.12,
002228,合兴包装,,,27.75,35.0,29.000000000000004,0.0,50.0,3.23,0.0,,,35.889,1.316,,,,,,,,,,1.64561,3906109120.07,
002230,科大讯飞,,,27.75,35.0,29.000000000000004,0.0,50.0,37.2,-0.134,,,103.333,3.912,,,,,,,,,,0.50779,81466770168.0,
002232,启明信息,,,27.75,35.0,29.000000000000004,0.0,50.0,17.15,5.344,,,215.182,4.936,,,,,,,,,,10.14001,7006606003.25,
002233,塔牌集团,,,27.75,35.0,29.000000000000004,0.0,50.0,6.68,0.15,,,12.37,0.669,,,,,,,,,,0.76535,7839804365.440001,
002236,大华股份,,,27.75,35.0,29.000000000000004,0.0,50.0,15.23,0.066,,,12.907,1.274,,,,,,,,,,0.46892,36417054813.450005,
002237,恒邦股份,,,27.75,35.0,29.000000000000004,0.0,50.0,12.35,0.899,,,22.87,1.286,,,,,,,,,,1.37651,14725596698.8,
002239,奥特佳,,,27.75,35.0,29.000000000000004,0.0,50.0,2.46,1.653,,,41.0,1.37,,,,,,,,,,1.3711,8034734156.16,
002241,歌尔股份,,,27.75,35.0,29.000000000000004,0.0,50.0,23.0,-0.648,,,20.175,2.153,,,,,,,,,,1.51468,72484540733.0,
002242,九阳股份,,,27.75,35.0,29.000000000000004,0.0,50.0,11.36,9.971,,,71.0,2.677,,,,,,,,,,2.50981,8653657500.0,当日已大涨
002276,万马股份,,,27.75,35.0,29.000000000000004,0.0,50.0,9.74,0.103,,,28.256,1.578,,,,,,,,,,0.5594,9813571538.04,
002278,神开股份,,,27.75,35.0,29.000000000000004,0.0,50.0,8.32,5.45,,,53.677,2.3,,,,,,,,,,8.53973,2985391651.84,
002279,久其软件,,,27.75,35.0,29.000000000000004,0.0,50.0,6.67,3.091,,,127.048,3.908,,,,,,,,,,3.5157,5309909447.91,
002281,光迅科技,,,27.75,35.0,29.000000000000004,0.0,50.0,166.9,1.893,,,137.934,9.562,,,,,,,,,,3.02368,131188365608.8,
002283,天润工业,,,27.75,35.0,29.000000000000004,0.0,50.0,7.45,-3.121,,,22.576,1.386,,,,,,,,,,2.47762,7517821313.4,
002226,江南化工,,,27.75,35.0,29.000000000000004,0.0,50.0,4.85,-0.206,,,16.958,1.34,,,,,,,,,,0.53869,12847253221.5,
002361,神剑股份,,,27.75,35.0,29.000000000000004,0.0,50.0,9.79,-3.452,,,699.286,4.3,,,,,,,,,,7.96574,8267880013.360001,
002363,隆基机械,,,27.75,35.0,29.000000000000004,0.0,50.0,6.98,1.453,,,43.625,1.339,,,,,,,,,,1.24089,2901992005.6600003,
002324,普利特,,,27.75,35.0,29.000000000000004,0.0,50.0,8.85,2.076,,,26.426,2.118,,,,,,,,,,2.02316,6869621888.7,
002328,新朋股份,,,27.75,35.0,29.000000000000004,0.0,50.0,8.26,0.0,,,45.889,1.82,,,,,,,,,,7.03778,4713865500.96,
002332,仙琚制药,,,27.75,35.0,29.000000000000004,0.0,50.0,8.58,-0.809,,,19.067,1.423,,,,,,,,,,0.87562,8457427758.78,
002333,罗普斯金,,,27.75,35.0,29.000000000000004,0.0,50.0,5.52,-1.075,,,69.873,1.926,,,,,,,,,,2.52916,3679094975.76,
002334,英威腾,,,27.75,35.0,29.000000000000004,0.0,50.0,6.42,0.943,,,24.797,1.72,,,,,,,,,,0.81893,4718777643.48,
002335,科华数据,,,27.75,35.0,29.000000000000004,0.0,50.0,30.75,1.151,,,37.048,3.535,,,,,,,,,,3.53473,20297277129.75,
002337,赛象科技,,,27.75,35.0,29.000000000000004,0.0,50.0,4.77,1.489,,,59.625,2.094,,,,,,,,,,1.37532,2803889880.4500003,
002338,奥普光电,,,27.75,35.0,29.000000000000004,0.0,50.0,43.17,-1.145,,,126.971,5.366,,,,,,,,,,1.52092,10360800000.0,
002375,亚厦股份,,,27.75,35.0,29.000000000000004,0.0,50.0,3.86,2.387,,,15.44,0.627,,,,,,,,,,1.55565,5137646339.46,
002376,新北洋,,,27.75,35.0,29.000000000000004,0.0,50.0,6.59,-1.199,,,69.442,1.445,,,,,,,,,,1.73397,5189391417.45,
002377,国创高新,,,27.75,35.0,29.000000000000004,0.0,50.0,2.93,1.384,,,135.648,6.717,,,,,,,,,,3.57694,2556272408.53,
002311,海大集团,,,27.75,35.0,29.000000000000004,0.0,50.0,41.2,-0.435,,,15.969,2.876,,,,,,,,,,0.36967,68203117776.0,
002379,宏桥控股,,,27.75,35.0,29.000000000000004,0.0,50.0,16.3,3.361,,,11.891,3.669,,,,,,,,,,2.10588,18522892173.9,
002345,潮宏基,,,27.75,35.0,29.000000000000004,0.0,50.0,8.11,-2.289,,,14.482,1.857,,,,,,,,,,1.79636,7033140129.15,
002346,柘中股份,,,27.75,35.0,29.000000000000004,0.0,50.0,17.9,-0.39,,,17.723,2.457,,,,,,,,,,0.99055,7904199946.400001,
002349,精华制药,,,27.75,35.0,29.000000000000004,0.0,50.0,8.37,-3.571,,,31.255,2.461,,,,,,,,,,7.68497,6814694199.96,
002386,天原股份,,,27.75,35.0,29.000000000000004,0.0,50.0,5.79,0.696,,,85.905,0.968,,,,,,,,,,0.69327,7535020047.450001,
002389,航天彩虹,,,27.75,35.0,29.000000000000004,0.0,50.0,17.93,-0.83,,,597.667,2.199,,,,,,,,,,1.05792,17656872776.18,
002390,信邦制药,,,27.75,35.0,29.000000000000004,0.0,50.0,2.92,0.344,,,46.057,0.841,,,,,,,,,,1.1242,5629229243.280001,
002392,北京利尔,,,27.75,35.0,29.000000000000004,0.0,50.0,7.41,-0.936,,,21.794,1.432,,,,,,,,,,0.61772,8577416200.86,
002394,联发股份,,,27.75,35.0,29.000000000000004,0.0,50.0,10.59,3.016,,,11.266,0.823,,,,,,,,,,3.02685,3424691680.95,
002395,双象股份,,,27.75,35.0,29.000000000000004,0.0,50.0,13.68,-2.146,,,18.158,2.288,,,,,,,,,,6.97974,3669099120.0,
002396,星网锐捷,,,27.75,35.0,29.000000000000004,0.0,50.0,32.86,-0.394,,,46.551,3.44,,,,,,,,,,5.94763,24888660383.16,
002397,梦洁股份,,,27.75,35.0,29.000000000000004,0.0,50.0,3.62,1.401,,,60.333,2.163,,,,,,,,,,1.98844,2346658407.98,
002398,垒知集团,,,27.75,35.0,29.000000000000004,0.0,50.0,4.27,0.235,,,53.375,0.784,,,,,,,,,,2.04669,2560892152.77,
002364,中恒电气,,,27.75,35.0,29.000000000000004,0.0,50.0,32.8,0.583,,,149.091,7.47,,,,,,,,,,1.83717,18307547468.0,
002378,章源钨业,,,27.75,35.0,29.000000000000004,0.0,50.0,21.28,-0.375,,,88.667,8.864,,,,,,,,,,0.8545,25448708290.88,
002312,川发龙蟒,,,27.75,35.0,29.000000000000004,0.0,50.0,8.11,0.0,,,36.864,1.583,,,,,,,,,,0.54226,15284400109.15,
002315,焦点科技,,,27.75,35.0,29.000000000000004,0.0,50.0,24.94,3.314,,,15.711,3.725,,,,,,,,,,3.44617,6585646648.46,
002317,众生药业,,,27.75,35.0,29.000000000000004,0.0,50.0,22.79,-1.385,,,69.061,4.837,,,,,,,,,,1.9998,17503228923.49,
002318,久立特材,,,27.75,35.0,29.000000000000004,0.0,50.0,17.52,-3.097,,,11.019,2.133,,,,,,,,,,0.69412,16714519734.48,
002320,海峡股份,,,27.75,35.0,29.000000000000004,0.0,50.0,6.27,-1.104,,,80.903,3.459,,,,,,,,,,0.96302,14024951211.48,
002322,理工能科,,,27.75,35.0,29.000000000000004,0.0,50.0,11.89,-0.999,,,19.492,1.54,,,,,,,,,,1.79913,4177919245.81,
002284,亚太股份,,,27.75,35.0,29.000000000000004,0.0,50.0,9.25,0.325,,,14.015,1.924,,,,,,,,,,1.33948,6772742219.0,
002286,保龄宝,,,27.75,35.0,29.000000000000004,0.0,50.0,8.24,-0.842,,,20.098,1.346,,,,,,,,,,3.58003,3046242040.32,
002339,积成电子,,,27.75,35.0,29.000000000000004,0.0,50.0,7.06,0.427,,,176.5,2.055,,,,,,,,,,2.99575,3380282844.24,
002340,格林美,,,27.75,35.0,29.000000000000004,0.0,50.0,6.04,0.835,,,19.484,1.424,,,,,,,,,,0.73907,30658930567.28,
002344,海宁皮城,,,27.75,35.0,29.000000000000004,0.0,50.0,4.0,1.266,,,66.667,0.603,,,,,,,,,,0.62325,5125800368.0,
000751,锌业股份,,,27.75,35.0,29.000000000000004,0.0,50.0,4.38,0.69,,,109.5,1.928,,,,,,,,,,0.89229,7076459706.6,
000753,漳州发展,,,27.75,35.0,29.000000000000004,0.0,50.0,5.44,-1.449,,,115.745,1.965,,,,,,,,,,8.44023,5393657026.240001,
000756,新华制药,,,27.75,35.0,29.000000000000004,0.0,50.0,13.98,-2.442,,,33.286,1.848,,,,,,,,,,9.10523,6974243295.78,
002357,富临运业,,,27.75,35.0,29.000000000000004,0.0,50.0,11.58,1.847,,,21.186,1.796,,,,,,,,,,1.80274,3630072761.88,
000758,中色股份,,,27.75,35.0,29.000000000000004,0.0,50.0,5.71,1.421,,,23.911,1.744,,,,,,,,,,0.78675,11319379133.72,
000563,陕国投Ａ,,,27.75,35.0,29.000000000000004,0.0,50.0,2.89,0.347,,,10.318,0.782,,,,,,,,,,0.50306,14779374334.62,
000565,渝三峡Ａ,,,27.75,35.0,29.000000000000004,0.0,50.0,6.4,0.787,,,320.0,2.162,,,,,,,,,,1.6828,2774990208.0,
000567,海德股份,,,27.75,35.0,29.000000000000004,0.0,50.0,5.88,1.031,,,29.848,1.654,,,,,,,,,,0.60988,11458735636.32,
000568,泸州老窖,,,27.75,35.0,29.000000000000004,0.0,50.0,69.38,-0.829,,,9.427,2.233,,,,,,,,,,0.46742,102069152747.06,
000570,苏常柴Ａ,,,27.75,35.0,29.000000000000004,0.0,50.0,5.27,0.958,,,73.194,1.05,,,,,,,,,,1.11686,2928499511.89,
000573,粤宏远Ａ,,,27.75,35.0,29.000000000000004,0.0,50.0,3.93,3.421,,,35.727,1.562,,,,,,,,,,2.65992,2485960088.67,
000576,甘化科工,,,27.75,35.0,29.000000000000004,0.0,50.0,8.24,0.857,,,48.471,2.133,,,,,,,,,,1.45053,3574637750.64,
000581,威孚高科,,,27.75,35.0,29.000000000000004,0.0,50.0,17.92,-0.111,,,16.291,0.865,,,,,,,,,,0.39507,14226527598.08,
002350,北京科锐,,,27.75,35.0,29.000000000000004,0.0,50.0,13.45,0.224,,,126.648,4.066,,,,,,,,,,0.77706,7135917284.950001,
002351,漫步者,,,27.75,35.0,29.000000000000004,0.0,50.0,9.87,0.0,,,20.563,2.928,,,,,,,,,,0.67793,5205848592.0,
002352,顺丰控股,,,27.75,35.0,29.000000000000004,0.0,50.0,30.51,0.23,,,13.682,1.516,,,,,,,,,,0.34099,141534524952.09,
002353,杰瑞股份,,,27.75,35.0,29.000000000000004,0.0,50.0,109.78,-0.562,,,41.583,4.827,,,,,,,,,,1.48779,75865715647.7,
002356,鹏飞绿能,,,27.75,35.0,29.000000000000004,0.0,50.0,2.65,1.145,,,90.444,5.864,,,,,,,,,,0.9363,3474804605.65,
000757,浩物股份,,,27.75,35.0,29.000000000000004,0.0,50.0,4.3,0.939,,,47.778,1.421,,,,,,,,,,1.34768,2290679208.5,
002487,大金重工,,,27.71,35.0,29.000000000000004,0.0,49.78596,42.93,3.746,,,24.815,2.201,,,,,,,,,,15.10702,27085085044.38,
603818,曲美家居,家居用品,,27.7,43.33677943107143,18.78571428571429,0.0,50.0,4.0,1.266,26.984126984126977,,-18.182,1.437,-3.7,-56.59,-4.1968515495,35.6714912035,增亏,-33.375,-2.439024390243893,1.522842639593902,,3.46268,2746175420.0,净利大幅下滑
600594,益佰制药,中药Ⅱ,,27.69,25.0,20.75,0.0,75.0,3.6,0.0,9.422492401215798,,-8.571,1.34,-3.741,-303.665865887,-30.5838934282,57.9235396685,增亏,-186.835,-13.669064748201432,-11.54791154791155,,1.88894,2823818040.0,净利大幅下滑
601858,中国科传,出版,,27.65,29.491476346571428,27.035573122529645,8.184,50.0,22.11,2.125,,,36.246,2.993,3.09,-6.36,-5.8039188066,40.4730668852,,,,,,2.21108,17477955000.0,
600367,红星发展,化学原料,,27.64,18.20888398657143,32.298136645962735,16.427999999999997,50.0,34.59,-2.508,,,128.111,4.641,3.37,7.38,-1.9922850348,23.6974375812,,,,,,5.94529,11137052365.38,
301617,博苑新材,化学制品,,27.64,21.118284784071427,34.11067193675889,11.118000000000002,50.0,54.99,7.172,,,42.628,5.303,5.5,-1.47,3.700533685,20.3155986977,,,,,,4.34176,3791670480.0,当日已大涨
603713,密尔克卫,物流,,27.63,20.58209376142857,28.815789473684212,17.021999999999995,50.0,66.65,-0.374,,,16.868,2.393,7.92,8.37,13.2900077403,11.094931266,,,,,,0.88775,11600335324.3,
688443,智翔金泰,生物制品,,27.63,47.22782888272358,7.426829268292684,6.42616063956,50.0,24.14,-0.413,,,-16.534,6.907,-22.14,-9.2897322674,237.2893389969,86.8532612598,,,,,,1.84732,3461434600.0,
002141,贤丰控股,,,27.63,35.0,29.000000000000004,0.0,49.393860000000004,6.58,4.61,,,430.065,8.247,,,,,,,,,,15.30307,6796717550.839999,
002849,威星智能,,,27.62,35.0,29.000000000000004,0.0,49.33256,23.22,4.219,,,96.75,3.685,,,,,,,,,,15.33372,5078012961.24,
301259,艾布鲁,环境治理,,27.6,44.97050382007143,16.444444444444446,0.0,50.0,19.42,-0.051,,,100.622,5.324,-4.8,-360.16,-62.96769843,37.9587053481,,,,,,1.68822,2817053489.74,净利大幅下滑
002212,天融信,,,27.59,35.0,29.000000000000004,0.0,49.187200000000004,7.38,1.374,,,114.774,0.938,,,,,,,,,,15.4064,8611346970.539999,
688568,中科星图,IT服务Ⅱ,,27.55,46.4869907195,14.434947768281106,0.0,50.0,29.17,1.285,,,729.25,6.819,-8.79,-508.02,-61.8493700511,40.0817870073,,,,,,0.65288,23571661863.04,净利大幅下滑
600698,湖南天雁,汽车零部件,,27.53,1.554348453714286,11.000000000000004,57.24,50.0,6.86,-1.719,,,-234.13,9.899,0.27,75.4,29.5616280913,11.2310878352,,,,,,2.31978,5696898943.26,
688507,索辰科技,软件开发,,27.52,42.0209660999269,19.6734693877551,0.0,50.0,134.63,1.608,,,373.972,4.423,-2.82,-72.1188101585,26.8333197842,50.1277942243,,,,,,4.77651,6628606329.9,净利大幅下滑
300211,亿通科技,通信服务,,27.52,50.0,10.100000000000001,0.0,50.0,7.72,10.602,,,-78.776,5.397,-4.0,-36.87,-6.6846820445,59.2678737213,,,,,,10.19051,2304279681.28,当日已大涨
688772,珠海冠宇,电池,,27.5,7.931684168071429,60.48955223880598,0.0,50.0,14.17,2.237,,,33.738,2.372,-2.68,-273.94,20.1634295967,21.1043578353,,,,,,1.95311,16129422272.08,净利大幅下滑
603666,亿嘉和,自动化设备,,27.49,6.055270651785715,22.681818181818183,0.0,100.0,26.72,1.829,-7.893829713891776,,-130.469,2.68,-6.06,-541.6885550495,-58.673684663,18.4773789125,增亏,-437.4,-12.047399605003296,2.4932873034138714,,1.17282,5491772822.4,净利大幅下滑
301012,扬电科技,电网设备,,27.45,9.92357409992857,19.73134328358209,38.172,50.0,22.09,-0.361,,,110.727,3.644,2.62,43.62,18.8265869766,14.7230037399,,,,,,1.36654,4350849978.58,
688499,利元亨,电池,,27.44,14.42399124742857,30.519402985074628,21.947999999999997,50.0,41.54,12.27,,,134.0,2.961,1.67,16.58,28.1791160749,24.3485877464,,,,,,9.21876,7008982305.400001,当日已大涨
300559,佳发教育,软件开发,,27.44,29.110931735071432,34.81179138321996,0.0,50.0,12.82,1.184,,,160.25,4.365,1.92,-43.87,-45.3682886268,44.0353044291,,,,,,1.20519,3988774199.06,
301148,嘉戎技术,环境治理,,27.4,41.966882186999996,19.238095238095244,0.0,50.0,58.3,1.941,,,132.5,3.922,1.0,-38.0,11.0004919498,30.2536350618,,,,,,1.56991,3432099429.0,
688757,胜科纳米,专业服务,,27.39,49.13323026542857,10.58823529411765,0.0,50.0,28.68,-0.347,,,179.25,13.067,2.07,-44.51,24.3056597248,36.5415223716,,,,,,3.88376,5197399551.96,
600410,华胜天成,IT服务Ⅱ,,27.38,0.9625388770000003,28.376068376068375,0.0,100.0,14.59,0.344,-2.6814300960512294,,576.68,3.842,-5.71,-275.3,10.5706323596,11.3475544278,首亏,-296.74,-20.715139658732756,5.419075144508678,,4.31757,15997857424.97,净利大幅下滑
300897,山科智能,通用设备,,27.37,25.38273920142857,39.03945111492281,0.0,50.0,16.7,-0.595,,,128.462,3.362,0.81,-63.11,0.7515428828,42.700834882,,,,,,2.98417,2012052289.1,净利大幅下滑
600715,文投控股,游戏Ⅱ,,27.37,33.925626533000006,8.785714285714286,0.0,75.0,1.65,1.852,8.552631578947366,,-165.0,6.274,-1.84,-538.19,-38.4150392049,22.4958771462,首亏,-486.505,-8.333333333333337,-1.7857142857142905,,1.63846,4722914197.65,净利大幅下滑
688228,开普云,IT服务Ⅱ,,27.35,46.663622737357144,13.38888888888889,0.0,50.0,91.2,9.222,,,-536.471,5.083,-1.51,-601.58,-26.725264441,40.3290718323,,,,,,4.12313,6160629312.0,净利大幅下滑；当日已大涨
603728,鸣志电器,电机Ⅱ,,27.35,22.427250318714282,7.692307692307687,34.806,50.0,52.47,0.421,,,359.63,7.397,1.25,38.01,19.2122554792,37.0231504462,,,,,,1.47405,21978764775.0,
300727,润禾材料,化学制品,,27.31,32.47958560557143,30.256916996047433,0.0,50.0,33.53,1.822,,,49.309,4.465,2.92,-30.09,19.9343638936,23.5658712498,,,,,,2.73667,5435760444.31,
688801,燧原科技,半导体,,27.28,35.0,4.500000000000001,22.630666666666666,50.0,441.2,-1.518,,,-147.067,71.817,,-3.57,279.0823773754,,减亏,6.115,,,,11.15456,7897623390.0,
603106,恒银科技,计算机设备,,27.26,22.40527392957143,42.1505376344086,0.0,50.0,7.27,1.253,,,121.167,2.87,0.58,-46.52,-41.2371499733,39.3373835014,,,,,,1.33198,3784180400.0,
688253,英诺特,医疗器械,,27.26,28.675,34.610644257703086,0.0,50.0,54.35,-0.948,,,51.274,3.696,1.47,-75.12,-49.0911880652,76.3634649771,,,,,,0.49848,7498576235.4,净利大幅下滑
603982,泉峰汽车,汽车零部件,,27.26,23.525916800432796,23.166666666666668,5.654222548379999,65.0,6.48,2.37,11.340206185567014,,-6.573,1.164,-8.64,-10.5762957527,-4.0316604055,0.6954700695,增亏,-10.725,0.0,2.369668246445511,,1.47518,2200306991.04,
600828,茂业商业,一般零售,,27.25,25.0,18.98275862068966,0.0,75.0,4.28,0.234,18.23204419889504,,-30.162,1.131,-2.83,-644.96,-26.4269628895,58.1888516446,首亏,-346.375,-16.078431372549005,7.8085642317380355,,0.75911,7410221574.679999,净利大幅下滑
301212,联盛化学,化学制品,,27.21,22.7359347187963,26.20553359683795,15.347999999999997,50.0,26.25,0.884,,,201.923,2.088,1.41,5.58,18.8861874589,16.196102339,,,,,,1.4978,2460937500.0,
600853,龙建股份,基础建设,,27.21,5.671184343285715,44.16289592760181,5.856951456838,65.0,3.29,1.543,5.078249760459919,,8.658,0.915,1.79,5.35,-3.1712673694,11.6746580806,,,-4.360465116279066,-2.373887240356088,5.856951456838,0.99949,3335069989.65,疑似价值陷阱
600653,申华控股,汽车服务,,27.2,0.0,9.000000000000002,39.800000000000004,75.0,1.71,1.786,10.322580645161295,,-18.587,5.289,-2.91,68.68,-24.295459274,6.5053440403,减亏,70.5,-8.556149732620334,-1.1560693641618491,,3.05756,3328310342.07,
601015,陕西黑猫,焦炭Ⅱ,,27.16,0.0,22.33333333333334,26.325333333333333,75.0,3.58,1.994,17.763157894736835,,-6.172,1.537,-7.42,20.78,-3.4876846774,-10.7638883127,减亏,19.97,-12.254901960784316,-7.731958762886593,,3.45122,7312141547.62,
603667,五洲新春,通用设备,,27.16,36.544414854,24.248141795311607,0.539999999999999,50.0,49.84,0.85,,,199.36,4.781,1.83,-19.1,-19.0302573672,19.7571807956,,,,,,4.12077,18251546056.8,
600880,博瑞传播,教育,,27.15,22.46453345271428,21.642857142857146,0.0,75.0,4.18,2.451,10.875331564986723,,-418.0,1.554,-1.84,-1011.21,18.15,41.4503468338,首亏,-830.335,-17.716535433070867,3.209876543209877,,4.55972,4568866131.5,净利大幅下滑
300177,中海达,军工电子Ⅱ,,27.15,44.431837015,15.269230769230772,0.0,50.0,6.08,0.829,,,-19.425,3.623,-3.38,-81.29,-29.0685638063,37.204571821,,,,,,1.10859,3686323766.08,净利大幅下滑
301357,北方长龙,地面兵装Ⅱ,,27.14,45.83747436635714,13.571428571428573,0.0,50.0,90.4,1.277,,,301.333,7.678,-2.35,-2351.55,-21.2327871936,39.1724641129,,,,,,3.20652,5620846000.0,净利大幅下滑
300791,仙乐健康,食品加工,,27.13,28.810029046285713,25.0,8.946,50.0,17.69,1.492,,,39.593,1.896,5.13,-5.09,0.5149858684,32.3790406648,,,,,,0.75648,4555170453.67,
605188,国光连锁,一般零售,,27.11,37.96641253107143,5.517241379310348,17.352,50.0,12.41,-1.116,,,395.223,5.097,1.78,8.92,1.054704443,21.9229775435,,,,,,1.0501,6312948385.0,
605296,神农集团,养殖业,,27.08,0.0,28.333333333333332,0.0,100.0,31.6,0.413,4.774535809018565,,48.615,4.021,-17.89,-308.74,-11.0153148314,-3.1680485639,首亏,-306.445,-13.353441184535232,-6.314853246368202,,0.63654,16368307608.8,净利大幅下滑
301522,上大股份,金属新材料,,27.07,9.443264050714285,43.3,13.668,50.0,21.99,-0.136,,,81.354,4.192,3.16,2.78,6.4741570004,12.160569671,,,,,,0.83654,6086428857.33,
603983,丸美生物,化妆品,,27.06,38.497431887000005,16.571428571428573,5.484000000000001,50.0,30.4,0.997,,,49.032,3.605,4.61,-10.86,-5.7555135081,73.8197564503,,,,,,0.69663,12190400000.0,
301122,采纳股份,医疗器械,,27.04,38.3509403165,7.529411764705883,15.329999999999998,49.1153,67.91,4.945,,,1358.2,4.388,0.54,5.55,72.2284321423,26.8013164431,,,,,,15.44235,5136680686.030001,
301178,天亿马,IT服务Ⅱ,,27.03,29.23978178642857,33.048433048433054,0.0,50.0,34.75,0.144,,,315.909,4.138,0.33,-57.28,45.9446395837,14.780694501,,,,,,1.84884,2386894864.5,净利大幅下滑
001400,江顺科技,,,27.03,35.0,29.000000000000004,0.0,46.383,85.33,2.981,,,57.827,5.626,,,,,,,,,,16.8085,2748820620.0,
300084,海默科技,专用设备,,27.03,46.71207059071428,12.055555555555555,0.0,50.0,9.92,0.101,,,-141.512,4.274,-2.81,-185.48,-34.2015371227,40.396898827,,,,,,0.75307,4677295316.4800005,净利大幅下滑
688191,智洋创新,电网设备,,27.03,40.790400492357136,19.176119402985076,0.0,50.0,20.0,0.15,,,74.074,7.84,-5.41,-340.7,-11.5676101294,32.1065606893,,,,,,1.4381,6560054760.0,净利大幅下滑
300736,百邦科技,其他电子Ⅱ,,27.01,25.0,9.000000000000002,29.028,50.0,34.38,2.261,,,-149.478,69.078,-10.2,28.38,-37.9782164427,8.9338104108,,,,,,3.5712,4293644283.000001,
300880,迦南智能,电网设备,,27.01,16.287407965857142,48.507462686567166,0.0,50.0,18.23,0.0,,,44.119,3.338,3.23,-47.39,-14.2949736354,21.4973711522,,,,,,1.13541,3557352614.4,
603086,先达股份,农化制品,,26.99,14.214580526642855,50.90909090909091,0.0,50.0,5.84,1.038,,,18.839,1.191,3.39,-46.8,10.5218049147,18.0354127373,,,,,,1.48344,2539308755.12,
301600,慧翰股份,计算机设备,,26.98,22.465948314285715,40.96774193548387,0.0,50.0,75.78,-0.629,,,49.757,6.445,4.18,-44.04,30.8375379944,26.82232764,,,,,,1.611,2444549130.0,
688171,纬德信息,软件开发,,26.98,25.0,37.91383219954649,0.0,50.0,23.91,-7.861,,,170.786,3.429,-0.95,-350.43,24.6588514912,60.4861575542,,,,,,4.1072,2793901671.6,净利大幅下滑
601669,中国电建,基础建设,,26.97,6.125976654142857,60.542986425339365,0.0,50.0,4.52,0.0,,,8.567,0.527,2.4,-29.56,-1.0695555592,10.1763673158,,,,,,0.30732,59083296842.0,疑似价值陷阱
600657,信达地产,房地产开发,,26.97,18.887792720871147,39.00000000000001,38.2,10.0,3.38,10.098,42.61603375527425,,-1.225,0.658,-8.62,64.240829627,-27.8452957335,22.5778312852,减亏,64.5,-3.4285714285714364,26.119402985074625,,2.66868,9639349651.1,疑似价值陷阱；当日已大涨；60日涨幅已高
001216,华瓷股份,,,26.96,35.0,29.000000000000004,0.0,46.03306,29.09,3.745,,,33.057,3.387,,,,,,,,,,16.98347,7180465028.91,
301312,智立方,自动化设备,,26.95,22.826340614928572,23.552447552447557,16.842,50.0,81.4,0.606,,,129.206,11.149,3.75,8.07,37.7338929484,28.8318768609,,,,,,4.58297,6900593018.0,
002912,中新赛克,,,26.91,35.0,29.000000000000004,0.0,45.79078,29.12,10.011,,,71.024,3.274,,,,,,,,,,17.10461,4723928984.32,当日已大涨
600545,卓郎智能,专用设备,,26.9,0.0,29.888888888888886,37.72666666666667,50.0,3.97,-0.251,-33.05227655986509,,-11.564,2.827,-2.89,61.9011172518,15.4393807194,8.8718277088,减亏,62.725,-50.6832298136646,-8.944954128440374,,3.00321,7098011521.34,
300805,电声股份,广告营销,,26.9,3.125,60.58823529411765,3.258,50.0,8.86,4.852,,,110.75,2.402,1.25,-14.57,19.3873518866,9.2480069599,,,,,,5.40721,2660026521.22,
600129,太极集团,中药Ⅱ,,26.9,24.62404062214286,38.050000000000004,0.0,50.0,13.19,-1.124,,,59.955,2.025,2.48,-36.7,-10.128480821,35.793656871,,,,,,1.25446,7273205860.15,
300188,国投智能,软件开发,,26.89,44.20480035442857,14.500000000000002,0.0,50.0,10.74,1.035,,,-11.802,3.886,-10.18,-22.42,-12.8881046527,36.8867204962,,,,,,1.53091,9188162256.6,
301076,新瀚新材,化学制品,,26.87,20.48054856885714,28.636363636363637,14.255999999999998,50.0,20.61,0.635,,,54.237,3.882,3.05,3.76,5.3224530842,27.9977679964,,,,,,1.32208,3140096689.98,
300192,科德教育,教育,,26.86,46.664805120785715,11.428571428571429,0.0,50.0,24.01,1.052,,,63.89,11.146,1.89,-64.92,-2.3495409067,33.7157271691,,,,,,6.89175,10935109117.8,净利大幅下滑
688039,当虹科技,IT服务Ⅱ,,26.86,42.985262208857144,15.858024691358027,0.0,50.0,34.78,8.688,,,-41.904,3.736,-3.08,-421.0661352062,2.5287177012,35.1793670924,,,,,,6.11242,3846717526.72,净利大幅下滑；当日已大涨
601599,浙文影业,纺织制造,,26.86,18.74312029592857,44.95238095238095,0.0,50.0,3.27,1.869,,,29.727,2.369,5.76,-22.35,6.0587030918,16.0803684143,,,,,,1.58148,3794973821.31,
300381,溢多利,化学制药,,26.86,36.71864448164683,23.363636363636367,0.0,50.0,5.72,1.06,,,-141.935,1.089,-0.19,-134.79,-4.3814897008,49.6600891134,,,,,,1.45661,2736752155.28,净利大幅下滑
300659,中孚信息,计算机设备,,26.85,35.54256496164875,20.333333333333332,4.434,50.0,11.3,-2.586,,,-28.25,2.608,-10.08,-12.61,-27.8871290678,80.097477643,,,,,,12.5912,2060690713.0,
600248,陕建股份,房屋建设Ⅱ,,26.85,2.8299381457857136,24.0,0.0,100.0,2.82,1.075,0.7142857142857117,,46.612,0.379,0.82,-78.55,-24.2851957235,11.0919134041,首亏,-111.835,-6.312292358803983,-2.758620689655178,,0.37466,10450184786.52,疑似价值陷阱；净利大幅下滑
688376,美埃科技,环保设备Ⅱ,,26.84,25.309537091285716,33.93939393939394,3.042,50.0,57.2,-0.4,,,63.556,3.883,4.24,-14.93,15.4594225822,26.5569105678,,,,,,1.11208,7736411196.8,
603303,得邦照明,照明设备Ⅱ,,26.83,35.2721753095,25.0,0.0,50.0,28.09,0.465,,,49.708,4.317,2.4105,-46.5,-5.0355445265,15.9442954333,,,,,,0.5877,13397373111.75,
688813,泰金新能,专用设备,,26.81,34.62376693027954,23.555555555555557,2.1359999999999992,50.0,137.95,2.072,,,81.147,12.1,6.68,-16.44,-11.4976547164,22.4662338637,,,,,,11.52207,4149118839.2,
688078,龙软科技,软件开发,,26.81,41.53061479942857,17.38888888888889,0.0,50.0,30.6,0.857,,,-41.918,3.372,-2.22,-408.75,1.8171154661,33.1428607192,,,,,,2.01635,2230525800.0,净利大幅下滑
301678,新恒汇,半导体,,26.79,9.092316834428571,56.26444159178434,0.0,50.0,53.31,2.915,,,88.85,7.095,1.78,-61.98,25.9566313575,16.4992435682,,,,,,4.72253,7408542250.769999,净利大幅下滑
603968,醋化股份,化学制品,,26.71,27.188829933357145,22.22727272727273,0.0,65.0,11.15,-4.127,16.99895068205668,,-39.15,1.291,-0.34,-332.68,1.0995507541,13.0643619067,增亏,-120.245,-4.127257093723136,2.293577981651373,,9.39171,2279952000.0,净利大幅下滑
002579,中京电子,,,26.71,35.0,29.000000000000004,0.0,44.81708,17.9,3.468,,,447.5,4.765,,,,,,,,,,17.59146,10443544800.3,
688277,天智航,医疗器械,,26.71,50.0,6.85294117647059,0.0,50.0,15.48,1.641,,,-38.7,6.051,-6.08,-21.8212370341,-15.9974865265,63.8657693066,,,,,,0.84678,7220566417.320001,
605287,德才股份,装修装饰Ⅱ,,26.69,32.025000000000006,20.0,8.327999999999998,50.0,33.99,3.376,,,65.365,2.988,2.81,-6.12,2.6206689923,5.8467745263,,,,,,2.28014,4758600000.0,
300624,万兴科技,软件开发,,26.68,50.0,6.722222222222224,0.0,50.0,49.2,4.748,,,-104.681,9.889,-6.95,-30.63,-7.0933939581,87.6568181056,,,,,,5.73265,8424674227.200001,
000993,闽东电力,,,26.67,35.0,29.000000000000004,0.0,44.6003,16.28,-6.383,,,125.231,2.954,,,,,,,,,,17.69985,7455449687.400001,
600281,华阳新材,小金属,,26.65,16.70424619564286,4.500000000000001,30.064,65.0,4.71,2.838,17.16417910447763,,-389.256,41.352,4.14,-97.11,60.4267425251,18.8959446739,减亏,33.99,-6.732673267326728,-3.0864197530864224,,2.29485,2422833537.75,净利大幅下滑
300204,舒泰神,化学制药,,26.64,50.0,6.545454545454546,0.0,50.0,19.74,-0.051,,,-123.375,13.239,-4.52,-49.25,-26.0343703305,78.1874448724,,,,,,2.30841,8955337249.74,
688238,和元生物,医疗服务,,26.62,25.0,22.65853658536585,13.81087130178,50.0,8.54,-0.234,,,-23.081,4.237,-7.47,3.0181188363,1.612168535,-23.8469953207,,,,,,6.21379,5529078674.0,
603373,安邦护卫,专业服务,,26.62,18.705980510999996,23.641456582633058,20.400000000000002,50.0,53.8,2.087,,,45.593,4.318,3.46,14.0,1.9841350901,24.0783727154,,,,,,11.97303,3421795723.8,
603150,万朗磁塑,塑料,,26.6,9.491794109785715,55.01501501501501,0.0,50.0,68.49,4.966,,,51.496,3.367,2.89,-23.08,124.7782522695,13.1735117537,,,,,,3.85505,5854730670.0,
300151,昌红科技,专用设备,,26.6,41.4626264605,16.646464646464647,0.0,50.0,20.4,2.667,,,170.0,7.091,1.24,-34.63,-7.5808657254,28.7076770447,,,,,,6.08586,7519599609.6,
000978,桂林旅游,,,26.6,35.0,29.000000000000004,0.0,44.26654,7.27,2.107,,,308.051,3.155,,,,,,,,,,17.86673,3403243763.01,
688613,奥精医疗,医疗器械,,26.6,25.474999999999998,35.84313725490197,0.0,50.0,20.5,4.485,,,205.0,1.955,0.19,-65.46,4.0261782267,60.9429499003,,,,,,5.6241,2808675972.0,净利大幅下滑
603020,爱普股份,化学制品,,26.58,8.391940404500001,56.24505928853756,0.0,50.0,12.11,-1.943,,,52.447,1.408,1.8,-28.27,5.5362718671,15.4487165663,,,,,,2.46471,4548973443.14,
600333,长春燃气,燃气Ⅱ,,26.58,6.580591854071429,21.30769230769231,37.117333333333335,50.0,6.73,0.448,23.260073260073263,,-673.0,2.16,-1.14,60.4440093104,11.1008514346,19.2128285957,减亏,60.44,-6.136680613668055,-0.2962962962962945,,1.30897,4098776503.32,
600339,中油工程,油服工程,,26.58,3.4000000000000004,62.22222222222222,0.0,50.0,3.21,0.0,,,50.313,0.662,1.36,-22.27,5.8984190474,9.0027704544,,,,,,0.58571,17921903381.91,疑似价值陷阱
300795,米奥会展,专业服务,,26.57,47.720071058071426,41.00840336134454,0.0,10.0,12.78,-0.234,45.3924914675768,,27.783,6.645,-2.33,-195.0,-29.6082312144,41.8080994813,首亏,-199.745,-29.50910093767236,-7.458363504706744,,8.42299,2226178309.68,净利大幅下滑；60日涨幅已高
300203,聚光科技,通用设备,,26.57,37.848516803279765,20.863636363636363,0.0,50.0,13.56,-1.238,,,-26.077,2.358,-3.28,-70.47,-3.9149915604,38.6202887923,,,,,,2.41711,6079877199.0,净利大幅下滑
688478,晶升股份,半导体,,26.56,39.45742917485714,18.890243902439025,0.0,50.0,48.68,0.0,,,-173.857,4.483,-0.78,-100.04,-41.7232568696,30.2404008448,,,,,,3.98615,6735661553.28,净利大幅下滑
300673,佩蒂股份,饲料,,26.54,15.983237484500002,47.00000000000001,0.0,50.0,14.88,1.156,,,31.0,2.183,1.36,-69.25,0.9619018692,27.6165324783,,,,,,1.88407,2387663757.12,净利大幅下滑
688206,概伦电子,软件开发,,26.53,50.0,6.113378684807259,0.0,50.0,35.18,-0.593,,,439.75,9.309,-0.34,-114.58,10.0474306717,86.2121275343,,,,,,0.79257,15358843415.3,净利大幅下滑
300863,卡倍亿,汽车零部件,,26.5,19.246995105785718,18.761904761904763,24.15,50.0,37.86,-0.185,,,58.246,6.826,7.69,20.25,22.0819935912,10.0307931481,,,,,,1.53425,9507414898.74,
688103,国力电子,其他电子Ⅱ,,26.48,16.676039560357143,40.98684210526316,4.901999999999999,50.0,79.67,0.784,,,107.662,6.723,2.72,-11.83,24.217616092,23.8264553845,,,,,,1.65988,7593791143.219999,
688244,永信至诚,软件开发,,26.46,42.375914341357145,16.27777777777778,0.0,48.384519999999995,21.24,7.273,,,-66.375,3.494,-5.66,-27.1397556691,-36.282856895,34.3262800779,,,,,,15.80774,3206422663.56,当日已大涨
600386,北巴传媒,汽车服务,,26.46,30.016140103428572,17.833333333333336,0.0,65.0,3.55,0.852,9.567901234567898,,-273.077,1.747,-1.54,-500.06,-32.4542970936,17.0225961448,首亏,-512.205,-3.0054644808743203,1.139601139601143,,1.16539,2862720000.0,净利大幅下滑
688176,亚虹医药,化学制药,,26.46,46.94184283305556,9.5,0.0,50.0,13.75,0.292,,,-18.581,5.811,-16.34,-47.0925381775,19.284644174,72.5615467506,,,,,,2.05386,7867642310.0,
688593,新相微,半导体,,26.44,28.76375131557143,14.383825417201537,16.842,50.0,29.93,2.994,,,1496.5,8.936,0.38,8.07,9.2976901681,13.9392518418,,,,,,1.84442,13753715301.16,
603698,航天工程,专用设备,,26.44,10.38327376042857,49.111111111111114,4.194,50.0,20.04,-1.329,,,50.1,3.049,2.4,-13.01,13.1766856742,16.1365832646,,,,,,1.09191,10741239600.0,
603970,中农立华,农化制品,,26.44,19.025,38.54545454545455,4.380000000000001,50.0,11.74,-1.012,,,18.289,1.973,7.61,-12.7,1.1524304922,6.2012299231,,,,,,7.15493,3155713573.16,
300161,华中数控,通用设备,,26.43,25.129819083413057,30.811892510005716,4.763999999999999,50.0,26.1,1.754,,,317.905,3.394,-5.79,-12.06,17.2458375224,37.4186378189,,,,,,0.88456,5101693528.5,
600881,亚泰集团,综合Ⅱ,,26.4,14.283464314857142,9.000000000000002,31.464000000000002,60.0,1.84,-1.075,21.85430463576159,,-2.921,56.269,-127.11,41.54,-20.7556672237,29.9968500408,减亏,39.24,-18.94273127753303,-3.6649214659685736,,1.94271,5947157817.92,
688418,震有科技,通信设备,,26.4,45.53536706728571,10.940677966101697,0.0,50.0,29.86,-1.093,,,-86.651,7.861,-16.34,-174.492096977,-27.5640009403,38.7495138942,,,,,,1.12244,5749681371.24,净利大幅下滑
300578,会畅科技,通信服务,,26.4,39.593373377285715,18.099999999999998,0.0,50.0,15.38,0.985,,,-219.714,2.688,-2.65,-480.32,-15.889717317,30.4307227282,,,,,,1.37078,3048563848.7000003,净利大幅下滑
603601,再升科技,专业工程,,26.38,35.73662298964286,22.631578947368418,0.0,50.0,9.76,-3.937,,,178.102,4.091,1.8,-25.62,-0.9899484768,18.7312721855,,,,,,8.96156,11149247876.96,
300516,久之洋,其他电子Ⅱ,,26.37,2.6250000000000004,22.697368421052637,39.629999999999995,50.0,34.04,0.118,,,253.651,6.565,1.05,46.05,0.1044611911,4.0168727452,,,,,,1.22814,8578080000.0,
300609,汇纳科技,IT服务Ⅱ,,26.35,40.46912555628571,16.845679012345684,0.0,50.0,24.1,0.837,,,-34.686,3.367,-8.61,-343.97,9.4607844993,31.6567757788,,,,,,1.42684,2889456558.3,净利大幅下滑
301387,光大同创,消费电子,,26.34,28.28588772507143,31.403508771929832,0.0,50.0,51.73,2.052,,,304.473,3.45,-1.02,-171.18,17.9577221105,14.6002428151,,,,,,4.92438,2207971001.46,净利大幅下滑
301269,华大九天,软件开发,,26.33,50.0,5.333333333333332,0.0,50.0,86.68,0.266,,,788.0,9.172,-0.9,-1568.86,12.9451498208,78.8024012578,,,,,,0.61975,47489624965.64,净利大幅下滑
300785,值得买,数字媒体,,26.33,25.088282210714286,40.0,0.0,44.03612,37.11,10.71,,,84.341,3.816,0.46,-28.9,6.4268267554,43.513595095,,,,,,17.98194,4828130791.08,当日已大涨
600644,乐山电力,电力,,26.33,27.17915338057143,12.69776876267748,0.0,75.0,8.86,0.0,7.52427184466018,,217.157,2.477,0.33,-12.71,-5.5481979271,11.8958147328,,,-16.415094339622648,0.3397508493771184,-12.896205286533,3.20856,5123922447.48,
300846,首都在线,IT服务Ⅱ,,26.33,6.728315106853806,12.456790123456793,44.784,50.0,18.75,0.644,,,-55.326,12.387,-4.17,54.64,5.7400742195,15.2274796531,,,,,,2.80932,7815896606.25,
688198,佰仁医疗,医疗器械,,26.24,33.125,25.210084033613445,0.0,50.0,68.4,-2.355,,,48.511,7.515,3.25,-38.54,2.3488446636,88.1658653171,,,,,,0.34952,9421972297.2,
300572,安车检测,通用设备,,26.24,39.510715585214285,17.53030303030303,0.0,50.0,23.58,1.638,,,-26.795,3.341,-2.43,-162.96,28.5915976389,30.3150018193,,,,,,1.82758,4275989890.2,净利大幅下滑
603477,巨星农牧,养殖业,,26.22,4.062457075158733,20.0,0.0,100.0,14.3,2.582,-14.524805738194855,,238.333,3.006,-30.32,-562.56,-4.314138744,-3.8069244486,首亏,-498.81,-14.524805738194855,-6.167979002624668,,2.4594,7294012625.900001,净利大幅下滑
300229,拓尔思,软件开发,,26.21,38.444346408640584,18.722222222222225,0.0,50.0,12.85,2.472,,,-38.221,3.055,-4.49,-129.18,-48.3765602651,61.0070509748,,,,,,1.68138,11218438494.05,净利大幅下滑
301557,常友科技,风电设备,,26.21,33.05592772685714,25.17647058823529,0.0,50.0,81.61,-0.718,,,39.048,4.933,2.21,-33.0,11.4342435156,13.5432988176,,,,,,2.94577,2029720432.97,
300411,金盾股份,专用设备,,26.2,36.523328296071426,20.969696969696965,0.0,50.0,8.45,3.936,,,322.519,3.557,0.36,-75.18,3.9368482697,24.8726596145,,,,,,3.78085,2612025975.0,净利大幅下滑
301155,海力风电,风电设备,,26.16,6.133891644142856,57.294117647058826,0.0,50.0,43.6,2.806,,,27.25,1.681,-1.63,-145.55,-90.8479072438,18.5874483018,,,,,,6.07096,5429854445.599999,净利大幅下滑
300554,三超新材,通用设备,,26.15,12.018156257857145,22.030303030303035,28.127999999999997,50.0,22.96,-0.864,,,-16.486,5.356,-1.89,26.88,19.453893263,26.825418761,,,,,,5.65457,2017589427.84,
688248,南网科技,电网设备,,26.15,32.11108723428572,20.382089552238806,5.688,50.0,49.4,6.534,,,65.867,8.416,4.68,-10.52,-9.1950743835,38.575522128,,,,,,0.90824,27896180000.0,
603917,合力科技,汽车零部件,,26.12,10.109703312642857,40.33333333333333,0.0,65.0,14.04,0.071,5.882352941176472,,99.645,1.733,-0.18,-131.01,-9.3267123106,24.1535846377,首亏,-160.92,-2.228412256267409,4.464285714285721,,1.07197,2861913600.0,净利大幅下滑
301380,挖金客,通信服务,,26.1,11.318357205357142,46.0,4.836,50.0,34.0,0.443,,,80.952,4.59,3.6,-11.94,8.1538619737,13.2457000875,,,,,,3.70193,2799942261.9999995,
603206,嘉环科技,通信服务,,26.09,5.530118488857143,57.714285714285715,0.0,50.0,13.8,2.526,,,81.176,1.848,1.37,-30.77,-6.5682207653,12.9471658844,,,,,,0.96887,4211759834.4,
601187,厦门银行,银行Ⅱ,,26.09,20.775,23.03030303030303,16.386,50.0,6.84,0.293,,,7.6,0.657,4.31,7.31,19.6019533831,,,,,,,0.37832,18012319829.28,
301273,瑞晨环保,通用设备,,26.07,42.12888454807143,13.742424242424246,0.0,50.0,35.45,-2.018,,,-37.198,4.164,-4.43,-23.58,52.2306188655,33.9804383673,,,,,,2.65336,2728963439.85,
601789,宁波建工,房屋建设Ⅱ,,26.07,10.075000000000001,30.0,22.188,50.0,4.18,1.211,,,20.262,1.016,4.03,16.98,-17.1950373072,7.1153798018,,,,,,1.65044,4542818106.2,
300115,长盈精密,消费电子,,26.07,6.626767286214285,56.315789473684205,0.0,50.0,22.47,-0.133,,,51.068,3.679,0.21,-94.2,24.1827714175,18.5424742007,,,,,,1.00232,30500715735.63,净利大幅下滑
688837,信诺维,化学制药,,26.06,20.0,20.81168831168831,28.578666666666663,38.58098,43.61,-3.239,,,79.291,35.458,-27.08,55.1066289959,,,减亏,28.42,,,,20.70951,2119183729.46,换手过热
688114,华大智造,医疗器械,,26.06,25.0,18.411764705882355,15.84534005412,50.0,71.59,-1.716,,,-132.574,4.236,-2.17,6.4089000902,18.9097866262,58.5573949876,,,,,,2.4106,29755497502.16,
603633,徕木股份,消费电子,,26.04,0.0,24.149122807017545,0.0,100.0,6.35,3.084,-6.0650887573964525,,-18.143,1.58,-3.5,-288.51,7.7990144544,6.8240159562,首亏,-262.04,-18.58974358974359,-5.365126676602094,,2.27375,2710248694.3,净利大幅下滑
600868,梅雁吉祥,电力,,26.03,0.0,17.27586206896552,26.853333333333328,75.0,2.78,1.832,7.335907335907343,,-55.6,2.709,-0.12,92.5192215842,143.6661368473,6.59043166,减亏,21.95,-10.897435897435903,-3.135888501742168,,1.83505,5276853327.62,
600560,金自天正,专用设备,,26.03,7.047607197071429,54.464646464646464,1.2180000000000006,50.0,11.55,-0.173,,,50.065,2.587,1.79,-17.97,37.9633496131,13.6016500759,,,,,,1.65101,2583105525.0,
600266,城建发展,房地产开发,,26.02,5.293119000428572,21.722222222222225,24.0,65.0,4.48,5.164,9.535452322738402,,-15.448,0.519,-0.74,-111.26,-20.6538895304,17.4103666006,续盈,-6.17,-2.608695652173898,6.161137440758302,,3.8426,9299330911.36,疑似价值陷阱；净利大幅下滑
603895,天永智能,专用设备,,25.99,39.800175267214286,13.57575757575757,2.628,50.0,26.56,2.509,,,156.235,13.821,3.77,-15.62,1.4049296577,17.5252453741,,,,,,1.36963,2870604800.0,
688583,思看科技,通用设备,,25.99,27.975,30.400228702115495,0.0,50.0,80.1,0.767,,,72.162,8.356,1.19,-73.85,4.6667641453,73.3013072159,,,,,,2.07988,3454298001.9,净利大幅下滑
603023,威帝股份,汽车零部件,,25.98,27.24633544957143,19.238095238095237,0.0,65.0,4.08,2.256,7.36842105263158,,582.857,2.974,-0.996,-1488.3,-8.2507933099,13.1448696294,首亏,-1847.87,-6.849315068493144,-4.672897196261683,,1.60613,2277119020.56,净利大幅下滑
688375,国博电子,军工电子Ⅱ,,25.98,30.64968931485714,27.15384615384615,0.0,50.0,65.2,-0.867,,,76.706,6.157,1.51,-51.26,-17.2281986477,33.6245650408,,,,,,0.45685,38860171480.0,净利大幅下滑
301626,苏州天脉,消费电子,,25.97,46.08474810835715,8.596491228070176,0.0,50.0,295.5,-1.958,,,220.522,21.259,1.19,-79.76,10.0328901947,35.3536473517,,,,,,3.28101,15548913909.0,净利大幅下滑
600833,第一医药,医药商业,,25.96,10.711068962758816,27.999999999999996,3.0,75.0,10.56,-0.283,8.307692307692305,,40.615,2.102,2.29,86.6,-1.5076812281,14.6928798674,预减,-85.575,-15.452361889511613,-2.0408163265306034,,1.73628,2355791824.32,
300561,汇金科技,软件开发,,25.94,46.778003445428574,7.611111111111112,0.0,50.0,14.37,0.139,,,-308.369,8.057,-0.82,-230.95,-14.4969881637,40.4892048236,,,,,,3.46427,3463997338.38,净利大幅下滑
688069,德林海,环境治理,,25.93,25.0,33.71428571428572,0.0,50.0,35.55,1.775,,,39.5,4.461,-0.44,-83.5962024325,54.9463888691,64.2631919331,,,,,,1.08315,5568304429.8,净利大幅下滑
002342,巨力索具,,,25.92,35.0,29.000000000000004,0.0,40.85296,8.45,-2.65,,,464.286,3.324,,,,,,,,,,19.57352,8067130500.0,
000823,超声电子,,,25.92,35.0,29.000000000000004,0.0,40.87156,24.4,10.009,,,58.895,2.604,,,,,,,,,,19.56422,14516344874.8,当日已大涨
300902,国安达,专用设备,,25.9,42.77755287628572,12.277777777777779,0.0,50.0,18.17,1.679,,,-4910.811,4.126,-2.15,-945.61,-12.4454011245,34.8885740268,,,,,,3.96044,2301663636.46,净利大幅下滑
688311,盟升电子,军工电子Ⅱ,,25.89,36.38971496857143,19.884615384615387,0.0,50.0,24.17,2.633,,,-241.7,2.408,-3.09,-42.4733976306,11.8980997033,25.945600956,,,,,,1.60483,4232335972.47,
600463,空港股份,房地产开发,,25.89,6.887682494857142,13.444444444444448,29.835999999999995,65.0,8.41,2.812,8.376288659793829,,-24.75,2.976,-3.86,36.3124760057,43.5258078864,19.6427554928,减亏,33.135,-2.549246813441486,0.8393285371702586,,1.75407,2523000000.0,
300894,火星人,厨卫电器,,25.87,36.28710920305311,11.16666666666667,8.777999999999999,50.0,9.95,0.302,,,-13.63,4.497,-12.5,-5.37,-27.576614106,32.4588297803,,,,,,1.66163,2926088149.45,
603703,盛洋科技,光学光电子,,25.87,9.9620120505,11.537037037037038,0.0,100.0,9.88,1.333,-3.609756097560968,,-164.667,5.082,-2.62,-524.33,48.9417429215,23.9468168707,首亏,-462.24,-17.183570829840733,-4.170708050436467,,1.92451,4100023345.6,净利大幅下滑
600764,中国海防,航海装备Ⅱ,,25.84,15.658365255857143,44.57142857142858,0.0,50.0,18.3,0.938,,,107.901,1.574,0.67,-41.48,-7.1571243686,29.5767113582,,,,,,0.48786,13004517763.8,
688828,国仪公司,通用设备,,25.82,40.25781860278571,9.909090909090908,5.049333333333333,50.0,84.1,-3.754,,,-4205.0,43.575,-9.77,3.1117669874,51.030997321,31.3609460439,续亏,7.685,-29.029535864978907,-17.951219512195127,,7.99947,2189882675.3,
688084,晶品特装,军工电子Ⅱ,,25.8,33.10293790085714,23.474358974358974,0.0,50.0,42.1,1.937,,,-183.043,2.097,-1.11,-124.3615841185,-3.197073559,21.3441130612,,,,,,0.96065,3185246678.6,净利大幅下滑
301226,祥明智能,电机Ⅱ,,25.79,34.67742736214285,21.53846153846154,0.0,50.0,37.25,0.976,,,248.333,4.459,0.79,-60.49,2.7553083858,20.783398307,,,,,,4.07397,4052800000.0,净利大幅下滑
301171,易点天下,广告营销,,25.79,8.9078222525,52.470588235294116,0.0,50.0,33.64,4.505,,,98.941,5.458,2.1,-45.34,28.5355614903,15.1209511535,,,,,,8.13107,16883399996.04,
300365,恒华科技,软件开发,,25.76,32.67554228985714,23.833333333333336,0.0,50.0,4.56,2.472,,,-12.0,1.747,-1.93,-613.58,-58.5418185376,20.7457592058,,,,,,1.81558,2333464253.52,净利大幅下滑
300520,科大国创,软件开发,,25.74,40.953173721357146,13.833333333333334,0.0,50.0,22.94,1.594,,,-36.413,4.076,-6.32,-68.22,-15.8122426288,32.3344432099,,,,,,3.46678,6474107530.4,净利大幅下滑
600567,山鹰国际,造纸,,25.74,0.0,22.961538461538463,0.0,100.0,1.31,0.769,-5.072463768115931,,-6.55,0.558,-4.55,-1730.29,3.0135894018,2.46108584,增亏,-1009.76,-7.092198581560272,-3.676470588235292,,0.65503,8129150118.860001,疑似价值陷阱；净利大幅下滑
600590,泰豪科技,其他电源设备Ⅱ,,25.72,11.085526466857143,47.36842105263158,2.202000000000001,50.0,8.12,0.371,,,116.0,2.193,2.73,-16.33,5.6976062251,15.9647370536,,,,,,1.23694,6849784526.759999,
688017,绿的谐波,自动化设备,,25.72,21.77000706007143,5.986013986013989,30.749999999999993,50.0,275.6,0.357,,,398.036,14.009,1.96,31.25,38.6366991443,33.6180098841,,,,,,1.75761,50525782450.0,
301270,汉仪股份,软件开发,,25.71,25.5,32.235827664399096,0.0,50.0,32.38,3.055,,,223.003,3.402,0.2,-69.2,-8.8948737795,79.6678372447,,,,,,1.6116,3059678288.72,净利大幅下滑
300185,通裕重工,风电设备,,25.7,5.6538886475000005,27.52941176470588,28.493999999999996,50.0,2.82,2.92,,,141.0,1.603,1.12,27.49,20.7402603402,13.9954441065,,,,,,3.06485,10847014633.8,
300340,科恒股份,电池,,25.7,2.1065132583571433,9.000000000000002,51.27,50.0,9.18,8.255,,,-11.62,48.443,-48.74,65.45,10.2189225677,12.9491185617,,,,,,9.01794,2510235895.68,当日已大涨
600722,金牛化工,化学原料,,25.67,19.59375287164286,8.322981366459627,30.851999999999997,50.0,14.57,-3.318,,,206.96,7.722,2.7727,31.42,1.9450518509,27.7268040203,,,,,,10.87167,9912257679.32,
301390,经纬股份,工程咨询服务Ⅱ,,25.66,34.016478952642856,21.818181818181817,0.0,50.0,41.01,2.04,,,467.084,2.672,-2.48,-289.71,-37.3002265516,22.6230705337,,,,,,7.35891,2011793941.8,净利大幅下滑
688296,和达科技,软件开发,,25.64,43.02344000992857,10.944444444444446,0.0,50.0,25.21,2.647,,,-38.785,4.84,-4.22,-39.3409911277,1.5147697588,35.2328160139,,,,,,7.35371,2707381563.6000004,
600170,上海建工,房屋建设Ⅱ,,25.6,26.174999999999997,31.000000000000007,0.0,50.0,2.21,1.843,,,27.625,0.626,0.47,-42.47,-8.5672806626,7.9583554666,,,,,,1.38676,19637926834.24,疑似价值陷阱
301529,福赛科技,汽车零部件,,25.59,24.704967000714284,12.190476190476192,20.514,50.0,136.88,3.407,,,86.088,11.151,5.07,14.19,0.3567583849,26.841953801,,,,,,5.26965,8701006337.119999,
600667,太极实业,工程咨询服务Ⅱ,,25.58,9.075,41.55844155844155,9.869999999999997,50.0,17.95,0.786,,,85.476,4.281,3.63,-3.55,-14.8791042117,6.900597396,,,,,,4.50304,37543182095.1,
300521,爱司凯,专用设备,,25.57,44.44660326385714,8.944444444444445,0.0,50.0,24.36,1.415,,,-235.362,6.985,-3.05,-21.41,10.5825615459,37.2252445694,,,,,,1.5374,3598702800.0000005,
688685,迈信林,航空装备Ⅱ,,25.57,43.103886638214284,10.535714285714285,0.0,50.0,39.7,20.012,,,330.833,7.212,1.34,-73.79,-6.7198902503,30.6554412935,,,,,,6.0412,5830011179.900001,净利大幅下滑；当日已大涨
688596,正帆科技,专用设备,,25.56,30.879679258,25.191919191919194,0.0,50.0,59.94,-0.811,,,124.875,5.746,-1.36,-153.05,10.5619942401,18.2315509612,,,,,,3.16231,19041167791.98,净利大幅下滑
301319,唯特偶,电子化学品Ⅱ,,25.56,16.360112367857145,16.51282051282051,26.082,50.0,86.16,-0.577,,,135.365,13.07,4.34,23.47,40.6196595146,17.714157315,,,,,,3.19493,11848568715.12,
301689,电科思仪,,,25.55,35.650000000000006,29.000000000000004,14.40115550418,20.0,77.51,-8.919,,,146.245,26.17,6.26,4.0019258403,-2.7838098251,,,,,,,40.32243,4461588144.52,换手过热
301488,豪恩汽电,汽车零部件,,25.53,35.582532658357145,19.42857142857143,0.0,50.0,91.4,0.783,,,112.84,3.878,2.0,-34.06,47.3199335572,17.8155457217,,,,,,1.55873,3824608413.4,
688502,茂莱光学,光学光电子,,25.53,46.683652802714285,6.111111111111114,0.0,50.0,414.57,1.536,,,470.247,18.472,-1.06,-140.96,33.971485201,40.3571139238,,,,,,1.72804,21889649213.64,净利大幅下滑
600250,南京商旅,旅游及景区,,25.52,40.09073660878572,13.333333333333336,0.6359999999999992,50.0,8.82,-0.676,,,294.0,4.404,1.04,-18.94,1.7210501959,27.4870312523,,,,,,1.53668,2758820183.28,
601908,京运通,电力,,25.52,0.0,22.086206896551726,0.0,100.0,2.91,1.042,-1.6891891891891886,,-4.77,0.98,-5.28,-83.3129822208,-43.4946739091,-4.7379299377,增亏,-86.34,-10.461538461538456,-3.642384105960261,,0.93497,7026494325.51,疑似价值陷阱；净利大幅下滑
688691,灿芯股份,半导体,,25.51,29.76056169914286,14.500000000000002,11.82573721884,50.0,61.43,1.588,,,-66.823,6.269,-5.06,-0.2904379686,34.289990803,16.6647863788,,,,,,4.18448,4482240564.3,
300465,高伟达,软件开发,,25.5,36.173784269928575,18.57596371882086,0.0,50.0,11.14,2.015,,,172.179,7.136,1.34,-33.54,-9.5667467331,20.9532979779,,,,,,1.46006,4943367836.9800005,
603048,浙江黎明,汽车零部件,,25.5,25.914237384214285,25.95238095238095,4.962,50.0,24.59,-0.646,,,117.095,2.894,2.06,-11.73,16.9742689876,39.0699323379,,,,,,1.06291,3611779200.0,
601127,赛力斯,乘用车,,25.48,11.598796785857141,7.999999999999999,0.0,100.0,46.81,3.815,-21.95731910636878,,12.72,2.176,-4.38,-158.38,-7.866134882,26.2383155002,首亏,-156.1,-25.6984126984127,-5.625000000000002,,1.65617,72892690779.52,净利大幅下滑
688350,富淼科技,化学制品,,25.47,33.11172506221428,22.154150197628457,0.0,50.0,29.22,2.239,,,224.769,2.267,0.54,-52.96,-1.1596810451,19.4664150871,,,,,,1.20761,4185608030.16,净利大幅下滑
301265,华新科技,环境治理,,25.46,18.001279993999997,22.730158730158728,17.514,50.0,22.58,4.151,,,112.844,3.232,1.89,9.19,15.4124004871,28.5867919916,,,,,,3.52495,5508009668.96,
300875,捷强装备,地面兵装Ⅱ,,25.41,34.62795312442857,14.500000000000002,5.580000000000001,50.0,31.23,0.84,,,-27.637,3.675,-1.13,-10.7,63.8821270365,23.4791343742,,,,,,1.77646,2741733822.8700004,
300355,蒙草生态,基础建设,,25.4,39.555064007999995,14.117647058823529,0.0,50.0,2.76,1.845,,,276.0,1.065,-1.73,-245.32,-25.7463230513,30.3770896112,,,,,,0.87914,4338861588.0,净利大幅下滑
600303,曙光股份,商用车,,25.39,5.6246400558642,19.0,23.798666666666666,65.0,3.06,1.325,18.146718146718158,,-5.885,2.381,-13.55,12.5378840465,-41.5970068198,2.7477508373,减亏,10.495,-3.164556962025322,0.990099009900991,,3.35762,2073187365.66,
688272,富吉瑞,军工电子Ⅱ,,25.39,42.844985836,10.141025641025642,0.0,50.0,28.79,-0.243,,,-26.657,5.672,-6.58,-31.847764601,-5.5431153969,34.9829801704,,,,,,1.70033,2188040000.0,
301017,漱玉平民,医药商业,,25.36,39.536386855928576,13.999999999999998,0.0,50.0,14.04,8.25,,,50.143,2.85,1.26,-28.9,8.8570159275,25.9409415983,,,,,,5.41227,3632079204.0,当日已大涨
600829,人民同泰,医药商业,,25.35,6.625,34.5,18.96,50.0,9.33,-0.745,,,40.425,1.748,2.65,11.6,5.0252642218,8.1039726757,,,,,,1.01804,5410360610.01,
300110,华仁药业,化学制药,,25.33,41.48179649177926,11.545454545454547,0.0,50.0,3.21,-2.134,,,-8.197,4.38,3.35,-23.55,-3.0211317471,33.2492923531,,,,,,9.35329,3792374593.47,
688153,唯捷创芯,半导体,,25.33,8.049718538285713,51.655969191270856,0.0,50.0,25.89,-0.193,,,258.9,2.57,-2.29,-912.5316301367,-1.256071177,21.2696059536,,,,,,0.63492,10826297908.26,净利大幅下滑
300351,永贵电器,轨交设备Ⅱ,,25.31,32.15124813842857,22.666666666666675,0.0,50.0,13.57,0.967,,,84.813,2.163,-0.64,-129.2,10.7105628758,20.0117473938,,,,,,1.41067,3574564971.82,净利大幅下滑
688335,复洁科技,环境治理,,25.31,34.0456177055,20.380952380952383,0.0,50.0,17.38,2.055,,,248.286,2.312,-0.44,-176.62,-4.0306955931,22.6638647877,,,,,,2.0068,2572841208.96,净利大幅下滑
600997,开滦股份,焦炭Ⅱ,,25.29,0.0,21.16666666666667,0.0,100.0,5.18,-0.766,-1.8939393939394036,,-259.0,0.61,-1.02,-138.3,7.2460956218,6.907713239,首亏,-134.65,-11.754684838160143,-11.754684838160143,,0.63306,8224803228.18,疑似价值陷阱；净利大幅下滑
600056,中国医药,医药商业,,25.28,5.635540007357143,51.5,2.844,50.0,8.78,-0.679,,,27.75,1.097,2.08,-15.26,-0.7257916332,10.6097560103,,,,,,0.48532,13129185976.84,
603137,恒尚节能,装修装饰Ⅱ,,25.27,36.04153260092857,17.833333333333336,0.0,50.0,17.98,-2.229,,,-93.89,2.763,2.54,-34.4,-32.9393458577,16.5681456413,,,,,,3.23588,3289141345.32,
300678,中科信息,IT服务Ⅱ,,25.25,2.474271272571429,16.58119658119658,41.466,50.0,20.94,1.355,,,433.54,7.355,0.66,49.11,65.1021661556,11.1539797816,,,,,,0.74687,6129906895.860001,
300436,广生堂,化学制药,,25.25,38.18682633224133,4.500000000000001,10.692,50.0,82.78,-0.933,,,-60.521,66.426,-27.99,-2.18,5.4078786633,66.9546476777,,,,,,1.34357,11317968763.82,
003001,中岩大地,,,25.25,35.0,29.000000000000004,0.0,37.49104,20.42,2.975,,,260.127,3.079,,,,,,,,,,21.25448,2335047460.84,换手过热
603033,三维股份,橡胶,,25.24,5.367525392787523,14.500000000000002,0.0,100.0,7.64,1.461,-25.171400587659164,,-20.649,3.208,-7.286,-896.5385448021,13.7094611098,-1.4526886735,增亏,-657.015,-26.538461538461544,0.5263157894736858,,0.49776,7735736977.519999,净利大幅下滑
301132,满坤科技,元件,,25.24,11.614961747999999,50.081300813008134,0.0,46.16462,71.42,10.301,,,88.173,5.872,2.4,-30.46,24.0320563261,17.8609464472,,,,,,16.91769,6766383793.64,当日已大涨
603912,佳力图,通用设备,,25.22,25.0,18.893939393939398,0.0,65.0,9.01,-0.332,15.809768637532118,,-89.563,2.92,-3.89,-283.8772474324,-5.9521924728,9.9678013921,增亏,-288.26,-4.250797024442088,-2.4891774891774965,,2.63399,4886359872.900001,净利大幅下滑
600207,安彩高科,光伏设备,,25.22,25.0,10.863636363636363,0.0,75.0,5.48,0.366,14.40501043841338,,-8.21,3.516,-17.6,-52.0839483921,-38.1681195926,-11.2053705172,增亏,-36.995,-9.27152317880794,23.42342342342343,,6.92193,5969432795.919999,净利大幅下滑
688102,斯瑞新材,金属新材料,,25.2,21.643680767357143,5.699999999999997,29.118,50.0,29.14,-0.952,,,145.7,11.019,4.85,28.53,40.602527513,23.3261530743,,,,,,0.76538,22694444955.12,
603579,荣泰健康,其他家电Ⅱ,,25.19,24.881113891285715,0.0,30.887999999999998,50.0,17.85,-0.833,,,21.506,1.301,3.97,31.48,22.2912907705,30.9385594478,,,,,,1.12727,3588784697.4,
688595,芯海科技,半导体,,25.19,16.894731408623016,27.78048780487805,12.718231353779998,50.0,30.69,1.187,,,-40.92,6.763,-5.27,1.1970522563,16.4275726171,29.5877605386,,,,,,1.3837,4422230312.94,
600671,天目药业,中药Ⅱ,,25.16,46.5365,4.799999999999997,0.0,50.0,21.62,-1.007,,,149.413,34.504,8.6146,-38.5,-4.0953287326,54.7554652748,,,,,,1.76126,2632678923.46,
603311,金海高科,家电零部件Ⅱ,,25.16,34.53985758456349,19.179487179487175,0.0,50.0,25.79,0.311,,,78.152,4.626,3.28,-27.55,-3.9314339705,23.9452080415,,,,,,2.08191,6083445961.53,
688026,洁特生物,医疗器械,,25.15,21.7090097445,34.5546218487395,0.0,50.0,24.54,-2.773,,,70.114,3.17,1.72,-55.08,3.4743449224,34.3726136423,,,,,,5.13973,3444544020.1800003,净利大幅下滑
301489,思泉新材,电子化学品Ⅱ,,25.13,24.327656218214283,13.23076923076923,18.102,50.0,112.75,0.133,,,150.333,12.064,3.0,10.17,34.9540757061,33.5587187055,,,,,,4.11846,7845231479.250001,
600586,金晶科技,玻璃玻纤,,25.12,0.0,20.500000000000004,0.0,100.0,3.95,1.023,-6.3981042654028375,,-9.493,1.154,-6.2,-225.6,-24.3536585763,0.6968926393,增亏,-160.83,-13.56673960612692,-6.839622641509435,,0.79253,5598483915.0,净利大幅下滑
688068,热景生物,医疗器械,,25.12,40.18445904924243,12.264705882352942,0.0,50.0,90.0,0.39,,,-36.0,3.419,-5.1,-52.4445315252,31.6049486592,52.5046486925,,,,,,2.24819,8347870440.0,净利大幅下滑
600758,辽宁能源,煤炭开采,,25.12,25.0,18.5,0.0,65.0,3.77,5.899,19.30379746835442,,-17.952,0.996,-8.83,-3333.45,-27.4643393064,0.9147419584,首亏,-3282.14,-5.513784461152882,-1.308900523560208,,7.56218,4979202595.38,疑似价值陷阱；净利大幅下滑
300310,宜通世纪,通信服务,,25.1,25.0,30.400000000000006,0.0,50.0,4.32,2.857,,,432.0,2.055,-0.64,-571.01,-14.525344386,8.6092944819,,,,,,1.92744,3484476800.6400003,净利大幅下滑
600703,三安光电,光学光电子,,25.07,31.05814411392857,23.018518518518523,0.0,50.0,11.41,-1.553,-34.236311239193085,,-163.0,1.641,-0.28,-155.47,-28.0373813042,18.4814017595,增亏,-418.195,-47.68454837230628,-12.834224598930478,,1.23585,56924703675.07001,净利大幅下滑
301127,武汉天源,环境治理,,25.07,19.11390475371429,37.333333333333336,0.0,50.0,15.47,2.859,,,45.5,3.035,2.24,-40.95,4.682945582,28.9194666552,,,,,,2.48492,10123988319.9,
688403,汇成股份,半导体,,25.07,3.5414664781428575,56.02053915275994,0.0,50.0,22.25,-0.67,,,117.105,4.904,0.13,-94.78,10.671828757,14.5030530694,,,,,,3.32339,22096434304.75,净利大幅下滑
600313,农发种业,种植业,,25.06,5.575,51.53846153846153,2.0159999999999996,50.0,6.45,-0.922,,,80.625,3.072,2.23,-16.64,32.8368801099,4.8262681671,,,,,,2.32094,6980181376.35,
600515,海南机场,航空机场,,25.05,16.967349995714283,32.00000000000001,7.829999999999999,50.0,2.71,1.88,,,141.885,1.283,0.5,-6.95,30.3639889808,32.004289994,,,,,,0.79298,24866993896.68,
300300,海峡创新,IT服务Ⅱ,,25.02,25.0,44.064577397910725,0.0,32.5001,10.73,-3.159,,,51.095,28.805,-12.08,-684.33,7.6015047585,-2.3772264456,,,,,,23.74995,7154867008.0,净利大幅下滑；换手过热
300780,德恩精工,通用设备,,24.99,0.0,39.00000000000001,20.970000000000002,50.0,19.01,0.211,,,-59.406,2.802,-1.84,14.95,-10.6420691416,7.206332768,,,,,,2.75719,2048560790.72,
300359,全通教育,教育,,24.98,34.281657995357136,18.78571428571429,0.0,50.0,4.14,1.97,,,-37.636,5.336,-8.11,-28.6,-29.4412617573,22.9943211935,,,,,,1.9048,2621869025.58,
001234,泰慕士,,,24.98,35.0,29.000000000000004,0.0,36.17172,28.67,-10.013,,,65.159,3.375,,,,,,,,,,21.91414,2624494805.0,换手过热
300989,蕾奥规划,工程咨询服务Ⅱ,,24.98,18.443942083134917,37.79220779220779,0.0,50.0,14.85,0.815,,,165.0,3.307,-5.03,-682.29,-39.8283571821,5.101149428,,,,,,1.51893,2418980236.2,净利大幅下滑
600108,亚盛集团,种植业,,24.94,9.673890671357142,42.769230769230774,5.394,50.0,3.87,-1.023,,,132.534,1.74,0.58,-11.01,-2.6294721623,21.5134469399,,,,,,5.48693,7534561518.269999,
300782,卓胜微,半导体,,24.9,31.036328957285715,22.36585365853659,0.0,50.0,70.08,-0.242,,,-127.953,3.112,-3.42,-151.53,6.2026908899,18.4508605402,,,,,,1.65502,32136267997.44,净利大幅下滑
300879,大叶股份,专用设备,,24.89,37.37889190135714,14.722222222222223,0.0,50.0,17.32,0.0,,,-75.304,2.829,1.57,-91.42,-10.6709172514,21.8354486619,,,,,,1.82032,3481812719.36,净利大幅下滑
688133,泰坦科技,化学制品,,24.88,31.440906696214288,21.772727272727273,0.0,50.0,21.76,0.601,,,-114.526,1.319,-1.56,-537.13,3.7960128635,19.0172693747,,,,,,2.98588,3578148619.52,净利大幅下滑
600984,建设机械,工程机械,,24.88,0.0,14.500000000000002,5.0040000000000004,100.0,3.58,3.768,-10.275689223057649,,-2.048,2.878,-17.6701,-11.66,-2.1188323216,-23.1603793411,增亏,-11.64,-27.53036437246964,-9.595959595959592,,2.45739,4500217251.5,
600218,全柴动力,汽车零部件,,24.87,3.3000000000000003,54.90476190476191,0.6119999999999997,50.0,7.92,0.0,,,52.8,1.055,1.32,-18.98,-1.1183368879,9.633580915,,,,,,2.54437,3449951358.48,
688586,江航装备,航空装备Ⅱ,,24.87,17.08072088957143,38.75,0.22799999999999937,50.0,10.91,-0.728,,,155.857,3.474,1.24,-19.62,-6.3629289566,29.5730092454,,,,,,0.52534,8633510191.96,
688448,磁谷科技,通用设备,,24.83,38.752032743499996,12.830188679245284,0.0,50.0,65.19,4.321,,,465.643,6.197,0.12,-73.04,5.7366487446,28.8328458409,,,,,,2.5272,6357259698.599999,净利大幅下滑
600192,长城电工,电网设备,,24.82,25.0,9.276119402985076,0.0,75.0,7.25,1.257,13.104524180967235,,-9.201,4.736,-18.21,-21.33,-5.7152931378,8.716891719,增亏,-12.09,-16.47465437788018,2.6912181303116123,,2.2794,3202673000.0,
301517,陕西华达,军工电子Ⅱ,,24.79,38.70254796771428,12.705128205128204,0.0,50.0,35.4,-1.117,,,-80.09,4.279,-2.89,-171.48,-8.9204929644,29.1835671548,,,,,,2.47608,3453078131.9999995,净利大幅下滑
600495,晋西车轴,轨交设备Ⅱ,,24.79,1.5,20.0,37.355999999999995,50.0,4.07,0.494,,,169.583,1.499,0.6,42.26,9.113698721,6.917840818,,,,,,0.66473,4917336906.02,
300375,鹏翎股份,汽车零部件,,24.77,31.310204651714287,21.500000000000004,0.0,50.0,4.11,1.481,,,-16.44,1.513,0.84,-37.16,-1.9241711647,15.8942865124,,,,,,1.47574,2189102432.19,
605178,时空科技,专业工程,,24.74,6.357627551428571,15.315789473684212,35.998666666666665,50.0,63.54,-1.488,-43.00834155529644,,-25.725,5.906,-2.61,56.861149504,-14.7829064756,18.900678572,减亏,56.245,-47.07646176911544,-9.564474807856538,,2.68682,6295543199.999999,
301016,雷尔伟,轨交设备Ⅱ,,24.69,25.327555158857145,24.0,4.385999999999999,50.0,15.27,1.059,,,47.086,4.565,2.46,-12.69,-4.9216898739,36.8485772224,,,,,,1.02215,4486691991.36,
000020,深华发Ａ,,,24.69,35.0,29.000000000000004,0.0,34.71026,14.65,0.068,,,117.013,9.27,,,,,,,,,,22.64487,2654072978.15,换手过热
300045,华力创通,军工电子Ⅱ,,24.68,40.05561706985714,10.653846153846155,0.0,50.0,11.19,0.449,,,-111.9,4.966,-2.38,-1314.36,-28.1293162492,31.0778638978,,,,,,2.07104,5858389391.94,净利大幅下滑
601133,柏诚股份,专业工程,,24.67,8.463757050642858,34.73684210526316,13.806,50.0,23.32,-1.103,,,59.795,4.018,2.83,3.01,9.399874297,11.9442598709,,,,,,1.44572,12228698870.08,
300943,春晖智控,通用设备,,24.67,15.692153333285713,25.809033733562035,14.058000000000002,50.0,32.43,-1.638,,,111.828,6.517,2.76,3.43,2.0327620596,22.3090146666,,,,,,5.40263,4356655507.41,
605389,长龄液压,工程机械,,24.65,22.80797788107143,13.571428571428577,17.663999999999998,50.0,61.44,0.212,,,69.818,5.405,3.38,9.44,18.3400480498,30.1011690335,,,,,,0.27168,11489108582.4,
603725,天安新材,家居用品,,24.58,17.6490186835,37.142857142857146,0.0,50.0,12.03,6.178,,,32.514,4.192,3.9,-46.15,-11.053108414,21.0586261569,,,,,,4.77805,3667437890.4,
300051,琏升科技,光伏设备,,24.58,25.0,9.000000000000002,19.313999999999997,50.0,7.96,1.401,,,-22.743,28.287,-45.8,12.19,-53.8797792446,-49.0648725676,,,,,,2.6094,2928060448.4,
300284,苏交科,工程咨询服务Ⅱ,,24.57,11.445261632214287,42.467532467532465,2.0699999999999994,50.0,5.08,1.804,,,273.118,0.773,0.95,-16.55,-0.6117204331,22.6983662851,,,,,,0.88047,6087271122.360001,疑似价值陷阱
603976,正川股份,医疗器械,,24.55,33.455240904142855,13.714285714285712,4.3260000000000005,50.0,29.9,1.014,,,230.0,4.379,1.03,-12.79,17.5846792876,18.2323372658,,,,,,1.54634,5131274417.099999,
603679,华体科技,光学光电子,,24.54,8.027969069928572,12.277777777777779,28.26,60.0,22.98,1.907,24.959216965742257,,-30.102,4.713,-3.48,-12.3829168113,46.4249517536,21.2391566979,减亏,27.225,-14.1255605381166,-2.874049027895176,,4.77893,4083229266.66,
603117,万林物流,物流,,24.48,25.0,15.921052631578947,0.0,65.0,4.02,1.005,14.857142857142836,,155.212,2.339,-0.17,-118.07,-10.1977644466,9.6333578729,首亏,-120.175,-4.964539007092217,-1.2285012285012442,,1.47786,2408774922.84,净利大幅下滑
601698,中国卫通,航天装备Ⅱ,,24.47,8.217323211928571,48.0,0.0,50.0,22.7,-1.433,,,217.433,6.04,0.7047,-37.36,0.6600369903,19.0378024967,,,,,,0.28226,95893548852.4,
300720,海川智能,通用设备,,24.47,45.55782160208334,3.2132647226986832,0.0,50.0,57.17,-1.601,,,482.04,19.143,1.85,-30.97,12.8449483707,52.4647609704,,,,,,2.77196,10527582284.570002,
301413,安培龙,通用设备,,24.44,11.874944108857143,43.516295025728986,0.0,50.0,52.81,0.095,,,57.402,5.85,0.28,-91.69,7.1389697644,25.6449217524,,,,,,3.22198,4033361584.79,净利大幅下滑
603121,华培动力,汽车零部件,,24.43,6.300764885214286,10.166666666666668,0.0,100.0,12.58,-0.159,0.7205764611689425,,-96.769,3.886,-0.43,-123.15,2.6064973815,18.8210708393,首亏,-165.435,-9.82078853046594,-6.607275426874537,,1.60139,4258754134.7,净利大幅下滑
603278,大业股份,通用设备,,24.42,0.0,22.075757575757578,0.0,94.52354000000001,10.56,-2.041,-3.119266055045866,,-264.0,1.903,-3.32,-250.93,-2.3106535056,7.7664085951,首亏,-357.57,-12.799339388934762,12.941176470588257,,22.73823,3608979179.52,净利大幅下滑；换手过热
688658,悦康药业,化学制药,,24.4,25.0,19.272727272727273,8.314988913179999,50.0,12.97,-0.46,,,-21.983,1.818,-3.22,-6.1416851447,1.1794552653,56.9291473382,,,,,,1.87639,5836500000.0,
301486,致尚科技,消费电子,,24.33,36.64531027014286,13.33333333333333,0.0,50.0,189.9,4.341,,,256.622,9.452,0.45,-93.69,32.4105817932,24.7284343782,,,,,,7.36265,13847288285.7,净利大幅下滑
600895,张江高科,房地产开发,,24.32,16.986491791,31.33333333333333,5.544,50.0,27.77,1.573,,,44.79,3.143,2.31,-10.76,8.6139828996,25.6960885074,,,,,,0.75685,43007108803.5,
301187,欧圣电气,小家电,,24.31,20.43778784742857,32.72727272727272,0.0,50.0,15.87,0.698,,,38.707,2.792,2.01,-74.7,54.284186407,31.5779029864,,,,,,1.84723,4045795041.75,净利大幅下滑
300120,经纬辉开,光学光电子,,24.3,29.1111693785,22.27777777777778,0.0,50.0,7.57,4.993,,,-8.979,1.761,-1.66,-392.59,38.7066654349,15.7556371299,,,,,,8.25366,3990326802.64,净利大幅下滑
601568,北元化工,化学原料,,24.3,2.1153933814285706,54.6583850931677,0.0,50.0,3.51,-0.284,,,117.0,1.241,0.64,-47.27,-4.3608395811,10.721550734,,,,,,0.46913,13942500006.240002,
688020,方邦股份,元件,,24.3,38.64122856057143,10.841463414634145,0.0,50.0,137.29,0.741,,,-108.96,8.685,-2.51,-38.3244700355,0.2746507534,29.0977199848,,,,,,2.81377,11315853670.0,
600865,百大集团,一般零售,,24.29,26.25,22.643678160919542,3.0,50.0,10.43,-1.511,22.70588235294117,,347.667,1.71,0.5,-80.33,-6.1306403901,78.3792853482,预减,-82.72,-30.97286565188617,14.364035087719309,,3.9795,3924186495.88,净利大幅下滑
688207,格灵深瞳,IT服务Ⅱ,,24.22,28.333544786855164,22.27777777777778,0.6149055041400004,50.0,19.66,3.256,,,-26.932,2.063,-4.39,-18.9751574931,18.7194635873,24.381684225,,,,,,3.57235,5091412070.02,
600099,林海股份,摩托车及其他,,24.21,8.808127396928572,23.888888888888886,22.374,50.0,9.41,0.534,,,84.018,3.714,2.4813,17.29,25.884526757,13.6468283557,,,,,,1.58331,2061919200.0,
688506,百利天恒,生物制品,,24.21,43.21471156625296,4.987804878048782,0.0,50.0,236.0,-1.474,,,-90.421,21.134,-28.92,-46.4477785842,9.4260462363,54.1499669008,,,,,,0.31164,97438220812.0,
300788,中信出版,出版,,24.2,30.996909990714283,19.60474308300395,0.0,50.0,30.38,6.001,,,44.676,2.574,3.44,-36.42,-3.8733252536,41.355673987,,,,,,6.78473,5776803025.700001,
603696,安记食品,调味发酵品Ⅱ,,24.18,17.39499568107143,3.9999999999999996,31.83,50.0,13.12,-2.381,,,109.333,5.445,2.93,33.05,0.5258750013,24.0979939535,,,,,,4.1871,3085824000.0,
688785,恒运昌,其他电源设备Ⅱ,,24.17,38.823764308928574,10.105263157894736,0.0,50.0,360.86,3.103,,,161.098,11.039,2.62,-24.51,-8.4509636385,52.141944031,,,,,,4.8411,4887649505.28,
688611,杭州柯林,电网设备,,24.17,43.220308371,4.798507462686569,0.0,50.0,63.3,-1.921,,,-3165.0,11.506,-2.55,-222.14,-27.3298722738,35.5084317194,,,,,,0.49933,9709561680.0,净利大幅下滑
600241,时代万恒,电池,,24.16,25.0,14.649253731343284,0.0,65.0,8.84,9.95,19.29824561403508,,-19.644,2.544,-1.21,-394.3348989418,38.4170269227,7.3108176852,首亏,-401.19,0.0,16.62269129287599,,5.83004,2601630696.6,净利大幅下滑；当日已大涨
605488,福莱新材,塑料,,24.14,8.180642489357142,33.513513513513516,13.224,50.0,29.98,1.011,,,107.071,3.992,2.53,2.04,28.5036080857,12.5978994851,,,,,,2.45979,8922894905.02,
605089,味知香,食品加工,,24.14,18.534743300214284,5.0,29.334,50.0,21.94,-0.273,,,43.601,2.447,3.25,28.89,0.6889971056,24.5736406203,,,,,,1.82055,3027720000.0,
002403,爱仕达,,,24.12,35.0,14.500000000000002,0.0,50.0,10.23,-2.292,,,-15.984,2.66,,,,,,,,,,6.68248,3039961674.42,
002995,天地在线,,,24.12,35.0,14.500000000000002,0.0,50.0,17.33,4.84,,,-23.976,3.84,,,,,,,,,,6.47306,2108950867.85,
000908,石药景峰,,,24.12,35.0,14.500000000000002,0.0,50.0,5.95,-0.335,,,-64.744,5.011,,,,,,,,,,1.03306,5234657388.45,
003004,声迅股份,,,24.12,35.0,14.500000000000002,0.0,50.0,61.25,7.456,,,-431.338,8.088,,,,,,,,,,3.63136,4210499746.25,当日已大涨
000980,众泰汽车,,,24.12,35.0,14.500000000000002,0.0,50.0,2.22,-0.893,,,-31.714,57.364,,,,,,,,,,11.99858,11194318562.58,
000925,众合科技,,,24.12,35.0,14.500000000000002,0.0,50.0,7.9,1.804,,,-87.778,1.651,,,,,,,,,,2.47018,5300951318.400001,
000926,福星股份,,,24.12,35.0,14.500000000000002,0.0,50.0,2.16,2.37,,,-0.834,1.135,,,,,,,,,,2.43219,3398131753.2,
000897,津滨发展,,,24.12,35.0,14.500000000000002,0.0,50.0,1.95,3.723,,,-73.034,1.05,,,,,,,,,,3.35903,3153621186.3,
000966,长源电力,,,24.12,35.0,14.500000000000002,0.0,50.0,3.95,0.0,,,-207.895,1.015,,,,,,,,,,0.93202,13750088313.2,
000898,鞍钢股份,,,24.12,35.0,14.500000000000002,0.0,50.0,2.02,2.538,,,-4.654,0.455,,,,,,,,,,0.44848,16074166176.159998,
000972,中基健康,,,24.12,35.0,14.500000000000002,0.0,50.0,3.86,0.26,,,-64.441,-74.806,,,,,,,,,,1.24884,2977154614.94,
003029,吉大正元,,,24.12,35.0,14.500000000000002,0.0,50.0,17.98,1.525,,,-30.475,3.472,,,,,,,,,,3.31182,3156983023.24,
003032,传智教育,,,24.12,35.0,14.500000000000002,0.0,50.0,8.68,-0.8,,,-39.455,2.907,,,,,,,,,,7.55845,2469300357.44,
000952,广济药业,,,24.12,35.0,14.500000000000002,0.0,50.0,6.6,0.763,,,-5.683,3.799,,,,,,,,,,1.66333,2270363931.0,
002551,尚荣医疗,,,24.12,35.0,14.500000000000002,0.0,50.0,3.37,0.298,,,-19.824,1.16,,,,,,,,,,1.89405,2059699256.51,
002585,双星新材,,,24.12,35.0,14.500000000000002,0.0,50.0,10.67,2.008,,,-23.095,1.452,,,,,,,,,,8.81184,9459934377.96,
002584,西陇科学,,,24.12,35.0,14.500000000000002,0.0,50.0,8.68,1.284,,,-66.769,2.297,,,,,,,,,,13.77059,4176289453.84,
002583,海能达,,,24.12,35.0,14.500000000000002,0.0,50.0,7.88,-6.856,,,-55.571,6.869,,,,,,,,,,5.46449,10111125012.96,
002578,闽发铝业,,,24.12,35.0,14.500000000000002,0.0,50.0,4.16,0.971,,,-138.667,2.613,,,,,,,,,,2.07982,3582436253.76,
002577,雷柏科技,,,24.12,35.0,14.500000000000002,0.0,50.0,20.91,-2.335,,,-1252.096,5.003,,,,,,,,,,1.93197,5868872430.0,
002575,群兴玩具,,,24.12,35.0,14.500000000000002,0.0,50.0,5.05,1.202,,,-126.25,3.897,,,,,,,,,,2.54396,2950843775.0,
002903,宇环数控,,,24.12,35.0,14.500000000000002,0.0,50.0,28.62,-2.354,,,-220.154,5.815,,,,,,,,,,4.0206,3078537460.38,
002574,明牌珠宝,,,24.12,35.0,14.500000000000002,0.0,50.0,5.05,2.227,,,-7.426,0.99,,,,,,,,,,2.1891,2666400000.0,
002596,海南瑞泽,,,24.12,35.0,14.500000000000002,0.0,50.0,3.29,2.174,,,-17.316,7.903,,,,,,,,,,2.23397,3772217106.21,
000990,诚志股份,,,24.12,35.0,14.500000000000002,0.0,50.0,6.13,-0.325,,,-95.334,0.579,,,,,,,,,,1.1301,10429168525.37,
002524,光正眼科,,,24.12,35.0,14.500000000000002,0.0,50.0,4.2,4.218,,,-105.0,19.24,,,,,,,,,,6.25404,2138970010.8,
002480,新筑股份,,,24.12,35.0,14.500000000000002,0.0,50.0,5.53,-2.124,,,-25.251,5.71,,,,,,,,,,4.89504,4244205714.63,
002455,百川股份,,,24.12,35.0,14.500000000000002,0.0,50.0,6.8,2.256,,,-37.778,1.756,,,,,,,,,,2.80139,4493521416.4,
002482,广田集团,,,24.12,35.0,14.500000000000002,0.0,50.0,1.37,3.008,,,-34.25,12.102,,,,,,,,,,2.23042,5128882427.37,
002491,通鼎互联,,,24.12,35.0,14.500000000000002,0.0,50.0,20.62,-3.735,,,-332.045,9.492,,,,,,,,,,10.47886,24258786573.52,
000402,金 融 街,,,24.12,35.0,14.500000000000002,0.0,50.0,2.71,3.831,,,-1.506,0.417,,,,,,,,,,3.87871,8099288036.12,
000410,沈阳机床,,,24.12,35.0,14.500000000000002,0.0,50.0,5.14,0.391,,,-1317.949,3.248,,,,,,,,,,0.62148,10131034231.62,
002631,德尔未来,,,24.12,35.0,14.500000000000002,0.0,50.0,13.44,3.464,,,-48.502,5.319,,,,,,,,,,5.72902,10667191610.88,
002453,华软科技,,,24.12,35.0,14.500000000000002,0.0,50.0,4.72,2.609,,,-14.75,5.41,,,,,,,,,,9.39965,3035438976.16,
002449,国星光电,,,24.12,35.0,14.500000000000002,0.0,50.0,6.53,0.927,,,-310.952,1.079,,,,,,,,,,0.95309,4038655913.57,
002474,榕基软件,,,24.12,35.0,14.500000000000002,0.0,50.0,6.73,5.321,,,-61.126,3.219,,,,,,,,,,8.7323,3615527157.36,
002471,中超控股,,,24.12,35.0,14.500000000000002,0.0,50.0,5.21,-0.951,,,-302.907,3.95,,,,,,,,,,3.0126,7003589134.71,
002492,恒基达鑫,,,24.12,35.0,14.500000000000002,0.0,50.0,6.52,2.516,,,-41.032,1.685,,,,,,,,,,2.91752,2593882407.0,
002467,二六三,,,24.12,35.0,14.500000000000002,0.0,50.0,5.06,1.403,,,-24.095,4.5,,,,,,,,,,6.93999,6923099003.04,
002459,晶澳科技,,,24.12,35.0,14.500000000000002,0.0,50.0,6.6,0.61,,,-4.681,1.135,,,,,,,,,,0.62198,21824713983.6,
002465,海格通信,,,24.12,35.0,14.500000000000002,0.0,50.0,10.0,0.0,,,-31.25,2.238,,,,,,,,,,1.53597,24778871090.0,
000415,渤海租赁,,,24.12,35.0,14.500000000000002,0.0,50.0,4.07,0.246,,,-62.043,0.807,,,,,,,,,,0.63434,21949159503.81,
000066,中国长城,,,24.12,35.0,14.500000000000002,0.0,50.0,14.42,1.836,,,-848.235,4.106,,,,,,,,,,2.93777,46513005463.96001,
000068,华控赛格,,,24.12,35.0,14.500000000000002,0.0,50.0,3.54,9.938,,,-34.104,6.343,,,,,,,,,,3.46651,3563616982.56,当日已大涨
000069,华侨城Ａ,,,24.12,35.0,14.500000000000002,0.0,50.0,1.97,5.914,,,-1.071,0.497,,,,,,,,,,2.18654,13590245508.57,
000070,特发信息,,,24.12,35.0,14.500000000000002,0.0,50.0,16.19,0.248,,,-29.415,13.252,,,,,,,,,,5.57154,13870248893.79,
000877,天山股份,,,24.12,35.0,14.500000000000002,0.0,50.0,3.69,2.5,,,-3.599,0.364,,,,,,,,,,0.3348,26237708815.86,
000876,新 希 望,,,24.12,35.0,14.500000000000002,0.0,50.0,6.89,1.026,,,-16.805,1.901,,,,,,,,,,0.52601,31005056973.410004,
003042,中农联合,,,24.12,35.0,14.500000000000002,0.0,50.0,14.27,0.706,,,-14.865,1.723,,,,,,,,,,3.62821,2019276350.0,
002421,达实智能,,,24.12,35.0,14.500000000000002,0.0,50.0,3.21,2.556,,,-10.422,2.509,,,,,,,,,,7.19101,6536199274.71,
002567,唐人神,,,24.12,35.0,14.500000000000002,0.0,50.0,3.66,0.826,,,-4.404,1.405,,,,,,,,,,1.33688,5239899100.86,
002531,天顺风能,,,24.12,35.0,14.500000000000002,0.0,50.0,7.64,-1.799,,,-58.276,1.56,,,,,,,,,,10.04069,13651676096.36,
002548,金新农,,,24.12,35.0,14.500000000000002,0.0,50.0,3.92,1.554,,,-10.889,3.832,,,,,,,,,,2.64596,3153528248.6400003,
002426,胜利精密,,,24.12,35.0,14.500000000000002,0.0,50.0,2.65,-0.749,,,-12.571,5.913,,,,,,,,,,3.75904,8464886414.0,
002506,协鑫集成,,,24.12,35.0,14.500000000000002,0.0,50.0,2.35,1.732,,,-11.809,19.698,,,,,,,,,,2.52737,13734438690.599998,
002519,银河电子,,,24.12,35.0,14.500000000000002,0.0,50.0,5.66,-0.176,,,-80.857,2.87,,,,,,,,,,3.1388,6358694788.940001,
002425,凯撒文化,,,24.12,35.0,14.500000000000002,0.0,50.0,3.12,2.97,,,-5.331,1.207,,,,,,,,,,3.16222,2870980079.76,
002520,日发精机,,,24.12,35.0,14.500000000000002,0.0,50.0,6.35,-0.936,,,-22.679,15.316,,,,,,,,,,3.48286,4478802135.85,
002554,惠博普,,,24.12,35.0,14.500000000000002,0.0,50.0,2.72,0.369,,,-9.714,1.97,,,,,,,,,,0.8412,3627037992.0,
000691,亚太实业,,,24.12,35.0,14.500000000000002,0.0,50.0,8.98,0.111,,,-81.047,9.688,,,,,,,,,,1.55721,2902964600.0,
002038,双鹭药业,,,24.12,35.0,14.500000000000002,0.0,50.0,5.59,-0.179,,,-16.441,1.166,,,,,,,,,,1.76622,4763768853.74,
002045,国光电器,,,24.12,35.0,14.500000000000002,0.0,50.0,8.78,1.738,,,-43.9,1.187,,,,,,,,,,1.8297,4932892703.96,
002021,中捷资源,,,24.12,35.0,14.500000000000002,0.0,50.0,2.63,2.734,,,-848.387,5.091,,,,,,,,,,2.20356,3144001653.33,
002022,科华生物,,,24.12,35.0,14.500000000000002,0.0,50.0,5.97,-1.159,,,-4.194,1.283,,,,,,,,,,3.48547,3070514572.53,
002023,海特高新,,,24.12,35.0,14.500000000000002,0.0,50.0,9.44,0.64,,,-13.069,1.867,,,,,,,,,,1.18963,6930473052.639999,
001399,惠科股份,,,24.12,35.0,14.500000000000002,0.0,50.0,22.0,-3.297,,,0.0,4.739,,,,,,,,,,4.73052,9472468082.0,
002036,联创电子,,,24.12,35.0,14.500000000000002,0.0,50.0,6.02,0.838,,,-6.271,9.465,,,,,,,,,,1.5008,6353916005.5,
002439,启明星辰,,,24.12,35.0,14.500000000000002,0.0,50.0,14.94,4.111,,,-31.7,1.665,,,,,,,,,,7.44879,10884665991.96,
002813,路畅科技,,,24.12,35.0,14.500000000000002,0.0,50.0,26.38,10.008,,,-33.773,15.616,,,,,,,,,,7.53333,3162752437.28,当日已大涨
002819,东方中科,,,24.12,35.0,14.500000000000002,0.0,50.0,24.68,-1.161,,,-50.657,1.883,,,,,,,,,,9.21437,5829378634.4800005,
002775,文科股份,,,24.12,35.0,14.500000000000002,0.0,50.0,3.42,3.012,,,-7.277,-97.714,,,,,,,,,,2.03932,2028915424.08,
002785,万里石,,,24.12,35.0,14.500000000000002,0.0,50.0,34.93,-5.339,,,-96.226,9.675,,,,,,,,,,4.57636,6786471910.889999,
002786,银宝山新,,,24.12,35.0,14.500000000000002,0.0,50.0,7.59,0.0,,,-58.385,16.927,,,,,,,,,,0.89796,3733226887.5,
002791,坚朗五金,,,24.12,35.0,14.500000000000002,0.0,50.0,15.67,3.706,,,-54.034,1.041,,,,,,,,,,2.95166,3327228133.2900004,
002793,罗欣药业,,,24.12,35.0,14.500000000000002,0.0,50.0,4.8,1.053,,,-17.66,4.635,,,,,,,,,,2.92982,5212452451.2,
002795,永和智控,,,24.12,35.0,14.500000000000002,0.0,50.0,7.4,-1.333,,,-23.125,7.419,,,,,,,,,,2.85174,3211439767.8,
002796,世嘉科技,,,24.12,35.0,14.500000000000002,0.0,50.0,26.61,1.41,,,-115.696,8.075,,,,,,,,,,4.23022,6070504786.83,
002657,中科金财,,,24.12,35.0,14.500000000000002,0.0,50.0,14.85,2.484,,,-46.104,3.158,,,,,,,,,,1.7987,4991492484.0,
002735,王子新材,,,24.12,35.0,14.500000000000002,0.0,50.0,10.65,-0.746,,,-25.357,2.558,,,,,,,,,,4.62844,3035881981.65,
002737,葵花药业,,,24.12,35.0,14.500000000000002,0.0,50.0,11.18,-1.062,,,-25.409,1.667,,,,,,,,,,0.61427,6529016026.0,
002742,冀衡医药,,,24.12,35.0,14.500000000000002,0.0,50.0,4.1,0.0,,,-6.721,18.92,,,,,,,,,,2.53827,2148076604.3,
002745,木林森,,,24.12,35.0,14.500000000000002,0.0,50.0,11.87,5.137,,,-11.87,1.462,,,,,,,,,,5.27646,12544066188.73,
000031,大悦城,,,24.12,35.0,14.500000000000002,0.0,50.0,2.43,7.048,,,-4.418,1.056,,,,,,,,,,2.24533,10415720423.43,当日已大涨
000032,深桑达Ａ,,,24.12,35.0,14.500000000000002,0.0,50.0,13.38,-0.224,,,-119.785,2.245,,,,,,,,,,1.56491,16259099181.18,
000002,万 科Ａ,,,24.12,35.0,14.500000000000002,0.0,50.0,4.08,9.973,,,-0.548,0.477,,,,,,,,,,8.25632,39637661668.32,当日已大涨
000006,深振业Ａ,,,24.12,35.0,14.500000000000002,0.0,50.0,7.62,4.098,,,-243.45,1.954,,,,,,,,,,3.87971,10286962250.52,
002702,海欣食品,,,24.12,35.0,14.500000000000002,0.0,50.0,5.32,-2.206,,,-60.87,2.926,,,,,,,,,,5.14399,2440516750.0,
000679,大连友谊,,,24.12,35.0,14.500000000000002,0.0,50.0,6.32,-0.158,,,-23.407,17.904,,,,,,,,,,1.38493,2252448000.0,
002723,小崧股份,,,24.12,35.0,14.500000000000002,0.0,50.0,7.42,0.815,,,-9.537,3.43,,,,,,,,,,2.64065,2357773130.44,
002681,奋达科技,,,24.12,35.0,14.500000000000002,0.0,50.0,4.49,1.584,,,-89.8,3.76,,,,,,,,,,1.40348,7058500571.250001,
002682,龙洲股份,,,24.12,35.0,14.500000000000002,0.0,50.0,4.92,0.0,,,-5.02,5.73,,,,,,,,,,2.80598,2766853482.48,
002766,索菱股份,,,24.12,35.0,14.500000000000002,0.0,50.0,4.03,1.003,,,-62.481,3.329,,,,,,,,,,1.82524,3458464630.27,
001365,天海电子,,,24.12,35.0,14.500000000000002,0.0,50.0,36.35,-0.846,,,0.0,2.557,,,,,,,,,,10.80764,2090330232.1,
000659,珠海中富,,,24.12,35.0,14.500000000000002,0.0,50.0,2.73,-0.365,,,-30.469,51.412,,,,,,,,,,1.82614,3509967879.6,
000665,湖北广电,,,24.12,35.0,14.500000000000002,0.0,50.0,4.18,6.091,,,-4.354,1.555,,,,,,,,,,3.97522,4753160680.4,
000670,盈方微,,,24.12,35.0,14.500000000000002,0.0,50.0,7.6,-0.913,,,-75.397,198.433,,,,,,,,,,4.24965,6311420585.2,
000678,襄阳轴承,,,24.12,35.0,14.500000000000002,0.0,50.0,11.72,10.047,,,-106.545,6.929,,,,,,,,,,2.05613,5386650260.84,当日已大涨
002712,思美传媒,,,24.12,35.0,14.500000000000002,0.0,50.0,5.13,5.123,,,-47.899,2.022,,,,,,,,,,3.52608,2774818400.49,
002843,泰嘉股份,,,24.12,35.0,14.500000000000002,0.0,50.0,14.89,0.337,,,-101.018,2.781,,,,,,,,,,2.11306,3728945315.18,
002848,高斯贝尔,,,24.12,35.0,14.500000000000002,0.0,50.0,14.88,0.405,,,-31.247,35.412,,,,,,,,,,5.01642,2461462411.6800003,
002855,捷荣技术,,,24.12,35.0,14.500000000000002,0.0,50.0,12.58,-0.789,,,-6.322,16.747,,,,,,,,,,3.25001,3097538578.56,
002861,瀛通通讯,,,24.12,35.0,14.500000000000002,0.0,50.0,14.25,1.351,,,-37.5,2.649,,,,,,,,,,2.37049,2023559892.75,
002865,钧达股份,,,24.12,35.0,14.500000000000002,0.0,50.0,36.01,-0.36,,,-6.731,2.965,,,,,,,,,,2.33071,8239860486.52,
000055,方大集团,,,24.12,35.0,14.500000000000002,0.0,50.0,3.88,0.779,,,-8.083,0.751,,,,,,,,,,2.16586,2622315184.52,
000059,华锦股份,,,24.12,35.0,14.500000000000002,0.0,50.0,5.47,-2.669,,,-4.973,0.867,,,,,,,,,,1.74753,8748789038.89,
002829,星网宇达,,,24.12,35.0,14.500000000000002,0.0,50.0,19.41,-0.154,,,-36.623,2.388,,,,,,,,,,1.79286,2924577642.78,
003009,中天火箭,,,24.12,35.0,14.500000000000002,0.0,50.0,44.73,-1.105,,,-68.238,3.635,,,,,,,,,,0.96499,7366463063.19,
000008,神州高铁,,,24.12,35.0,14.500000000000002,0.0,50.0,2.39,1.702,,,-7.772,3.043,,,,,,,,,,0.93709,6491949715.28,
002963,豪尔赛,,,24.12,35.0,14.500000000000002,0.0,50.0,22.63,2.398,,,-26.624,2.928,,,,,,,,,,4.16097,3379571826.31,
002951,金时科技,,,24.12,35.0,14.500000000000002,0.0,50.0,15.78,-0.19,,,-26.746,4.183,,,,,,,,,,1.40264,6329703487.32,
002921,联诚精密,,,24.12,35.0,14.500000000000002,0.0,50.0,19.83,0.202,,,-180.273,2.251,,,,,,,,,,2.21899,2553234057.9,
002923,润都股份,,,24.12,35.0,14.500000000000002,0.0,50.0,10.7,-0.465,,,-56.316,3.321,,,,,,,,,,1.47421,2761285688.1000004,
002927,泰永长征,,,24.12,35.0,14.500000000000002,0.0,50.0,19.29,0.942,,,-964.5,4.235,,,,,,,,,,3.68732,4258032779.28,
002930,宏川智慧,,,24.12,35.0,14.500000000000002,0.0,50.0,9.03,0.222,,,-9.606,2.107,,,,,,,,,,0.94642,3913764729.63,
000042,中洲控股,,,24.12,35.0,14.500000000000002,0.0,50.0,8.3,1.716,,,-6.115,1.661,,,,,,,,,,1.08261,5512380484.1,
002900,哈三联,,,24.12,35.0,14.500000000000002,0.0,50.0,12.98,-0.613,,,-12.131,2.375,,,,,,,,,,14.18018,2569302736.0,
002902,铭普光磁,,,24.12,35.0,14.500000000000002,0.0,50.0,26.15,2.308,,,-24.905,10.041,,,,,,,,,,8.84395,4876212622.9,
002989,中天精装,,,24.12,35.0,14.500000000000002,0.0,50.0,23.6,-3.279,,,-28.434,3.478,,,,,,,,,,4.19102,4668912891.2,
000014,沙河股份,,,24.12,35.0,14.500000000000002,0.0,50.0,11.55,3.125,,,-18.629,2.028,,,,,,,,,,10.89083,2795633887.2,
002762,金发拉比,,,24.12,35.0,14.500000000000002,0.0,50.0,9.27,-4.923,,,-17.491,5.037,,,,,,,,,,3.20822,3281811750.0,
002659,凯文教育,,,24.12,35.0,14.500000000000002,0.0,50.0,4.71,1.073,,,-157.0,1.313,,,,,,,,,,2.24065,2817890675.25,
002660,茂硕电源,,,24.12,35.0,14.500000000000002,0.0,50.0,8.06,3.866,,,-12.212,2.886,,,,,,,,,,2.13205,2791598474.08,
002663,普邦股份,,,24.12,35.0,14.500000000000002,0.0,50.0,1.76,2.924,,,-6.526,1.575,,,,,,,,,,2.07231,3004524476.8,
002672,东江环保,,,24.12,35.0,14.500000000000002,0.0,50.0,3.68,0.272,,,-3.315,1.926,,,,,,,,,,3.14902,3330835351.36,
002638,勤上股份,,,24.12,35.0,14.500000000000002,0.0,50.0,4.95,1.643,,,-21.522,3.794,,,,,,,,,,3.83713,6695766044.55,
002652,扬子新材,,,24.12,35.0,14.500000000000002,0.0,50.0,4.51,1.121,,,-75.167,9.886,,,,,,,,,,2.60561,2309408640.0,
002840,华统股份,,,24.12,35.0,14.500000000000002,0.0,50.0,7.98,-0.25,,,-44.333,1.905,,,,,,,,,,1.5083,6355900544.7,
002878,元隆雅图,,,24.12,35.0,14.500000000000002,0.0,50.0,12.86,3.543,,,-116.909,2.666,,,,,,,,,,2.41905,3034076800.92,
002799,环球印务,,,24.12,35.0,14.500000000000002,0.0,50.0,7.55,10.058,,,-107.857,1.889,,,,,,,,,,5.251,2416270290.0,当日已大涨
002800,天顺股份,,,24.12,35.0,14.500000000000002,0.0,50.0,14.89,2.056,,,-95.144,4.677,,,,,,,,,,1.42071,2179490992.0,
002805,丰元股份,,,24.12,35.0,14.500000000000002,0.0,50.0,15.7,1.75,,,-9.062,4.387,,,,,,,,,,4.16305,4377412267.6,
002806,华锋股份,,,24.12,35.0,14.500000000000002,0.0,50.0,14.95,1.356,,,-99.667,2.861,,,,,,,,,,4.21866,2492937989.75,
002622,皓宸医疗,,,24.12,35.0,14.500000000000002,0.0,50.0,2.54,-0.392,,,-17.862,8.175,,,,,,,,,,7.75878,2133537135.0,
002623,亚玛顿,,,24.12,35.0,14.500000000000002,0.0,50.0,18.4,-2.023,,,-34.074,1.376,,,,,,,,,,4.72928,3544504939.2,
002628,成都路桥,,,24.12,35.0,14.500000000000002,0.0,50.0,4.86,0.0,,,-48.6,1.325,,,,,,,,,,1.58029,3670937620.74,
002869,金溢科技,,,24.12,35.0,14.500000000000002,0.0,50.0,17.03,1.976,,,-22.707,1.505,,,,,,,,,,2.43022,2698493401.3700004,
002875,安奈儿,,,24.12,35.0,14.500000000000002,0.0,50.0,12.87,1.179,,,-26.813,4.567,,,,,,,,,,1.48964,2733724679.4,
002798,帝欧水华,,,24.12,35.0,14.500000000000002,0.0,50.0,6.59,0.304,,,-5.189,1.976,,,,,,,,,,1.86568,3405377069.84,
002151,北斗星通,,,24.12,35.0,14.500000000000002,0.0,50.0,28.15,-1.054,,,-59.894,3.13,,,,,,,,,,2.40201,12466839509.15,
002153,石基信息,,,24.12,35.0,14.500000000000002,0.0,50.0,7.4,1.509,,,-123.333,3.076,,,,,,,,,,0.65937,11838252149.6,
002157,正邦科技,,,24.12,35.0,14.500000000000002,0.0,50.0,2.92,0.344,,,-49.408,2.662,,,,,,,,,,0.86315,22740653435.04,
002127,南极电商,,,24.12,35.0,14.500000000000002,0.0,50.0,2.98,1.017,,,-25.148,1.943,,,,,,,,,,2.33053,5944304331.059999,
002129,TCL中环,,,24.12,35.0,14.500000000000002,0.0,50.0,9.11,-0.11,,,-3.928,2.003,,,,,,,,,,2.01107,36802207924.47,
000759,中百集团,,,24.12,35.0,14.500000000000002,0.0,50.0,6.1,-1.294,,,-4.178,7.621,,,,,,,,,,6.64559,3999806752.5,
000564,供销大集,,,24.12,35.0,14.500000000000002,0.0,50.0,1.45,0.694,,,-15.659,1.825,,,,,,,,,,0.90398,21887575311.250004,
000566,海南海药,,,24.12,35.0,14.500000000000002,0.0,50.0,4.61,-0.647,,,-13.911,-45.374,,,,,,,,,,3.70886,5977582039.400001,
000571,新大洲A,,,24.12,35.0,14.500000000000002,0.0,50.0,6.57,3.628,,,-35.961,-453.103,,,,,,,,,,2.28555,5347928425.499999,
002771,真视通,,,24.12,35.0,14.500000000000002,0.0,50.0,14.02,5.414,,,-46.733,5.067,,,,,,,,,,4.87201,2531904817.1,
002136,安 纳 达,,,24.12,35.0,14.500000000000002,0.0,50.0,11.76,1.205,,,-27.311,2.235,,,,,,,,,,1.71607,2521999737.6,
002114,罗平锌电,,,24.12,35.0,14.500000000000002,0.0,50.0,7.21,1.264,,,-13.109,3.354,,,,,,,,,,2.07992,2331637155.82,
002115,三维通信,,,24.12,35.0,14.500000000000002,0.0,50.0,9.42,-1.258,,,-577.914,3.658,,,,,,,,,,3.25933,7029827669.94,
002121,科陆电子,,,24.12,35.0,14.500000000000002,0.0,50.0,4.12,-0.242,,,-43.783,35.334,,,,,,,,,,1.02303,5814566501.88,
002123,梦网科技,,,24.12,35.0,14.500000000000002,0.0,50.0,7.66,1.726,,,-28.37,4.202,,,,,,,,,,1.5278,5519275571.94,
002124,天邦食品,,,24.12,35.0,14.500000000000002,0.0,50.0,2.0,0.0,,,-3.39,5.398,,,,,,,,,,2.62087,3944751296.0,
000767,晋控电力,,,24.12,35.0,14.500000000000002,0.0,50.0,3.27,0.307,,,-255.469,1.662,,,,,,,,,,1.24828,9523045845.72,
000717,中南股份,,,24.12,35.0,14.500000000000002,0.0,50.0,2.17,1.878,,,-4.56,0.783,,,,,,,,,,0.85438,5259422685.3,
000599,青岛双星,,,24.12,35.0,14.500000000000002,0.0,50.0,4.43,0.454,,,-10.059,1.749,,,,,,,,,,0.96836,3618167556.16,
000572,海马汽车,,,24.12,35.0,14.500000000000002,0.0,50.0,4.0,1.01,,,-44.346,4.357,,,,,,,,,,7.0922,6569012267.999999,
002182,宝武镁业,,,24.12,35.0,14.500000000000002,0.0,50.0,11.04,0.638,,,-590.374,2.082,,,,,,,,,,0.80625,9898582492.32,
002183,怡 亚 通,,,24.12,35.0,14.500000000000002,0.0,50.0,4.15,1.716,,,-34.583,1.194,,,,,,,,,,1.17285,10777525477.65,
002184,海得控制,,,24.12,35.0,14.500000000000002,0.0,50.0,9.94,1.325,,,-42.661,2.728,,,,,,,,,,1.33848,2467995860.68,
002187,广百股份,,,24.12,35.0,14.500000000000002,0.0,50.0,5.46,1.111,,,-39.0,0.956,,,,,,,,,,0.87903,3826884696.18,
002189,中光学,,,24.12,35.0,14.500000000000002,0.0,50.0,19.05,0.687,,,-22.077,12.166,,,,,,,,,,0.74577,4975751853.150001,
002190,成飞集成,,,24.12,35.0,14.500000000000002,0.0,50.0,22.92,-0.521,,,-187.102,2.35,,,,,,,,,,0.68094,8222076541.56,
002194,武汉凡谷,,,24.12,35.0,14.500000000000002,0.0,50.0,9.98,-0.2,,,-583.626,2.727,,,,,,,,,,2.94863,5136178557.0,
002197,证通电子,,,24.12,35.0,14.500000000000002,0.0,50.0,6.5,1.881,,,-10.484,2.239,,,,,,,,,,2.86976,3471000078.0,
000586,汇源通信,,,24.12,35.0,14.500000000000002,0.0,50.0,12.77,0.393,,,-1330.208,7.831,,,,,,,,,,3.12229,2441496300.0,
002148,北纬科技,,,24.12,35.0,14.500000000000002,0.0,50.0,6.26,1.789,,,-626.0,2.848,,,,,,,,,,1.60904,2823426584.86,
000797,中国武夷,,,24.12,35.0,14.500000000000002,0.0,50.0,2.7,3.448,,,-9.408,0.991,,,,,,,,,,4.92242,4240549878.3,
000799,酒鬼酒,,,24.12,35.0,14.500000000000002,0.0,50.0,36.01,-0.028,,,-344.593,3.203,,,,,,,,,,0.77544,11699560055.3,
002199,东晶电子,,,24.12,35.0,14.500000000000002,0.0,50.0,11.51,0.436,,,-54.81,16.693,,,,,,,,,,1.3051,2657683090.43,
002163,海南发展,,,24.12,35.0,14.500000000000002,0.0,50.0,7.49,2.322,,,-13.375,11.904,,,,,,,,,,2.82989,6018581073.75,
002173,创新医疗,,,24.12,35.0,14.500000000000002,0.0,50.0,17.08,-0.466,,,-213.5,4.566,,,,,,,,,,2.93689,7188374729.48,
002174,游族网络,,,24.12,35.0,14.500000000000002,0.0,50.0,13.4,1.208,,,-35.263,2.814,,,,,,,,,,4.4817,13122071162.8,
002176,江特电机,,,24.12,35.0,14.500000000000002,0.0,50.0,8.2,1.485,,,-37.273,4.778,,,,,,,,,,1.48245,13938036764.2,
002180,奔图科技,,,24.12,35.0,14.500000000000002,0.0,50.0,16.26,1.182,,,-31.907,2.522,,,,,,,,,,0.53944,22379332204.44,
002146,荣盛发展,,,24.12,35.0,14.500000000000002,0.0,50.0,1.29,6.612,,,-0.594,1.1,,,,,,,,,,9.62053,5044778942.79,
000590,古汉医药,,,24.12,35.0,14.500000000000002,0.0,50.0,9.14,2.466,,,-43.318,4.109,,,,,,,,,,1.61987,2187668386.78,
000697,炼石航空,,,24.12,35.0,14.500000000000002,0.0,50.0,9.14,1.782,,,-17.908,3.923,,,,,,,,,,1.17007,5969401160.72,
000701,厦门信达,,,24.12,35.0,14.500000000000002,0.0,50.0,5.13,-0.774,,,-31.415,-14.844,,,,,,,,,,2.56369,3425540217.03,
000702,正虹科技,,,24.12,35.0,14.500000000000002,0.0,50.0,5.85,1.211,,,-141.99,6.245,,,,,,,,,,2.14093,2027755945.8,
000626,远大控股,,,24.12,35.0,14.500000000000002,0.0,50.0,8.58,-1.379,,,-33.0,1.851,,,,,,,,,,1.73678,4327003575.18,
000629,钒钛股份,,,24.12,35.0,14.500000000000002,0.0,50.0,2.78,0.361,,,-275.248,2.058,,,,,,,,,,0.51499,25827435515.4,
000635,英 力 特,,,24.12,35.0,14.500000000000002,0.0,50.0,7.6,3.401,,,-4.691,3.044,,,,,,,,,,3.55311,2787830601.6,
002072,凯瑞德,,,24.12,35.0,14.500000000000002,0.0,50.0,7.16,0.987,,,-118.74,11.576,,,,,,,,,,1.89807,2631527688.0,
002076,星光股份,,,24.12,35.0,14.500000000000002,0.0,50.0,2.12,1.435,,,-605.714,7.955,,,,,,,,,,2.1009,2210511771.84,
002059,云南旅游,,,24.12,35.0,14.500000000000002,0.0,50.0,4.23,0.475,,,-12.991,4.499,,,,,,,,,,2.94216,4189363430.58,
000607,华媒控股,,,24.12,35.0,14.500000000000002,0.0,50.0,4.13,10.133,,,-11.8,3.508,,,,,,,,,,10.92588,3655306753.84,当日已大涨
002031,巨轮智能,,,24.12,35.0,14.500000000000002,0.0,50.0,5.69,2.338,,,-53.883,6.581,,,,,,,,,,10.27583,12514518687.3,
001201,东瑞股份,,,24.12,35.0,14.500000000000002,0.0,50.0,15.72,-2.542,,,-24.952,1.47,,,,,,,,,,6.77395,3340616249.4,
000710,贝瑞基因,,,24.12,35.0,14.500000000000002,0.0,50.0,9.88,-3.891,,,-17.744,2.456,,,,,,,,,,12.30836,3315010297.04,
000711,京蓝科技,,,24.12,35.0,14.500000000000002,0.0,50.0,4.68,-0.426,,,-63.501,18.932,,,,,,,,,,2.20519,11030829544.8,
000716,黑芝麻,,,24.12,35.0,14.500000000000002,0.0,50.0,4.94,-0.403,,,-76.471,1.472,,,,,,,,,,1.76025,3634477236.78,
001366,播恩集团,,,24.12,35.0,14.500000000000002,0.0,50.0,13.15,0.382,,,-109.583,2.622,,,,,,,,,,2.16038,2112942000.0,
001269,欧晶科技,,,24.12,35.0,14.500000000000002,0.0,50.0,19.03,-2.159,,,-13.086,5.724,,,,,,,,,,1.42539,3661607324.980001,
001212,中旗新材,,,24.12,35.0,14.500000000000002,0.0,50.0,36.78,-0.595,,,-204.333,3.861,,,,,,,,,,1.85988,6643440794.22,
001217,华尔泰,,,24.12,35.0,14.500000000000002,0.0,50.0,11.21,1.173,,,-124.556,1.708,,,,,,,,,,1.42663,3683367753.87,
002030,达安基因,,,24.12,35.0,14.500000000000002,0.0,50.0,5.64,0.356,,,-10.642,1.128,,,,,,,,,,1.03429,7915435620.48,
000608,阳光股份,,,24.12,35.0,14.500000000000002,0.0,50.0,7.18,2.571,,,-24.674,2.66,,,,,,,,,,3.68367,4141778038.62,
000620,盈新发展,,,24.12,35.0,14.500000000000002,0.0,50.0,3.11,2.303,,,-15.55,4.91,,,,,,,,,,4.50704,14529138814.650002,
002084,海鸥住工,,,24.12,35.0,14.500000000000002,0.0,50.0,5.8,0.0,,,-31.419,2.952,,,,,,,,,,14.16926,3738879763.6,
002086,东方海洋,,,24.12,35.0,14.500000000000002,0.0,50.0,2.0,-0.99,,,-25.0,3.182,,,,,,,,,,2.38141,3161942540.0,
002092,中泰化学,,,24.12,35.0,14.500000000000002,0.0,50.0,4.31,0.233,,,-38.448,0.514,,,,,,,,,,0.90505,11100999314.52,
002095,生 意 宝,,,24.12,35.0,14.500000000000002,0.0,50.0,15.68,-0.885,,,-313.6,4.578,,,,,,,,,,3.61146,3946787947.2,
002099,海翔药业,,,24.12,35.0,14.500000000000002,0.0,50.0,6.0,0.0,,,-100.0,2.028,,,,,,,,,,2.16081,9701059518.0,
002105,信隆健康,,,24.12,35.0,14.500000000000002,0.0,50.0,6.08,1.672,,,-34.902,2.755,,,,,,,,,,1.65327,2215989608.0,
002068,黑猫股份,,,24.12,35.0,14.500000000000002,0.0,50.0,9.1,-0.219,,,-14.299,2.711,,,,,,,,,,4.17485,6688552971.1,
000695,滨海能源,,,24.12,35.0,14.500000000000002,0.0,50.0,12.83,1.825,,,-32.342,8.557,,,,,,,,,,1.88668,2848171973.37,
000721,西安饮食,,,24.12,35.0,14.500000000000002,0.0,50.0,6.06,0.0,,,-23.774,33.499,,,,,,,,,,1.38498,3104903466.48,
000723,美锦能源,,,24.12,35.0,14.500000000000002,0.0,50.0,3.47,0.872,,,-13.88,1.267,,,,,,,,,,0.82863,15251260865.740002,
000727,冠捷科技,,,24.12,35.0,14.500000000000002,0.0,50.0,2.18,1.395,,,-12.587,5.909,,,,,,,,,,1.33595,9874456016.4,
000731,四川美丰,,,24.12,35.0,14.500000000000002,0.0,50.0,8.03,-0.496,,,-36.6,1.16,,,,,,,,,,1.74524,4407071977.0,
000736,中交发展,,,24.12,35.0,14.500000000000002,0.0,50.0,4.8,4.348,,,-2.096,2.923,,,,,,,,,,3.40499,3586072324.8,
000652,泰达股份,,,24.12,35.0,14.500000000000002,0.0,50.0,3.34,2.141,,,-17.208,0.899,,,,,,,,,,0.81339,4870463049.8,
000761,本钢板材,,,24.12,35.0,14.500000000000002,0.0,50.0,2.27,3.182,,,-2.365,1.83,,,,,,,,,,0.65801,8418045531.54,
000762,西藏矿业,,,24.12,35.0,14.500000000000002,0.0,50.0,20.49,1.687,,,-341.5,3.57,,,,,,,,,,1.1856,10671204662.820002,
000692,惠天热电,,,24.12,35.0,14.500000000000002,0.0,50.0,4.17,1.214,,,-41.534,57.045,,,,,,,,,,1.80949,2221913509.92,
000720,新能泰山,,,24.12,35.0,14.500000000000002,0.0,50.0,3.59,1.7,,,-9.828,2.418,,,,,,,,,,1.70568,4510948339.89,
000882,华联股份,,,24.12,35.0,14.500000000000002,0.0,50.0,1.53,2.0,,,-14.246,0.662,,,,,,,,,,2.17289,4185523295.73,
000889,中嘉博创,,,24.12,35.0,14.500000000000002,0.0,50.0,3.7,1.928,,,-130.742,17.395,,,,,,,,,,2.88926,3218257968.7000003,
000890,法尔胜,,,24.12,35.0,14.500000000000002,0.0,50.0,7.08,0.855,,,-44.25,1913.514,,,,,,,,,,3.60439,2969996605.68,
002355,兴民智通,,,24.12,35.0,14.500000000000002,0.0,50.0,4.62,0.435,,,-8.885,3.86,,,,,,,,,,1.11613,2951526039.0,
002362,汉王科技,,,24.12,35.0,14.500000000000002,0.0,50.0,15.82,-0.189,,,-19.736,4.474,,,,,,,,,,2.33345,3285381671.04,
002326,永太科技,,,24.12,35.0,14.500000000000002,0.0,50.0,16.16,1.063,,,-323.2,5.054,,,,,,,,,,1.48251,13118188106.56,
002329,皇氏集团,,,24.12,35.0,14.500000000000002,0.0,50.0,3.66,3.39,,,-6.723,6.797,,,,,,,,,,4.04544,2384476911.84,
002331,皖通科技,,,24.12,35.0,14.500000000000002,0.0,50.0,7.04,4.451,,,-9.125,2.51,,,,,,,,,,3.36284,2840519552.64,
002343,慈文传媒,,,24.12,35.0,14.500000000000002,0.0,50.0,5.72,2.326,,,-150.131,2.896,,,,,,,,,,2.62772,2709451235.92,
000785,居然智家,,,24.12,35.0,14.500000000000002,0.0,50.0,2.29,3.153,,,-13.471,0.741,,,,,,,,,,1.19028,14181363454.57,
000868,安凯客车,,,24.12,35.0,14.500000000000002,0.0,50.0,4.18,0.0,,,-69.667,4.889,,,,,,,,,,9.21877,3927168457.3,
000525,红太阳,,,24.12,35.0,14.500000000000002,0.0,50.0,4.39,0.0,,,-15.138,2.182,,,,,,,,,,0.90959,4880626421.95,
000536,华映科技,,,24.12,35.0,14.500000000000002,0.0,50.0,3.38,-0.295,,,-9.062,17.324,,,,,,,,,,1.867,9339218904.08,
002307,北新路桥,,,24.12,35.0,14.500000000000002,0.0,50.0,2.95,2.431,,,-36.875,1.194,,,,,,,,,,1.14522,4805912959.150001,
002309,中利集团,,,24.12,35.0,14.500000000000002,0.0,50.0,2.8,1.449,,,-140.0,4.251,,,,,,,,,,2.43874,6737170462.400001,
002310,东方新能,,,24.12,35.0,14.500000000000002,0.0,50.0,2.25,-1.316,,,-225.0,5.6,,,,,,,,,,1.85617,9897771267.0,
002313,日海智能,,,24.12,35.0,14.500000000000002,0.0,50.0,8.93,3.476,,,-14.639,38.843,,,,,,,,,,6.48377,3343207149.0,
002314,南山控股,,,24.12,35.0,14.500000000000002,0.0,50.0,2.37,4.405,,,-3.247,1.028,,,,,,,,,,3.41592,3171850191.18,
002319,乐通股份,,,24.12,35.0,14.500000000000002,0.0,50.0,10.17,1.904,,,-203.4,11.804,,,,,,,,,,3.82433,2130335426.7,
000863,三湘印象,,,24.12,35.0,14.500000000000002,0.0,50.0,4.52,2.961,,,-41.091,1.23,,,,,,,,,,1.7668,5264959587.36,
002408,齐翔腾达,,,24.12,35.0,14.500000000000002,0.0,50.0,5.09,-2.677,,,-25.45,1.296,,,,,,,,,,0.68571,14006414162.81,
002382,蓝帆医疗,,,24.12,35.0,14.500000000000002,0.0,50.0,6.1,0.164,,,-8.026,0.862,,,,,,,,,,2.00609,6086532584.7,
002383,合众思壮,,,24.12,35.0,14.500000000000002,0.0,50.0,8.08,-0.247,,,-37.81,4.109,,,,,,,,,,3.2626,5982111264.400001,
002385,大北农,,,24.12,35.0,14.500000000000002,0.0,50.0,3.07,0.327,,,-20.467,1.915,,,,,,,,,,0.7643,10572744777.49,
002387,维信诺,,,24.12,35.0,14.500000000000002,0.0,50.0,6.63,-1.045,,,-3.876,5.254,,,,,,,,,,0.7294,9248825754.09,
000428,华天酒店,,,24.12,35.0,14.500000000000002,0.0,50.0,3.83,-1.034,,,-18.565,3.183,,,,,,,,,,2.2066,3902486580.0,
000430,张家界,,,24.12,35.0,14.500000000000002,0.0,50.0,6.64,-1.19,,,-9.765,2.954,,,,,,,,,,1.84848,2460495067.04,
000503,国新健康,,,24.12,35.0,14.500000000000002,0.0,50.0,7.72,3.763,,,-18.711,6.764,,,,,,,,,,8.98908,7559697843.84,
000505,京粮控股,,,24.12,35.0,14.500000000000002,0.0,50.0,6.07,-0.979,,,-16.405,1.537,,,,,,,,,,2.30927,4018189773.57,
000829,天音控股,,,24.12,35.0,14.500000000000002,0.0,50.0,9.15,5.658,,,-435.714,3.202,,,,,,,,,,3.58284,9370786471.35,
000510,新金路,,,24.12,35.0,14.500000000000002,0.0,50.0,17.27,0.935,,,-48.62,11.105,,,,,,,,,,3.50873,10482661897.84,
002388,新亚制程,,,24.12,35.0,14.500000000000002,0.0,50.0,8.27,6.298,,,-187.955,4.443,,,,,,,,,,12.1877,4186468303.65,
002366,融发核电,,,24.12,35.0,14.500000000000002,0.0,50.0,5.47,-0.182,,,-140.256,2.462,,,,,,,,,,0.59653,10121785913.0,
002368,太极股份,,,24.12,35.0,14.500000000000002,0.0,50.0,12.72,1.033,,,-10.39,2.132,,,,,,,,,,0.82514,7906420593.120001,
002369,卓翼科技,,,24.12,35.0,14.500000000000002,0.0,50.0,5.6,1.633,,,-12.289,22.346,,,,,,,,,,1.33694,3174955168.0,
002374,中锐股份,,,24.12,35.0,14.500000000000002,0.0,50.0,3.3,0.917,,,-13.75,7.012,,,,,,,,,,1.5685,3581190633.9,
002348,高乐股份,,,24.12,35.0,14.500000000000002,0.0,50.0,10.68,1.811,,,-234.211,27.776,,,,,,,,,,0.8717,9649732429.32,
002354,天娱数科,,,24.12,35.0,14.500000000000002,0.0,50.0,7.24,1.259,,,-245.424,6.939,,,,,,,,,,6.08208,11779434959.96,
300163,先锋新材,化学制品,,24.12,26.662163303785714,24.46640316205534,0.0,50.0,7.74,1.442,,,52.51,6.833,-4.16,-135.81,-21.9271958663,12.3270286253,,,,,,8.18004,3547340344.44,净利大幅下滑
000509,华塑控股,,,24.12,35.0,14.500000000000002,0.0,50.0,3.51,0.573,,,-351.0,35.598,,,,,,,,,,2.34071,3766668076.08,
002269,美邦服饰,,,24.12,35.0,14.500000000000002,0.0,50.0,1.37,0.735,,,-13.7,19.769,,,,,,,,,,1.70636,3210908832.7499995,
002272,川润股份,,,24.12,35.0,14.500000000000002,0.0,50.0,14.23,-1.318,,,-276.848,4.695,,,,,,,,,,3.26179,5961384899.789999,
002274,华昌化工,,,24.12,35.0,14.500000000000002,0.0,50.0,5.83,0.344,,,-27.167,1.056,,,,,,,,,,1.03668,5467660427.9,
002277,友阿股份,,,24.12,35.0,14.500000000000002,0.0,50.0,4.85,-4.339,,,-20.208,1.045,,,,,,,,,,2.19049,6761738080.0,
002229,鸿博股份,,,24.12,35.0,14.500000000000002,0.0,50.0,10.21,-0.487,,,-34.54,4.792,,,,,,,,,,2.54186,5035207513.21,
002234,民和股份,,,24.12,35.0,14.500000000000002,0.0,50.0,7.93,1.536,,,-10.299,1.653,,,,,,,,,,1.4547,2390170507.27,
002235,安妮股份,,,24.12,35.0,14.500000000000002,0.0,50.0,7.66,-0.13,,,-255.333,6.062,,,,,,,,,,1.85773,4240409793.32,
002238,天威视讯,,,24.12,35.0,14.500000000000002,0.0,50.0,7.52,-0.922,,,-31.242,3.132,,,,,,,,,,11.16214,6035244883.2,
002240,盛新锂能,,,24.12,35.0,14.500000000000002,0.0,50.0,25.05,2.496,,,-25.561,2.032,,,,,,,,,,2.33201,22865670611.1,
002321,华英农业,,,24.12,35.0,14.500000000000002,0.0,50.0,2.08,-1.887,,,-69.333,4.887,,,,,,,,,,5.62213,4420520018.72,
002208,合肥城建,,,24.12,35.0,14.500000000000002,0.0,50.0,10.06,3.818,,,-15.477,1.404,,,,,,,,,,3.36349,8078569382.360001,
002213,大为股份,,,24.12,35.0,14.500000000000002,0.0,50.0,27.83,0.288,,,-421.667,11.831,,,,,,,,,,4.02585,5766326991.37,
002214,大立科技,,,24.12,35.0,14.500000000000002,0.0,50.0,17.78,1.311,,,-46.789,8.63,,,,,,,,,,1.03031,8506728150.34,
002218,拓日新能,,,24.12,35.0,14.500000000000002,0.0,50.0,3.75,1.902,,,-26.634,1.349,,,,,,,,,,3.00706,5203791933.75,
002221,东华能源,,,24.12,35.0,14.500000000000002,0.0,50.0,5.58,-0.179,,,-9.553,0.892,,,,,,,,,,0.5161,8152397783.46,
000545,金浦钛业,,,24.12,35.0,14.500000000000002,0.0,50.0,2.22,2.778,,,-4.431,3.425,,,,,,,,,,3.49166,2187594873.12,
000546,金圆股份,,,24.12,35.0,14.500000000000002,0.0,50.0,4.32,1.408,,,-13.5,0.918,,,,,,,,,,1.41439,3009766489.92,
000547,航天发展,,,24.12,35.0,14.500000000000002,0.0,50.0,13.87,-1.351,,,-16.915,6.059,,,,,,,,,,3.19789,22041109129.94,
000782,恒申新材,,,24.12,35.0,14.500000000000002,0.0,50.0,8.12,0.744,,,-36.909,3.539,,,,,,,,,,1.12029,4288493738.76,
002205,国统股份,,,24.12,35.0,14.500000000000002,0.0,50.0,12.76,10.0,,,-26.266,12.469,,,,,,,,,,13.77316,2371359589.28,当日已大涨
002289,宇顺电子,,,24.12,35.0,14.500000000000002,0.0,50.0,33.58,-0.885,,,-644.53,18.955,,,,,,,,,,0.6668,9215400804.14,
002291,遥望科技,,,24.12,35.0,14.500000000000002,0.0,50.0,5.59,4.291,,,-7.986,1.787,,,,,,,,,,4.96407,4858410259.3,
002295,精艺股份,,,24.12,35.0,14.500000000000002,0.0,50.0,9.86,2.176,,,-46.952,1.907,,,,,,,,,,3.03921,2469209234.0,
000802,北京文化,,,24.12,35.0,14.500000000000002,0.0,50.0,3.91,3.166,,,-6.874,4.73,,,,,,,,,,8.30336,2797777059.55,
000809,和展能源,,,24.12,35.0,14.500000000000002,0.0,50.0,3.47,1.76,,,-43.375,1.075,,,,,,,,,,3.25748,2862025786.71,
000516,国际医学,,,24.12,35.0,14.500000000000002,0.0,50.0,4.27,0.235,,,-30.5,2.939,,,,,,,,,,0.57069,9414275501.47,
000517,荣安地产,,,24.12,35.0,14.500000000000002,0.0,50.0,2.07,2.985,,,-5.753,1.459,,,,,,,,,,1.6886,5158411881.12,
000518,四环生物,,,24.12,35.0,14.500000000000002,0.0,50.0,3.59,-3.495,,,-99.722,11.971,,,,,,,,,,2.22325,3696033137.87,
000520,凤凰航运,,,24.12,35.0,14.500000000000002,0.0,50.0,4.03,-0.494,,,-92.857,9.122,,,,,,,,,,1.39258,4078696323.65,
002298,中电鑫龙,,,24.12,35.0,14.500000000000002,0.0,50.0,9.04,4.994,,,-15.86,3.582,,,,,,,,,,10.82891,6014538108.48,
000860,顺鑫农业,,,24.12,35.0,14.500000000000002,0.0,50.0,10.09,-0.198,,,-49.124,1.102,,,,,,,,,,0.7528,7484428919.01,
000552,甘肃能化,,,24.12,35.0,14.500000000000002,0.0,50.0,2.46,0.82,,,-61.5,0.794,,,,,,,,,,1.19625,9165501313.32,
000558,天府文旅,,,24.12,35.0,14.500000000000002,0.0,50.0,3.56,1.136,,,-221.118,4.476,,,,,,,,,,1.3281,4587700383.48,
000561,烽火电子,,,24.12,35.0,14.500000000000002,0.0,50.0,7.59,0.663,,,-19.462,2.314,,,,,,,,,,0.79924,5891717462.4,
000812,陕西金叶,,,24.12,35.0,14.500000000000002,0.0,50.0,3.74,1.63,,,-12.644,1.879,,,,,,,,,,2.92692,2827925006.94,
000813,德展健康,,,24.12,35.0,14.500000000000002,0.0,50.0,3.2,0.0,,,-19.596,1.466,,,,,,,,,,0.99378,6709273728.0,
000816,智慧农业,,,24.12,35.0,14.500000000000002,0.0,50.0,2.79,0.36,,,-58.985,2.038,,,,,,,,,,1.25744,4016230310.88,
000818,航锦科技,,,24.12,35.0,14.500000000000002,0.0,50.0,11.31,0.0,,,-49.174,3.407,,,,,,,,,,1.11801,7444371375.09,
000819,岳阳兴长,,,24.12,35.0,14.500000000000002,0.0,50.0,12.19,3.043,,,-87.071,2.129,,,,,,,,,,1.1448,4461785092.14,
000859,国风新材,,,24.12,35.0,14.500000000000002,0.0,50.0,8.62,-0.691,,,-107.75,2.874,,,,,,,,,,1.95304,7722837046.019999,
688408,中信博,光伏设备,,24.11,28.905288132357143,21.772727272727273,0.0,50.0,22.53,0.85,,,-450.6,1.27,-5.1,-229.18,-27.87666036,15.4674033853,,,,,,0.79645,4935554411.58,净利大幅下滑
300383,光环新网,通信服务,,24.08,29.198595863142856,21.3,0.0,50.0,10.88,-0.092,,,-25.905,1.647,0.51,-47.09,-10.3409626687,14.0930342084,,,,,,1.47504,19530804426.88,
600353,旭光电子,其他电子Ⅱ,,24.08,18.247248582285714,15.460526315789473,18.971999999999998,50.0,29.3,-0.034,,,150.334,12.719,3.71,11.62,16.8034554291,22.5611480152,,,,,,4.18675,24284166958.7,
600673,东阳光,综合Ⅱ,,24.06,41.32277067657143,6.666666666666665,0.0,50.0,30.44,0.429,,,338.222,8.743,3.9,-36.46,31.6090059632,19.2018789472,,,,,,0.36734,91367423297.88,
300424,航新科技,航空装备Ⅱ,,24.06,36.87838268192857,12.000000000000002,0.0,50.0,13.09,0.307,,,-71.219,4.656,-2.4,-201.27,-7.3106715792,26.6297357547,,,,,,2.90926,3357322558.59,净利大幅下滑
600640,国脉文化,广告营销,,24.06,6.679646866571429,28.235294117647058,19.979999999999997,50.0,12.62,1.122,,,467.407,2.541,0.3957,13.3,0.2438617626,17.9665556132,,,,,,2.65974,9989377910.8,
301007,德迈仕,汽车零部件,,24.04,36.47177115173281,12.380952380952378,0.0,50.0,31.7,4.276,,,93.235,7.434,2.32,-36.55,2.1403770734,21.0579554165,,,,,,1.55988,4797006462.5,
688567,孚能科技,电池,,24.0,27.727829704785716,22.708955223880597,0.0,50.0,9.09,3.413,,,-14.902,1.249,-4.38,-145.0731513556,-16.9252855808,13.8189615867,,,,,,1.09664,11108924314.65,净利大幅下滑
002413,雷科防务,,,23.98,35.0,14.500000000000002,0.0,49.28004,8.78,-4.357,,,-125.429,3.521,,,,,,,,,,15.35998,11373879763.66,
301550,斯菱智驱,汽车零部件,,23.98,41.85305773720168,5.7142857142857135,0.0,50.0,93.99,2.867,,,125.32,17.193,4.18,-22.14,7.6052417115,31.3168327612,,,,,,4.88889,19368024442.65,
600481,双良节能,光伏设备,,23.97,0.0,15.863636363636363,0.0,100.0,3.91,0.773,-18.541666666666657,,-6.567,2.03,-19.81,-28.31,-30.0302624332,-11.0376700822,增亏,-36.37,-23.6328125,-8.857808857808857,,1.24975,8071027039.99,
600708,光明地产,房地产开发,,23.96,0.0,12.833333333333332,3.0,100.0,3.12,4.0,-5.740181268882171,,-1.903,1.211,-7.63,-14.48,-41.8415271359,5.5786402602,续亏,-21.87,-14.28571428571429,1.9607843137254832,,1.30921,6942866645.52,
600405,动力源,其他电源设备Ⅱ,,23.95,11.655124496427739,9.000000000000002,32.80133333333334,50.0,5.02,-0.986,22.141119221411177,,-9.654,79.809,-136.66,40.7978096382,8.9375596366,12.6609553988,减亏,44.255,-2.9013539651837617,3.2921810699588328,,0.97683,3076404531.76,
300129,泰胜风能,风电设备,,23.94,2.5353447106428577,52.70588235294117,0.0,50.0,7.4,1.093,,,32.244,1.439,0.37,-82.83,-32.2988106188,12.2544825949,,,,,,3.04421,5318455376.4,净利大幅下滑
688607,康众科技,医疗器械,,23.93,37.79053492171428,10.382352941176471,0.0,50.0,36.03,1.751,,,-450.375,3.789,-2.81,-3106.3900483559,-0.73552629,35.4941938254,,,,,,1.83327,3175288842.81,净利大幅下滑
603211,晋拓股份,汽车零部件,,23.91,28.594517760162695,21.33333333333333,0.0,50.0,19.0,0.211,,,76.0,4.102,1.46,-44.19,18.3618118302,17.5344666402,,,,,,1.1494,5164352000.0,
002119,康强电子,,,23.9,35.0,29.000000000000004,0.0,30.748339999999995,28.27,-4.847,,,91.194,7.374,,,,,,,,,,24.62583,10609278680.0,换手过热
300183,东软载波,通信设备,,23.9,10.224568336857143,43.32203389830509,0.0,50.0,10.95,1.955,,,484.513,1.642,-0.94,-314.52,-17.7247356825,24.3143956716,,,,,,1.31672,4063410993.9,净利大幅下滑
600058,五矿发展,贸易Ⅱ,,23.88,0.0,12.500000000000004,3.0,100.0,8.56,-1.155,-17.214700193423592,,-171.2,1.907,-0.52,-94.57,-11.2833883238,3.2653451364,预减,-95.0,-27.94612794612795,-13.36032388663968,,0.88473,9175555686.16,净利大幅下滑
300363,博腾股份,医疗服务,,23.86,14.713866882000001,37.77964676198486,0.0,50.0,23.59,-1.338,31.27434613244297,,131.056,2.586,-4.29,-928.55,10.4228684365,30.5994136348,首亏,-3994.08,-6.57425742574258,22.41826673585885,,3.45168,11768022122.150002,净利大幅下滑
688458,美芯晟,半导体,,23.85,25.966368652293646,24.25609756097561,0.0,50.0,37.81,0.292,,,-290.846,2.316,-0.28,-202.55,4.8482593491,34.3849500511,,,,,,1.1719,3543991380.09,净利大幅下滑
603216,梦天家居,家居用品,,23.85,17.08441576364286,29.28571428571428,5.598,50.0,21.7,-0.823,,,74.828,2.704,1.73,-10.67,-7.9339813442,27.8631820691,,,,,,2.34115,4832373000.0,
600052,东望时代,电力,,23.8,0.0,15.189655172413797,0.0,100.0,3.8,2.426,2.7027027027026973,,-6.909,1.482,-0.63,-120.64,-51.1779466915,2.9235500527,首亏,-116.54,-5.472636815920396,-3.797468354430389,,1.38871,3207940015.8,净利大幅下滑
002285,世联行,,,23.8,35.0,14.500000000000002,0.0,48.37968,3.21,-1.534,,,-9.727,2.961,,,,,,,,,,15.81016,6352620113.01,
688562,航天软件,IT服务Ⅱ,,23.79,32.33642329364286,16.351851851851855,0.0,50.0,14.47,2.117,,,-482.333,3.559,-5.94,-61.0187252014,-15.4647648621,20.2709926111,,,,,,0.76229,5788000000.0,净利大幅下滑
301313,凡拓数创,数字媒体,,23.79,39.43909937235715,7.833333333333334,0.0,50.0,30.1,2.52,,,-23.333,5.167,-12.25,-64.86,-27.7985288681,30.2147391213,,,,,,4.39364,2369216601.5,净利大幅下滑
600658,电子城,房地产开发,,23.78,22.469667883888885,16.166666666666664,0.0,65.0,4.24,4.691,7.070707070707072,,-2.57,0.955,-4.68,-27.2083039673,-25.7153044643,7.8113032106,增亏,-36.875,-1.395348837209298,4.4334975369458185,,1.80578,4742800590.8,疑似价值陷阱
300868,杰美特,消费电子,,23.77,37.77029640635714,9.763157894736842,0.0,50.0,75.53,-2.605,,,-167.733,6.581,-0.95,-46.72,5.2015013898,27.8784149689,,,,,,2.79532,6099676287.25,
300669,沪宁股份,专用设备,,23.76,31.336407312142857,17.45454545454546,0.0,50.0,24.54,-0.969,,,245.155,5.458,0.38,-64.35,-5.586803457,17.540970237,,,,,,0.99408,4478548453.98,净利大幅下滑
300553,集智股份,通用设备,,23.75,36.71669872787302,10.931961120640365,0.0,50.0,59.55,-0.568,,,350.294,7.823,0.15,-93.72,-6.3930654289,40.8682061393,,,,,,4.41979,5067062574.6,净利大幅下滑
600679,上海凤凰,摩托车及其他,,23.73,8.506458822714286,44.72222222222222,0.0,50.0,10.52,-0.284,,,50.797,2.535,1.6619,-25.32,5.2647964489,16.0923923518,,,,,,1.24762,3615663583.64,
300507,苏奥传感,汽车零部件,,23.69,6.557266498714285,46.88095238095238,0.0,50.0,6.29,0.319,,,41.933,2.351,1.53,-42.83,-14.2084848982,13.8251730982,,,,,,0.9235,4895803560.92,
603396,金辰股份,光伏设备,,23.67,14.913327859999997,32.37154150197629,4.409999999999999,50.0,35.28,-10.0,,,88.2,1.873,1.29,-12.65,-16.5629155761,26.363659004,,,,,,10.67911,4887249423.84,
600379,宝光股份,电网设备,,23.67,19.611309929285714,16.764179104477613,14.388000000000002,50.0,14.18,0.354,,,91.248,5.795,4.8807,3.98,9.5568950579,20.373383901,,,,,,2.0483,4682258177.52,
600280,中央商场,一般零售,,23.62,25.0,4.500000000000001,0.0,75.0,3.0,0.0,11.111111111111091,,-8.571,13.857,-11.06,-225.9991163733,-19.1044441394,55.0940500658,增亏,-457.825,-14.04011461318052,-0.99009900990098,,2.00907,3385004364.0,净利大幅下滑
688186,广大特材,特钢Ⅱ,,23.61,3.7144212280000004,50.0,0.0,50.0,14.17,-0.352,,,15.921,0.864,0.26,-93.33,-8.3593123906,14.2901897192,,,,,,0.76991,3974534174.520001,疑似价值陷阱；净利大幅下滑
002962,五方光电,,,23.6,35.0,29.000000000000004,0.0,29.265300000000003,14.7,-0.407,,,113.077,2.441,,,,,,,,,,25.36735,3075471231.0000005,换手过热
301234,五洲医疗,医疗器械,,23.6,10.31553811007143,2.3753501400560206,39.666000000000004,50.0,134.2,4.836,,,483.081,11.963,2.0,46.11,-6.3959728882,17.4417533541,,,,,,6.65428,5410679089.2,
600787,中储股份,物流,,23.59,3.3465000000000003,50.32894736842106,0.0,50.0,4.57,0.883,,,18.207,0.716,1.3386,-54.83,25.8295014366,2.8887782182,,,,,,0.37714,9917263689.74,疑似价值陷阱；净利大幅下滑
301125,腾亚精工,通用设备,,23.54,30.67033719207143,17.335620354488277,0.0,50.0,14.79,2.923,,,428.696,5.242,-2.46,-1606.67,-7.9537121637,17.9384720689,,,,,,2.50014,2602943539.62,净利大幅下滑
605588,冠石科技,光学光电子,,23.53,0.0,14.129629629629632,0.0,100.0,45.6,1.514,-25.74499267220321,,-47.5,3.625,-4.87,-277.7913000239,-9.8206165688,-0.9283063154,增亏,-194.0,-34.959349593495936,-5.374559037144633,,1.20917,3333339981.6000004,净利大幅下滑
605162,新中港,电力,,23.49,26.636850964600526,21.987829614604465,0.0,50.0,11.77,-2.405,,,37.968,3.155,2.88,-34.07,-8.6380492161,26.2551722547,,,,,,6.76598,5212301080.47,
605068,明新旭腾,汽车零部件,,23.42,2.7154634159285704,30.428571428571434,0.0,75.0,20.12,-1.13,13.736574335782926,,223.556,2.16,-2.84,-62.6456498284,6.6858164936,13.8016487823,增亏,-48.005,-14.38297872340425,8.580679978413386,,1.96765,3263436194.16,净利大幅下滑
688303,大全能源,光伏设备,,23.4,25.0,23.590909090909093,0.0,50.0,15.7,1.29,,,-29.623,0.896,-4.18,-39.1014184583,-57.6343600526,-120.7614838232,,,,,,0.24502,33479352164.1,疑似价值陷阱
688317,之江生物,医疗器械,,23.39,25.0,23.558823529411764,0.0,50.0,18.1,-0.768,,,-95.263,1.054,-1.23,-312.0344862145,-10.5471223563,68.8581218118,,,,,,1.36399,3436171187.2000003,净利大幅下滑
600959,江苏有线,电视广播Ⅱ,,23.36,5.360623876714286,47.0,0.0,50.0,3.11,2.64,,,62.2,0.688,0.46,-48.69,-11.8735466863,15.8948734274,,,,,,0.67751,15552232003.46,疑似价值陷阱
300710,万隆光电,通信设备,,23.28,13.808695713785715,22.559322033898304,13.991999999999999,50.0,29.97,0.909,,,-101.8,6.951,-3.11,3.32,-10.2212397405,29.3321739993,,,,,,3.24978,2235162989.61,
301133,金钟股份,汽车零部件,,23.23,30.195237018857142,16.666666666666668,0.0,50.0,25.81,0.86,,,-368.714,2.355,-2.56,-241.43,10.0287314972,17.2733318264,,,,,,1.611,2868419359.8900003,净利大幅下滑
300148,天舟文化,出版,,23.23,31.5,15.138339920948615,0.0,50.0,3.59,3.161,,,44.875,2.881,2.6,-47.96,-11.0290892272,61.9760004404,,,,,,3.18356,2922484382.18,
600876,凯盛新能,玻璃玻纤,,23.19,15.225480516969697,14.500000000000002,0.0,75.0,7.54,1.48,6.047819971870605,,-5.31,2.15,-31.24,-86.75,-29.2740421105,-32.7317711104,增亏,-82.97,-21.21212121212121,5.013927576601684,,2.57229,2983389221.02,净利大幅下滑
688777,中控技术,自动化设备,,23.16,18.869389629000004,30.013986013986017,0.0,50.0,78.48,1.777,,,140.143,6.301,1.55,-56.2,-5.098453845,30.9921454806,,,,,,1.07795,61779386545.200005,净利大幅下滑
688728,格科微,半导体,,23.14,17.367621156214284,31.732991014120664,0.0,50.0,14.05,1.738,,,702.5,4.621,0.1,-75.42,14.2020715078,19.9646696187,,,,,,0.51914,36513022921.350006,净利大幅下滑
300238,冠昊生物,医疗器械,,23.14,30.75,15.652661064425772,0.0,50.0,11.87,-0.168,,,131.889,5.592,2.3,-35.11,-13.119589144,76.6418446555,,,,,,1.10608,3147141553.34,
000790,华神科技,,,23.13,35.0,14.500000000000002,0.0,45.02256,4.44,0.452,,,-8.706,3.835,,,,,,,,,,17.48872,2764533761.16,
688333,铂力特,通用设备,,23.12,21.999806484428568,26.089193825042877,0.0,50.0,101.0,1.0,,,134.006,5.284,1.01,-32.99,15.4561155979,37.2647290782,,,,,,2.5136,27706539574.0,
603598,引力传媒,广告营销,,23.11,19.75,10.705882352941176,18.029999999999998,50.0,19.13,10.006,,,318.833,22.34,7.9,10.05,6.3474419964,3.191127958,,,,,,11.07675,5162372062.0,当日已大涨
300499,高澜股份,专用设备,,23.11,19.397865590714286,9.838383838383837,19.332,50.0,33.48,-0.06,,,372.0,7.39,1.85,12.22,18.1590024725,30.682011827,,,,,,4.3267,9097592683.32,
688316,青云科技,IT服务Ⅱ,,23.08,17.197690140571428,9.49382716049383,22.18644182598,50.0,45.8,2.461,,,-32.869,70.364,-130.98,16.9774030433,-12.6802564978,34.0767661968,,,,,,2.66116,2193734308.2000003,
601999,出版传媒,出版,,23.08,13.192229354928573,36.48221343873519,0.0,50.0,6.96,7.74,,,36.632,1.432,1.2,-25.83,-20.9399382449,24.2691210969,,,,,,6.38876,3834366312.0,当日已大涨
001317,三羊马,,,23.07,35.0,14.500000000000002,0.0,44.72842,62.5,-2.799,,,-568.182,5.253,,,,,,,,,,17.63579,5343907312.5,
688662,富信科技,其他电子Ⅱ,,23.05,21.22636311707143,9.60526315789474,17.112,50.0,114.09,-0.358,,,248.022,18.209,3.0,8.52,8.5223254956,29.2169083639,,,,,,10.54246,13086766923.96,
300489,光智科技,光学光电子,,23.03,39.382547334142856,4.87037037037037,0.0,50.0,256.9,-0.388,,,-1065.533,45.953,-1.36,-138.39,16.9714434565,30.1355662678,,,,,,6.94172,35406582523.9,净利大幅下滑
600376,首开股份,房地产开发,,23.0,0.0,9.000000000000002,3.0,100.0,3.39,6.94,-14.6095717884131,,-1.278,6.995,-86.36,0.0649802067,-35.5413059316,7.7880112573,续亏,-5.04,-23.303167420814475,-3.142857142857136,,5.3283,8744726170.380001,
603151,邦基科技,饲料,,23.0,25.0,54.0,0.0,10.0,18.14,-2.787,56.514236410698885,,27.741,2.307,-0.03,-100.74,11.8155700631,6.511611192,首亏,-101.67,-6.253229974160213,8.040500297796328,,1.85239,3107051852.0,净利大幅下滑；60日涨幅已高
300781,因赛集团,广告营销,,23.0,27.944657925555262,10.382352941176471,8.088,50.0,27.65,7.212,,,-50.273,8.15,3.32,-6.52,14.2505864913,36.5927300211,,,,,,4.91311,3349432077.6000004,当日已大涨
600094,大名城,房地产开发,,22.98,9.550941114428571,40.44444444444445,0.0,50.0,4.13,4.03,,,68.833,0.934,0.1,-70.04,-52.1616161089,23.0213175602,,,,,,1.60767,8781329693.5,疑似价值陷阱；净利大幅下滑
603773,沃格光电,光学光电子,,22.98,4.812785372785715,6.351851851851851,0.0,99.74654,90.6,-9.391,-26.57427668368588,,-127.426,20.019,-11.66,-128.04,3.192768693,16.7378995219,增亏,-121.59,-49.101123595505626,-5.111018014243829,,15.12673,20355884149.8,净利大幅下滑
300111,向日葵,化学制药,,22.98,35.1707138175,9.727272727272728,0.0,50.0,2.96,0.339,,,-986.667,5.689,-1.83,-1168.07,-24.8225240936,24.2389993445,,,,,,1.82182,3810143713.44,净利大幅下滑
301067,显盈科技,消费电子,,22.97,30.707200491142856,15.026315789473689,0.0,50.0,32.9,0.766,,,-56.724,4.229,-2.46,-480.08,-27.1821272642,17.9900806876,,,,,,2.54375,2171947785.0,净利大幅下滑
300316,晶盛机电,光伏设备,,22.96,17.26324270264286,31.10671936758893,0.0,50.0,38.27,-0.958,,,56.279,2.922,1.35,-63.66,-40.4685837233,29.4435397837,,,,,,0.94015,47131626420.91,净利大幅下滑
300225,金力泰,化学制品,,22.96,18.99261736135714,11.166007905138336,17.898,50.0,7.81,0.128,,,195.25,4.258,1.1,9.83,19.7271573854,32.7396643059,,,,,,2.3072,3687381300.9,
301096,百诚医药,医疗服务,,22.94,25.15,21.573170731707318,0.0,50.0,47.09,2.392,,,-56.735,2.064,0.06,-48.43,-8.3979990248,50.501789711,,,,,,3.28643,3913866843.63,
603159,上海亚虹,专用设备,,22.93,28.60298774778571,9.388888888888891,0.0,60.0,22.92,3.71,38.15551537070525,,-573.0,6.462,-0.76,-110.07,-14.257082289,15.0441828469,增亏,-54.86,-16.380882889456394,4.229195088676696,,2.68447,3208800000.0,净利大幅下滑
300689,澄天伟业,通信设备,,22.89,28.927149772285716,16.858757062146896,0.0,50.0,61.19,3.309,,,470.692,10.136,0.39,-74.89,21.7646480177,14.1330096812,,,,,,4.16637,6225710709.56,净利大幅下滑
300103,达刚控股,专用设备,,22.88,16.3572132685,19.66666666666667,12.216,50.0,8.12,2.655,,,-42.535,6.243,-3.66,0.36,-34.156422802,32.9000985759,,,,,,1.87029,2576805753.2,
300830,金现代,软件开发,,22.88,18.681372924142856,19.833333333333332,9.276000000000002,50.0,8.06,2.414,,,-44.778,2.801,-1.79,-4.54,-5.2524591571,36.1539220938,,,,,,2.83022,2715694262.32,
603073,彩蝶实业,化学纤维,,22.87,14.313902715571428,34.285714285714285,0.0,50.0,19.72,0.0,,,32.867,1.647,1.83,-43.61,4.0574373794,23.6344638018,,,,,,8.9931,2287520000.0,
300762,上海瀚讯,军工电子Ⅱ,,22.86,37.40756843171429,6.551282051282051,0.0,50.0,24.83,-0.918,,,-130.684,7.299,-4.63,-265.39,-11.6837320918,27.3705958044,,,,,,1.57056,15592390118.76,净利大幅下滑
688520,神州细胞,生物制品,,22.86,30.797881077506776,14.500000000000002,0.0,50.0,35.22,0.085,,,-26.682,-111.81,-95.1,-982.856050629,-32.1627854551,89.5669004539,,,,,,0.49703,15684723847.080002,疑似价值陷阱；净利大幅下滑
301251,威尔高,元件,,22.86,13.228977726428571,24.75609756097561,10.794000000000002,50.0,87.37,5.672,,,174.74,10.647,2.8,-2.01,37.0057985716,18.720568817,,,,,,8.82577,15187803189.2,
605180,华生科技,纺织制造,,22.86,9.879290565499998,24.571428571428577,3.0,65.0,14.18,0.425,16.32485643970467,,88.625,2.12,-0.24,-112.12,18.8020600709,23.8310067917,预减,-84.69,-0.7002801120448154,6.45645645645645,,2.81089,2396420000.0,净利大幅下滑
300588,熙菱信息,计算机设备,,22.84,37.54758990292857,5.333333333333333,0.9720000000000004,50.0,21.02,-0.615,,,-103.547,16.748,-13.87,-18.38,-13.7876429707,27.5666258641,,,,,,0.87194,3716799070.6,
688661,和林微纳,半导体,,22.83,32.098458066357146,12.785622593068036,0.0,50.0,97.1,2.991,,,495.156,12.201,-0.55,-122.01,-6.5151316463,19.9378412929,,,,,,1.90907,14748307904.6,净利大幅下滑
300778,新城市,工程咨询服务Ⅱ,,22.72,25.0,20.863636363636363,0.0,50.0,11.15,2.765,,,-78.966,1.908,-2.39,-134.85,-5.3222411641,-22.763330398,,,,,,2.34802,2270162400.35,净利大幅下滑
605008,长鸿高科,塑料,,22.71,25.0,8.824324324324326,0.0,65.0,13.98,1.673,14.309076042518388,,-1398.0,4.704,-2.99,-3582.49,-16.1062381415,5.5706387982,首亏,-3678.67,-4.8979591836734615,7.538461538461538,,1.09639,9030554547.72,净利大幅下滑
600231,凌钢股份,普钢,,22.69,1.3565944049019605,9.115384615384615,0.0,100.0,1.65,2.484,3.124999999999978,,-2.946,1.447,-22.16,-39.7832984398,5.9752764077,-9.1234800196,增亏,-36.68,-8.839779005524873,-5.172413793103448,,1.02706,4680032578.65,
300905,宝丽迪,化学纤维,,22.68,16.595320285857145,14.28571428571429,16.505999999999997,50.0,38.05,8.808,,,44.765,3.472,3.47,7.51,3.4315732383,21.0884484002,,,,,,8.78949,5301431883.95,当日已大涨
300931,通用电梯,专用设备,,22.66,16.560295201367392,17.444444444444446,13.314,50.0,17.03,0.176,,,-75.555,7.002,-2.97,2.19,-4.3253008285,20.9393245222,,,,,,7.17089,3328111643.09,
688371,菲沃泰,电子化学品Ⅱ,,22.64,13.853587998285716,33.94871794871795,0.0,50.0,22.66,-0.701,,,251.778,3.972,-2.34,-373.11,-21.6274274463,29.3950231976,,,,,,1.61479,7601803586.959999,净利大幅下滑
600391,航发科技,航空装备Ⅱ,,22.62,29.999863675285717,14.464285714285719,0.0,50.0,40.92,-1.776,,,227.333,7.545,0.34,-40.81,2.6534843846,15.8098091454,,,,,,2.90269,13508893697.64,
600468,百利电气,电网设备,,22.62,12.166407451857141,35.89850746268657,0.0,50.0,5.86,0.515,,,71.551,3.136,2.05,-26.72,19.4051402418,19.8579704326,,,,,,0.9646,6374128981.06,
603995,甬金股份,特钢Ⅱ,,22.62,14.774999999999999,10.0,22.74,50.0,25.27,0.878,,,16.735,1.547,5.91,17.9,13.04578785,4.6163527044,,,,,,0.63782,9188413151.61,
301362,民爆光电,照明设备Ⅱ,,22.57,41.91441286842858,0.0,0.0,50.0,106.08,0.057,,,59.263,6.315,2.18,-48.24,9.1495536649,26.0501780158,,,,,,4.43046,4343411230.08,
600975,新五丰,养殖业,,22.56,1.998222532777779,7.833333333333334,0.0,100.0,5.22,2.353,4.819277108433728,,-7.457,4.57,-41.0,-1727.34,-23.1771786837,2.6826867843,首亏,-1647.495,-11.525423728813566,0.1919385796545158,,1.41498,6523234282.8,净利大幅下滑
300534,陇神戎发,中药Ⅱ,,22.56,29.799999999999997,14.499999999999996,0.0,50.0,12.63,-2.846,,,87.164,5.35,1.92,-40.67,-30.959974212,61.8137642739,,,,,,12.5007,3815013303.72,
600807,济高发展,医疗器械,,22.55,27.141237135571426,5.441176470588236,0.19600916784000047,65.0,2.68,2.29,13.080168776371304,,-11.167,8.69,-21.43,-19.6733180536,-14.0490774078,12.9977319898,增亏,-15.69,-3.2490974729241784,-1.1070110701106972,,1.69821,2110568578.52,
603366,日出东方,厨卫电器,,22.54,15.223754632928571,26.66666666666667,5.238,50.0,7.26,-0.412,,,33.799,1.365,0.85,-11.27,12.8527035472,28.3382564861,,,,,,1.61331,5902729213.26,
301168,通灵股份,光伏设备,,22.5,27.288015539571433,17.272727272727273,0.0,50.0,41.47,3.727,,,188.5,2.344,0.14,-90.16,-29.7561353872,12.7132217554,,,,,,1.47125,3952644043.92,净利大幅下滑
301311,昆船智能,通用设备,,22.49,25.0,19.954545454545457,0.0,50.0,19.0,3.825,,,-48.718,2.706,-3.19,-125.3,-35.650991639,5.2119468348,,,,,,11.42603,4560000000.0,净利大幅下滑
603999,读者传媒,出版,,22.48,18.182814784142856,25.810276679841905,2.2800000000000002,50.0,6.65,4.724,,,44.333,1.825,1.55,-16.2,-18.7519876394,30.0309406978,,,,,,3.04713,3830400000.0,
300956,英力股份,消费电子,,22.46,2.073603212428571,47.36842105263159,0.0,50.0,11.32,2.629,,,188.667,1.85,-2.35,-607.95,-10.4380012277,12.9030444974,,,,,,1.68487,2382321111.4,净利大幅下滑
000504,南华生物,,,22.43,35.0,29.000000000000004,0.0,23.38946,11.29,-8.657,,,125.444,13.711,,,,,,,,,,28.30527,3715791873.42,换手过热
300315,掌趣科技,游戏Ⅱ,,22.42,26.950000000000003,17.357142857142858,0.0,50.0,3.95,1.023,,,-65.833,2.327,0.78,-24.13,-6.7542484212,77.1436269376,,,,,,1.25759,10694944073.099998,
300246,宝莱特,医疗器械,,22.41,33.307854848722535,9.676470588235295,0.0,50.0,15.8,3.879,,,-60.213,3.988,-3.08,-2725.82,-1.089099819,23.8094755698,,,,,,3.33189,3343998362.8,净利大幅下滑
300987,川网传媒,数字媒体,,22.38,13.479321848571429,33.333333333333336,0.0,50.0,14.59,3.843,,,121.583,3.221,0.09,-72.94,-7.2814951234,28.556050588,,,,,,4.57669,2529439120.0,净利大幅下滑
601996,丰林集团,家居用品,,22.38,25.0,19.500000000000004,0.0,50.0,2.9,0.694,33.0275229357798,,-26.364,1.388,-4.45,-131.4768596175,-0.4111953551,-1.2381299872,增亏,-136.05,-3.3333333333333326,7.806691449814118,,1.09062,3250651806.4,净利大幅下滑
300755,华致酒行,专业连锁Ⅱ,,22.38,25.0,19.500000000000004,0.0,50.0,11.08,-0.27,,,-12.311,1.723,-2.7,-230.67,-17.7198539389,8.7833615342,,,,,,1.34505,4615716372.0,净利大幅下滑
300889,爱克股份,光学光电子,,22.37,28.530711977285716,15.24074074074074,0.0,50.0,21.76,1.825,,,-61.106,3.395,-2.02,-131.59,16.6082151109,14.9429967682,,,,,,2.50734,3272420663.04,净利大幅下滑
300376,易事特,其他电源设备Ⅱ,,22.37,9.654027190071428,37.89473684210527,0.0,50.0,4.08,0.493,,,408.0,1.502,-2.3,-271.78,1.4475756695,23.5156380661,,,,,,0.50872,9495801796.08,净利大幅下滑
603336,宏辉果蔬,种植业,,22.35,25.900000000000002,18.307692307692307,0.0,50.0,9.9,-0.802,,,330.0,4.203,0.36,-25.35,-11.0864681128,9.5243597425,,,,,,2.15732,6026317555.5,
688696,极米科技,黑色家电,,22.29,25.724043922857142,10.0,8.292,50.0,81.0,-0.074,,,38.028,1.929,2.82,-6.18,-1.2193508631,36.143661492,,,,,,0.61485,5671620000.0,
300907,康平科技,电机Ⅱ,,22.28,16.570757472785715,29.230769230769226,0.0,50.0,51.5,-0.078,,,103.351,6.166,4.21,-23.26,99.2998812614,18.4640604619,,,,,,2.71667,4944000000.0,
600533,栖霞建设,房地产开发,,22.2,25.995139841642857,5.6111111111111125,0.0,65.0,2.29,2.691,16.836734693877563,,-1.301,3.376,-59.94,-1048.0,-79.6671851378,11.3931957783,首亏,-1006.565,-0.8658008658008698,4.566210045662111,,1.78724,2404500000.0,净利大幅下滑
600815,厦工股份,工程机械,,22.17,25.404325182642857,10.214285714285715,0.0,60.0,3.77,-10.024,39.62962962962961,,-91.951,4.745,-3.58,-1622.5,14.7469397834,10.5660552557,首亏,-1588.095,-18.924731182795707,-17.14285714285714,,10.31656,6688336189.6,净利大幅下滑
688157,松井股份,化学制品,,22.16,21.518060446071427,22.826086956521742,0.0,50.0,18.87,2.61,,,145.154,2.654,-0.37,-140.75,-4.4884059215,40.1252846245,,,,,,1.10931,3542225375.5200005,净利大幅下滑
688670,金迪克,生物制品,,22.16,25.0,18.646341463414632,0.0,50.0,18.26,0.662,,,-12.593,2.147,-4.76,-28.7929850842,-74.1527495339,-81.8107816241,,,,,,1.85875,2249632000.0,
002172,澳洋健康,,,22.14,35.0,29.000000000000004,0.0,21.962719999999997,5.49,8.284,,,109.8,21.01,,,,,,,,,,29.01864,4200622607.7,换手过热；当日已大涨
300162,雷曼光电,光学光电子,,22.12,34.7630855495,12.64814814814815,0.0,42.66722,8.46,-2.422,,,-84.6,4.131,-3.24,-658.27,-9.6697389871,23.6683197693,,,,,,18.66639,2894466583.8,净利大幅下滑
688322,奥比中光,光学光电子,,22.11,28.475,14.259259259259254,0.0,50.0,85.1,-0.758,,,265.938,8.797,1.39,-30.82,0.490642501,48.5842593467,,,,,,1.20549,27254448699.2,
300951,博硕科技,消费电子,,22.1,10.788531965499999,35.438596491228076,0.0,50.0,78.69,-0.518,,,91.5,6.152,-1.37,-132.56,19.9557703398,25.1039447517,,,,,,4.09863,11912911913.73,净利大幅下滑
603122,合富中国,医疗服务,,22.06,30.286614405357142,9.378048780487806,3.0,49.3824,14.02,-4.038,25.627240143369168,,-175.25,5.377,-0.72,-2.1946479678,-7.8681999364,17.4012601675,续亏,-9.685,-6.095110515740121,17.02838063439065,,15.3088,5580697914.66,
600732,爱旭股份,光伏设备,,22.03,0.0,8.136363636363637,0.0,100.0,10.88,-1.181,-16.692189892802446,,-11.333,5.161,-15.92,-217.2489500095,8.7192780215,7.2040233942,增亏,-94.39,-21.50072150072149,-5.719237435008651,,0.66622,22905156208.640003,净利大幅下滑
688141,杰华特,半导体,,22.03,35.9447031765,4.987804878048782,0.0,50.0,102.98,2.254,,,-64.363,42.975,-39.82,-76.2074254968,44.7238663729,25.3225844471,,,,,,2.32995,46842353598.880005,净利大幅下滑
301398,星源卓镁,汽车零部件,,22.02,25.434979312714283,17.571428571428573,0.0,50.0,38.46,1.211,,,93.805,4.176,-6.35,-322.41,35.7142096247,10.6089710378,,,,,,1.15026,4199149104.24,净利大幅下滑
601606,长城军工,地面兵装Ⅱ,,22.01,23.3611435145873,0.0,0.0,75.0,31.09,0.29,9.179660064615812,,3109.0,10.522,-4.41,-251.9959612482,-32.8869767974,15.2829074307,增亏,-250.35,-15.101037684325505,-2.4474427361154683,,1.57296,22516260956.0,净利大幅下滑
300260,新莱应材,通用设备,,22.0,20.11745638342857,16.352201257861633,7.488,50.0,57.3,-2.218,,,130.227,10.699,4.56,-7.52,9.6870954593,22.2044389368,,,,,,3.76591,16467649842.0,
600208,衢州发展,房地产开发,,22.0,3.158328182214286,44.22222222222222,0.0,50.0,2.9,3.203,,,96.667,0.592,0.41,-34.9,-45.6455932082,12.9866594551,,,,,,1.26172,24673131377.3,疑似价值陷阱
300683,海特生物,医疗服务,,21.98,20.332631125357146,23.52439024390244,0.0,50.0,24.93,0.443,,,-14.085,1.567,-3.71,-100.89,-18.0128223291,38.4656835755,,,,,,2.86237,3046436127.7200003,净利大幅下滑
301225,恒勃股份,汽车零部件,,21.97,16.720451668000003,27.809523809523807,0.0,50.0,57.59,-0.243,,,42.978,5.092,2.99,-28.01,61.1604744793,22.9436323352,,,,,,5.92139,2533267825.79,
300370,安控科技,通用设备,,21.97,33.49073094392857,7.681818181818182,0.0,50.0,2.14,1.905,,,-27.192,8.187,-11.28,-48.63,-17.8731661819,21.8870233215,,,,,,1.31108,3341558873.26,
000592,平潭发展,,,21.94,35.0,14.500000000000002,0.0,39.05146,8.74,-3.85,,,-146.399,9.906,,,,,,,,,,20.47427,16737908004.26,换手过热
301335,天元宠物,文娱用品,,21.9,8.700538271642856,37.14285714285715,0.0,50.0,25.09,-2.827,,,55.756,1.648,1.04,-46.28,9.9209073302,18.5407535803,,,,,,2.05972,2217716315.23,
300287,飞利信,IT服务Ⅱ,,21.89,1.6638720953571426,25.790123456790127,19.788000000000004,50.0,3.59,1.7,,,-32.636,5.366,-5.94,12.98,-39.5662598659,12.3294209335,,,,,,1.85457,4749111040.04,
300024,机器人,自动化设备,,21.87,27.95424581164286,13.954545454545455,0.0,50.0,12.85,-0.465,,,-50.571,4.963,-4.61,-98.3,-12.5721968565,14.1359441363,,,,,,0.72346,20112494984.95,净利大幅下滑
300289,利德曼,医疗器械,,21.87,23.843621049285716,18.85294117647059,0.0,50.0,5.91,-0.505,,,-140.047,1.97,-0.43,-67.56,-5.3088124012,43.381069469,,,,,,1.12259,3210054838.17,净利大幅下滑
688265,南模生物,医疗服务,,21.86,26.325,44.8444070647603,3.0,10.0,54.21,-0.732,42.748051400884776,,129.071,2.461,0.53,-50.04,18.7337704327,53.9566318362,预减,-50.465,-0.7324665812122322,37.41444866920152,,4.3745,4226402039.73,净利大幅下滑；60日涨幅已高
688556,高测股份,光伏设备,,21.85,25.15484644764286,17.22727272727273,0.0,50.0,7.55,-0.264,,,-151.0,1.819,-12.78,-453.2200193714,9.0597277524,10.2167850267,,,,,,1.07022,6272343201.7,净利大幅下滑
300105,龙源技术,其他电源设备Ⅱ,,21.83,23.408409382571428,19.23684210526316,0.0,50.0,7.06,0.427,,,-100.857,2.038,0.51,-67.04,-1.0327173367,40.9867731356,,,,,,1.13162,3639370837.2,净利大幅下滑
301205,联特科技,通信设备,,21.79,25.334391660785716,16.768361581920907,0.0,50.0,263.48,-1.244,,,331.63,20.953,0.58,-73.08,38.1007024987,43.4381483251,,,,,,6.37942,22050367180.8,净利大幅下滑
600651,飞乐音响,汽车零部件,,21.77,31.019266517714282,9.857142857142861,0.0,50.0,4.99,-1.578,,,226.818,4.968,0.07,-92.27,-18.0215195628,18.1819731248,,,,,,0.66689,12510069794.85,净利大幅下滑
688172,燕东微,半导体,,21.75,21.292091638425926,21.451219512195124,0.0,50.0,44.05,0.709,,,-142.097,3.472,-2.39,-440.56,48.4987783417,-1.9775325802,,,,,,0.69996,52805118589.55,净利大幅下滑
301046,能辉科技,专业工程,,21.75,29.356826914357143,11.75438596491228,0.0,50.0,33.43,-0.654,,,835.75,5.163,-1.99,-180.75,-66.6787706682,16.0995576801,,,,,,2.77859,4352419852.9,净利大幅下滑
002614,奥佳华,,,21.75,35.0,29.000000000000004,0.0,20.0,8.13,-4.353,,,406.5,1.205,,,,,,,,,,31.36294,3587568278.43,换手过热
688776,国光电气,军工电子Ⅱ,,21.75,24.29870822214715,17.833333333333336,0.0,50.0,48.82,-1.573,,,-53.648,3.161,-4.24,-492.4189304432,-40.4060317121,7.810522437,,,,,,2.10246,5291278515.58,净利大幅下滑
300234,开尔新材,装修建材,,21.75,31.708135212,8.944444444444445,0.0,50.0,10.12,1.811,,,-506.0,4.529,-0.11,-110.43,-12.9750590351,19.3913892968,,,,,,4.28073,3481148885.28,净利大幅下滑
603360,百傲化学,农化制品,,21.74,27.601812644714286,13.818181818181813,0.0,50.0,12.19,1.33,,,40.633,6.135,4.56,-34.76,-26.5950269103,32.6825377026,,,,,,0.78496,8608866342.26,
300569,天能重工,风电设备,,21.73,3.610725483214286,42.58823529411765,0.0,50.0,5.36,-2.545,,,49.265,1.047,0.95,-26.58,12.556680602,11.7300156765,,,,,,5.93339,5465312963.76,
600403,大有能源,煤炭开采,,21.7,0.0,11.000000000000004,27.786666666666665,60.0,7.05,-3.557,31.775700934579444,,-8.36,5.463,-18.87,24.4912461228,12.5102924473,-3.7715229949,减亏,25.45,-9.383033419023146,-7.843137254901967,,4.19511,16855227434.1,
300128,锦富技术,消费电子,,21.68,25.0,5.903508771929825,10.835999999999999,50.0,4.77,2.141,,,-18.531,17.195,-27.68,-1.94,36.1769494626,6.8894391666,,,,,,1.28106,6187847616.99,
300571,平治信息,通信服务,,21.66,25.13288135192857,16.5,0.0,50.0,27.8,1.201,,,-19.306,3.18,-0.78,-172.51,-0.7364488054,10.1860338927,,,,,,2.89578,3214713465.0,净利大幅下滑
603687,大胜达,包装印刷,,21.64,14.270367225333336,12.000000000000002,17.442,50.0,14.29,1.132,,,102.071,2.39,1.97,9.07,5.6887157432,19.3497585538,,,,,,1.86319,7859955336.56,
688619,罗普特,计算机设备,,21.64,0.0,27.333333333333336,19.24284694836,50.0,14.06,2.18,,,-10.984,4.026,-6.45,12.0714115806,-10.6548970786,4.9757507963,,,,,,1.28139,2607258870.52,
603527,众源新材,工业金属,,21.63,7.3999999999999995,37.63440860215054,0.0,50.0,9.84,4.127,,,49.2,1.476,2.96,-34.41,73.6904679292,4.0734119014,,,,,,2.70698,3118996608.0,
601068,中铝国际,专业工程,,21.62,6.655117941500001,23.85964912280702,14.628,50.0,4.35,3.571,,,119.505,4.184,2.1,4.38,-6.7068109524,11.9671651181,,,,,,0.76866,11134219401.45,
600569,安阳钢铁,普钢,,21.62,25.0,4.500000000000001,0.0,65.0,1.78,1.714,5.3254437869822535,,-10.289,5.298,-75.91,-3202.94,-3.8358184128,-2.3222583031,首亏,-6600.52,-7.772020725388595,-3.2608695652173947,,0.68764,5112910067.08,净利大幅下滑
688177,百奥泰,生物制品,,21.62,25.0,4.500000000000001,0.0,65.0,20.21,-2.131,7.557211282597143,,-25.263,67.524,-100.77,-101.6844112378,17.3483891381,81.3421196191,增亏,-108.115,-7.632541133455206,10.982976386600772,,1.08388,8368556800.000001,净利大幅下滑
300835,龙磁科技,金属新材料,,21.59,28.90206406643917,9.100000000000001,2.5860000000000003,50.0,194.21,4.538,,,134.868,16.398,5.55,-15.69,21.7644919378,24.8314865941,,,,,,4.20873,16231182900.83,
301198,喜悦智行,包装印刷,,21.5,4.022064140642858,17.0,24.174,50.0,14.2,2.453,,,-177.5,2.667,-0.59,20.29,4.4826391827,15.6308897969,,,,,,2.73352,2304335956.0,
600854,春兰股份,白色家电,,21.44,20.091266222857143,20.0,1.6619999999999995,50.0,4.78,0.844,,,19.455,1.009,3.9554,-17.23,65.0474966376,24.283872712,,,,,,1.65815,2483011811.64,
688663,新风光,电网设备,,21.43,22.894906172857144,14.979104477611942,3.2760000000000002,50.0,56.33,2.942,,,81.638,7.913,3.65,-14.54,-16.6856663077,29.277868642,,,,,,0.93775,11110978938.72,
600222,太龙药业,中药Ⅱ,,21.39,13.458757799499999,29.400000000000006,0.0,50.0,7.87,-2.478,,,72.535,2.729,0.75,-37.8,-3.1985693299,26.2172609193,,,,,,2.14292,4402188250.21,
603009,北特科技,汽车零部件,,21.34,14.186084804500002,7.476190476190478,20.868000000000002,50.0,45.57,-0.87,,,130.2,7.747,3.1493,14.78,8.196177817,18.8379687263,,,,,,1.73988,15784983869.55,
301121,紫建电子,电池,,21.33,11.360767627857143,31.67164179104478,0.0,50.0,35.92,1.469,,,513.143,2.138,0.13,-80.73,51.4425193642,25.450074679,,,,,,1.32766,2757243410.0800004,净利大幅下滑
300869,康泰医学,医疗器械,,21.33,25.0,15.323529411764708,0.0,50.0,11.34,-0.088,,,-189.0,2.757,-2.88,-390.88,3.8281608018,51.7876088317,,,,,,1.20818,2990753947.44,净利大幅下滑
600103,青山纸业,造纸,,21.32,32.609720118714286,6.153846153846154,0.0,50.0,3.41,-0.292,,,138.057,1.918,1.01,-28.26,1.8989925979,17.1186081662,,,,,,4.47439,7544042050.27,
600903,贵州燃气,燃气Ⅱ,,21.32,35.166720749214285,3.076923076923075,0.0,50.0,6.51,1.244,,,162.75,2.434,2.08,-30.58,-10.7028013622,16.9534090489,,,,,,1.9793,7577543977.5,
300528,幸福蓝海,影视院线,,21.3,32.4007702485,6.31818181818182,0.0,50.0,13.49,1.124,,,-34.75,14.689,-12.53,-629.57,-33.855478101,20.3610783479,,,,,,2.63568,5026482648.46,净利大幅下滑
301558,三态股份,互联网电商,,21.28,20.463540572928572,20.571428571428577,0.0,50.0,6.75,0.0,,,109.4,3.869,0.64,-61.85,-5.7825569666,36.4089568021,,,,,,1.94703,5332803905.250001,净利大幅下滑
000892,欢瑞世纪,,,21.28,35.0,14.500000000000002,0.0,35.79236,4.58,5.774,,,-17.622,8.886,,,,,,,,,,22.10382,3255458522.32,换手过热
600629,华建集团,工程咨询服务Ⅱ,,21.24,6.981628814428572,25.584415584415588,3.0,60.0,16.35,2.508,38.3248730964467,,233.571,3.576,0.22,-91.37,-20.7624470958,19.0042803402,预减,-90.9,-10.996189439303205,0.1224739742804903,,2.26849,18799309755.3,净利大幅下滑
688226,威腾电气,电网设备,,21.2,3.6726260560714277,24.489552238805974,15.906,50.0,29.77,5.905,,,186.063,2.902,0.99,6.51,32.4787221895,11.6766764785,,,,,,4.27552,5619847230.4,
600284,浦东建设,基础建设,,21.15,4.124999999999999,39.63800904977376,0.0,50.0,5.1,1.594,,,14.011,0.619,1.65,-42.08,-25.925941061,5.3022756344,,,,,,0.99766,4948305600.0,疑似价值陷阱
300798,锦鸡股份,化学制品,,21.12,25.0,14.500000000000002,0.0,50.0,8.42,1.937,,,-112.267,2.202,-0.37,-63.28,31.3501324628,7.8203962901,,,,,,5.37289,3416024194.12,净利大幅下滑
688521,芯原股份,半导体,,21.1,32.6519337174072,5.231707317073172,0.0,50.0,193.64,0.332,,,-188.0,34.81,-19.29,-91.379633091,91.3678078628,32.2948328539,,,,,,2.67786,101838233463.72,净利大幅下滑
603458,勘设股份,工程咨询服务Ⅱ,,21.07,7.982544573214286,22.681818181818183,0.0,65.0,10.9,3.612,9.547738693467345,,-8.651,1.354,-5.13,-33.4882349469,-20.2587165027,21.1755624025,增亏,-31.245,-29.94858611825193,17.204301075268802,,4.61762,3336757202.6,
603065,宿迁联盛,化学制品,,21.07,28.40341484992857,10.181818181818182,0.0,50.0,14.83,-1.918,,,-476.849,3.237,0.49,-37.58,13.7067882983,13.0497807899,,,,,,5.81317,6213289092.76,
600822,上海物贸,汽车服务,,21.03,31.224915376214284,6.666666666666665,0.0,50.0,9.18,0.99,,,153.0,3.658,0.8405,-29.81,-25.2431977131,15.7731315267,,,,,,2.02634,3636637795.44,
600228,返利科技,数字媒体,,20.99,25.0,12.333333333333336,25.63066666666667,20.0,10.18,0.394,47.10982658959537,,-67.239,11.53,-7.43,14.889349809,81.0622357921,53.1262570928,减亏,17.365,-15.798180314309352,14.89841986455982,,5.57522,4235258461.86,60日涨幅已高
603688,石英股份,非金属材料Ⅱ,,20.96,22.66251078707143,13.333333333333336,3.3179999999999996,50.0,44.44,0.203,,,158.714,4.109,1.56,-14.47,6.0047263727,36.2675151019,,,,,,1.59496,24072183163.160004,
300939,秋田微,光学光电子,,20.96,17.100113671214284,23.333333333333332,0.0,50.0,99.99,3.136,,,149.239,8.292,2.38,-32.7,1.5579681779,25.6101591397,,,,,,3.85521,11998800000.0,
600076,康欣新材,包装印刷,,20.94,0.0,22.500000000000004,21.242666666666665,50.0,2.14,1.905,-35.73573573573573,,-7.379,0.828,-3.82,-1.0044909856,6.5648095082,-42.0253994178,减亏,0.91,-41.2087912087912,-33.95061728395061,,1.78412,2877322805.38,疑似价值陷阱
002347,泰尔股份,,,20.91,35.0,14.500000000000002,0.0,33.94534,6.6,2.804,,,-35.088,3.052,,,,,,,,,,23.02733,3256327146.6,换手过热
301252,同星科技,家电零部件Ⅱ,,20.85,14.108004471785716,26.46153846153846,0.0,50.0,37.0,-2.246,,,56.923,4.599,3.79,-25.5,26.2520187015,16.4862062605,,,,,,1.43143,5021160480.0,
688788,科思科技,军工电子Ⅱ,,20.81,22.891309563914607,15.782051282051283,0.0,50.0,27.26,0.739,,,-14.579,3.608,-10.11,-62.04,-36.9521046605,25.2597986242,,,,,,0.69637,5967327701.46,净利大幅下滑
605011,杭州热电,电力,,20.81,9.675,27.58620689655173,4.05,50.0,17.46,0.576,,,37.149,2.809,3.87,-13.25,7.5059712483,9.7158951111,,,,,,1.83564,6985746000.0,
300606,金太阳,通用设备,,20.81,18.1172445045,15.843339050886222,5.64,50.0,33.0,0.733,,,235.714,6.894,1.94,-10.6,-5.7959782533,28.5741423063,,,,,,4.2859,3924440553.0,
600408,安泰集团,焦炭Ⅱ,,20.79,0.0,9.000000000000002,26.176,60.0,3.04,0.662,22.088353413654605,,-10.212,2.702,-6.34,20.3347596511,7.9149053746,0.1242850847,减亏,19.41,-8.157099697885196,-1.9354838709677469,,5.36368,3060672000.0,
603727,博迈科,油服工程,,20.78,0.0,31.11111111111111,0.0,65.0,18.95,-1.199,12.66349583828774,,86.136,1.729,-2.2155,-668.72,-26.715844062,2.0353301815,首亏,-677.27,-1.3534617386777748,4.522890237175958,,1.15066,5338580299.15,净利大幅下滑
603955,大千生态,基础建设,,20.77,29.207979592,8.029411764705884,0.0,50.0,25.03,1.707,27.899846704138987,,-27.706,2.928,-2.84,-153.69,249.5760889859,15.8911714288,增亏,-145.24,-2.7583527583527445,22.097560975609756,,1.82678,3397071599.9999995,净利大幅下滑
688523,航天环宇,航天装备Ⅱ,,20.75,12.506872289571428,28.000000000000004,0.0,50.0,37.59,-1.261,,,321.282,9.086,0.24,-88.55,-24.4523468347,26.6696212054,,,,,,0.5509,15294619200.0,净利大幅下滑
301263,泰恩康,化学制药,,20.74,25.55,12.305194805194809,0.0,50.0,19.07,1.436,,,272.429,5.902,0.22,-89.97,-7.7228860277,62.8815989082,,,,,,0.84606,6947263282.62,净利大幅下滑
688503,聚和材料,光伏设备,,20.68,0.416938098428572,42.21343873517786,0.0,50.0,72.3,1.133,,,39.725,3.637,-1.78,-147.88,64.747045446,10.5837133378,,,,,,3.60112,17499032388.899998,净利大幅下滑
688783,西安奕材,半导体,,20.61,0.0,21.439024390243905,20.990036844599995,50.0,27.78,-0.108,,,-132.286,9.234,-2.36,14.983394741,21.9957649413,2.5810555751,,,,,,6.21933,7470042000.0,
301310,鑫宏业,汽车零部件,,20.61,6.267862431714286,21.952380952380953,12.947999999999999,50.0,58.55,1.986,,,60.002,4.751,2.41,1.58,53.4944682272,10.3400074044,,,,,,11.51385,5710962550.200001,
600857,宁波中百,一般零售,,20.53,15.462168604142857,23.563218390804597,0.0,50.0,17.53,-5.955,,,116.867,4.631,1.34,-34.36,-67.5365510743,26.9570360458,,,,,,5.97916,3932328180.07,
688143,长盈通,通信设备,,20.53,27.775,8.7909604519774,0.0,50.0,180.23,9.197,,,948.579,17.0,1.11,-48.42,12.6141403853,46.343082575,,,,,,9.32628,22055542797.98,当日已大涨
300917,特发服务,房地产服务,,20.53,13.690666006285715,13.333333333333336,16.986,44.19964,36.18,13.488,,,49.359,5.058,5.01,8.31,7.904745634,11.6319324088,,,,,,17.90018,6114420000.0,当日已大涨
600825,新华传媒,出版,,20.5,19.18695675985714,6.205533596837944,12.774,50.0,9.41,10.058,,,235.25,3.91,1.31,1.29,0.0343173351,32.2767394638,,,,,,1.49791,9832394668.5,当日已大涨
600325,华发股份,房地产开发,,20.43,25.0,11.722222222222223,0.0,50.0,2.95,10.075,25.00000000000002,,-0.848,1.377,-47.64,-2225.7133542035,-50.1835220817,3.7686028176,首亏,-2271.055,0.0,22.406639004149387,,6.376,8118848742.2,净利大幅下滑；当日已大涨
603386,骏亚科技,元件,,20.41,1.2824442608571422,20.10975609756098,0.0,75.0,18.45,6.157,7.267441860465107,,-922.5,4.558,-0.64,-122.14,6.7336223192,11.7954219652,首亏,-145.715,-11.212704523580374,27.15368711233632,,4.96076,6020651232.0,净利大幅下滑
603016,新宏泰,电网设备,,20.4,18.204738694071427,19.767164179104476,0.0,50.0,31.88,-1.575,,,74.14,5.796,3.09,-25.36,-4.135310883,24.6716341717,,,,,,1.90166,4723340800.0,
603690,至纯科技,半导体,,20.34,14.66974918690383,23.76829268292683,0.0,50.0,22.95,-0.434,-30.831826401446666,,-11.361,2.729,-8.54,-710.0868401863,-36.5689968163,27.0627423816,增亏,-804.075,-37.46594005449592,-8.236705317872861,,2.67518,8789029537.5,净利大幅下滑
603230,内蒙新华,出版,,20.34,25.620937572714286,37.70750988142293,3.0,12.40562,15.31,-7.882,66.77559912854032,,31.245,1.976,0.82,-81.75,-24.1781547675,42.9993126018,预减,-82.87,-17.10882512181916,65.6926406926407,,18.79719,5412437130.0,净利大幅下滑；60日涨幅已高
300849,锦盛新材,化妆品,,20.31,30.624739441499997,4.500000000000001,0.0,50.0,21.3,-0.884,,,-59.167,5.993,-2.24,-37.39,4.2270667122,17.8746352181,,,,,,1.48347,3087168750.0,
600611,大众交通,铁路公路,,20.31,2.023996659857142,18.823529411764707,0.0,75.0,4.31,0.937,15.860215053763426,,143.667,1.076,-1.73,-321.3,-10.6042246819,12.8335953238,增亏,-100.04,-17.904761904761912,-9.071729957805918,,1.46982,6737893528.84,净利大幅下滑
300324,旋极信息,计算机设备,,20.27,9.356705585642857,19.083333333333336,10.764,50.0,3.81,-0.262,,,-13.966,2.784,-5.78,-2.06,-41.9279774746,23.0993878199,,,,,,4.30508,6515036555.88,
688011,新光光电,军工电子Ⅱ,,20.24,26.956599584702023,8.602564102564104,0.0,50.0,61.07,0.942,,,-161.989,5.855,-3.24,-62.964784868,200.7300156241,13.4282215903,,,,,,1.79121,6055855279.61,净利大幅下滑
601618,中国中冶,专业工程,,20.2,2.4250000000000003,37.89473684210527,0.0,50.0,2.5,1.626,,,1250.0,0.504,0.97,-24.95,-25.9442792031,8.6008312888,,,,,,0.39876,44631547925.00001,疑似价值陷阱
301201,诚达药业,医疗服务,,20.19,16.798061468857142,20.59756097560976,0.0,50.0,29.32,-0.306,,,-372.554,2.163,0.11,-82.07,40.0313489793,33.1322860564,,,,,,4.82308,3182518993.28,净利大幅下滑
300911,亿田智能,厨卫电器,,20.19,4.18813135076817,9.000000000000002,26.718000000000004,50.0,32.8,-0.091,,,-34.805,5.646,-4.71,24.53,-52.9253804694,-38.4675900098,,,,,,8.71427,5620164511.2,
600088,中视传媒,影视院线,,20.15,5.852784464357141,13.590909090909092,0.0,75.0,13.34,5.789,17.243803831956406,,-296.444,4.355,-2.18,-235.49,8.5585295038,18.1938982501,增亏,-93.655,-17.654320987654316,11.912751677852352,,5.38877,5305403376.0,净利大幅下滑
600159,大龙地产,房地产开发,,20.15,25.0,10.611111111111112,0.0,50.0,2.83,4.044,23.580786026200883,,-9.254,1.632,-2.348,-217.8263038086,-51.4732039195,1.586776684,增亏,-188.19,-0.7017543859649145,4.814814814814805,,2.5416,2348909146.56,净利大幅下滑
300491,通合科技,其他电源设备Ⅱ,,20.01,7.565133936642858,30.947368421052634,0.0,50.0,35.59,2.594,,,154.739,5.224,0.09,-93.05,34.4654658481,20.2761875113,,,,,,6.96764,5609235514.530001,净利大幅下滑
300467,迅游科技,游戏Ⅱ,,20.0,28.799999999999997,2.857142857142856,2.598,50.0,32.4,0.279,,,249.231,10.1,1.52,-15.67,1.9109209504,60.7764902337,,,,,,1.0435,5414694480.0,
301285,鸿日达,消费电子,,19.98,28.91778516671429,5.201754385964913,0.0,50.0,91.19,0.209,,,-276.333,20.588,-4.81,-532.14,-1.6944598035,15.4848992334,,,,,,1.13285,11967371445.92,净利大幅下滑
601868,中国能建,基础建设,,19.94,5.244294533857143,32.66968325791855,0.797999999999999,50.0,2.37,0.424,,,18.231,0.886,1.87,-18.67,-1.7817737478,10.7970123474,,,,,,0.34848,76856084497.32,疑似价值陷阱
601595,上海电影,影视院线,,19.89,14.240132682642855,19.480519480519483,3.0,50.0,23.26,2.287,39.47352641362356,,93.04,6.241,0.9,-71.62,-12.3581382338,26.7861857557,预减,-67.915,-5.600649350649345,26.895799236224786,,1.86536,10425132000.0,净利大幅下滑
300870,欧陆通,其他电源设备Ⅱ,,19.78,5.759395856285714,32.21052631578947,0.0,50.0,181.4,-0.401,,,78.19,10.668,0.3,-93.95,18.323088559,17.0131541988,,,,,,2.31976,27686490998.8,净利大幅下滑
301115,联检科技,专业服务,,19.68,12.107395212020828,24.20168067226891,0.0,50.0,34.43,1.563,,,286.917,2.55,-1.25,-224.97,3.5671213775,26.4348354768,,,,,,4.21024,5137030024.5,净利大幅下滑
301005,超捷股份,汽车零部件,,19.66,30.686297949054836,1.8095238095238144,0.0,50.0,57.37,-1.696,,,478.083,13.517,1.48,-47.1,7.2607698969,23.971929106,,,,,,2.1364,10563888114.37,
300131,英唐智控,其他电子Ⅱ,,19.61,25.0,8.421052631578947,0.0,50.0,13.4,0.0,,,670.0,8.947,-0.17,-109.42,5.0914997109,7.7579788354,,,,,,2.21972,14242643402.4,净利大幅下滑
605388,均瑶健康,饮料乳品,,19.58,20.394468303500002,13.833333333333334,0.0,50.0,6.72,9.984,,,-21.0,2.633,0.3,-39.74,9.4259458132,37.5022556249,,,,,,3.35251,4035252480.0,当日已大涨
300903,科翔股份,元件,,19.57,21.653392928268904,4.500000000000001,7.8,50.0,96.5,2.008,,,-162.239,23.17,-3.38,-7.0,17.8791938401,8.3112624468,,,,,,4.29051,33908145296.0,
300985,致远新能,通用设备,,19.57,25.0,8.28787878787879,0.0,50.0,34.79,-0.287,,,-151.261,7.663,-3.02,-187.26,12.3070402444,9.9983861086,,,,,,0.90172,6488769179.200001,净利大幅下滑
301392,汇成真空,专用设备,,19.55,30.349999999999998,1.7979797979797985,0.0,50.0,154.89,-1.751,,,704.045,21.01,2.14,-63.13,-33.9382411472,55.9543281111,,,,,,5.99069,6318878654.79,净利大幅下滑
603226,菲林格尔,家居用品,,19.55,25.0,5.214285714285714,3.0,50.0,29.47,2.043,-43.3378196500673,,-133.955,12.64,-4.38,-31.774933715,-30.4234844713,6.168282469,续亏,-11.925,-45.637336284818296,-22.36564805057957,,1.70021,10476342461.9,
688223,晶科能源,光伏设备,,19.48,8.972458647649573,18.590909090909093,8.54453981502,50.0,3.74,1.63,,,-5.42,1.648,-11.87,-5.7591003083,-22.3172452975,6.156302092,,,,,,0.53594,38296444328.78,
600755,厦门国贸,物流,,19.46,2.7,33.68421052631579,0.8999999999999999,50.0,5.69,-1.215,,,284.5,0.638,1.08,-18.5,29.3724074706,3.815141633,,,,,,1.12231,12131981791.03,疑似价值陷阱
300608,思特奇,软件开发,,19.44,11.815585265694443,21.38888888888889,2.1779999999999995,50.0,9.89,2.275,,,-18.315,2.382,-7.84,-16.37,0.6275594326,-11.5130461169,,,,,,2.37113,3010180313.62,
301520,万邦医药,医疗服务,,19.42,28.771657841857145,27.165685449957945,0.0,20.0,72.0,-0.028,,,130.909,4.483,0.01,-99.49,-40.2351309,15.2453209786,,,,,,40.8729,2515567896.0,净利大幅下滑；换手过热
300959,线上线下,通信服务,,19.42,25.0,7.700000000000001,0.0,50.0,90.09,4.756,,,-643.5,6.564,-0.38,-139.12,-42.4028684171,7.4609069545,,,,,,5.55724,5345770600.169999,净利大幅下滑
600996,贵广网络,电视广播Ⅱ,,19.4,0.0,14.000000000000002,3.5813333333333337,75.0,6.9,2.679,10.75441412520064,,-6.509,6.683,-35.07,2.6421855954,-14.5350159907,-39.792455725,续亏,2.18,-21.7687074829932,-3.899721448467963,,1.5368,8602918992.6,
688660,电气风电,风电设备,,19.38,25.0,7.500000000000001,0.0,50.0,8.76,1.86,,,-11.838,3.234,-13.97,-94.1827468187,112.2674371452,3.5302029836,,,,,,1.2114,11680000584.0,净利大幅下滑
603319,美湖股份,汽车零部件,,19.37,13.77749211414286,20.95238095238095,0.0,50.0,28.4,-1.355,,,91.613,3.898,2.22,-45.77,8.4751584785,21.5184889598,,,,,,3.26595,9631850855.2,
300253,卫宁健康,软件开发,,19.3,14.838022934857143,19.388888888888893,0.0,50.0,6.96,1.903,,,-41.135,2.842,-3.2,-49.53,18.5020894919,30.7732321088,,,,,,1.58672,12908164728.24,
001330,博纳影业,,,19.29,35.0,14.500000000000002,0.0,25.817020000000003,6.63,4.245,,,-6.196,2.461,,,,,,,,,,27.09149,7709677744.86,换手过热
600721,百花医药,医疗服务,,19.23,29.549999999999997,25.44995794785534,0.0,20.0,12.95,6.322,,,122.285,6.22,1.82,-42.08,-22.1338001929,48.0161788773,,,,,,39.12225,4979891873.25,换手过热
601992,金隅集团,水泥,,19.23,2.0210503315972215,22.500000000000004,0.0,65.0,1.41,2.174,5.223880597014907,,-15.667,0.402,-6.76,-45.22,-21.1771888799,4.8022700972,增亏,-13.64,-2.083333333333337,0.0,,0.72132,11751163152.24,疑似价值陷阱
688137,近岸蛋白,生物制品,,19.18,50.0,9.378048780487806,0.0,9.170040000000002,141.35,10.361,263.27422256489336,,-127.342,4.945,-1.45,-20.5623606735,8.8793807138,70.2935815774,增亏,-15.59,0.0,105.5402064853861,,15.41498,9882831981.55,当日已大涨；60日涨幅已高
688512,慧智微,半导体,,19.17,16.442263376753967,16.939024390243905,0.0,50.0,16.47,-0.723,,,-33.612,5.306,-8.64,-109.3901064596,32.1419581374,13.0154486744,,,,,,7.71683,5390095659.12,净利大幅下滑
301093,华兰股份,医疗器械,,19.06,20.318306841357142,11.865546218487399,0.0,50.0,63.11,-0.426,,,171.962,6.16,0.35,-82.46,-3.472410136,37.2206295779,,,,,,1.83055,12841876312.87,净利大幅下滑
688590,新致软件,软件开发,,19.05,11.612885616714285,22.27777777777778,0.0,50.0,12.15,1.25,,,-25.313,2.143,-0.74,-134.16,12.8612465865,26.2580398634,,,,,,1.46474,3420433785.6,净利大幅下滑
688037,芯源微,半导体,,19.05,25.724999999999998,5.314505776636713,0.0,50.0,340.63,0.132,,,946.194,24.457,0.29,-49.37,26.4696339043,46.6892680179,,,,,,1.37512,68841420420.18001,
300350,华鹏飞,物流,,18.89,25.0,5.55263157894737,0.0,50.0,4.76,1.927,,,-79.333,3.061,-1.12,-572.65,89.5316951224,7.1533397356,,,,,,8.17944,2198306330.36,净利大幅下滑
300122,智飞生物,生物制品,,18.89,13.683988188642857,19.134146341463413,0.0,50.0,13.08,1.16,,,-2.127,2.083,-5.24,-33.35,-18.3587951433,29.1575834641,,,,,,2.06428,18499125723.84,
301306,西测测试,军工电子Ⅱ,,18.89,7.84037795732816,11.051282051282055,15.102000000000002,50.0,88.9,-1.648,,,-57.727,8.239,-6.62,5.17,5.6863846176,10.1149586541,,,,,,3.17048,5179536250.0,
300731,科创新源,橡胶,,18.88,29.611564880714287,0.0,0.0,50.0,44.94,-1.856,,,160.5,12.904,-0.45,-115.77,-4.4244710721,16.456190833,,,,,,3.852,7561193828.16,净利大幅下滑
688167,炬光科技,半导体,,18.86,23.744111260928573,6.939024390243903,0.0,50.0,284.26,3.052,,,-661.07,16.27,-2.91,-169.5543828689,6.5685479224,43.2417557653,,,,,,4.41053,36993303896.46,净利大幅下滑
300819,聚杰微纤,纺织制造,,18.82,23.604528810714285,6.95238095238095,0.0,50.0,44.75,-0.864,,,117.763,7.582,3.44,-26.03,3.7745657588,31.006340335,,,,,,1.43185,6030610687.5,
300427,红相股份,电网设备,,18.81,15.409167796642857,16.738805970149254,0.0,50.0,6.1,0.993,,,-161.804,2.607,-1.38,-185.71,-19.5035751135,31.5728349153,,,,,,5.48543,3068329816.8,净利大幅下滑
603567,珍宝岛,中药Ⅱ,,18.81,0.0,23.25,0.0,65.0,5.2,0.775,9.014675052410915,,-3.576,0.813,-4.41,-246.12,-58.6038066097,0.3159907973,增亏,-253.175,-26.55367231638418,-8.28924162257495,,1.50346,4884897118.4,疑似价值陷阱；净利大幅下滑
688210,统联精密,消费电子,,18.79,15.597546966785714,16.42982456140351,0.0,50.0,27.45,0.219,,,-915.0,3.597,-4.51,-1281.05,-16.904521862,31.8365657535,,,,,,1.27264,4465030944.6,净利大幅下滑
600130,波导股份,消费电子,,18.7,3.0558401697857147,23.333333333333332,7.781999999999998,50.0,4.59,1.325,,,459.0,3.793,0.39,-7.03,17.2388354493,12.9131762377,,,,,,1.88313,3442500000.0,
301013,利和兴,专用设备,,18.69,6.86475908592857,12.11111111111111,14.424000000000001,50.0,34.0,-1.563,,,-47.222,12.621,-5.62,4.04,62.3576090581,19.6106627203,,,,,,4.77789,6434215692.0,
300615,欣天科技,通信设备,,18.66,18.336462913779002,12.635593220338984,0.0,50.0,13.27,0.454,32.96593186372745,,-331.75,5.692,-9.54,-505.73,60.1880688354,19.8974832876,首亏,-487.43,-30.157894736842103,-11.415220293724971,,4.92314,2031467980.01,净利大幅下滑
600512,腾达建设,基础建设,,18.66,3.4499999999999997,30.497737556561077,0.0,50.0,2.09,1.951,,,104.5,0.537,1.38,-21.12,-4.1959207091,9.1490565366,,,,,,1.56668,3317676790.67,疑似价值陷阱
601011,宝泰隆,焦炭Ⅱ,,18.62,0.0,14.500000000000002,0.0,75.0,2.87,0.35,5.128205128205132,,-16.882,1.027,-2.18,-219.12,-10.9147808302,-6.4766190743,首亏,-230.965,-10.312500000000002,-6.818181818181812,,2.01326,5497957226.93,净利大幅下滑
601279,英利汽车,汽车零部件,,18.54,0.0,22.166666666666668,0.0,65.0,3.55,0.0,14.147909967845653,,-66.981,1.375,-1.96,-124.9559310762,-14.9636560624,9.559456922,增亏,-126.135,0.0,4.41176470588236,,0.90295,5629540246.75,净利大幅下滑
688319,欧林生物,生物制品,,18.51,25.0,4.0201850294365,0.0,50.0,31.0,0.649,,,564.663,14.457,-3.71,-349.09,18.1371742612,91.8413381983,,,,,,1.42114,12567688300.0,净利大幅下滑
301188,力诺药包,医疗器械,,18.47,16.398597834928573,14.207282913165265,0.0,50.0,33.4,-1.417,,,196.471,4.572,1.74,-23.95,34.9293119661,26.8680369689,,,,,,4.13239,8935688305.199999,
688306,均普智能,自动化设备,,18.46,5.767446591642858,10.18181818181818,16.739999999999995,50.0,9.92,0.609,,,982.178,7.065,-1.41,7.9,19.1291052073,18.0744252283,,,,,,0.8705,12184565376.0,
300265,通光线缆,电网设备,,18.45,2.7929514824285717,30.465671641791047,0.0,50.0,11.98,-1.073,,,171.143,2.425,-0.84,-210.81,1.1458655271,13.9101320754,,,,,,2.32902,5598274485.799999,净利大幅下滑
300853,申昊科技,电网设备,,18.42,0.0,11.985074626865673,21.702,50.0,29.75,2.41,,,-22.538,9.01,-9.37,16.17,90.7561443851,7.3878044539,,,,,,3.47401,2924843790.75,
300656,民德电子,其他电子Ⅱ,,18.4,15.464136643622242,15.026315789473689,0.0,50.0,29.73,5.053,,,-49.707,6.507,-6.1,-608.05,15.9336900486,29.1237179267,,,,,,6.33346,4012082586.66,净利大幅下滑
300510,金冠股份,电网设备,,18.38,9.271759411500451,22.410447761194032,0.0,50.0,3.48,2.655,,,-8.812,1.531,-3.82,-71.22,-21.9287577505,8.7049865538,,,,,,2.12197,2869923636.0,净利大幅下滑
688260,昀冢科技,消费电子,,18.35,5.984494988155542,9.000000000000002,17.206317997019998,50.0,100.8,0.609,,,-63.64,86.695,-104.2,8.6771966617,53.6750374161,-3.1065026948,,,,,,3.49938,12096000000.0,
300909,汇创达,光学光电子,,18.32,15.04452493063228,13.333333333333336,1.889999999999999,50.0,66.43,8.546,,,781.529,5.713,1.32,-16.85,17.2077077539,25.0369639377,,,,,,4.94504,8578721838.96,当日已大涨
301018,申菱环境,通用设备,,18.31,12.468242141071428,18.27329902801601,0.0,50.0,91.5,-0.262,,,112.963,12.552,1.96,-64.07,4.3861163652,20.5955389975,,,,,,2.16502,25878295258.5,净利大幅下滑
300065,海兰信,航海装备Ⅱ,,18.3,20.992991046285713,7.999999999999999,0.0,50.0,14.73,-0.808,,,263.506,6.005,0.58,-69.98,-49.5718726222,37.3601874648,,,,,,2.29519,9672670854.24,净利大幅下滑
603578,三星新材,家电零部件Ⅱ,,18.26,1.2941088247142853,16.5,3.0,65.0,14.38,4.203,17.675941080196388,,-15.298,2.435,-1.56,-30.8839790129,4.8352729295,11.8117523546,续亏,-8.455,0.0,7.554225878833232,,3.16416,2593534120.16,
300197,节能铁汉,基础建设,,18.25,15.40033913520893,14.500000000000002,0.0,50.0,1.94,2.646,,,-2.682,-3.041,-21.22,-178.7,-34.7423474936,6.8764946356,,,,,,1.9131,5752532775.2,疑似价值陷阱；净利大幅下滑
688361,中科飞测,半导体,,18.24,25.0,2.9653401797175905,0.0,50.0,354.72,-1.805,,,1970.667,24.572,-2.51,-594.3187312427,34.0149019451,47.7718109795,,,,,,1.59317,124879768737.12,净利大幅下滑
688552,航天南湖,军工电子Ⅱ,,18.19,7.718217142071428,23.512820512820515,0.0,50.0,29.06,-0.034,,,322.889,3.796,0.15,-92.66,-22.8414236756,20.2805039989,,,,,,0.43937,9800426880.0,净利大幅下滑
300494,盛天网络,游戏Ⅱ,,18.15,2.553438764428571,29.523809523809526,0.0,50.0,7.98,2.308,,,173.102,2.955,-8.62,-326.62,-10.87,13.5748142702,,,,,,1.24337,3178817582.64,净利大幅下滑
002909,集泰股份,,,18.12,35.0,14.500000000000002,0.0,20.0,7.05,-5.496,,,-97.917,3.21,,,,,,,,,,32.37987,2682013050.15,换手过热
000560,我爱我家,,,18.12,35.0,14.500000000000002,0.0,20.0,3.76,1.348,,,-91.707,0.946,,,,,,,,,,34.39135,8808507327.44,换手过热
002640,跨境通,,,18.12,35.0,14.500000000000002,0.0,20.0,3.94,-0.505,,,-14.523,9.099,,,,,,,,,,30.50229,6100151413.200001,换手过热
301081,严牌股份,环保设备Ⅱ,,18.03,12.621409168357141,16.969696969696972,0.0,50.0,18.78,6.765,,,234.75,3.947,0.42,-78.31,21.2540639292,26.1999728357,,,,,,5.74251,4228604653.26,净利大幅下滑
600916,中国黄金,饰品,,18.03,9.6,16.000000000000004,4.59,50.0,7.14,0.563,,,44.625,1.675,3.84,-12.35,-19.9330176722,2.726258259,,,,,,0.70605,11995200000.0,
301010,晶雪节能,装修建材,,17.95,4.290097617642857,26.66666666666667,0.0,50.0,19.7,1.233,,,255.181,2.554,0.82,-26.22,-27.225715811,13.1361366647,,,,,,3.67333,2127600000.0,
300632,光莆股份,光学光电子,,17.94,12.980580246857143,16.166666666666664,0.0,50.0,18.23,2.186,,,-436.124,3.297,-1.42,-222.63,-4.3392921244,28.1728123456,,,,,,4.50234,4148886089.59,净利大幅下滑
603324,盛剑科技,环保设备Ⅱ,,17.93,30.260558109714285,15.409090909090908,0.0,25.0,24.97,-1.109,-45.61097800043563,,-208.083,2.306,-5.94,-332.09,-21.6417651377,17.3647813536,首亏,-360.7,-54.84629294755877,-8.534798534798538,,1.38639,3642584147.4,净利大幅下滑
603057,紫燕食品,休闲食品,,17.86,14.897982423785717,13.571428571428573,0.0,50.0,17.74,3.2,,,31.047,3.485,3.27,-35.94,12.9436718828,19.4121753933,,,,,,1.14155,7308880000.0,
300900,广联航空,航空装备Ⅱ,,17.84,13.016589820571427,15.75,0.0,50.0,22.1,1.984,,,-63.143,3.727,1.11,-68.48,11.8441576374,24.3382257488,,,,,,4.57697,5673787343.9,净利大幅下滑
300429,强力新材,电子化学品Ⅱ,,17.79,7.768021962928573,21.833333333333336,0.0,50.0,10.96,-1.083,,,-46.147,3.233,-3.47,-264.52,17.1055113657,20.8752307481,,,,,,1.86221,4579150680.24,净利大幅下滑
300137,先河环保,环保设备Ⅱ,,17.78,16.829452827071428,10.909090909090908,0.0,50.0,9.81,-0.102,,,490.5,3.258,-1.31,-186.88,-15.5164648061,33.5612339579,,,,,,3.31263,5178222273.24,净利大幅下滑
300080,易成新能,光伏设备,,17.77,10.774987921603989,18.13636363636364,0.0,50.0,3.68,1.939,,,-10.299,1.67,-6.77,-70.24,-19.4624094096,0.4016237347,,,,,,0.75709,6893109056.48,净利大幅下滑
300536,农尚环境,IT服务Ⅱ,,17.77,19.877658957898625,7.216049382716052,0.0,50.0,8.1,-0.857,,,-10.438,8.887,-10.33,-133.19,61.3674445689,32.2260358278,,,,,,1.54412,2375461655.1,净利大幅下滑
600229,城市传媒,出版,,17.74,14.076389670071428,14.06521739130435,0.0,50.0,5.85,2.273,22.899159663865557,,-9.75,1.424,-0.83,-155.88,-9.5966473032,29.7069455381,首亏,-157.105,-1.6806722689075682,11.0056925996205,,1.39589,3865140536.4,净利大幅下滑
300469,信息发展,软件开发,,17.63,21.67262696442688,4.500000000000001,0.0,50.0,49.65,6.912,,,-77.578,61.962,-29.89,-33.25,-3.0330399335,-7.8142747079,,,,,,2.51147,12318924595.349998,
301583,托伦斯,半导体,,17.55,20.0404972865,21.142490372272142,9.0,20.0,130.12,-5.112,,,183.268,25.713,4.23,-36.74,3.1834010153,23.2516962011,略减,-32.81,-41.33453561767359,5.037132709073311,,31.49435,4011778254.76,换手过热
301072,中捷精工,汽车零部件,,17.55,1.105492250857143,12.666666666666668,16.2,50.0,45.16,-0.287,,,-86.846,6.694,-2.51,7.0,9.8542340231,11.5476891512,,,,,,3.08478,3067365332.68,
300844,山水比德,工程咨询服务Ⅱ,,17.45,13.509896143055558,13.590909090909092,0.0,50.0,25.15,2.236,,,-87.115,3.049,-4.83,-2090.94,-13.7171873519,0.4968265958,,,,,,3.1596,2264502982.0,净利大幅下滑
300948,冠中生态,基础建设,,17.44,19.10156567242857,6.85294117647059,0.0,50.0,17.86,-1.489,,,-50.0,2.958,-0.54,-61.45,11.8732639776,36.7421919414,,,,,,1.96679,2771088981.88,净利大幅下滑
301089,拓新药业,化学制药,,17.44,10.252115701785714,17.454545454545457,0.0,50.0,24.18,-0.983,,,-43.964,2.098,-1.9,-52.95,16.1649026004,24.3529619825,,,,,,2.04096,2167720388.34,净利大幅下滑
300947,德必集团,一般零售,,17.38,13.376674820571429,13.465517241379313,0.0,50.0,15.95,4.865,,,-41.974,2.033,0.31,-54.14,-0.8570977916,27.6423447488,,,,,,3.56707,2409734676.8,净利大幅下滑
600073,光明肉业,食品加工,,17.2,5.675,22.000000000000004,0.0,50.0,5.48,0.366,,,-39.143,1.095,2.27,-39.4,6.2425804805,8.1095947685,,,,,,0.65053,5138757506.559999,
301326,捷邦科技,消费电子,,17.01,13.192099556857142,12.219298245614036,0.0,50.0,96.79,2.521,,,-151.234,5.837,-3.82,-23.15,37.8012389642,28.4689393796,,,,,,1.91541,6976130829.27,
300654,世纪天鸿,出版,,16.98,17.279178298285718,7.1936758893280635,0.0,50.0,9.61,3.333,,,137.286,4.217,-0.02,-105.61,0.4059277822,34.1908496176,,,,,,2.72308,3388950009.24,净利大幅下滑
300269,联建光电,光学光电子,,16.94,16.33411124496234,8.148148148148152,0.0,50.0,4.62,-3.75,,,298.065,33.382,-31.12,-1111.15,-33.0262463684,24.4635584565,,,,,,7.57079,2428481415.36,净利大幅下滑
300240,飞力达,物流,,16.79,4.2749999999999995,20.592105263157894,1.4279999999999995,50.0,6.17,1.48,,,235.496,1.587,1.71,-17.62,10.023233036,6.7211788407,,,,,,1.46746,2241798569.6800003,
601611,中国核建,基础建设,,16.79,5.15,20.99547511312217,0.0,50.0,10.01,0.1,,,27.806,1.339,2.06,-30.2,-17.785432908,9.3637073414,,,,,,0.2963,30168480462.12,
688500,慧辰股份,IT服务Ⅱ,,16.75,8.2667273285,17.092592592592595,0.0,50.0,30.85,2.152,,,-56.091,3.296,-8.29,-86.8336847378,2.5690531864,21.5734182599,,,,,,1.757,2311202962.3,净利大幅下滑
300808,久量股份,光学光电子,,16.71,0.0,14.870370370370372,11.964,50.0,20.16,0.448,,,-52.706,3.472,-2.86,-0.06,-6.1841427013,7.9967614509,,,,,,1.91239,2397015472.32,
600371,万向德农,种植业,,16.68,19.68685288457143,3.076923076923075,0.0,50.0,12.84,-10.021,,,642.0,7.224,2.6151,-44.47,-15.1362128656,28.4087440384,,,,,,11.63551,3756701520.0,
688343,云天励飞,IT服务Ⅱ,,16.68,12.957270460357142,11.16666666666667,0.0,50.0,62.53,0.969,,,-52.992,6.307,-6.79,-22.378343219,-1.5678724004,28.1401786445,,,,,,1.8098,22485999351.4,
603580,艾艾精工,塑料,,16.59,14.623660530714286,8.828828828828831,0.0,50.0,75.5,-4.732,,,225.037,22.048,1.25,-38.15,114.1537316252,26.098124743,,,,,,6.44677,9865826600.0,
300149,睿智医药,医疗服务,,16.51,8.675675227642857,15.609756097560979,0.0,50.0,9.64,-0.619,,,321.333,3.816,-2.43,-222.11,5.3698493988,22.1459453187,,,,,,4.9787,4642482137.76,净利大幅下滑
300061,旗天科技,广告营销,,16.49,13.969215884785715,9.205882352941178,0.0,50.0,6.92,2.367,,,-53.231,10.557,-4.84,-141.23,-10.970756861,29.5569022387,,,,,,6.72307,4220473725.24,净利大幅下滑
600751,海航科技,航运港口,,16.49,1.5,24.166666666666668,0.0,50.0,2.86,1.418,,,80.563,1.104,0.6,-37.2,35.3537634532,2.869162931,,,,,,0.83136,7359320688.719999,
300991,创益通,其他电子Ⅱ,,16.45,7.208475060642858,17.13157894736842,0.0,50.0,27.14,3.588,,,-1357.0,6.336,-2.73,-1993.63,-12.775333012,20.0918650849,,,,,,4.11383,2852590410.0000005,净利大幅下滑
600272,开开实业,医药商业,,16.36,11.629905749928572,2.5,9.0,50.0,14.99,-1.056,36.58314350797267,,299.8,4.953,2.82,88.33,5.7932524193,16.4118680499,略减,-20.225,-30.92165898617512,-17.907995618839003,,11.34736,2398400000.0,
688119,中钢洛耐,装修建材,,16.26,4.1378515380000005,20.055555555555557,0.0,50.0,3.82,1.326,,,-28.7,1.575,-3.09,-362.5,-4.4203919436,15.7929921532,,,,,,0.70564,4297500000.0,净利大幅下滑
300032,金龙机电,消费电子,,16.25,2.987557192571429,21.40350877192983,0.0,50.0,3.8,1.877,,,452.381,4.999,-8.9,-655.56,-29.5357293078,14.1825800696,,,,,,1.37419,3052044510.4,净利大幅下滑
300050,世纪鼎利,通信服务,,16.18,15.70942619792857,5.885714285714285,0.0,50.0,6.91,-1.847,,,230.333,9.074,1.45,-30.75,6.0824374174,26.9181966771,,,,,,3.22111,3762595533.59,
603880,南卫股份,医疗器械,,16.12,0.0,4.500000000000001,0.0,75.0,8.63,-1.032,9.378960709759207,,-24.657,15.648,-10.57,-37.2,-11.509867372,9.0902599649,增亏,-23.38,-15.64027370478983,-9.44386149003147,,2.00909,2494432460.0,
300779,惠城环保,环境治理,,16.03,13.596552942071426,7.80952380952381,0.0,50.0,50.68,-0.217,,,168.933,6.843,-1.22,-546.59,-11.9262394905,29.0351741189,,,,,,2.53133,11513155514.0,净利大幅下滑
300793,佳禾智能,消费电子,,16.0,0.17500000000000002,23.79824561403509,0.0,50.0,11.85,0.084,,,-24.184,1.613,0.07,-92.49,13.1942444266,8.3448453519,,,,,,0.86049,4409246663.1,净利大幅下滑
300328,宜安科技,工业金属,,15.97,16.159009681255,4.500000000000001,0.0,50.0,12.18,-1.616,,,-477.647,8.13,-5.08,-183.3,10.7013459385,9.5909932719,,,,,,2.12731,8378470590.42,净利大幅下滑
300968,格林精密,消费电子,,15.92,0.7715053893571433,22.745614035087723,0.0,50.0,9.65,1.047,,,-193.0,2.279,-4.22,-12238.62,29.9549540808,11.0801075451,,,,,,0.88072,3989117000.0,净利大幅下滑
688032,禾迈股份,光伏设备,,15.84,3.2330710728571432,19.500000000000004,0.0,50.0,67.24,1.235,,,-51.328,1.521,-2.91,-1107.86,77.0864962989,14.526299502,,,,,,0.3687,8342705165.8,净利大幅下滑
688646,逸飞激光,自动化设备,,15.79,6.458668987785714,15.409090909090908,0.0,50.0,72.77,-0.993,,,-134.759,4.817,-1.12,-186.9,56.1819422207,19.0421365829,,,,,,3.73601,4419480083.67,净利大幅下滑
300518,新迅达,互联网电商,,15.78,12.19405001192857,8.5,0.0,50.0,26.66,3.373,,,-50.302,8.599,-8.81,-319.77,-7.3926537907,27.0716700167,,,,,,5.18878,5315376850.16,净利大幅下滑
300264,佳创视讯,IT服务Ⅱ,,15.73,15.338825235571429,4.500000000000001,0.0,50.0,6.03,-1.148,,,-74.814,2010.0,-163.01,-53.54,-67.2255618328,31.4743553298,,,,,,3.5911,2233768811.67,净利大幅下滑
600650,XD锦江在,铁路公路,,15.64,4.700958490071429,16.911764705882355,0.0,50.0,10.22,0.492,,,39.767,1.294,1.32,-26.25,-13.2440435342,11.9613418861,,,,,,0.81199,3991523966.5,
603175,超颖电子,元件,,15.6,7.31912474,13.617886178861788,0.0,50.0,109.7,5.097,28.499472882745703,,185.932,18.985,-6.99,-220.41,33.2879043202,20.246774636,首亏,-221.22,-4.259032990050615,17.088269826021985,,6.10727,4988524128.0,净利大幅下滑
300860,锋尚文化,专业服务,,15.57,2.9215478913571427,18.78571428571429,0.0,50.0,29.01,1.933,,,-322.333,1.775,-0.11,-126.05,-43.6253288442,14.0901670479,,,,,,2.71596,3174184530.09,净利大幅下滑
603221,爱丽家居,家居用品,,15.5,25.0,15.999999999999998,0.0,20.0,25.43,-8.261,135.24514338575392,,363.286,3.983,-2.44,-236.86,-6.3386602464,8.9938338523,首亏,-233.38,-24.202682563338296,-8.42635938062658,,7.55576,6160926100.0,净利大幅下滑；60日涨幅已高
300618,寒锐钴业,能源金属,,15.5,10.007852605428571,10.0,0.0,50.0,30.41,0.662,,,37.085,1.692,1.79,-22.5,23.3182846948,17.7459936476,,,,,,0.66108,8286623369.78,
300983,尤安设计,工程咨询服务Ⅱ,,15.46,4.587890454785715,16.318181818181817,0.0,50.0,37.93,1.853,,,-76.595,2.382,-0.54,-26.51,-43.9541800282,16.4230466367,,,,,,0.52688,5796092327.339999,
300501,海顺新材,包装印刷,,15.42,7.651111793071428,12.500000000000004,0.0,50.0,10.9,4.306,,,-83.846,2.365,-1.04,-158.43,19.6445572261,20.7115565103,,,,,,7.63507,3021728727.1000004,净利大幅下滑
300278,华昌达,自动化设备,,15.4,1.2207722156428578,20.136363636363637,0.0,50.0,3.54,1.143,,,-88.5,3.059,-1.16,-827.11,25.0206509419,11.7090811019,,,,,,0.81694,4989435937.2,净利大幅下滑
600162,香江控股,房地产开发,,15.39,22.419689743642852,15.666666666666668,3.0,20.0,4.32,-1.595,78.14432989690725,,-159.41,2.464,-0.29,15.9515540367,-3.6819261829,41.3875656411,续亏,-8.335,-21.45454545454545,-13.078470824949685,,1.77233,14119652687.04,60日涨幅已高
600226,亨通股份,电力,,15.38,6.2250000000000005,14.036511156186613,0.0,50.0,5.32,0.758,,,76.0,4.242,2.49,-27.83,72.328718719,7.0489908895,,,,,,2.03888,15823708111.68,
688126,沪硅产业,半导体,,15.36,1.2000131984398785,19.987804878048784,0.0,50.0,23.66,-0.713,,,-43.896,4.033,-5.63,-163.3154676601,36.5146767485,-11.8466012468,,,,,,1.28946,67611239490.34,净利大幅下滑
300118,东方日升,光伏设备,,15.33,0.0,21.318181818181824,0.0,50.0,8.81,1.032,,,-3.552,1.285,-9.97,-20.81,-45.9748574242,2.0219041784,,,,,,1.52652,8162637499.799999,
301209,联合化学,化学制品,,15.27,9.58207598314286,9.56521739130435,0.0,50.0,59.8,1.031,,,127.234,12.508,0.76,-82.72,-2.5725336114,20.7549063764,,,,,,1.55734,8010580760.0,净利大幅下滑
688538,和辉光电,光学光电子,,15.22,0.0,13.01851851851852,7.87039321782,50.0,2.05,0.49,,,-14.643,3.951,-11.79,-6.8826779703,-2.953271383,-17.0739391648,,,,,,0.83866,11792083236.25,
300612,宣亚国际,广告营销,,15.19,5.718555770928572,13.911764705882353,0.0,50.0,12.43,3.67,,,-31.075,5.172,-7.74,-276.12,-38.0171996734,18.0059780793,,,,,,3.40544,2262816192.78,净利大幅下滑
300072,海新能科,化学制品,,15.16,0.0,20.63636363636364,0.0,50.0,3.39,-0.294,,,-13.939,1.548,-2.06,-206.75,74.1368219129,5.1698734053,,,,,,0.40102,7903323207.42,净利大幅下滑
688234,天岳先进,半导体,,15.15,6.5109510601428555,12.792682926829272,0.0,50.0,109.0,3.533,,,-231.915,7.43,-0.82,-638.75,15.0970720694,19.1153314842,,,,,,2.20438,46838503796.0,净利大幅下滑
300334,津膜科技,环境治理,,15.08,10.582174928428572,7.611111111111112,0.0,50.0,8.71,2.712,,,-79.182,4.892,-1.4,-3629.23,61.8519103716,24.8150448998,,,,,,2.79853,2630679218.31,净利大幅下滑
688323,瑞华泰,塑料,,15.0,5.266697666285715,11.256756756756758,2.4367198193399995,50.0,24.14,-0.165,,,-47.333,3.992,-4.56,-15.9388003011,24.005025848,17.3733767328,,,,,,2.79249,4837614648.179999,
688485,九州一轨,轨交设备Ⅱ,,14.92,12.637821774142857,4.500000000000001,0.0,50.0,105.08,-0.304,,,-1050.8,12.771,-1.48,-764.4363065217,7.4712595388,27.6929504838,,,,,,3.34717,15792689874.96,净利大幅下滑
300293,蓝英装备,专用设备,,14.88,9.193143885928572,8.5,0.0,50.0,13.89,-0.857,,,-33.071,7.045,-2.62,-23.17,-8.7056482023,22.8704014403,,,,,,0.66175,4700905292.34,
300522,世名科技,化学制品,,14.87,11.37507221207143,5.830039525691702,0.0,50.0,14.63,3.465,,,231.122,6.063,0.19,-90.2,-9.36145879,25.2601010969,,,,,,7.24112,3857858479.09,净利大幅下滑
300345,华民股份,光伏设备,,14.86,11.677588188452116,5.409090909090909,0.0,50.0,6.41,-3.464,,,-22.257,10.887,-31.4,-54.31,-35.5371160384,-13.3504773519,,,,,,4.52169,3081567123.41,净利大幅下滑
600665,天地源,房地产开发,,14.82,0.0,7.277777777777778,0.0,65.0,3.42,1.786,12.871287128712884,,-2.271,2.834,-40.62,-327.5382344686,-33.7543319599,0.1202288248,增亏,-230.155,-6.811989100817439,-1.4409221902017322,,1.28247,2955299021.82,净利大幅下滑
300883,龙利得,包装印刷,,14.8,3.9261323163571427,14.500000000000002,0.0,50.0,6.44,1.899,,,-283.7,1.579,-0.24,-383.12,6.7134460706,15.4965852429,,,,,,1.54155,2129544263.0,净利大幅下滑
301268,铭利达,通用设备,,14.77,1.4342414432142851,17.37878787878788,0.0,50.0,11.74,0.946,,,-19.898,3.361,-5.24,-155.62,13.7619274413,12.0079380205,,,,,,0.85942,4256166112.56,净利大幅下滑
301218,华是科技,IT服务Ⅱ,,14.77,28.850261547071426,8.450617283950617,0.0,20.0,60.21,13.177,,,-258.634,7.57,-1.62,-26.56,8.8321194479,15.3903661659,,,,,,31.19867,4317247323.81,换手过热；当日已大涨
300276,三丰智能,自动化设备,,14.49,3.033508234785714,14.318181818181822,0.0,50.0,6.27,0.642,,,-47.178,4.938,0.8,-28.32,-23.7289273343,11.4469115287,,,,,,4.65382,7558336231.71,
603069,海汽集团,铁路公路,,14.43,1.0235368064285717,4.500000000000001,0.0,65.0,13.44,4.348,5.164319248826299,,-70.737,5.673,-5.79,-60.74,-22.4554287346,11.432951529,增亏,-49.92,-4.680851063829783,1.2810851544837965,,1.29179,4247040000.0,净利大幅下滑
688079,美迪凯,光学光电子,,14.43,5.7547255355,10.796296296296296,0.0,50.0,16.82,-1.233,,,-43.128,5.716,-7.17,-76.1839236104,23.0403924323,18.0566157497,,,,,,4.81023,6822716918.559999,净利大幅下滑
300589,江龙船艇,航海装备Ⅱ,,14.34,5.9899965569999996,6.5,3.678,50.0,13.81,4.621,,,-39.707,7.715,-2.28,-13.87,45.2063709731,18.3859951798,,,,,,8.71775,3073246451.79,
301024,霍普股份,工程咨询服务Ⅱ,,14.33,1.593224259259259,4.500000000000001,10.926,50.0,33.88,0.863,,,-25.829,6.402,-5.97,-1.79,15.3486734673,-21.7663625108,,,,,,1.72733,2085652800.0,
300895,铜牛信息,IT服务Ⅱ,,14.28,0.0,6.722222222222224,10.398,50.0,58.47,-1.083,,,-105.313,11.338,-4.94,-2.67,3.4055251903,-4.91665822,,,,,,6.082,3989286774.75,
301193,家联科技,家居用品,,14.14,1.1077518067857146,15.214285714285717,0.0,50.0,22.17,-1.51,,,-56.455,2.488,-5.18,-40.88,65.4590345706,11.5508525295,,,,,,3.16206,4083301837.53,
600831,广电网络,电视广播Ⅱ,,14.12,0.0,4.500000000000001,0.0,65.0,3.41,2.402,10.000000000000009,,-1.618,44.517,-163.48,-35.3271120472,-18.2815887151,-4.8388857048,增亏,-29.74,-4.213483146067409,-2.2922636103151928,,4.71129,2424329242.7200003,
300585,奥联电子,汽车零部件,,14.08,4.56584256942857,10.833333333333334,0.0,50.0,14.03,1.446,,,-34.446,3.842,-2.36,-932.75,-20.1118452084,16.3921795972,,,,,,6.74291,2400688887.33,净利大幅下滑
300842,帝科股份,光伏设备,,13.9,6.589185905928571,7.681818181818182,0.0,50.0,59.84,-0.96,,,-31.167,5.293,2.3,-46.9,39.8607575817,11.1748602683,,,,,,2.13332,7735363609.599999,
300164,通源石油,油服工程,,13.89,0.0,15.555555555555559,0.0,50.0,8.77,-1.35,,,146.167,3.802,-1.81,-163.78,-10.5963200475,5.0830446348,,,,,,7.30828,5114756900.61,净利大幅下滑
300663,科蓝软件,软件开发,,13.86,7.620760376631558,6.2777777777777795,0.0,50.0,7.45,0.134,,,-9.025,12.979,-20.54,-1110.48,-42.3479718813,19.3322598609,,,,,,2.09324,3429954982.9,净利大幅下滑
603177,德创环保,环境治理,,13.76,8.05423954214286,5.388888888888889,0.0,50.0,10.99,0.274,30.67776456599287,,-73.267,7.483,-10.61,-293.9,-15.255565587,21.275935359,首亏,-437.67,-3.849518810148722,-0.5429864253393757,,1.36592,2244070080.0,净利大幅下滑
301227,森鹰窗业,家居用品,,13.74,1.5636181427857148,13.071428571428573,0.0,50.0,31.36,0.642,,,-59.17,2.592,-2.4,-202.59,-9.8894643209,12.1890653999,,,,,,3.53737,2317768584.32,净利大幅下滑
301307,美利信,通信设备,,13.6,0.8919161230714284,13.3135593220339,0.0,50.0,56.39,-1.14,,,-20.956,5.11,-6.86,-57.75,18.0369849356,11.2486825723,,,,,,4.20534,6158739017.349999,净利大幅下滑
301182,凯旺科技,计算机设备,,13.59,6.496886498050422,6.583333333333333,0.0,50.0,60.6,-1.19,,,-50.083,9.325,-11.12,-102.7,50.344753315,0.9868102542,,,,,,2.5752,5295482520.0,净利大幅下滑
300382,斯莱克,专用设备,,13.39,1.4353485912857142,11.833333333333334,0.0,50.0,14.76,0.477,,,-147.6,4.298,-3.52,-291.58,19.8530497999,12.0094880278,,,,,,4.88901,9569472156.72,净利大幅下滑
300374,中铁装配,基础建设,,13.12,5.658889046230158,5.676470588235295,0.0,50.0,10.15,1.196,,,-20.714,3.592,-6.77,-31.64,1.2811856058,0.9858085241,,,,,,1.55004,2495716987.05,
300321,同大股份,化学制品,,13.06,4.932643416499999,6.324110671936756,0.0,50.0,32.85,-0.665,,,259.889,4.594,0.69,-47.62,-13.9790498146,14.4907007831,,,,,,1.74613,2914514644.9500003,
300052,中青宝,IT服务Ⅱ,,12.86,3.231337551571429,7.462962962962963,0.10200000000000102,50.0,10.22,2.302,,,-48.667,8.127,-8.58,-19.83,-36.4510422225,14.5238725722,,,,,,2.7878,2676090239.2000003,
300021,大禹节水,农业综合Ⅱ,,12.85,9.51581381042857,0.0,0.0,50.0,3.79,1.609,,,70.446,1.452,-0.04,-108.8,24.2680799772,23.3221393346,,,,,,1.32818,3309553900.01,净利大幅下滑
301368,丰立智能,通用设备,,12.76,0.9052220310714291,9.954545454545455,0.0,50.0,39.48,2.28,,,-179.455,5.977,-1.01,-394.07,16.2398848044,11.2673108435,,,,,,1.39966,4692604446.599999,净利大幅下滑
300393,中来股份,光伏设备,,12.6,0.0,10.40909090909091,0.0,50.0,5.91,1.546,,,-4.69,3.556,-18.43,-104.49,-64.7054867624,-19.1211786845,,,,,,1.1062,5579187454.5,净利大幅下滑
300256,星星科技,消费电子,,12.53,0.0,10.1140350877193,0.0,50.0,2.59,0.778,,,-259.0,6.532,-3.47,-237.25,-7.7569953515,7.6416151212,,,,,,0.59438,5810388869.74,净利大幅下滑
300649,杭州园林,基础建设,,12.16,3.439911742857143,4.500000000000001,0.0,50.0,26.8,0.828,,,-86.452,8.384,-4.86,-147.77,-14.9970783475,14.81587644,,,,,,2.84861,2728151345.6,净利大幅下滑
688669,聚石化学,塑料,,12.13,0.6332785967857139,7.743243243243245,0.0,50.0,62.65,1.0,,,-49.08,7.302,-9.5799,-3746.49,-14.8826901853,10.8865900355,,,,,,1.09507,7601533375.099999,净利大幅下滑
301232,飞沃科技,风电设备,,11.83,5.2699248965,1.0000000000000009,0.0,50.0,80.45,-4.737,,,160.9,6.062,0.42,-81.11,13.8951557966,15.9078948551,,,,,,8.7771,5035633478.95,净利大幅下滑
300261,雅本化学,农化制品,,11.81,0.0,7.227272727272728,0.0,50.0,4.93,3.138,,,-29.539,2.792,-8.9,-1738.77,-9.7977341193,5.494590011,,,,,,1.22933,4648154310.77,净利大幅下滑
300904,威力传动,风电设备,,11.68,1.1619652224999997,5.000000000000001,0.3300000000000004,50.0,46.94,-2.045,,,-35.832,6.062,-8.81,-19.45,71.9693991332,11.6267513115,,,,,,5.26254,3397668910.08,
300056,中创环保,环境治理,,11.12,0.0,4.500000000000001,0.0,50.0,7.43,-0.402,,,-26.536,63.288,-59.88,-35.03,0.1573636948,7.4216620053,,,,,,2.87376,2861699368.99,
300478,杭州高新,塑料,,11.12,0.0,4.500000000000001,0.0,50.0,32.44,-4.476,,,-150.255,75.883,-37.58,-87.29,-2.363606529,-1.1250846478,,,,,,3.65326,4109272120.0,净利大幅下滑
688585,上纬新材,塑料,,10.81,1.8137546087142857,1.0810810810810791,0.0,50.0,131.01,-1.644,,,1310.1,44.889,-13.29,-656.97,2.4186817789,12.5392564522,,,,,,0.31836,52844419985.28,净利大幅下滑
603800,洪田股份,专用设备,,10.44,0.0,1.7777777777777761,0.0,50.0,53.93,-0.13,-36.21525724423418,,770.429,14.62,-5.94,-33.045392769,-0.9761094371,-1.8958152619,增亏,-45.03,-39.03459190594618,-14.654217439468264,,1.31912,11217440000.0,
605177,东亚药业,化学制药,,9.3,8.091431480357143,19.500000000000004,0.0,10.0,24.82,-4.059,42.07212364052664,,-34.472,1.79,-6.75,-291.6100120017,12.0908787388,21.3280040725,增亏,-248.375,-4.058755315036722,14.536225196123675,,5.08621,2820851649.6600003,净利大幅下滑；60日涨幅已高
600802,福建水泥,水泥,,9.12,25.0,6.5,0.0,0.0,6.94,-4.67,62.14953271028036,,-25.054,3.799,-7.47,-434.89,-21.4533482394,-9.3759008143,首亏,-659.53,-4.670329670329664,45.492662473794574,,23.56529,3180243896.0,净利大幅下滑；换手过热；60日涨幅已高
600792,云煤能源,焦炭Ⅱ,,3.96,0.0,7.833333333333334,0.0,10.0,5.29,-3.818,59.81873111782476,,-12.023,2.568,-10.31,-52.1469515551,10.7959873552,-2.6011441298,增亏,-36.96,-7.9999999999999964,31.592039800995032,,10.26875,5871495844.000001,净利大幅下滑；60日涨幅已高
603657,春光科技,家电零部件Ⅱ,,3.46,0.0,5.833333333333333,0.0,10.0,37.88,4.583,43.75711574952561,,-473.5,6.04,-8.97,-1177.19,11.9314257014,3.4233870489,首亏,-1150.32,0.0,51.52000000000001,,3.5186,5120999094.0,净利大幅下滑；60日涨幅已高
600121,郑州煤电,煤炭开采,,1.71,0.0,4.500000000000001,0.0,2.9390200000000006,5.33,4.51,44.05405405405405,,-7.002,10.8,-44.04,-51.3309969882,-23.3996976928,9.405614036,增亏,-52.27,-6.491228070175437,8.553971486761714,,18.53049,6494136162.54,净利大幅下滑；60日涨幅已高
600127,金健米业,农产品加工,,0.8,0.0,0.0,0.0,3.982280000000002,13.36,-9.973,146.04051565377532,,2264.407,12.96,-1.44,-182.13,25.1895246544,8.0236494209,首亏,-228.15,-20.23880597014925,10.963455149501655,,23.00886,8574223792.48,净利大幅下滑；换手过热；60日涨幅已高
